station_id,timestamp,parameter,value,unit,anomaly_score,is_anomaly,top_features,top_feature_values
16018400902,2019-04-08T14:30:00,"AMMONIUM, TOTAL   UNFIL.REAC",0.048,mg/L,0.0389,0,,
16018400902,2019-04-08T14:30:00,"CHLORIDE,         UNFIL.REAC",38.0,mg/L,0.0779,0,,
16018400902,2019-04-08T14:30:00,"CONDUCTIVITY, AMBIENT",682.0,MICROMHOS/CM (CONDUCTIVITY),0.4938,0,,
16018400902,2019-04-08T14:30:00,DISSOLVED OXYGEN,11.18,mg/L,0.0488,0,,
16018400902,2019-04-08T14:30:00,"NITRATES TOTAL,   UNFIL.REAC",4.93,mg/L,0.0379,0,,
16018400902,2019-04-08T14:30:00,"NITRITE,  UNFILTERED REACTIVE",0.026,mg/L,0.0388,0,,
16018400902,2019-04-08T14:30:00,NITROGEN; TOTAL,5.21,mg/L,0.0379,0,,
16018400902,2019-04-08T14:30:00,PH FIELD,8.27,NO DIMENSION/SCALE,0.0419,0,,
16018400902,2019-04-08T14:30:00,"PHOSPHATE,FILTERED REACTIVE",0.0352,mg/L,0.0389,0,,
16018400902,2019-04-08T14:30:00,"PHOSPHORUS,UNFILTERED TOTAL",75.2,µg/L,0.1243,0,,
16018400902,2019-04-08T14:30:00,"RESIDUE,FILTERED",432.0,mg/L,0.3991,0,,
16018400902,2019-04-08T14:30:00,"RESIDUE,PARTICULATE",18.5,mg/L,0.0619,0,,
16018400902,2019-04-08T14:30:00,"RESIDUE,TOTAL",450.0,mg/L,0.3997,0,,
16018400902,2019-04-08T14:30:00,STREAM CONDITION,8.0,NO DIMENSION/SCALE,0.0417,0,,
16018400902,2019-04-08T14:30:00,"TEMPERATURE, WATER",10.1,DEGREES CELSIUS,0.0447,0,,
16018400902,2019-05-16T15:00:00,"AMMONIUM, TOTAL   UNFIL.REAC",0.023,mg/L,0.0723,0,,
16018400902,2019-05-16T15:00:00,"CHLORIDE,         UNFIL.REAC",35.4,mg/L,0.1382,0,,
16018400902,2019-05-16T15:00:00,"CONDUCTIVITY, AMBIENT",646.0,MICROMHOS/CM (CONDUCTIVITY),0.5524,0,,
16018400902,2019-05-16T15:00:00,DISSOLVED OXYGEN,12.39,mg/L,0.0848,0,,
16018400902,2019-05-16T15:00:00,"NITRATES TOTAL,   UNFIL.REAC",3.97,mg/L,0.0735,0,,
16018400902,2019-05-16T15:00:00,"NITRITE,  UNFILTERED REACTIVE",0.016,mg/L,0.0705,0,,
16018400902,2019-05-16T15:00:00,NITROGEN; TOTAL,4.38,mg/L,0.0754,0,,
16018400902,2019-05-16T15:00:00,PH FIELD,8.42,NO DIMENSION/SCALE,0.0766,0,,
16018400902,2019-05-16T15:00:00,"PHOSPHATE,FILTERED REACTIVE",0.0041,mg/L,0.0722,0,,
16018400902,2019-05-16T15:00:00,"PHOSPHORUS,UNFILTERED TOTAL",20.3,µg/L,0.33,0,,
16018400902,2019-05-16T15:00:00,"RESIDUE,FILTERED",416.0,mg/L,0.4534,0,,
16018400902,2019-05-16T15:00:00,"RESIDUE,PARTICULATE",3.8,mg/L,0.1793,0,,
16018400902,2019-05-16T15:00:00,"RESIDUE,TOTAL",420.0,mg/L,0.4682,0,,
16018400902,2019-05-16T15:00:00,STREAM CONDITION,8.0,NO DIMENSION/SCALE,0.0669,0,,
16018400902,2019-05-16T15:00:00,"TEMPERATURE, WATER",14.3,DEGREES CELSIUS,0.112,0,,
16018400902,2019-06-10T14:50:00,"AMMONIUM, TOTAL   UNFIL.REAC",0.034,mg/L,0.0034,0,,
16018400902,2019-06-10T14:50:00,"CHLORIDE,         UNFIL.REAC",43.1,mg/L,0.1045,0,,
16018400902,2019-06-10T14:50:00,"CONDUCTIVITY, AMBIENT",712.0,MICROMHOS/CM (CONDUCTIVITY),0.5006,0,,
16018400902,2019-06-10T14:50:00,DISSOLVED OXYGEN,9.22,mg/L,0.0544,0,,
16018400902,2019-06-10T14:50:00,"NITRATES TOTAL,   UNFIL.REAC",2.96,mg/L,0.0198,0,,
16018400902,2019-06-10T14:50:00,"NITRITE,  UNFILTERED REACTIVE",0.024,mg/L,0.008,0,,
16018400902,2019-06-10T14:50:00,NITROGEN; TOTAL,3.11,mg/L,0.0254,0,,
16018400902,2019-06-10T14:50:00,PH FIELD,8.06,NO DIMENSION/SCALE,0.0282,0,,
16018400902,2019-06-10T14:50:00,"PHOSPHATE,FILTERED REACTIVE",0.0039,mg/L,0.0116,0,,
16018400902,2019-06-10T14:50:00,"PHOSPHORUS,UNFILTERED TOTAL",22.6,µg/L,0.1319,0,,
16018400902,2019-06-10T14:50:00,"RESIDUE,FILTERED",464.0,mg/L,0.4294,0,,
16018400902,2019-06-10T14:50:00,"RESIDUE,PARTICULATE",4.6,mg/L,0.0609,0,,
16018400902,2019-06-10T14:50:00,"RESIDUE,TOTAL",469.0,mg/L,0.427,0,,
16018400902,2019-06-10T14:50:00,STREAM CONDITION,8.0,NO DIMENSION/SCALE,0.0074,0,,
16018400902,2019-06-10T14:50:00,"TEMPERATURE, WATER",20.6,DEGREES CELSIUS,0.0857,0,,
16018400902,2019-07-15T15:05:00,"AMMONIUM, TOTAL   UNFIL.REAC",0.041,mg/L,0.0674,0,,
16018400902,2019-07-15T15:05:00,"CHLORIDE,         UNFIL.REAC",50.0,mg/L,0.1807,0,,
16018400902,2019-07-15T15:05:00,"CONDUCTIVITY, AMBIENT",750.0,MICROMHOS/CM (CONDUCTIVITY),0.5612,0,,
16018400902,2019-07-15T15:05:00,DISSOLVED OXYGEN,11.13,mg/L,0.0821,0,,
16018400902,2019-07-15T15:05:00,"NITRATES TOTAL,   UNFIL.REAC",1.78,mg/L,0.1046,0,,
16018400902,2019-07-15T15:05:00,"NITRITE,  UNFILTERED REACTIVE",0.013,mg/L,0.0878,0,,
16018400902,2019-07-15T15:05:00,NITROGEN; TOTAL,1.95,mg/L,0.1024,0,,
16018400902,2019-07-15T15:05:00,"PHOSPHATE,FILTERED REACTIVE",0.0078,mg/L,0.0608,0,,
16018400902,2019-07-15T15:05:00,"PHOSPHORUS,UNFILTERED TOTAL",16.6,µg/L,0.2255,0,,
16018400902,2019-07-15T15:05:00,"RESIDUE,FILTERED",484.0,mg/L,0.4799,0,,
16018400902,2019-07-15T15:05:00,"RESIDUE,PARTICULATE",4.0,mg/L,0.104,0,,
16018400902,2019-07-15T15:05:00,"RESIDUE,TOTAL",488.0,mg/L,0.4805,0,,
16018400902,2019-07-15T15:05:00,STREAM CONDITION,8.0,NO DIMENSION/SCALE,0.0664,0,,
16018400902,2019-07-15T15:05:00,"TEMPERATURE, WATER",25.7,DEGREES CELSIUS,0.1615,0,,
16018400902,2019-08-14T15:10:00,"AMMONIUM, TOTAL   UNFIL.REAC",0.032,mg/L,0.0078,0,,
16018400902,2019-08-14T15:10:00,"CHLORIDE,         UNFIL.REAC",50.9,mg/L,0.0875,0,,
16018400902,2019-08-14T15:10:00,"CONDUCTIVITY, AMBIENT",804.0,MICROMHOS/CM (CONDUCTIVITY),0.5125,0,,
16018400902,2019-08-14T15:10:00,DISSOLVED OXYGEN,9.9,mg/L,0.0353,0,,
16018400902,2019-08-14T15:10:00,"NITRATES TOTAL,   UNFIL.REAC",2.03,mg/L,0.0188,0,,
16018400902,2019-08-14T15:10:00,"NITRITE,  UNFILTERED REACTIVE",0.015,mg/L,0.017,0,,
16018400902,2019-08-14T15:10:00,NITROGEN; TOTAL,2.33,mg/L,0.0192,0,,
16018400902,2019-08-14T15:10:00,PH FIELD,8.78,NO DIMENSION/SCALE,0.1069,0,,
16018400902,2019-08-14T15:10:00,"PHOSPHATE,FILTERED REACTIVE",0.0033,mg/L,0.0142,0,,
16018400902,2019-08-14T15:10:00,"PHOSPHORUS,UNFILTERED TOTAL",16.2,µg/L,0.1232,0,,
16018400902,2019-08-14T15:10:00,"RESIDUE,FILTERED",511.0,mg/L,0.4115,0,,
16018400902,2019-08-14T15:10:00,"RESIDUE,PARTICULATE",4.8,mg/L,0.044,0,,
16018400902,2019-08-14T15:10:00,"RESIDUE,TOTAL",516.0,mg/L,0.4202,0,,
16018400902,2019-08-14T15:10:00,STREAM CONDITION,8.0,NO DIMENSION/SCALE,0.0092,0,,
16018400902,2019-08-14T15:10:00,"TEMPERATURE, WATER",24.7,DEGREES CELSIUS,0.0739,0,,
16018400902,2019-09-11T15:00:00,"AMMONIUM, TOTAL   UNFIL.REAC",0.028,mg/L,0.0128,0,,
16018400902,2019-09-11T15:00:00,"CHLORIDE,         UNFIL.REAC",47.9,mg/L,0.0886,0,,
16018400902,2019-09-11T15:00:00,"CONDUCTIVITY, AMBIENT",774.0,MICROMHOS/CM (CONDUCTIVITY),0.499,0,,
16018400902,2019-09-11T15:00:00,DISSOLVED OXYGEN,9.43,mg/L,0.0256,0,,
16018400902,2019-09-11T15:00:00,"NITRATES TOTAL,   UNFIL.REAC",2.29,mg/L,0.0117,0,,
16018400902,2019-09-11T15:00:00,"NITRITE,  UNFILTERED REACTIVE",0.01,mg/L,0.0274,0,,
16018400902,2019-09-11T15:00:00,NITROGEN; TOTAL,2.66,mg/L,0.0096,0,,
16018400902,2019-09-11T15:00:00,PH FIELD,8.43,NO DIMENSION/SCALE,0.0137,0,,
16018400902,2019-09-11T15:00:00,"PHOSPHATE,FILTERED REACTIVE",0.0019,mg/L,0.0134,0,,
16018400902,2019-09-11T15:00:00,"PHOSPHORUS,UNFILTERED TOTAL",19.7,µg/L,0.1197,0,,
16018400902,2019-09-11T15:00:00,"RESIDUE,FILTERED",490.0,mg/L,0.393,0,,
16018400902,2019-09-11T15:00:00,"RESIDUE,PARTICULATE",10.1,mg/L,0.0622,0,,
16018400902,2019-09-11T15:00:00,"RESIDUE,TOTAL",500.0,mg/L,0.397,0,,
16018400902,2019-09-11T15:00:00,STREAM CONDITION,8.0,NO DIMENSION/SCALE,0.0074,0,,
16018400902,2019-09-11T15:00:00,"TEMPERATURE, WATER",22.3,DEGREES CELSIUS,0.0722,0,,
16018400902,2019-10-09T15:07:00,"AMMONIUM, TOTAL   UNFIL.REAC",0.026,mg/L,0.0138,0,,
16018400902,2019-10-09T15:07:00,"CHLORIDE,         UNFIL.REAC",45.9,mg/L,0.0828,0,,
16018400902,2019-10-09T15:07:00,"CONDUCTIVITY, AMBIENT",782.0,MICROMHOS/CM (CONDUCTIVITY),0.4819,0,,
16018400902,2019-10-09T15:07:00,DISSOLVED OXYGEN,11.28,mg/L,0.0321,0,,
16018400902,2019-10-09T15:07:00,"NITRATES TOTAL,   UNFIL.REAC",1.96,mg/L,0.0139,0,,
16018400902,2019-10-09T15:07:00,"NITRITE,  UNFILTERED REACTIVE",0.006,mg/L,0.0302,0,,
16018400902,2019-10-09T15:07:00,NITROGEN; TOTAL,2.44,mg/L,0.0121,0,,
16018400902,2019-10-09T15:07:00,PH FIELD,8.51,NO DIMENSION/SCALE,0.0141,0,,
16018400902,2019-10-09T15:07:00,"PHOSPHATE,FILTERED REACTIVE",0.0065,mg/L,0.0046,0,,
16018400902,2019-10-09T15:07:00,"PHOSPHORUS,UNFILTERED TOTAL",16.0,µg/L,0.1221,0,,
16018400902,2019-10-09T15:07:00,"RESIDUE,FILTERED",493.0,mg/L,0.3792,0,,
16018400902,2019-10-09T15:07:00,"RESIDUE,PARTICULATE",4.2,mg/L,0.0648,0,,
16018400902,2019-10-09T15:07:00,"RESIDUE,TOTAL",497.0,mg/L,0.3861,0,,
16018400902,2019-10-09T15:07:00,STREAM CONDITION,8.0,NO DIMENSION/SCALE,0.0074,0,,
16018400902,2019-10-09T15:07:00,"TEMPERATURE, WATER",14.5,DEGREES CELSIUS,0.0891,0,,
16018400902,2019-11-06T15:00:00,"AMMONIUM, TOTAL   UNFIL.REAC",0.071,mg/L,0.0622,0,,
16018400902,2019-11-06T15:00:00,"CHLORIDE,         UNFIL.REAC",36.0,mg/L,0.1159,0,,
16018400902,2019-11-06T15:00:00,"CONDUCTIVITY, AMBIENT",723.0,MICROMHOS/CM (CONDUCTIVITY),0.5051,0,,
16018400902,2019-11-06T15:00:00,DISSOLVED OXYGEN,12.45,mg/L,0.0545,0,,
16018400902,2019-11-06T15:00:00,"NITRATES TOTAL,   UNFIL.REAC",6.77,mg/L,0.0736,0,,
16018400902,2019-11-06T15:00:00,"NITRITE,  UNFILTERED REACTIVE",0.029,mg/L,0.0385,0,,
16018400902,2019-11-06T15:00:00,NITROGEN; TOTAL,7.85,mg/L,0.0912,0,,
16018400902,2019-11-06T15:00:00,PH FIELD,8.47,NO DIMENSION/SCALE,0.0157,0,,
16018400902,2019-11-06T15:00:00,"PHOSPHATE,FILTERED REACTIVE",0.0474,mg/L,0.0557,0,,
16018400902,2019-11-06T15:00:00,"PHOSPHORUS,UNFILTERED TOTAL",89.7,µg/L,0.2988,0,,
16018400902,2019-11-06T15:00:00,"RESIDUE,FILTERED",453.0,mg/L,0.4069,0,,
16018400902,2019-11-06T15:00:00,"RESIDUE,PARTICULATE",15.0,mg/L,0.0972,0,,
16018400902,2019-11-06T15:00:00,"RESIDUE,TOTAL",468.0,mg/L,0.4006,0,,
16018400902,2019-11-06T15:00:00,STREAM CONDITION,8.0,NO DIMENSION/SCALE,0.0074,0,,
16018400902,2019-11-06T15:00:00,"TEMPERATURE, WATER",5.7,DEGREES CELSIUS,0.1173,0,,
16018400902,2020-01-13T15:15:00,"AMMONIUM, TOTAL   UNFIL.REAC",0.137,mg/L,0.1391,0,,
16018400902,2020-01-13T15:15:00,"CHLORIDE,         UNFIL.REAC",15.2,mg/L,0.2746,0,,
16018400902,2020-01-13T15:15:00,"CONDUCTIVITY, AMBIENT",294.0,MICROMHOS/CM (CONDUCTIVITY),0.7043,1,"rolling_mean_30, rolling_mean_14, rolling_mean_7","3.01, 3.01, 3.01"
16018400902,2020-01-13T15:15:00,DISSOLVED OXYGEN,13.2,mg/L,0.1104,0,,
16018400902,2020-01-13T15:15:00,"NITRATES TOTAL,   UNFIL.REAC",4.08,mg/L,0.0949,0,,
16018400902,2020-01-13T15:15:00,"NITRITE,  UNFILTERED REACTIVE",0.058,mg/L,0.1346,0,,
16018400902,2020-01-13T15:15:00,NITROGEN; TOTAL,5.35,mg/L,0.0964,0,,
16018400902,2020-01-13T15:15:00,PH FIELD,7.89,NO DIMENSION/SCALE,0.1348,0,,
16018400902,2020-01-13T15:15:00,"PHOSPHATE,FILTERED REACTIVE",0.195,mg/L,0.1527,0,,
16018400902,2020-01-13T15:15:00,"PHOSPHORUS,UNFILTERED TOTAL",777.0,µg/L,0.7928,1,"delta, rolling_std_30, rolling_std_14","4.61, 3.16, 3.10"
16018400902,2020-01-13T15:15:00,"RESIDUE,FILTERED",183.0,mg/L,0.6218,1,"zscore, delta, rolling_mean_30","-2.82, -1.81, 1.76"
16018400902,2020-01-13T15:15:00,"RESIDUE,PARTICULATE",632.0,mg/L,0.7678,1,"delta, zscore, rolling_std_30","4.14, 3.02, 2.58"
16018400902,2020-01-13T15:15:00,"RESIDUE,TOTAL",815.0,mg/L,0.6905,1,"zscore, delta, rolling_mean_7","2.92, 2.33, 2.23"
16018400902,2020-01-13T15:15:00,STREAM CONDITION,3.0,NO DIMENSION/SCALE,0.1916,0,,
16018400902,2020-01-13T15:15:00,"TEMPERATURE, WATER",2.2,DEGREES CELSIUS,0.1916,0,,
16018400902,2020-01-13T15:15:00,"TURBIDITY, FIELD",393.7,FORMAZIN NEPHELOMETRIC UNIT,0.3787,0,,
16018400902,2020-03-12T10:45:00,"AMMONIUM, TOTAL   UNFIL.REAC",0.138,mg/L,0.1041,0,,
16018400902,2020-03-12T10:45:00,"CHLORIDE,         UNFIL.REAC",13.0,mg/L,0.2308,0,,
16018400902,2020-03-12T10:45:00,"CONDUCTIVITY, AMBIENT",323.0,MICROMHOS/CM (CONDUCTIVITY),0.6352,1,"rolling_mean_30, rolling_mean_14, rolling_mean_7","2.83, 2.83, 2.73"
16018400902,2020-03-12T10:45:00,DISSOLVED OXYGEN,13.32,mg/L,0.1016,0,,
16018400902,2020-03-12T10:45:00,"NITRATES TOTAL,   UNFIL.REAC",4.57,mg/L,0.0771,0,,
16018400902,2020-03-12T10:45:00,"NITRITE,  UNFILTERED REACTIVE",0.035,mg/L,0.0749,0,,
16018400902,2020-03-12T10:45:00,NITROGEN; TOTAL,5.98,mg/L,0.0831,0,,
16018400902,2020-03-12T10:45:00,PH FIELD,8.11,NO DIMENSION/SCALE,0.0833,0,,
16018400902,2020-03-12T10:45:00,"PHOSPHATE,FILTERED REACTIVE",0.141,mg/L,0.0974,0,,
16018400902,2020-03-12T10:45:00,"PHOSPHORUS,UNFILTERED TOTAL",456.0,µg/L,0.7235,1,"rolling_std_30, rolling_std_7, rolling_std_14","3.29, 3.24, 3.22"
16018400902,2020-03-12T10:45:00,"RESIDUE,FILTERED",204.0,mg/L,0.5524,0,,
16018400902,2020-03-12T10:45:00,"RESIDUE,PARTICULATE",297.0,mg/L,0.6882,1,"rolling_std_30, rolling_std_7, rolling_std_14","2.59, 2.56, 2.53"
16018400902,2020-03-12T10:45:00,"RESIDUE,TOTAL",501.0,mg/L,0.6006,1,"rolling_mean_7, rolling_mean_30, rolling_mean_14","2.25, 2.14, 2.14"
16018400902,2020-03-12T10:45:00,STREAM CONDITION,3.0,NO DIMENSION/SCALE,0.1418,0,,
16018400902,2020-03-12T10:45:00,"TEMPERATURE, WATER",2.0,DEGREES CELSIUS,0.1689,0,,
16018400902,2020-03-12T10:45:00,"TURBIDITY, FIELD",167.4,FORMAZIN NEPHELOMETRIC UNIT,0.5929,1,"rolling_std_30, rolling_std_14, rolling_std_7","1.91, 1.87, 1.59"
16018400902,2020-10-08T15:30:00,"AMMONIUM, TOTAL   UNFIL.REAC",0.02,mg/L,0.2107,0,,
16018400902,2020-10-08T15:30:00,"CHLORIDE,         UNFIL.REAC",52.1,mg/L,0.3533,0,,
16018400902,2020-10-08T15:30:00,"CONDUCTIVITY, AMBIENT",810.0,MICROMHOS/CM (CONDUCTIVITY),0.7336,1,"time_gap_days, delta, rolling_mean_30","4.19, 3.27, 2.91"
16018400902,2020-10-08T15:30:00,DISSOLVED OXYGEN,11.59,mg/L,0.2173,0,,
16018400902,2020-10-08T15:30:00,"NITRATES TOTAL,   UNFIL.REAC",2.26,mg/L,0.2289,0,,
16018400902,2020-10-08T15:30:00,"NITRITE,  UNFILTERED REACTIVE",0.006,mg/L,0.2148,0,,
16018400902,2020-10-08T15:30:00,NTOT,2.55,mg/L,0.0394,0,,
16018400902,2020-10-08T15:30:00,PH FIELD,8.15,NO DIMENSION/SCALE,0.2037,0,,
16018400902,2020-10-08T15:30:00,"PHOSPHATE,FILTERED REACTIVE",0.007,mg/L,0.2026,0,,
16018400902,2020-10-08T15:30:00,"PHOSPHORUS,UNFILTERED TOTAL",11.2,µg/L,0.7652,1,"time_gap_days, rolling_std_7, rolling_std_30","4.19, 3.25, 3.15"
16018400902,2020-10-08T15:30:00,"RESIDUE,FILTERED",519.0,mg/L,0.6681,1,"time_gap_days, delta, rolling_mean_30","4.19, 2.11, 1.69"
16018400902,2020-10-08T15:30:00,"RESIDUE,PARTICULATE",2.0,mg/L,0.6896,1,"time_gap_days, rolling_std_7, rolling_std_30","4.19, 2.56, 2.47"
16018400902,2020-10-08T15:30:00,"RESIDUE,TOTAL",521.0,mg/L,0.6055,1,"time_gap_days, rolling_mean_7, rolling_mean_30","4.19, 2.28, 2.14"
16018400902,2020-10-08T15:30:00,STREAM CONDITION,8.0,NO DIMENSION/SCALE,0.2267,0,,
16018400902,2020-10-08T15:30:00,"TEMPERATURE, WATER",12.7,DEGREES CELSIUS,0.2682,0,,
16018400902,2020-10-08T15:30:00,"TURBIDITY, FIELD",20.0,FORMAZIN NEPHELOMETRIC UNIT,0.6433,1,"time_gap_days, rolling_std_30, rolling_std_14","4.19, 2.31, 2.26"
16018400902,2020-11-24T15:00:00,"AMMONIUM, TOTAL   UNFIL.REAC",0.02,mg/L,0.0696,0,,
16018400902,2020-11-24T15:00:00,"CHLORIDE,         UNFIL.REAC",49.8,mg/L,0.1796,0,,
16018400902,2020-11-24T15:00:00,"CONDUCTIVITY, AMBIENT",871.0,MICROMHOS/CM (CONDUCTIVITY),0.6329,1,"rolling_mean_30, rolling_mean_14, rolling_mean_7","2.99, 2.99, 2.82"
16018400902,2020-11-24T15:00:00,DISSOLVED OXYGEN,13.93,mg/L,0.115,0,,
16018400902,2020-11-24T15:00:00,"NITRATES TOTAL,   UNFIL.REAC",2.98,mg/L,0.0646,0,,
16018400902,2020-11-24T15:00:00,"NITRITE,  UNFILTERED REACTIVE",0.005,mg/L,0.0759,0,,
16018400902,2020-11-24T15:00:00,NTOT,3.52,mg/L,0.0687,0,,
16018400902,2020-11-24T15:00:00,PH FIELD,8.29,NO DIMENSION/SCALE,0.0684,0,,
16018400902,2020-11-24T15:00:00,"PHOSPHATE,FILTERED REACTIVE",0.0055,mg/L,0.0636,0,,
16018400902,2020-11-24T15:00:00,"PHOSPHORUS,UNFILTERED TOTAL",9.61,µg/L,0.6211,1,"rolling_std_7, rolling_std_30, rolling_std_14","3.25, 3.03, 2.97"
16018400902,2020-11-24T15:00:00,STREAM CONDITION,8.0,NO DIMENSION/SCALE,0.069,0,,
16018400902,2020-11-24T15:00:00,"TEMPERATURE, WATER",3.8,DEGREES CELSIUS,0.162,0,,
16018400902,2020-11-24T15:00:00,"TURBIDITY, FIELD",2.0,FORMAZIN NEPHELOMETRIC UNIT,0.5404,0,,
16018400902,2020-12-10T14:45:00,"ALKALINITY, TOTAL",250.0,mg/L,0.2836,0,,
16018400902,2020-12-10T14:45:00,"AMMONIUM, TOTAL   UNFIL.REAC",0.022,mg/L,0.0234,0,,
16018400902,2020-12-10T14:45:00,"CHLORIDE,         UNFIL.REAC",64.1,mg/L,0.1924,0,,
16018400902,2020-12-10T14:45:00,"CONDUCTIVITY, 25C",885.0,MICRO SIEMENS PER CENTIMETER,0.5836,1,"rolling_mean_30, rolling_mean_14, rolling_mean_7","4.03, 4.02, 3.97"
16018400902,2020-12-10T14:45:00,"CONDUCTIVITY, AMBIENT",902.0,MICROMHOS/CM (CONDUCTIVITY),0.5889,1,"rolling_mean_30, rolling_mean_14, rolling_mean_7","3.08, 3.07, 2.91"
16018400902,2020-12-10T14:45:00,DISSOLVED OXYGEN,14.35,mg/L,0.0733,0,,
16018400902,2020-12-10T14:45:00,"NITRATES TOTAL,   UNFIL.REAC",5.18,mg/L,0.0537,0,,
16018400902,2020-12-10T14:45:00,"NITRITE,  UNFILTERED REACTIVE",0.014,mg/L,0.0118,0,,
16018400902,2020-12-10T14:45:00,NTOT,5.81,mg/L,0.0524,0,,
16018400902,2020-12-10T14:45:00,PH (-LOG H+ CONCN),8.41,NO DIMENSION/SCALE,0.0419,0,,
16018400902,2020-12-10T14:45:00,PH FIELD,8.25,NO DIMENSION/SCALE,0.0157,0,,
16018400902,2020-12-10T14:45:00,"PHOSPHATE,FILTERED REACTIVE",0.0065,mg/L,0.0136,0,,
16018400902,2020-12-10T14:45:00,"PHOSPHORUS,UNFILTERED TOTAL",14.6,µg/L,0.5737,0,,
16018400902,2020-12-10T14:45:00,"RESIDUE,PARTICULATE",4.3,mg/L,0.5678,0,,
16018400902,2020-12-10T14:45:00,STREAM CONDITION,8.0,NO DIMENSION/SCALE,0.0248,0,,
16018400902,2020-12-10T14:45:00,"TEMPERATURE, WATER",2.8,DEGREES CELSIUS,0.0766,0,,
16018400902,2020-12-10T14:45:00,"TURBIDITY, FIELD",3.0,FORMAZIN NEPHELOMETRIC UNIT,0.4674,0,,
16018400902,2021-01-27T14:30:00,"ALKALINITY, TOTAL",248.0,mg/L,0.3437,0,,
16018400902,2021-01-27T14:30:00,"AMMONIUM, TOTAL   UNFIL.REAC",0.02,mg/L,0.0707,0,,
16018400902,2021-01-27T14:30:00,"CHLORIDE,         UNFIL.REAC",71.4,mg/L,0.2255,0,,
16018400902,2021-01-27T14:30:00,"CONDUCTIVITY, 25C",917.0,MICRO SIEMENS PER CENTIMETER,0.6495,1,"rolling_mean_30, rolling_mean_14, rolling_mean_7","4.11, 4.10, 4.05"
16018400902,2021-01-27T14:30:00,"CONDUCTIVITY, AMBIENT",958.0,MICROMHOS/CM (CONDUCTIVITY),0.6526,1,"rolling_mean_30, rolling_mean_14, rolling_mean_7","3.17, 3.17, 3.04"
16018400902,2021-01-27T14:30:00,DISSOLVED OXYGEN,15.31,mg/L,0.1164,0,,
16018400902,2021-01-27T14:30:00,"NITRATES TOTAL,   UNFIL.REAC",6.07,mg/L,0.0927,0,,
16018400902,2021-01-27T14:30:00,"NITRITE,  UNFILTERED REACTIVE",0.019,mg/L,0.063,0,,
16018400902,2021-01-27T14:30:00,NITROGEN; TOTAL,6.68,mg/L,0.314,0,,
16018400902,2021-01-27T14:30:00,PH (-LOG H+ CONCN),8.36,NO DIMENSION/SCALE,0.0758,0,,
16018400902,2021-01-27T14:30:00,PH FIELD,8.13,NO DIMENSION/SCALE,0.077,0,,
16018400902,2021-01-27T14:30:00,"PHOSPHATE,FILTERED REACTIVE",0.0058,mg/L,0.0645,0,,
16018400902,2021-01-27T14:30:00,"PHOSPHORUS,UNFILTERED TOTAL",33.7,µg/L,0.6155,1,"rolling_std_7, rolling_std_30, rolling_std_14","3.24, 2.81, 2.75"
16018400902,2021-01-27T14:30:00,"RESIDUE,PARTICULATE",5.3,mg/L,0.5499,0,,
16018400902,2021-01-27T14:30:00,STREAM CONDITION,8.0,NO DIMENSION/SCALE,0.0684,0,,
16018400902,2021-01-27T14:30:00,"TEMPERATURE, WATER",0.2,DEGREES CELSIUS,0.1522,0,,
16018400902,2021-01-27T14:30:00,"TURBIDITY, FIELD",2.1,FORMAZIN NEPHELOMETRIC UNIT,0.5,0,,
16018400902,2021-02-23T15:10:00,"ALKALINITY, TOTAL",249.0,mg/L,0.2433,0,,
16018400902,2021-02-23T15:10:00,"AMMONIUM, TOTAL   UNFIL.REAC",0.046,mg/L,0.0049,0,,
16018400902,2021-02-23T15:10:00,"CHLORIDE,         UNFIL.REAC",77.9,mg/L,0.1658,0,,
16018400902,2021-02-23T15:10:00,"CONDUCTIVITY, 25C",1000.0,MICRO SIEMENS PER CENTIMETER,0.6223,1,"rolling_mean_30, rolling_mean_14, rolling_mean_7","4.27, 4.27, 4.22"
16018400902,2021-02-23T15:10:00,"CONDUCTIVITY, AMBIENT",1063.0,MICROMHOS/CM (CONDUCTIVITY),0.6519,1,"rolling_std_7, rolling_mean_14, rolling_mean_30","3.33, 3.31, 3.29"
16018400902,2021-02-23T15:10:00,DISSOLVED OXYGEN,14.0,mg/L,0.0557,0,,
16018400902,2021-02-23T15:10:00,"NITRATES TOTAL,   UNFIL.REAC",4.72,mg/L,0.0229,0,,
16018400902,2021-02-23T15:10:00,"NITRITE,  UNFILTERED REACTIVE",0.018,mg/L,0.0038,0,,
16018400902,2021-02-23T15:10:00,NITROGEN; TOTAL,5.27,mg/L,0.0264,0,,
16018400902,2021-02-23T15:10:00,PH (-LOG H+ CONCN),8.27,NO DIMENSION/SCALE,0.0274,0,,
16018400902,2021-02-23T15:10:00,PH FIELD,8.15,NO DIMENSION/SCALE,0.0155,0,,
16018400902,2021-02-23T15:10:00,"PHOSPHATE,FILTERED REACTIVE",0.0067,mg/L,0.0069,0,,
16018400902,2021-02-23T15:10:00,"PHOSPHORUS,UNFILTERED TOTAL",10.8,µg/L,0.5699,0,,
16018400902,2021-02-23T15:10:00,"RESIDUE,PARTICULATE",3.7,mg/L,0.5169,0,,
16018400902,2021-02-23T15:10:00,STREAM CONDITION,8.0,NO DIMENSION/SCALE,0.017,0,,
16018400902,2021-02-23T15:10:00,"TEMPERATURE, WATER",1.5,DEGREES CELSIUS,0.0636,0,,
16018400902,2021-02-23T15:10:00,"TURBIDITY, FIELD",2.6,FORMAZIN NEPHELOMETRIC UNIT,0.4217,0,,
16018400902,2021-03-09T14:50:00,"ALKALINITY, TOTAL",231.0,mg/L,0.3117,0,,
16018400902,2021-03-09T14:50:00,"AMMONIUM, TOTAL   UNFIL.REAC",0.039,mg/L,0.012,0,,
16018400902,2021-03-09T14:50:00,"CHLORIDE,         UNFIL.REAC",64.2,mg/L,0.1855,0,,
16018400902,2021-03-09T14:50:00,"CONDUCTIVITY, 25C",804.0,MICRO SIEMENS PER CENTIMETER,0.6813,1,"rolling_mean_30, rolling_mean_14, rolling_mean_7","4.11, 4.10, 4.05"
16018400902,2021-03-09T14:50:00,"CONDUCTIVITY, AMBIENT",804.0,MICROMHOS/CM (CONDUCTIVITY),0.6877,1,"rolling_mean_7, rate_of_change, rolling_mean_14","3.64, -3.62, 3.36"
16018400902,2021-03-09T14:50:00,DISSOLVED OXYGEN,14.11,mg/L,0.0533,0,,
16018400902,2021-03-09T14:50:00,"NITRATES TOTAL,   UNFIL.REAC",6.1,mg/L,0.0619,0,,
16018400902,2021-03-09T14:50:00,"NITRITE,  UNFILTERED REACTIVE",0.029,mg/L,0.0205,0,,
16018400902,2021-03-09T14:50:00,NITROGEN; TOTAL,6.5,mg/L,0.047,0,,
16018400902,2021-03-09T14:50:00,PH (-LOG H+ CONCN),8.4,NO DIMENSION/SCALE,0.0254,0,,
16018400902,2021-03-09T14:50:00,PH FIELD,8.34,NO DIMENSION/SCALE,0.0237,0,,
16018400902,2021-03-09T14:50:00,"PHOSPHATE,FILTERED REACTIVE",0.0089,mg/L,0.013,0,,
16018400902,2021-03-09T14:50:00,"PHOSPHORUS,UNFILTERED TOTAL",35.8,µg/L,0.5426,0,,
16018400902,2021-03-09T14:50:00,"RESIDUE,PARTICULATE",16.5,mg/L,0.5347,0,,
16018400902,2021-03-09T14:50:00,STREAM CONDITION,8.0,NO DIMENSION/SCALE,0.0263,0,,
16018400902,2021-03-09T14:50:00,"TEMPERATURE, WATER",4.4,DEGREES CELSIUS,0.079,0,,
16018400902,2021-03-09T14:50:00,"TURBIDITY, FIELD",6.7,FORMAZIN NEPHELOMETRIC UNIT,0.3989,0,,
16018400902,2021-04-14T15:10:00,CHLORIDE,32.7,mg/L,0.0706,0,,
16018400902,2021-04-14T15:10:00,CONDUCTIVITY,580.0,µS/cm,0.4539,0,,
16018400902,2021-04-14T15:10:00,NITRATE,10.0,mg/L,0.0447,0,,
16018400902,2021-04-14T15:10:00,NITROGEN; AMMONIA+AMMONIUM,0.21,mg/L,0.0389,0,,
16018400902,2021-04-14T15:10:00,NITROGEN; NITRATE+NITRITE,10.0,mg/L,0.0447,0,,
16018400902,2021-04-14T15:10:00,NITROGEN; NITRITE,0.078,mg/L,0.0386,0,,
16018400902,2021-04-14T15:10:00,NITROGEN; TOTAL,10.9,mg/L,0.1675,0,,
16018400902,2021-04-14T15:10:00,PHOSPHORUS; PHOSPHATE,0.103,mg/L,0.0386,0,,
16018400902,2021-04-14T15:10:00,PHOSPHORUS; TOTAL,234.0,µg/L,0.2687,0,,
16018400902,2021-04-14T15:10:00,SOLIDS; DISSOLVED,377.0,mg/L,0.3786,0,,
16018400902,2021-04-14T15:10:00,SOLIDS; SUSPENDED,64.8,mg/L,0.1135,0,,
16018400902,2021-04-14T15:10:00,SOLIDS; TOTAL,442.0,mg/L,0.3983,0,,
16018400902,2021-05-12T15:20:00,CHLORIDE,51.9,mg/L,0.1377,0,,
16018400902,2021-05-12T15:20:00,CONDUCTIVITY,805.0,µS/cm,0.5951,1,"rolling_mean_30, rolling_mean_14, rolling_mean_7","3.05, 3.05, 3.01"
16018400902,2021-05-12T15:20:00,NITRATE,3.36,mg/L,0.0668,0,,
16018400902,2021-05-12T15:20:00,NITROGEN; AMMONIA+AMMONIUM,0.04,mg/L,0.0216,0,,
16018400902,2021-05-12T15:20:00,NITROGEN; NITRATE+NITRITE,3.38,mg/L,0.0668,0,,
16018400902,2021-05-12T15:20:00,NITROGEN; NITRITE,0.019,mg/L,0.016,0,,
16018400902,2021-05-12T15:20:00,NITROGEN; TOTAL,3.52,mg/L,0.0561,0,,
16018400902,2021-05-12T15:20:00,PHOSPHORUS; PHOSPHATE,0.007,mg/L,0.0175,0,,
16018400902,2021-05-12T15:20:00,PHOSPHORUS; TOTAL,14.7,µg/L,0.5305,0,,
16018400902,2021-05-12T15:20:00,SOLIDS; DISSOLVED,600.0,mg/L,0.5902,1,"rolling_mean_30, rolling_mean_14, rolling_mean_7","2.02, 2.02, 1.99"
16018400902,2021-05-12T15:20:00,SOLIDS; SUSPENDED,1.94,mg/L,0.2979,0,,
16018400902,2021-05-12T15:20:00,SOLIDS; TOTAL,602.0,mg/L,0.5268,0,,
16018400902,2021-06-07T16:43:00,CHLORIDE,57.4,mg/L,0.1081,0,,
16018400902,2021-06-07T16:43:00,CONDUCTIVITY,787.0,µS/cm,0.4962,0,,
16018400902,2021-06-07T16:43:00,NITRATE,1.65,mg/L,0.0464,0,,
16018400902,2021-06-07T16:43:00,NITROGEN; AMMONIA+AMMONIUM,0.06,mg/L,0.0085,0,,
16018400902,2021-06-07T16:43:00,NITROGEN; NITRATE+NITRITE,1.67,mg/L,0.0464,0,,
16018400902,2021-06-07T16:43:00,NITROGEN; NITRITE,0.019,mg/L,0.0116,0,,
16018400902,2021-06-07T16:43:00,NITROGEN; TOTAL,2.22,mg/L,0.0348,0,,
16018400902,2021-06-07T16:43:00,PHOSPHORUS; PHOSPHATE,0.006,mg/L,0.0135,0,,
16018400902,2021-06-07T16:43:00,PHOSPHORUS; TOTAL,31.2,µg/L,0.371,0,,
16018400902,2021-06-07T16:43:00,SOLIDS; DISSOLVED,512.0,mg/L,0.494,0,,
16018400902,2021-06-07T16:43:00,SOLIDS; SUSPENDED,7.84,mg/L,0.1635,0,,
16018400902,2021-06-07T16:43:00,SOLIDS; TOTAL,519.0,mg/L,0.4664,0,,
16018400902,2021-07-13T15:05:00,CHLORIDE,40.7,mg/L,0.1963,0,,
16018400902,2021-07-13T15:05:00,CONDUCTIVITY,641.0,µS/cm,0.5803,0,,
16018400902,2021-07-13T15:05:00,NITRATE,2.74,mg/L,0.0837,0,,
16018400902,2021-07-13T15:05:00,NITROGEN; AMMONIA+AMMONIUM,0.03,mg/L,0.0709,0,,
16018400902,2021-07-13T15:05:00,NITROGEN; NITRATE+NITRITE,2.76,mg/L,0.0837,0,,
16018400902,2021-07-13T15:05:00,NITROGEN; NITRITE,0.012,mg/L,0.0675,0,,
16018400902,2021-07-13T15:05:00,NITROGEN; TOTAL,2.99,mg/L,0.0778,0,,
16018400902,2021-07-13T15:05:00,PHOSPHORUS; PHOSPHATE,0.01,mg/L,0.0622,0,,
16018400902,2021-07-13T15:05:00,PHOSPHORUS; TOTAL,73.7,µg/L,0.4263,0,,
16018400902,2021-07-13T15:05:00,SOLIDS; DISSOLVED,417.0,mg/L,0.5352,0,,
16018400902,2021-07-13T15:05:00,SOLIDS; SUSPENDED,62.5,mg/L,0.3253,0,,
16018400902,2021-07-13T15:05:00,SOLIDS; TOTAL,479.0,mg/L,0.4991,0,,
16018400902,2021-08-17T15:00:00,CHLORIDE,53.2,mg/L,0.1184,0,,
16018400902,2021-08-17T15:00:00,CONDUCTIVITY,763.0,µS/cm,0.5169,0,,
16018400902,2021-08-17T15:00:00,NITRATE,1.2,mg/L,0.047,0,,
16018400902,2021-08-17T15:00:00,NITROGEN; AMMONIA+AMMONIUM,0.03,mg/L,0.0214,0,,
16018400902,2021-08-17T15:00:00,NITROGEN; NITRATE+NITRITE,1.21,mg/L,0.047,0,,
16018400902,2021-08-17T15:00:00,NITROGEN; NITRITE,0.007,mg/L,0.0232,0,,
16018400902,2021-08-17T15:00:00,NITROGEN; TOTAL,1.66,mg/L,0.0546,0,,
16018400902,2021-08-17T15:00:00,PHOSPHORUS; PHOSPHATE,0.011,mg/L,0.0147,0,,
16018400902,2021-08-17T15:00:00,PHOSPHORUS; TOTAL,15.6,µg/L,0.3409,0,,
16018400902,2021-08-17T15:00:00,SOLIDS; DISSOLVED,496.0,mg/L,0.4554,0,,
16018400902,2021-08-17T15:00:00,SOLIDS; SUSPENDED,5.3,mg/L,0.2465,0,,
16018400902,2021-08-17T15:00:00,SOLIDS; TOTAL,501.0,mg/L,0.4104,0,,
16018400902,2021-09-14T16:32:00,CHLORIDE,45.1,mg/L,0.0929,0,,
16018400902,2021-09-14T16:32:00,CONDUCTIVITY,632.0,µS/cm,0.5254,0,,
16018400902,2021-09-14T16:32:00,NITRATE,2.31,mg/L,0.0291,0,,
16018400902,2021-09-14T16:32:00,NITROGEN; AMMONIA+AMMONIUM,0.02,mg/L,0.0151,0,,
16018400902,2021-09-14T16:32:00,NITROGEN; NITRATE+NITRITE,2.32,mg/L,0.0291,0,,
16018400902,2021-09-14T16:32:00,NITROGEN; NITRITE,0.011,mg/L,0.0075,0,,
16018400902,2021-09-14T16:32:00,NITROGEN; TOTAL,2.84,mg/L,0.0332,0,,
16018400902,2021-09-14T16:32:00,PHOSPHORUS; PHOSPHATE,0.01,mg/L,0.0045,0,,
16018400902,2021-09-14T16:32:00,PHOSPHORUS; TOTAL,44.4,µg/L,0.3086,0,,
16018400902,2021-09-14T16:32:00,SOLIDS; DISSOLVED,411.0,mg/L,0.4738,0,,
16018400902,2021-09-14T16:32:00,SOLIDS; SUSPENDED,21.1,mg/L,0.161,0,,
16018400902,2021-09-14T16:32:00,SOLIDS; TOTAL,432.0,mg/L,0.4674,0,,
16018400902,2021-10-18T08:52:00,CHLORIDE,43.6,mg/L,0.0737,0,,
16018400902,2021-10-18T08:52:00,CONDUCTIVITY,758.0,µS/cm,0.5115,0,,
16018400902,2021-10-18T08:52:00,NITRATE,3.52,mg/L,0.0316,0,,
16018400902,2021-10-18T08:52:00,NITROGEN; AMMONIA+AMMONIUM,0.02,mg/L,0.0135,0,,
16018400902,2021-10-18T08:52:00,NITROGEN; NITRATE+NITRITE,3.53,mg/L,0.0316,0,,
16018400902,2021-10-18T08:52:00,NITROGEN; NITRITE,0.01,mg/L,0.009,0,,
16018400902,2021-10-18T08:52:00,NITROGEN; TOTAL,4.79,mg/L,0.0334,0,,
16018400902,2021-10-18T08:52:00,PHOSPHORUS; PHOSPHATE,0.009,mg/L,0.0074,0,,
16018400902,2021-10-18T08:52:00,PHOSPHORUS; TOTAL,26.5,µg/L,0.2847,0,,
16018400902,2021-10-18T08:52:00,SOLIDS; DISSOLVED,493.0,mg/L,0.4428,0,,
16018400902,2021-10-18T08:52:00,SOLIDS; SUSPENDED,2.73,mg/L,0.1799,0,,
16018400902,2021-10-18T08:52:00,SOLIDS; TOTAL,495.0,mg/L,0.4204,0,,
16018400902,2021-11-18T16:20:00,CHLORIDE,43.0,mg/L,0.0729,0,,
16018400902,2021-11-18T16:20:00,CONDUCTIVITY,736.0,µS/cm,0.4739,0,,
16018400902,2021-11-18T16:20:00,NITRATE,4.59,mg/L,0.033,0,,
16018400902,2021-11-18T16:20:00,NITROGEN; AMMONIA+AMMONIUM,0.02,mg/L,0.0131,0,,
16018400902,2021-11-18T16:20:00,NITROGEN; NITRATE+NITRITE,4.61,mg/L,0.033,0,,
16018400902,2021-11-18T16:20:00,NITROGEN; NITRITE,0.017,mg/L,0.0058,0,,
16018400902,2021-11-18T16:20:00,NITROGEN; TOTAL,5.63,mg/L,0.0274,0,,
16018400902,2021-11-18T16:20:00,PHOSPHORUS; PHOSPHATE,0.009,mg/L,0.007,0,,
16018400902,2021-11-18T16:20:00,PHOSPHORUS; TOTAL,46.4,µg/L,0.2549,0,,
16018400902,2021-11-18T16:20:00,SOLIDS; DISSOLVED,478.0,mg/L,0.4143,0,,
16018400902,2021-11-18T16:20:00,SOLIDS; SUSPENDED,99.8,mg/L,0.3278,0,,
16018400902,2021-11-18T16:20:00,SOLIDS; TOTAL,578.0,mg/L,0.4573,0,,
16018400902,2022-01-25T15:00:00,ALKALINITY,296.0,mg/L as CaCO3,0.3164,0,,
16018400902,2022-01-25T15:00:00,CHLORIDE,62.3,mg/L,0.2536,0,,
16018400902,2022-01-25T15:00:00,CONDUCTIVITY,967.0,µS/cm,0.6671,1,"rolling_mean_7, rolling_mean_30, rolling_mean_14","3.32, 3.30, 3.29"
16018400902,2022-01-25T15:00:00,NITRATE,5.4,mg/L,0.0839,0,,
16018400902,2022-01-25T15:00:00,NITROGEN; AMMONIA+AMMONIUM,0.06,mg/L,0.073,0,,
16018400902,2022-01-25T15:00:00,NITROGEN; NITRATE+NITRITE,5.42,mg/L,0.0839,0,,
16018400902,2022-01-25T15:00:00,NITROGEN; NITRITE,0.019,mg/L,0.0698,0,,
16018400902,2022-01-25T15:00:00,NITROGEN; TOTAL,5.96,mg/L,0.0836,0,,
16018400902,2022-01-25T15:00:00,PH,8.01,,0.0417,0,,
16018400902,2022-01-25T15:00:00,PHOSPHORUS; PHOSPHATE,0.012,mg/L,0.0688,0,,
16018400902,2022-01-25T15:00:00,PHOSPHORUS; TOTAL,16.8,µg/L,0.346,0,,
16018400902,2022-01-25T15:00:00,SOLIDS; SUSPENDED,3.57,mg/L,0.3746,0,,
16018400902,2022-02-15T14:56:00,CHLORIDE,72.7,mg/L,0.1667,0,,
16018400902,2022-02-15T14:56:00,CONDUCTIVITY,967.0,µS/cm,0.5416,0,,
16018400902,2022-02-15T14:56:00,NITRATE,4.6,mg/L,0.0262,0,,
16018400902,2022-02-15T14:56:00,NITROGEN; AMMONIA+AMMONIUM,0.06,mg/L,0.0081,0,,
16018400902,2022-02-15T14:56:00,NITROGEN; NITRATE+NITRITE,4.62,mg/L,0.0262,0,,
16018400902,2022-02-15T14:56:00,NITROGEN; NITRITE,0.024,mg/L,0.0075,0,,
16018400902,2022-02-15T14:56:00,NITROGEN; TOTAL,5.53,mg/L,0.0248,0,,
16018400902,2022-02-15T14:56:00,PHOSPHORUS; PHOSPHATE,0.011,mg/L,0.0058,0,,
16018400902,2022-02-15T14:56:00,PHOSPHORUS; TOTAL,20.1,µg/L,0.2207,0,,
16018400902,2022-02-15T14:56:00,SOLIDS; DISSOLVED,665.0,mg/L,0.6158,1,"zscore, rolling_mean_30, rolling_mean_14","2.11, 2.05, 2.05"
16018400902,2022-02-15T14:56:00,SOLIDS; SUSPENDED,4.26,mg/L,0.1664,0,,
16018400902,2022-02-15T14:56:00,SOLIDS; TOTAL,669.0,mg/L,0.5975,1,"rolling_mean_30, rolling_mean_14, rolling_mean_7","2.20, 2.20, 2.17"
16018400902,2022-03-07T14:30:00,ALKALINITY,113.0,mg/L as CaCO3,0.5516,0,,
16018400902,2022-03-07T14:30:00,CHLORIDE,22.7,mg/L,0.2688,0,,
16018400902,2022-03-07T14:30:00,CONDUCTIVITY,335.0,µS/cm,0.721,1,"rate_of_change, delta, rolling_mean_7","-6.18, -4.24, 3.23"
16018400902,2022-03-07T14:30:00,NITRATE,1.95,mg/L,0.0445,0,,
16018400902,2022-03-07T14:30:00,NITROGEN; AMMONIA+AMMONIUM,0.31,mg/L,0.0854,0,,
16018400902,2022-03-07T14:30:00,NITROGEN; NITRATE+NITRITE,1.98,mg/L,0.0445,0,,
16018400902,2022-03-07T14:30:00,NITROGEN; NITRITE,0.025,mg/L,0.0075,0,,
16018400902,2022-03-07T14:30:00,NITROGEN; TOTAL,3.08,mg/L,0.044,0,,
16018400902,2022-03-07T14:30:00,PH,7.7,,0.0817,0,,
16018400902,2022-03-07T14:30:00,PHOSPHORUS; PHOSPHATE,0.115,mg/L,0.0681,0,,
16018400902,2022-03-07T14:30:00,PHOSPHORUS; TOTAL,352.0,µg/L,0.6414,1,"rate_of_change, zscore, delta","3.26, 2.80, 2.23"
16018400902,2022-03-07T14:30:00,SOLIDS; SUSPENDED,278.0,mg/L,0.6034,1,"zscore, rate_of_change, delta","3.12, 2.69, 1.84"
16018400902,2022-04-12T13:22:00,CHLORIDE,50.6,mg/L,0.2261,0,,
16018400902,2022-04-12T13:22:00,CONDUCTIVITY,716.0,µS/cm,0.6798,1,"rolling_mean_30, rolling_mean_14, rolling_mean_7","3.21, 3.21, 3.20"
16018400902,2022-04-12T13:22:00,NITRATE,3.78,mg/L,0.0798,0,,
16018400902,2022-04-12T13:22:00,NITROGEN; AMMONIA+AMMONIUM,0.04,mg/L,0.0754,0,,
16018400902,2022-04-12T13:22:00,NITROGEN; NITRATE+NITRITE,3.79,mg/L,0.0798,0,,
16018400902,2022-04-12T13:22:00,NITROGEN; NITRITE,0.016,mg/L,0.0614,0,,
16018400902,2022-04-12T13:22:00,NITROGEN; TOTAL,4.39,mg/L,0.0743,0,,
16018400902,2022-04-12T13:22:00,PHOSPHORUS; PHOSPHATE,0.012,mg/L,0.0651,0,,
16018400902,2022-04-12T13:22:00,PHOSPHORUS; TOTAL,27.1,µg/L,0.5482,0,,
16018400902,2022-04-12T13:22:00,SOLIDS; DISSOLVED,465.0,mg/L,0.5567,0,,
16018400902,2022-04-12T13:22:00,SOLIDS; SUSPENDED,6.93,mg/L,0.5212,0,,
16018400902,2022-04-12T13:22:00,SOLIDS; TOTAL,472.0,mg/L,0.5727,0,,
16018400902,2022-05-10T16:32:00,CHLORIDE,45.8,mg/L,0.0986,0,,
16018400902,2022-05-10T16:32:00,CONDUCTIVITY,714.0,µS/cm,0.5265,0,,
16018400902,2022-05-10T16:32:00,NITRATE,4.17,mg/L,0.0179,0,,
16018400902,2022-05-10T16:32:00,NITROGEN; AMMONIA+AMMONIUM,0.04,mg/L,0.0069,0,,
16018400902,2022-05-10T16:32:00,NITROGEN; NITRATE+NITRITE,4.2,mg/L,0.0184,0,,
16018400902,2022-05-10T16:32:00,NITROGEN; NITRITE,0.027,mg/L,0.0079,0,,
16018400902,2022-05-10T16:32:00,NITROGEN; TOTAL,5.03,mg/L,0.0191,0,,
16018400902,2022-05-10T16:32:00,PHOSPHORUS; PHOSPHATE,0.012,mg/L,0.0039,0,,
16018400902,2022-05-10T16:32:00,PHOSPHORUS; TOTAL,24.8,µg/L,0.3384,0,,
16018400902,2022-05-10T16:32:00,SOLIDS; DISSOLVED,464.0,mg/L,0.4005,0,,
16018400902,2022-05-10T16:32:00,SOLIDS; SUSPENDED,5.5,mg/L,0.2929,0,,
16018400902,2022-05-10T16:32:00,SOLIDS; TOTAL,470.0,mg/L,0.4162,0,,
16018400902,2022-06-14T11:35:00,CHLORIDE,48.5,mg/L,0.0985,0,,
16018400902,2022-06-14T11:35:00,CONDUCTIVITY,685.0,µS/cm,0.533,0,,
16018400902,2022-06-14T11:35:00,NITRATE,2.08,mg/L,0.0406,0,,
16018400902,2022-06-14T11:35:00,NITROGEN; AMMONIA+AMMONIUM,0.04,mg/L,0.0151,0,,
16018400902,2022-06-14T11:35:00,NITROGEN; NITRATE+NITRITE,2.1,mg/L,0.04,0,,
16018400902,2022-06-14T11:35:00,NITROGEN; NITRITE,0.015,mg/L,0.0136,0,,
16018400902,2022-06-14T11:35:00,NITROGEN; TOTAL,2.95,mg/L,0.0379,0,,
16018400902,2022-06-14T11:35:00,PHOSPHORUS; PHOSPHATE,0.014,mg/L,0.0105,0,,
16018400902,2022-06-14T11:35:00,PHOSPHORUS; TOTAL,32.9,µg/L,0.3419,0,,
16018400902,2022-06-14T11:35:00,SOLIDS; DISSOLVED,445.0,mg/L,0.4257,0,,
16018400902,2022-06-14T11:35:00,SOLIDS; SUSPENDED,10.4,mg/L,0.2977,0,,
16018400902,2022-06-14T11:35:00,SOLIDS; TOTAL,456.0,mg/L,0.4376,0,,
16018400902,2022-07-12T14:55:00,CHLORIDE,54.1,mg/L,0.0988,0,,
16018400902,2022-07-12T14:55:00,CONDUCTIVITY,792.0,µS/cm,0.5721,0,,
16018400902,2022-07-12T14:55:00,NITRATE,1.44,mg/L,0.0233,0,,
16018400902,2022-07-12T14:55:00,NITROGEN; AMMONIA+AMMONIUM,0.05,mg/L,0.0034,0,,
16018400902,2022-07-12T14:55:00,NITROGEN; NITRATE+NITRITE,1.45,mg/L,0.0229,0,,
16018400902,2022-07-12T14:55:00,NITROGEN; NITRITE,0.011,mg/L,0.0105,0,,
16018400902,2022-07-12T14:55:00,NITROGEN; TOTAL,1.97,mg/L,0.0315,0,,
16018400902,2022-07-12T14:55:00,PHOSPHORUS; PHOSPHATE,0.012,mg/L,0.0039,0,,
16018400902,2022-07-12T14:55:00,PHOSPHORUS; TOTAL,12.4,µg/L,0.3334,0,,
16018400902,2022-07-12T14:55:00,SOLIDS; DISSOLVED,515.0,mg/L,0.4369,0,,
16018400902,2022-07-12T14:55:00,SOLIDS; SUSPENDED,2.7,mg/L,0.3029,0,,
16018400902,2022-07-12T14:55:00,SOLIDS; TOTAL,518.0,mg/L,0.4355,0,,
16018400902,2022-08-24T14:48:00,ALKALINITY,172.0,mg/L as CaCO3,0.5194,0,,
16018400902,2022-08-24T14:48:00,CHLORIDE,50.9,mg/L,0.1724,0,,
16018400902,2022-08-24T14:48:00,CONDUCTIVITY,775.0,µS/cm,0.5848,1,"rolling_mean_14, rolling_mean_30, rolling_mean_7","3.25, 3.23, 3.11"
16018400902,2022-08-24T14:48:00,NITRATE,1.15,mg/L,0.0883,0,,
16018400902,2022-08-24T14:48:00,NITROGEN; AMMONIA+AMMONIUM,0.02,mg/L,0.07,0,,
16018400902,2022-08-24T14:48:00,NITROGEN; NITRATE+NITRITE,1.16,mg/L,0.0883,0,,
16018400902,2022-08-24T14:48:00,NITROGEN; NITRITE,0.008,mg/L,0.0694,0,,
16018400902,2022-08-24T14:48:00,NITROGEN; TOTAL,1.95,mg/L,0.0897,0,,
16018400902,2022-08-24T14:48:00,PH,8.07,,0.1611,0,,
16018400902,2022-08-24T14:48:00,PHOSPHORUS; PHOSPHATE,0.026,mg/L,0.0613,0,,
16018400902,2022-08-24T14:48:00,PHOSPHORUS; TOTAL,13.2,µg/L,0.3824,0,,
16018400902,2022-08-24T14:48:00,SOLIDS; SUSPENDED,4.29,mg/L,0.3508,0,,
16018400902,2022-09-26T14:15:00,ALKALINITY,197.0,mg/L as CaCO3,0.3238,0,,
16018400902,2022-09-26T14:15:00,CHLORIDE,55.6,mg/L,0.0941,0,,
16018400902,2022-09-26T14:15:00,CONDUCTIVITY,887.0,µS/cm,0.5554,0,,
16018400902,2022-09-26T14:15:00,NITRATE,1.93,mg/L,0.024,0,,
16018400902,2022-09-26T14:15:00,NITROGEN; AMMONIA+AMMONIUM,0.02,mg/L,0.0145,0,,
16018400902,2022-09-26T14:15:00,NITROGEN; NITRATE+NITRITE,1.94,mg/L,0.024,0,,
16018400902,2022-09-26T14:15:00,NITROGEN; NITRITE,0.007,mg/L,0.0149,0,,
16018400902,2022-09-26T14:15:00,NITROGEN; TOTAL,2.23,mg/L,0.0211,0,,
16018400902,2022-09-26T14:15:00,PH,8.16,,0.029,0,,
16018400902,2022-09-26T14:15:00,PHOSPHORUS; PHOSPHATE,0.009,mg/L,0.0066,0,,
16018400902,2022-09-26T14:15:00,PHOSPHORUS; TOTAL,29.6,µg/L,0.3307,0,,
16018400902,2022-09-26T14:15:00,SOLIDS; SUSPENDED,26.5,mg/L,0.3236,0,,
16018400902,2022-10-12T14:55:00,CHLORIDE,53.1,mg/L,0.1019,0,,
16018400902,2022-10-12T14:55:00,CONDUCTIVITY,895.0,µS/cm,0.5335,0,,
16018400902,2022-10-12T14:55:00,NITRATE,2.28,mg/L,0.0238,0,,
16018400902,2022-10-12T14:55:00,NITROGEN; AMMONIA+AMMONIUM,0.02,mg/L,0.0175,0,,
16018400902,2022-10-12T14:55:00,NITROGEN; NITRATE+NITRITE,2.28,mg/L,0.0238,0,,
16018400902,2022-10-12T14:55:00,NITROGEN; NITRITE,0.007,mg/L,0.0215,0,,
16018400902,2022-10-12T14:55:00,NITROGEN; TOTAL,2.79,mg/L,0.033,0,,
16018400902,2022-10-12T14:55:00,PHOSPHORUS; PHOSPHATE,0.008,mg/L,0.0125,0,,
16018400902,2022-10-12T14:55:00,PHOSPHORUS; TOTAL,8.57,µg/L,0.3152,0,,
16018400902,2022-10-12T14:55:00,SOLIDS; DISSOLVED,642.0,mg/L,0.6068,1,"rolling_mean_7, rolling_mean_30, rolling_mean_14","2.17, 2.07, 2.07"
16018400902,2022-10-12T14:55:00,SOLIDS; SUSPENDED,1.77,mg/L,0.2963,0,,
16018400902,2022-10-12T14:55:00,SOLIDS; TOTAL,644.0,mg/L,0.6018,1,"rolling_mean_7, rolling_mean_30, rolling_mean_14","2.27, 2.18, 2.17"
16018400902,2022-11-15T14:50:00,ALKALINITY,203.0,mg/L as CaCO3,0.3967,0,,
16018400902,2022-11-15T14:50:00,CHLORIDE,170.0,mg/L,0.4284,0,,
16018400902,2022-11-15T14:50:00,CONDUCTIVITY,1067.0,µS/cm,0.6194,1,"rolling_mean_7, rolling_mean_14, rolling_mean_30","3.70, 3.49, 3.41"
16018400902,2022-11-15T14:50:00,NITRATE,4.91,mg/L,0.0375,0,,
16018400902,2022-11-15T14:50:00,NITROGEN; AMMONIA+AMMONIUM,0.02,mg/L,0.0115,0,,
16018400902,2022-11-15T14:50:00,NITROGEN; NITRATE+NITRITE,4.92,mg/L,0.0391,0,,
16018400902,2022-11-15T14:50:00,NITROGEN; NITRITE,0.015,mg/L,0.0057,0,,
16018400902,2022-11-15T14:50:00,NITROGEN; TOTAL,5.85,mg/L,0.0394,0,,
16018400902,2022-11-15T14:50:00,PH,8.34,,0.0946,0,,
16018400902,2022-11-15T14:50:00,PHOSPHORUS; PHOSPHATE,0.007,mg/L,0.009,0,,
16018400902,2022-11-15T14:50:00,PHOSPHORUS; TOTAL,7.8,µg/L,0.2589,0,,
16018400902,2022-11-15T14:50:00,SOLIDS; SUSPENDED,1.87,mg/L,0.2313,0,,
16018400902,2022-12-12T14:10:00,ALKALINITY,230.8,mg/L as CaCO3,0.323,0,,
16018400902,2022-12-12T14:10:00,CHLORIDE,67.4,mg/L,0.3196,0,,
16018400902,2022-12-12T14:10:00,CONDUCTIVITY,936.0,µS/cm,0.6163,1,"rolling_mean_7, rolling_mean_14, rolling_mean_30","3.86, 3.60, 3.45"
16018400902,2022-12-12T14:10:00,NITRATE,5.39,mg/L,0.0303,0,,
16018400902,2022-12-12T14:10:00,NITROGEN; AMMONIA+AMMONIUM,0.02,mg/L,0.0087,0,,
16018400902,2022-12-12T14:10:00,NITROGEN; NITRATE+NITRITE,5.41,mg/L,0.0303,0,,
16018400902,2022-12-12T14:10:00,NITROGEN; NITRITE,0.018,mg/L,0.0038,0,,
16018400902,2022-12-12T14:10:00,NITROGEN; TOTAL,6.28,mg/L,0.0263,0,,
16018400902,2022-12-12T14:10:00,PH,8.15,,0.019,0,,
16018400902,2022-12-12T14:10:00,PHOSPHORUS; PHOSPHATE,0.006,mg/L,0.0067,0,,
16018400902,2022-12-12T14:10:00,PHOSPHORUS; TOTAL,18.8,µg/L,0.2786,0,,
16018400902,2022-12-12T14:10:00,SOLIDS; SUSPENDED,12.4,mg/L,0.2449,0,,
16018400902,2023-01-16T14:40:00,ALKALINITY,234.7,mg/L as CaCO3,0.3701,0,,
16018400902,2023-01-16T14:40:00,CHLORIDE,61.1,mg/L,0.2362,0,,
16018400902,2023-01-16T14:40:00,CONDUCTIVITY,898.0,µS/cm,0.6376,1,"rolling_mean_7, rolling_mean_14, rolling_mean_30","4.01, 3.65, 3.48"
16018400902,2023-01-16T14:40:00,NITRATE,6.88,mg/L,0.1111,0,,
16018400902,2023-01-16T14:40:00,NITROGEN; AMMONIA+AMMONIUM,0.04,mg/L,0.063,0,,
16018400902,2023-01-16T14:40:00,NITROGEN; NITRATE+NITRITE,6.89,mg/L,0.1111,0,,
16018400902,2023-01-16T14:40:00,NITROGEN; NITRITE,0.017,mg/L,0.062,0,,
16018400902,2023-01-16T14:40:00,NITROGEN; TOTAL,7.58,mg/L,0.1023,0,,
16018400902,2023-01-16T14:40:00,PH,8.03,,0.07,0,,
16018400902,2023-01-16T14:40:00,PHOSPHORUS; PHOSPHATE,0.018,mg/L,0.0616,0,,
16018400902,2023-01-16T14:40:00,PHOSPHORUS; TOTAL,29.3,µg/L,0.3318,0,,
16018400902,2023-01-16T14:40:00,SOLIDS; SUSPENDED,10.5,mg/L,0.2708,0,,
16018400902,2023-02-14T15:30:00,ALKALINITY,166.7,mg/L as CaCO3,0.35,0,,
16018400902,2023-02-14T15:30:00,CHLORIDE,40.1,mg/L,0.1978,0,,
16018400902,2023-02-14T15:30:00,CONDUCTIVITY,629.0,µS/cm,0.6463,1,"rolling_mean_7, rolling_mean_14, rolling_mean_30","3.90, 3.61, 3.45"
16018400902,2023-02-14T15:30:00,NITRATE,9.16,mg/L,0.0783,0,,
16018400902,2023-02-14T15:30:00,NITROGEN; AMMONIA+AMMONIUM,0.09,mg/L,0.0133,0,,
16018400902,2023-02-14T15:30:00,NITROGEN; NITRATE+NITRITE,9.18,mg/L,0.0783,0,,
16018400902,2023-02-14T15:30:00,NITROGEN; NITRITE,0.024,mg/L,0.01,0,,
16018400902,2023-02-14T15:30:00,NITROGEN; TOTAL,9.89,mg/L,0.0781,0,,
16018400902,2023-02-14T15:30:00,PH,8.2,,0.0208,0,,
16018400902,2023-02-14T15:30:00,PHOSPHORUS; PHOSPHATE,0.062,mg/L,0.0356,0,,
16018400902,2023-02-14T15:30:00,PHOSPHORUS; TOTAL,111.0,µg/L,0.3816,0,,
16018400902,2023-02-14T15:30:00,SOLIDS; SUSPENDED,23.9,mg/L,0.2484,0,,
16018400902,2023-04-03T14:39:00,CHLORIDE,20.5,mg/L,0.2922,0,,
16018400902,2023-04-03T14:39:00,CONDUCTIVITY,413.0,µS/cm,0.7083,1,"rolling_mean_7, rolling_mean_14, rolling_mean_30","3.64, 3.41, 3.37"
16018400902,2023-04-03T14:39:00,NITRATE,4.73,mg/L,0.0957,0,,
16018400902,2023-04-03T14:39:00,NITROGEN; AMMONIA+AMMONIUM,0.31,mg/L,0.1562,0,,
16018400902,2023-04-03T14:39:00,NITROGEN; NITRATE+NITRITE,4.82,mg/L,0.0936,0,,
16018400902,2023-04-03T14:39:00,NITROGEN; NITRITE,0.093,mg/L,0.1673,0,,
16018400902,2023-04-03T14:39:00,NITROGEN; TOTAL,6.11,mg/L,0.095,0,,
16018400902,2023-04-03T14:39:00,PHOSPHORUS; PHOSPHATE,0.235,mg/L,0.192,0,,
16018400902,2023-04-03T14:39:00,PHOSPHORUS; TOTAL,320.0,µg/L,0.5724,0,,
16018400902,2023-04-03T14:39:00,SOLIDS; DISSOLVED,269.0,mg/L,0.669,1,"time_gap_days, delta, zscore","3.28, -2.50, -2.35"
16018400902,2023-04-03T14:39:00,SOLIDS; SUSPENDED,138.0,mg/L,0.4513,0,,
16018400902,2023-04-03T14:39:00,SOLIDS; TOTAL,407.0,mg/L,0.6249,1,"time_gap_days, rolling_mean_14, rolling_mean_7","3.28, 2.16, 2.15"
16018400902,2023-05-10T15:36:00,ALKALINITY,197.6,mg/L as CaCO3,0.4096,0,,
16018400902,2023-05-10T15:36:00,CHLORIDE,41.8,mg/L,0.2706,0,,
16018400902,2023-05-10T15:36:00,CONDUCTIVITY,684.0,µS/cm,0.6846,1,"rolling_mean_7, rolling_mean_30, rolling_mean_14","3.49, 3.36, 3.31"
16018400902,2023-05-10T15:36:00,NITRATE,4.88,mg/L,0.0728,0,,
16018400902,2023-05-10T15:36:00,NITROGEN; AMMONIA+AMMONIUM,0.03,mg/L,0.0763,0,,
16018400902,2023-05-10T15:36:00,NITROGEN; NITRATE+NITRITE,4.9,mg/L,0.0728,0,,
16018400902,2023-05-10T15:36:00,NITROGEN; NITRITE,0.019,mg/L,0.0663,0,,
16018400902,2023-05-10T15:36:00,NITROGEN; TOTAL,5.77,mg/L,0.0756,0,,
16018400902,2023-05-10T15:36:00,PH,8.38,,0.1257,0,,
16018400902,2023-05-10T15:36:00,PHOSPHORUS; PHOSPHATE,0.005,mg/L,0.0723,0,,
16018400902,2023-05-10T15:36:00,PHOSPHORUS; TOTAL,16.8,µg/L,0.5424,0,,
16018400902,2023-05-10T15:36:00,SOLIDS; SUSPENDED,3.94,mg/L,0.4584,0,,
16018400902,2023-06-13T13:30:00,CHLORIDE,56.1,mg/L,0.1881,0,,
16018400902,2023-06-13T13:30:00,CONDUCTIVITY,791.0,µS/cm,0.5701,0,,
16018400902,2023-06-13T13:30:00,NITRATE,2.44,mg/L,0.0421,0,,
16018400902,2023-06-13T13:30:00,NITROGEN; AMMONIA+AMMONIUM,0.02,mg/L,0.0158,0,,
16018400902,2023-06-13T13:30:00,NITROGEN; NITRATE+NITRITE,2.46,mg/L,0.0421,0,,
16018400902,2023-06-13T13:30:00,NITROGEN; NITRITE,0.014,mg/L,0.0078,0,,
16018400902,2023-06-13T13:30:00,NITROGEN; TOTAL,2.81,mg/L,0.0442,0,,
16018400902,2023-06-13T13:30:00,PHOSPHORUS; PHOSPHATE,0.003,mg/L,0.011,0,,
16018400902,2023-06-13T13:30:00,PHOSPHORUS; TOTAL,23.7,µg/L,0.3127,0,,
16018400902,2023-06-13T13:30:00,SOLIDS; DISSOLVED,514.0,mg/L,0.5868,1,"rolling_mean_30, rolling_mean_14, rolling_mean_7","2.00, 2.00, 1.92"
16018400902,2023-06-13T13:30:00,SOLIDS; SUSPENDED,7.92,mg/L,0.22,0,,
16018400902,2023-06-13T13:30:00,SOLIDS; TOTAL,522.0,mg/L,0.5438,0,,
16018400902,2023-07-06T13:25:00,CHLORIDE,44.4,mg/L,0.1517,0,,
16018400902,2023-07-06T13:25:00,CONDUCTIVITY,713.0,µS/cm,0.5566,0,,
16018400902,2023-07-06T13:25:00,NITRATE,3.86,mg/L,0.0228,0,,
16018400902,2023-07-06T13:25:00,NITROGEN; AMMONIA+AMMONIUM,0.02,mg/L,0.0139,0,,
16018400902,2023-07-06T13:25:00,NITROGEN; NITRATE+NITRITE,3.88,mg/L,0.0228,0,,
16018400902,2023-07-06T13:25:00,NITROGEN; NITRITE,0.019,mg/L,0.0045,0,,
16018400902,2023-07-06T13:25:00,NITROGEN; TOTAL,4.26,mg/L,0.0239,0,,
16018400902,2023-07-06T13:25:00,PHOSPHORUS; PHOSPHATE,0.003,mg/L,0.0089,0,,
16018400902,2023-07-06T13:25:00,PHOSPHORUS; TOTAL,13.0,µg/L,0.3235,0,,
16018400902,2023-07-06T13:25:00,SOLIDS; DISSOLVED,464.0,mg/L,0.4538,0,,
16018400902,2023-07-06T13:25:00,SOLIDS; SUSPENDED,8.33,mg/L,0.2148,0,,
16018400902,2023-07-06T13:25:00,SOLIDS; TOTAL,472.0,mg/L,0.4512,0,,
16018400902,2023-08-15T14:26:00,ALKALINITY,191.2,mg/L as CaCO3,0.3877,0,,
16018400902,2023-08-15T14:26:00,CHLORIDE,52.2,mg/L,0.2033,0,,
16018400902,2023-08-15T14:26:00,CONDUCTIVITY,772.0,µS/cm,0.5747,0,,
16018400902,2023-08-15T14:26:00,NITRATE,1.98,mg/L,0.0884,0,,
16018400902,2023-08-15T14:26:00,NITROGEN; AMMONIA+AMMONIUM,0.02,mg/L,0.0679,0,,
16018400902,2023-08-15T14:26:00,NITROGEN; NITRATE+NITRITE,1.99,mg/L,0.0884,0,,
16018400902,2023-08-15T14:26:00,NITROGEN; NITRITE,0.011,mg/L,0.0654,0,,
16018400902,2023-08-15T14:26:00,NITROGEN; TOTAL,2.53,mg/L,0.0908,0,,
16018400902,2023-08-15T14:26:00,PH,8.43,,0.1328,0,,
16018400902,2023-08-15T14:26:00,PHOSPHORUS; PHOSPHATE,0.003,mg/L,0.0624,0,,
16018400902,2023-08-15T14:26:00,PHOSPHORUS; TOTAL,17.8,µg/L,0.3705,0,,
16018400902,2023-08-15T14:26:00,SOLIDS; SUSPENDED,5.29,mg/L,0.2661,0,,
16018400902,2023-09-12T14:15:00,ALKALINITY,192.3,mg/L as CaCO3,0.2382,0,,
16018400902,2023-09-12T14:15:00,CHLORIDE,52.0,mg/L,0.1193,0,,
16018400902,2023-09-12T14:15:00,CONDUCTIVITY,791.0,µS/cm,0.4991,0,,
16018400902,2023-09-12T14:15:00,NITRATE,2.06,mg/L,0.025,0,,
16018400902,2023-09-12T14:15:00,NITROGEN; AMMONIA+AMMONIUM,0.02,mg/L,0.01,0,,
16018400902,2023-09-12T14:15:00,NITROGEN; NITRATE+NITRITE,2.07,mg/L,0.025,0,,
16018400902,2023-09-12T14:15:00,NITROGEN; NITRITE,0.008,mg/L,0.0144,0,,
16018400902,2023-09-12T14:15:00,NITROGEN; TOTAL,2.47,mg/L,0.0254,0,,
16018400902,2023-09-12T14:15:00,PH,8.31,,0.0197,0,,
16018400902,2023-09-12T14:15:00,PHOSPHORUS; PHOSPHATE,0.003,mg/L,0.0062,0,,
16018400902,2023-09-12T14:15:00,PHOSPHORUS; TOTAL,9.4,µg/L,0.318,0,,
16018400902,2023-09-12T14:15:00,SOLIDS; SUSPENDED,2.7,mg/L,0.2292,0,,
16018400902,2023-10-12T14:13:00,ALKALINITY,236.9,mg/L as CaCO3,0.3061,0,,
16018400902,2023-10-12T14:13:00,CHLORIDE,60.6,mg/L,0.1329,0,,
16018400902,2023-10-12T14:13:00,CONDUCTIVITY,860.0,µS/cm,0.5276,0,,
16018400902,2023-10-12T14:13:00,NITRATE,2.17,mg/L,0.0261,0,,
16018400902,2023-10-12T14:13:00,NITROGEN; AMMONIA+AMMONIUM,0.02,mg/L,0.0109,0,,
16018400902,2023-10-12T14:13:00,NITROGEN; NITRATE+NITRITE,2.17,mg/L,0.0252,0,,
16018400902,2023-10-12T14:13:00,NITROGEN; NITRITE,0.006,mg/L,0.0152,0,,
16018400902,2023-10-12T14:13:00,NITROGEN; TOTAL,2.57,mg/L,0.0271,0,,
16018400902,2023-10-12T14:13:00,PH,8.39,,0.0286,0,,
16018400902,2023-10-12T14:13:00,PHOSPHORUS; PHOSPHATE,0.005,mg/L,0.0069,0,,
16018400902,2023-10-12T14:13:00,PHOSPHORUS; TOTAL,8.1,µg/L,0.3098,0,,
16018400902,2023-10-12T14:13:00,SOLIDS; SUSPENDED,1.38,mg/L,0.2305,0,,
16018400902,2023-11-14T14:33:00,ALKALINITY,290.9,mg/L as CaCO3,0.3652,0,,
16018400902,2023-11-14T14:33:00,CHLORIDE,45.4,mg/L,0.1478,0,,
16018400902,2023-11-14T14:33:00,CONDUCTIVITY,762.0,µS/cm,0.5527,0,,
16018400902,2023-11-14T14:33:00,NITRATE,6.27,mg/L,0.0528,0,,
16018400902,2023-11-14T14:33:00,NITROGEN; AMMONIA+AMMONIUM,0.03,mg/L,0.0071,0,,
16018400902,2023-11-14T14:33:00,NITROGEN; NITRATE+NITRITE,6.29,mg/L,0.0548,0,,
16018400902,2023-11-14T14:33:00,NITROGEN; NITRITE,0.024,mg/L,0.0108,0,,
16018400902,2023-11-14T14:33:00,PH,8.3,,0.0189,0,,
16018400902,2023-11-14T14:33:00,PHOSPHORUS; PHOSPHATE,0.021,mg/L,0.0062,0,,
16018400902,2023-11-14T14:33:00,PHOSPHORUS; TOTAL,52.9,µg/L,0.3319,0,,
16018400902,2023-11-14T14:33:00,SOLIDS; SUSPENDED,10.6,mg/L,0.1839,0,,
16018400902,2024-01-10T16:13:00,ALKALINITY,221.5,mg/L as CaCO3,0.419,0,,
16018400902,2024-01-10T16:13:00,CHLORIDE,44.6,mg/L,0.2057,0,,
16018400902,2024-01-10T16:13:00,CONDUCTIVITY,666.0,µS/cm,0.6157,1,"rolling_mean_14, rolling_mean_30, rolling_mean_7","3.47, 3.40, 3.37"
16018400902,2024-01-10T16:13:00,NITRATE,5.67,mg/L,0.0893,0,,
16018400902,2024-01-10T16:13:00,NITROGEN; AMMONIA+AMMONIUM,0.05,mg/L,0.0674,0,,
16018400902,2024-01-10T16:13:00,NITROGEN; NITRATE+NITRITE,5.69,mg/L,0.0893,0,,
16018400902,2024-01-10T16:13:00,NITROGEN; NITRITE,0.017,mg/L,0.0662,0,,
16018400902,2024-01-10T16:13:00,NITROGEN; TOTAL,7.91,mg/L,0.1489,0,,
16018400902,2024-01-10T16:13:00,PH,8.27,,0.0769,0,,
16018400902,2024-01-10T16:13:00,PHOSPHORUS; PHOSPHATE,0.067,mg/L,0.0802,0,,
16018400902,2024-01-10T16:13:00,PHOSPHORUS; TOTAL,157.0,µg/L,0.4587,0,,
16018400902,2024-01-10T16:13:00,SOLIDS; SUSPENDED,55.5,mg/L,0.3142,0,,
16018400902,2024-02-13T14:00:00,ALKALINITY,194.9,mg/L as CaCO3,0.276,0,,
16018400902,2024-02-13T14:00:00,CHLORIDE,27.6,mg/L,0.1659,0,,
16018400902,2024-02-13T14:00:00,CONDUCTIVITY,566.0,µS/cm,0.5606,0,,
16018400902,2024-02-13T14:00:00,NITRATE,5.74,mg/L,0.0364,0,,
16018400902,2024-02-13T14:00:00,NITROGEN; AMMONIA+AMMONIUM,0.03,mg/L,0.0063,0,,
16018400902,2024-02-13T14:00:00,NITROGEN; NITRATE+NITRITE,5.76,mg/L,0.0364,0,,
16018400902,2024-02-13T14:00:00,NITROGEN; NITRITE,0.022,mg/L,0.0118,0,,
16018400902,2024-02-13T14:00:00,NITROGEN; TOTAL,6.09,mg/L,0.0474,0,,
16018400902,2024-02-13T14:00:00,PH,8.28,,0.0174,0,,
16018400902,2024-02-13T14:00:00,PHOSPHORUS; PHOSPHATE,0.104,mg/L,0.0535,0,,
16018400902,2024-02-13T14:00:00,PHOSPHORUS; TOTAL,146.0,µg/L,0.3194,0,,
16018400902,2024-02-13T14:00:00,SOLIDS; SUSPENDED,18.2,mg/L,0.2506,0,,
16018400902,2024-03-12T14:40:00,ALKALINITY,207.4,mg/L as CaCO3,0.246,0,,
16018400902,2024-03-12T14:40:00,CHLORIDE,32.5,mg/L,0.1084,0,,
16018400902,2024-03-12T14:40:00,CONDUCTIVITY,595.0,µS/cm,0.5117,0,,
16018400902,2024-03-12T14:40:00,NITRATE,6.41,mg/L,0.0447,0,,
16018400902,2024-03-12T14:40:00,NITROGEN; AMMONIA+AMMONIUM,0.09,mg/L,0.0136,0,,
16018400902,2024-03-12T14:40:00,NITROGEN; NITRATE+NITRITE,6.44,mg/L,0.0447,0,,
16018400902,2024-03-12T14:40:00,NITROGEN; NITRITE,0.03,mg/L,0.0136,0,,
16018400902,2024-03-12T14:40:00,NITROGEN; TOTAL,6.36,mg/L,0.0297,0,,
16018400902,2024-03-12T14:40:00,PH,8.3,,0.0147,0,,
16018400902,2024-03-12T14:40:00,PHOSPHORUS; PHOSPHATE,0.073,mg/L,0.0196,0,,
16018400902,2024-03-12T14:40:00,PHOSPHORUS; TOTAL,170.0,µg/L,0.3435,0,,
16018400902,2024-03-12T14:40:00,SOLIDS; SUSPENDED,43.1,mg/L,0.2318,0,,
16018400902,2024-04-10T14:29:00,ALKALINITY,220.9,mg/L as CaCO3,0.2471,0,,
16018400902,2024-04-10T14:29:00,CHLORIDE,46.6,mg/L,0.119,0,,
16018400902,2024-04-10T14:29:00,CONDUCTIVITY,732.0,µS/cm,0.5386,0,,
16018400902,2024-04-10T14:29:00,NITRATE,4.21,mg/L,0.035,0,,
16018400902,2024-04-10T14:29:00,NITROGEN; AMMONIA+AMMONIUM,0.02,mg/L,0.0118,0,,
16018400902,2024-04-10T14:29:00,NITROGEN; NITRATE+NITRITE,4.23,mg/L,0.035,0,,
16018400902,2024-04-10T14:29:00,NITROGEN; NITRITE,0.017,mg/L,0.0066,0,,
16018400902,2024-04-10T14:29:00,NITROGEN; TOTAL,4.64,mg/L,0.0319,0,,
16018400902,2024-04-10T14:29:00,PH,8.44,,0.0327,0,,
16018400902,2024-04-10T14:29:00,PHOSPHORUS; PHOSPHATE,0.004,mg/L,0.015,0,,
16018400902,2024-04-10T14:29:00,PHOSPHORUS; TOTAL,23.4,µg/L,0.3986,0,,
16018400902,2024-04-10T14:29:00,SOLIDS; SUSPENDED,3.42,mg/L,0.2623,0,,
16018400902,2024-05-14T13:15:00,ALKALINITY,222.8,mg/L as CaCO3,0.2467,0,,
16018400902,2024-05-14T13:15:00,CHLORIDE,45.0,mg/L,0.1068,0,,
16018400902,2024-05-14T13:15:00,CONDUCTIVITY,698.0,µS/cm,0.4933,0,,
16018400902,2024-05-14T13:15:00,NITRATE,3.52,mg/L,0.0132,0,,
16018400902,2024-05-14T13:15:00,NITROGEN; AMMONIA+AMMONIUM,0.03,mg/L,0.0063,0,,
16018400902,2024-05-14T13:15:00,NITROGEN; NITRATE+NITRITE,3.54,mg/L,0.0132,0,,
16018400902,2024-05-14T13:15:00,NITROGEN; NITRITE,0.018,mg/L,0.0061,0,,
16018400902,2024-05-14T13:15:00,NITROGEN; TOTAL,3.74,mg/L,0.0194,0,,
16018400902,2024-05-14T13:15:00,PH,8.37,,0.0247,0,,
16018400902,2024-05-14T13:15:00,PHOSPHORUS; PHOSPHATE,0.004,mg/L,0.011,0,,
16018400902,2024-05-14T13:15:00,PHOSPHORUS; TOTAL,19.5,µg/L,0.2872,0,,
16018400902,2024-05-14T13:15:00,SOLIDS; SUSPENDED,4.22,mg/L,0.1939,0,,
16018400902,2024-06-10T13:55:00,ALKALINITY,209.4,mg/L as CaCO3,0.2447,0,,
16018400902,2024-06-10T13:55:00,CHLORIDE,45.5,mg/L,0.0983,0,,
16018400902,2024-06-10T13:55:00,CONDUCTIVITY,659.0,µS/cm,0.5078,0,,
16018400902,2024-06-10T13:55:00,NITRATE,3.43,mg/L,0.0077,0,,
16018400902,2024-06-10T13:55:00,NITROGEN; AMMONIA+AMMONIUM,0.02,mg/L,0.0069,0,,
16018400902,2024-06-10T13:55:00,NITROGEN; NITRATE+NITRITE,3.45,mg/L,0.0077,0,,
16018400902,2024-06-10T13:55:00,NITROGEN; NITRITE,0.013,mg/L,0.006,0,,
16018400902,2024-06-10T13:55:00,NITROGEN; TOTAL,4.1,mg/L,0.0141,0,,
16018400902,2024-06-10T13:55:00,PH,8.42,,0.0258,0,,
16018400902,2024-06-10T13:55:00,PHOSPHORUS; PHOSPHATE,0.004,mg/L,0.0082,0,,
16018400902,2024-06-10T13:55:00,PHOSPHORUS; TOTAL,17.0,µg/L,0.2799,0,,
16018400902,2024-06-10T13:55:00,SOLIDS; SUSPENDED,4.29,mg/L,0.1865,0,,
16018400902,2024-07-02T13:15:00,ALKALINITY,193.1,mg/L as CaCO3,0.2618,0,,
16018400902,2024-07-02T13:15:00,CHLORIDE,46.9,mg/L,0.0988,0,,
16018400902,2024-07-02T13:15:00,CONDUCTIVITY,722.0,µS/cm,0.5225,0,,
16018400902,2024-07-02T13:15:00,NITRATE,3.03,mg/L,0.0146,0,,
16018400902,2024-07-02T13:15:00,NITROGEN; AMMONIA+AMMONIUM,0.02,mg/L,0.0097,0,,
16018400902,2024-07-02T13:15:00,NITROGEN; NITRATE+NITRITE,3.04,mg/L,0.0146,0,,
16018400902,2024-07-02T13:15:00,NITROGEN; NITRITE,0.011,mg/L,0.0128,0,,
16018400902,2024-07-02T13:15:00,NITROGEN; TOTAL,3.45,mg/L,0.0198,0,,
16018400902,2024-07-02T13:15:00,PH,8.43,,0.0288,0,,
16018400902,2024-07-02T13:15:00,PHOSPHORUS; PHOSPHATE,0.004,mg/L,0.0111,0,,
16018400902,2024-07-02T13:15:00,PHOSPHORUS; TOTAL,14.3,µg/L,0.2711,0,,
16018400902,2024-07-02T13:15:00,SOLIDS; SUSPENDED,5.17,mg/L,0.1837,0,,
16018400902,2024-08-07T13:55:00,ALKALINITY,204.7,mg/L as CaCO3,0.3229,0,,
16018400902,2024-08-07T13:55:00,CHLORIDE,35.3,mg/L,0.2058,0,,
16018400902,2024-08-07T13:55:00,CONDUCTIVITY,632.0,µS/cm,0.5809,0,,
16018400902,2024-08-07T13:55:00,NITRATE,2.63,mg/L,0.0745,0,,
16018400902,2024-08-07T13:55:00,NITROGEN; AMMONIA+AMMONIUM,0.03,mg/L,0.0625,0,,
16018400902,2024-08-07T13:55:00,NITROGEN; NITRATE+NITRITE,2.64,mg/L,0.0752,0,,
16018400902,2024-08-07T13:55:00,NITROGEN; NITRITE,0.012,mg/L,0.0625,0,,
16018400902,2024-08-07T13:55:00,NITROGEN; TOTAL,2.99,mg/L,0.0768,0,,
16018400902,2024-08-07T13:55:00,PH,8.55,,0.1028,0,,
16018400902,2024-08-07T13:55:00,PHOSPHORUS; PHOSPHATE,0.005,mg/L,0.062,0,,
16018400902,2024-08-07T13:55:00,PHOSPHORUS; TOTAL,4.3,µg/L,0.3444,0,,
16018400902,2024-08-07T13:55:00,SOLIDS; SUSPENDED,3.56,mg/L,0.207,0,,
16018400902,2024-09-03T13:30:00,ALKALINITY,189.1,mg/L as CaCO3,0.2526,0,,
16018400902,2024-09-03T13:30:00,CHLORIDE,50.7,mg/L,0.1317,0,,
16018400902,2024-09-03T13:30:00,CONDUCTIVITY,751.0,µS/cm,0.5345,0,,
16018400902,2024-09-03T13:30:00,NITRATE,1.97,mg/L,0.0194,0,,
16018400902,2024-09-03T13:30:00,NITROGEN; AMMONIA+AMMONIUM,0.03,mg/L,0.004,0,,
16018400902,2024-09-03T13:30:00,NITROGEN; NITRATE+NITRITE,1.98,mg/L,0.0191,0,,
16018400902,2024-09-03T13:30:00,NITROGEN; NITRITE,0.01,mg/L,0.0105,0,,
16018400902,2024-09-03T13:30:00,NITROGEN; TOTAL,2.46,mg/L,0.0218,0,,
16018400902,2024-09-03T13:30:00,PH,8.44,,0.0249,0,,
16018400902,2024-09-03T13:30:00,PHOSPHORUS; PHOSPHATE,0.009,mg/L,0.0051,0,,
16018400902,2024-09-03T13:30:00,PHOSPHORUS; TOTAL,18.9,µg/L,0.2761,0,,
16018400902,2024-09-03T13:30:00,SOLIDS; SUSPENDED,5.17,mg/L,0.1557,0,,
16018400902,2024-10-17T13:35:00,ALKALINITY,211.7,mg/L as CaCO3,0.3364,0,,
16018400902,2024-10-17T13:35:00,CHLORIDE,55.7,mg/L,0.1865,0,,
16018400902,2024-10-17T13:35:00,CONDUCTIVITY,832.0,µS/cm,0.5784,0,,
16018400902,2024-10-17T13:35:00,NITRATE,2.69,mg/L,0.0666,0,,
16018400902,2024-10-17T13:35:00,NITROGEN; AMMONIA+AMMONIUM,0.02,mg/L,0.063,0,,
16018400902,2024-10-17T13:35:00,NITROGEN; NITRATE+NITRITE,2.7,mg/L,0.0671,0,,
16018400902,2024-10-17T13:35:00,NITROGEN; NITRITE,0.006,mg/L,0.0708,0,,
16018400902,2024-10-17T13:35:00,NITROGEN; TOTAL,3.15,mg/L,0.0706,0,,
16018400902,2024-10-17T13:35:00,PH,8.24,,0.0658,0,,
16018400902,2024-10-17T13:35:00,PHOSPHORUS; PHOSPHATE,0.003,mg/L,0.0631,0,,
16018400902,2024-10-17T13:35:00,PHOSPHORUS; TOTAL,7.3,µg/L,0.3213,0,,
16018400902,2024-10-17T13:35:00,SOLIDS; SUSPENDED,1.53,mg/L,0.2012,0,,
16018400902,2024-11-12T14:55:00,ALKALINITY,211.0,mg/L as CaCO3,0.226,0,,
16018400902,2024-11-12T14:55:00,CHLORIDE,56.8,mg/L,0.1051,0,,
16018400902,2024-11-12T14:55:00,CONDUCTIVITY,841.0,µS/cm,0.4711,0,,
16018400902,2024-11-12T14:55:00,NITRATE,2.94,mg/L,0.0104,0,,
16018400902,2024-11-12T14:55:00,NITROGEN; AMMONIA+AMMONIUM,0.02,mg/L,0.0055,0,,
16018400902,2024-11-12T14:55:00,NITROGEN; NITRATE+NITRITE,2.95,mg/L,0.0104,0,,
16018400902,2024-11-12T14:55:00,NITROGEN; NITRITE,0.006,mg/L,0.0138,0,,
16018400902,2024-11-12T14:55:00,NITROGEN; TOTAL,3.18,mg/L,0.0165,0,,
16018400902,2024-11-12T14:55:00,PH,8.19,,0.0129,0,,
16018400902,2024-11-12T14:55:00,PHOSPHORUS; PHOSPHATE,0.003,mg/L,0.0067,0,,
16018400902,2024-11-12T14:55:00,PHOSPHORUS; TOTAL,4.4,µg/L,0.2343,0,,
16018400902,2024-11-12T14:55:00,SOLIDS; SUSPENDED,2.01,mg/L,0.0957,0,,
16018400902,2024-12-09T15:45:00,ALKALINITY,236.9,mg/L as CaCO3,0.2667,0,,
16018400902,2024-12-09T15:45:00,CHLORIDE,59.4,mg/L,0.105,0,,
16018400902,2024-12-09T15:45:00,CONDUCTIVITY,871.0,µS/cm,0.4818,0,,
16018400902,2024-12-09T15:45:00,NITRATE,3.98,mg/L,0.016,0,,
16018400902,2024-12-09T15:45:00,NITROGEN; AMMONIA+AMMONIUM,0.02,mg/L,0.0051,0,,
16018400902,2024-12-09T15:45:00,NITROGEN; NITRATE+NITRITE,3.99,mg/L,0.016,0,,
16018400902,2024-12-09T15:45:00,NITROGEN; NITRITE,0.009,mg/L,0.0081,0,,
16018400902,2024-12-09T15:45:00,NITROGEN; TOTAL,4.03,mg/L,0.0143,0,,
16018400902,2024-12-09T15:45:00,PH,8.28,,0.0142,0,,
16018400902,2024-12-09T15:45:00,PHOSPHORUS; PHOSPHATE,0.005,mg/L,0.0051,0,,
16018400902,2024-12-09T15:45:00,PHOSPHORUS; TOTAL,9.3,µg/L,0.2273,0,,
16018400902,2024-12-09T15:45:00,SOLIDS; SUSPENDED,3.79,mg/L,0.0925,0,,
16018401002,2019-04-08T15:00:00,"ALKALINITY, TOTAL",187.0,mg/L,0.2175,0,,
16018401002,2019-04-08T15:00:00,"ALUMINIUM, UNFILTERED TOTAL",163.0,µg/L,0.2029,0,,
16018401002,2019-04-08T15:00:00,"AMMONIUM, TOTAL   UNFIL.REAC",0.076,mg/L,0.0386,0,,
16018401002,2019-04-08T15:00:00,"BARIUM,  UNFILTERED TOTAL",25.5,µg/L,0.0676,0,,
16018401002,2019-04-08T15:00:00,"BERYLIUM,UNFILTERED TOTAL",0.00887,µg/L,0.0408,0,,
16018401002,2019-04-08T15:00:00,"BISMUTH, UNFILTERED TOTAL",-5.18,µg/L,0.0712,0,,
16018401002,2019-04-08T15:00:00,"CADMIUM, UNFILTERED TOTAL",1.52,µg/L,0.0375,0,,
16018401002,2019-04-08T15:00:00,"CALCIUM, UNFILTERED TOTAL",64.5,mg/L,0.1135,0,,
16018401002,2019-04-08T15:00:00,"CARBON, DISSOLVED INORGANIC",45.8,mg/L,0.0976,0,,
16018401002,2019-04-08T15:00:00,"CARBON, DISSOLVED ORGANIC",5.2,mg/L,0.0379,0,,
16018401002,2019-04-08T15:00:00,"CHLORIDE,         UNFIL.REAC",83.8,mg/L,0.1389,0,,
16018401002,2019-04-08T15:00:00,"CHROMIUM, UNFILTERED TOTAL",0.153,µg/L,0.0389,0,,
16018401002,2019-04-08T15:00:00,"COBALT,   UNFILTERED TOTAL",0.388,µg/L,0.0381,0,,
16018401002,2019-04-08T15:00:00,"CONDUCTIVITY, 25C",679.0,MICRO SIEMENS PER CENTIMETER,0.4906,0,,
16018401002,2019-04-08T15:00:00,"CONDUCTIVITY, AMBIENT",699.0,MICROMHOS/CM (CONDUCTIVITY),0.5036,0,,
16018401002,2019-04-08T15:00:00,"COPPER,   UNFILTERED TOTAL",3.0,µg/L,0.039,0,,
16018401002,2019-04-08T15:00:00,DISSOLVED OXYGEN,12.23,mg/L,0.0523,0,,
16018401002,2019-04-08T15:00:00,"HARDNESS,   TOTAL",236.0,mg/L,0.2687,0,,
16018401002,2019-04-08T15:00:00,"IRON,     UNFILTERED TOTAL",234.0,µg/L,0.2687,0,,
16018401002,2019-04-08T15:00:00,"LEAD,     UNFILTERED TOTAL",-3.42,µg/L,0.0592,0,,
16018401002,2019-04-08T15:00:00,"LITHIUM,  UNFILTERED TOTAL",1.24,µg/L,0.0358,0,,
16018401002,2019-04-08T15:00:00,"MAGNESIUM,UNFILTERED TOTAL",18.3,mg/L,0.0619,0,,
16018401002,2019-04-08T15:00:00,"MANGANESE,UNFILTERED TOTAL",21.2,µg/L,0.0659,0,,
16018401002,2019-04-08T15:00:00,"MOLYBDENUM,UNFILTERED TOTAL",-0.76,µg/L,0.0458,0,,
16018401002,2019-04-08T15:00:00,"NICKEL,   UNFILTERED TOTAL",0.3,µg/L,0.0385,0,,
16018401002,2019-04-08T15:00:00,"NITRATES TOTAL,   UNFIL.REAC",3.75,mg/L,0.039,0,,
16018401002,2019-04-08T15:00:00,"NITRITE,  UNFILTERED REACTIVE",0.04,mg/L,0.0389,0,,
16018401002,2019-04-08T15:00:00,NITROGEN; TOTAL,3.81,mg/L,0.039,0,,
16018401002,2019-04-08T15:00:00,PH (-LOG H+ CONCN),8.36,NO DIMENSION/SCALE,0.0419,0,,
16018401002,2019-04-08T15:00:00,PH FIELD,8.33,NO DIMENSION/SCALE,0.0419,0,,
16018401002,2019-04-08T15:00:00,"PHOSPHATE,FILTERED REACTIVE",0.0256,mg/L,0.0388,0,,
16018401002,2019-04-08T15:00:00,"PHOSPHORUS,UNFILTERED TOTAL",65.0,µg/L,0.1135,0,,
16018401002,2019-04-08T15:00:00,"POTASSIUM,UNFILTERED TOTAL",2.76,mg/L,0.0392,0,,
16018401002,2019-04-08T15:00:00,"RESIDUE,PARTICULATE",13.9,mg/L,0.0545,0,,
16018401002,2019-04-08T15:00:00,"SILICATES,UNFILTERED REACTIVE",1.52,mg/L,0.0375,0,,
16018401002,2019-04-08T15:00:00,"SILVER,   UNFILTERED TOTAL",-0.434,µg/L,0.0433,0,,
16018401002,2019-04-08T15:00:00,"SODIUM,   UNFILTERED TOTAL",52.9,mg/L,0.1053,0,,
16018401002,2019-04-08T15:00:00,STREAM CONDITION,8.0,NO DIMENSION/SCALE,0.0417,0,,
16018401002,2019-04-08T15:00:00,"STRONTIUM, UNFILTERED TOTAL",217.0,µg/L,0.2425,0,,
16018401002,2019-04-08T15:00:00,"TEMPERATURE, WATER",9.0,DEGREES CELSIUS,0.0426,0,,
16018401002,2019-04-08T15:00:00,TIN       UNFILTERED TOTAL,-4.59,µg/L,0.0682,0,,
16018401002,2019-04-08T15:00:00,"TITANIUM,  UNFILTERED TOTAL",2.03,µg/L,0.0361,0,,
16018401002,2019-04-08T15:00:00,"URANIUM,   UNFILTERED TOTAL",-0.0238,µg/L,0.0408,0,,
16018401002,2019-04-08T15:00:00,"VANADIUM,  UNFILTERED TOTAL",0.533,µg/L,0.0375,0,,
16018401002,2019-04-08T15:00:00,"ZINC,  UNFILTERED TOTAL",9.7,µg/L,0.0427,0,,
16018401002,2019-04-08T15:00:00,"ZIRCONIUM,  UNFILTERED TOTAL",0.0211,µg/L,0.0388,0,,
16018401002,2019-05-16T15:30:00,"ALKALINITY, TOTAL",209.0,mg/L,0.3122,0,,
16018401002,2019-05-16T15:30:00,"AMMONIUM, TOTAL   UNFIL.REAC",0.023,mg/L,0.074,0,,
16018401002,2019-05-16T15:30:00,"CARBON, DISSOLVED INORGANIC",50.7,mg/L,0.1667,0,,
16018401002,2019-05-16T15:30:00,"CARBON, DISSOLVED ORGANIC",5.6,mg/L,0.073,0,,
16018401002,2019-05-16T15:30:00,"CHLORIDE,         UNFIL.REAC",58.3,mg/L,0.2492,0,,
16018401002,2019-05-16T15:30:00,"CONDUCTIVITY, 25C",646.0,MICRO SIEMENS PER CENTIMETER,0.5524,0,,
16018401002,2019-05-16T15:30:00,"CONDUCTIVITY, AMBIENT",640.0,MICROMHOS/CM (CONDUCTIVITY),0.5419,0,,
16018401002,2019-05-16T15:30:00,DISSOLVED OXYGEN,12.23,mg/L,0.0748,0,,
16018401002,2019-05-16T15:30:00,"HARDNESS,   TOTAL",270.0,mg/L,0.374,0,,
16018401002,2019-05-16T15:30:00,"NITRATES TOTAL,   UNFIL.REAC",4.09,mg/L,0.0699,0,,
16018401002,2019-05-16T15:30:00,"NITRITE,  UNFILTERED REACTIVE",0.031,mg/L,0.0706,0,,
16018401002,2019-05-16T15:30:00,NITROGEN; TOTAL,4.93,mg/L,0.0743,0,,
16018401002,2019-05-16T15:30:00,PH (-LOG H+ CONCN),8.48,NO DIMENSION/SCALE,0.0757,0,,
16018401002,2019-05-16T15:30:00,PH FIELD,8.53,NO DIMENSION/SCALE,0.076,0,,
16018401002,2019-05-16T15:30:00,"PHOSPHATE,FILTERED REACTIVE",0.0045,mg/L,0.0705,0,,
16018401002,2019-05-16T15:30:00,"PHOSPHORUS,UNFILTERED TOTAL",32.5,µg/L,0.2803,0,,
16018401002,2019-05-16T15:30:00,"RESIDUE,PARTICULATE",5.9,mg/L,0.1331,0,,
16018401002,2019-05-16T15:30:00,"SILICATES,UNFILTERED REACTIVE",0.42,mg/L,0.0799,0,,
16018401002,2019-05-16T15:30:00,STREAM CONDITION,8.0,NO DIMENSION/SCALE,0.0669,0,,
16018401002,2019-05-16T15:30:00,"TEMPERATURE, WATER",13.5,DEGREES CELSIUS,0.1124,0,,
16018401002,2019-06-10T15:25:00,"ALKALINITY, TOTAL",201.0,mg/L,0.1972,0,,
16018401002,2019-06-10T15:25:00,"ALUMINIUM, UNFILTERED TOTAL",7.26,µg/L,0.5238,0,,
16018401002,2019-06-10T15:25:00,"AMMONIUM, TOTAL   UNFIL.REAC",0.039,mg/L,0.0039,0,,
16018401002,2019-06-10T15:25:00,"BARIUM,  UNFILTERED TOTAL",30.6,µg/L,0.1451,0,,
16018401002,2019-06-10T15:25:00,"BERYLIUM,UNFILTERED TOTAL",-0.0421,µg/L,0.0821,0,,
16018401002,2019-06-10T15:25:00,"BISMUTH, UNFILTERED TOTAL",-4.72,µg/L,0.1103,0,,
16018401002,2019-06-10T15:25:00,"CADMIUM, UNFILTERED TOTAL",1.28,µg/L,0.0809,0,,
16018401002,2019-06-10T15:25:00,"CALCIUM, UNFILTERED TOTAL",68.7,mg/L,0.1832,0,,
16018401002,2019-06-10T15:25:00,"CARBON, DISSOLVED INORGANIC",47.9,mg/L,0.0806,0,,
16018401002,2019-06-10T15:25:00,"CARBON, DISSOLVED ORGANIC",5.7,mg/L,0.0133,0,,
16018401002,2019-06-10T15:25:00,"CHLORIDE,         UNFIL.REAC",110.0,mg/L,0.2529,0,,
16018401002,2019-06-10T15:25:00,"CHROMIUM, UNFILTERED TOTAL",0.491,µg/L,0.0784,0,,
16018401002,2019-06-10T15:25:00,"COBALT,   UNFILTERED TOTAL",0.502,µg/L,0.0775,0,,
16018401002,2019-06-10T15:25:00,"CONDUCTIVITY, 25C",815.0,MICRO SIEMENS PER CENTIMETER,0.551,0,,
16018401002,2019-06-10T15:25:00,"CONDUCTIVITY, AMBIENT",800.0,MICROMHOS/CM (CONDUCTIVITY),0.5537,0,,
16018401002,2019-06-10T15:25:00,"COPPER,   UNFILTERED TOTAL",2.34,µg/L,0.0815,0,,
16018401002,2019-06-10T15:25:00,DISSOLVED OXYGEN,10.04,mg/L,0.0572,0,,
16018401002,2019-06-10T15:25:00,"HARDNESS,   TOTAL",269.0,mg/L,0.2586,0,,
16018401002,2019-06-10T15:25:00,"IRON,     UNFILTERED TOTAL",68.3,µg/L,0.5389,0,,
16018401002,2019-06-10T15:25:00,"LEAD,     UNFILTERED TOTAL",-2.22,µg/L,0.1028,0,,
16018401002,2019-06-10T15:25:00,"LITHIUM,  UNFILTERED TOTAL",6.48,µg/L,0.1209,0,,
16018401002,2019-06-10T15:25:00,"MAGNESIUM,UNFILTERED TOTAL",23.6,mg/L,0.1417,0,,
16018401002,2019-06-10T15:25:00,"MANGANESE,UNFILTERED TOTAL",13.6,µg/L,0.1509,0,,
16018401002,2019-06-10T15:25:00,"MOLYBDENUM,UNFILTERED TOTAL",0.0333,µg/L,0.0878,0,,
16018401002,2019-06-10T15:25:00,"NICKEL,   UNFILTERED TOTAL",1.65,µg/L,0.087,0,,
16018401002,2019-06-10T15:25:00,"NITRATES TOTAL,   UNFIL.REAC",3.63,mg/L,0.0164,0,,
16018401002,2019-06-10T15:25:00,"NITRITE,  UNFILTERED REACTIVE",0.047,mg/L,0.0204,0,,
16018401002,2019-06-10T15:25:00,NITROGEN; TOTAL,3.77,mg/L,0.0225,0,,
16018401002,2019-06-10T15:25:00,PH (-LOG H+ CONCN),8.45,NO DIMENSION/SCALE,0.0137,0,,
16018401002,2019-06-10T15:25:00,PH FIELD,8.11,NO DIMENSION/SCALE,0.0262,0,,
16018401002,2019-06-10T15:25:00,"PHOSPHATE,FILTERED REACTIVE",0.008,mg/L,0.0046,0,,
16018401002,2019-06-10T15:25:00,"PHOSPHORUS,UNFILTERED TOTAL",28.1,µg/L,0.1117,0,,
16018401002,2019-06-10T15:25:00,"POTASSIUM,UNFILTERED TOTAL",3.13,mg/L,0.0761,0,,
16018401002,2019-06-10T15:25:00,"RESIDUE,PARTICULATE",3.5,mg/L,0.0524,0,,
16018401002,2019-06-10T15:25:00,"SILICATES,UNFILTERED REACTIVE",0.18,mg/L,0.0231,0,,
16018401002,2019-06-10T15:25:00,"SILVER,   UNFILTERED TOTAL",-0.357,µg/L,0.0812,0,,
16018401002,2019-06-10T15:25:00,"SODIUM,   UNFILTERED TOTAL",66.8,mg/L,0.2083,0,,
16018401002,2019-06-10T15:25:00,STREAM CONDITION,8.0,NO DIMENSION/SCALE,0.0074,0,,
16018401002,2019-06-10T15:25:00,"STRONTIUM, UNFILTERED TOTAL",321.0,µg/L,0.4835,0,,
16018401002,2019-06-10T15:25:00,"TEMPERATURE, WATER",20.6,DEGREES CELSIUS,0.0885,0,,
16018401002,2019-06-10T15:25:00,TIN       UNFILTERED TOTAL,-0.804,µg/L,0.1274,0,,
16018401002,2019-06-10T15:25:00,"TITANIUM,  UNFILTERED TOTAL",0.354,µg/L,0.0943,0,,
16018401002,2019-06-10T15:25:00,"URANIUM,   UNFILTERED TOTAL",2.49,µg/L,0.0954,0,,
16018401002,2019-06-10T15:25:00,"VANADIUM,  UNFILTERED TOTAL",0.245,µg/L,0.0865,0,,
16018401002,2019-06-10T15:25:00,"ZINC,  UNFILTERED TOTAL",11.0,µg/L,0.0911,0,,
16018401002,2019-06-10T15:25:00,"ZIRCONIUM,  UNFILTERED TOTAL",-0.106,µg/L,0.0835,0,,
16018401002,2019-07-15T15:40:00,"ALKALINITY, TOTAL",156.0,mg/L,0.3807,0,,
16018401002,2019-07-15T15:40:00,"ALUMINIUM, UNFILTERED TOTAL",24.4,µg/L,0.3514,0,,
16018401002,2019-07-15T15:40:00,"AMMONIUM, TOTAL   UNFIL.REAC",0.037,mg/L,0.0609,0,,
16018401002,2019-07-15T15:40:00,"BARIUM,  UNFILTERED TOTAL",29.4,µg/L,0.109,0,,
16018401002,2019-07-15T15:40:00,"BERYLIUM,UNFILTERED TOTAL",-0.0245,µg/L,0.0639,0,,
16018401002,2019-07-15T15:40:00,"BISMUTH, UNFILTERED TOTAL",-5.66,µg/L,0.1342,0,,
16018401002,2019-07-15T15:40:00,"CADMIUM, UNFILTERED TOTAL",0.968,µg/L,0.0851,0,,
16018401002,2019-07-15T15:40:00,"CALCIUM, UNFILTERED TOTAL",52.9,mg/L,0.2171,0,,
16018401002,2019-07-15T15:40:00,"CARBON, DISSOLVED INORGANIC",35.1,mg/L,0.2026,0,,
16018401002,2019-07-15T15:40:00,"CARBON, DISSOLVED ORGANIC",5.2,mg/L,0.0769,0,,
16018401002,2019-07-15T15:40:00,"CHLORIDE,         UNFIL.REAC",131.0,mg/L,0.287,0,,
16018401002,2019-07-15T15:40:00,"CHROMIUM, UNFILTERED TOTAL",0.418,µg/L,0.0693,0,,
16018401002,2019-07-15T15:40:00,"COBALT,   UNFILTERED TOTAL",0.722,µg/L,0.082,0,,
16018401002,2019-07-15T15:40:00,"CONDUCTIVITY, 25C",787.0,MICRO SIEMENS PER CENTIMETER,0.559,0,,
16018401002,2019-07-15T15:40:00,"CONDUCTIVITY, AMBIENT",803.0,MICROMHOS/CM (CONDUCTIVITY),0.5534,0,,
16018401002,2019-07-15T15:40:00,"COPPER,   UNFILTERED TOTAL",2.45,µg/L,0.0594,0,,
16018401002,2019-07-15T15:40:00,DISSOLVED OXYGEN,15.98,mg/L,0.1404,0,,
16018401002,2019-07-15T15:40:00,"HARDNESS,   TOTAL",232.0,mg/L,0.3986,0,,
16018401002,2019-07-15T15:40:00,"IRON,     UNFILTERED TOTAL",82.7,µg/L,0.3867,0,,
16018401002,2019-07-15T15:40:00,"LEAD,     UNFILTERED TOTAL",-3.12,µg/L,0.0906,0,,
16018401002,2019-07-15T15:40:00,"LITHIUM,  UNFILTERED TOTAL",6.32,µg/L,0.081,0,,
16018401002,2019-07-15T15:40:00,"MAGNESIUM,UNFILTERED TOTAL",24.2,mg/L,0.1078,0,,
16018401002,2019-07-15T15:40:00,"MANGANESE,UNFILTERED TOTAL",17.4,µg/L,0.1197,0,,
16018401002,2019-07-15T15:40:00,"MOLYBDENUM,UNFILTERED TOTAL",1.17,µg/L,0.1006,0,,
16018401002,2019-07-15T15:40:00,"NICKEL,   UNFILTERED TOTAL",0.738,µg/L,0.0679,0,,
16018401002,2019-07-15T15:40:00,"NITRATES TOTAL,   UNFIL.REAC",3.13,mg/L,0.0971,0,,
16018401002,2019-07-15T15:40:00,"NITRITE,  UNFILTERED REACTIVE",0.02,mg/L,0.0971,0,,
16018401002,2019-07-15T15:40:00,NITROGEN; TOTAL,4.14,mg/L,0.0648,0,,
16018401002,2019-07-15T15:40:00,PH (-LOG H+ CONCN),8.85,NO DIMENSION/SCALE,0.1043,0,,
16018401002,2019-07-15T15:40:00,"PHOSPHATE,FILTERED REACTIVE",0.0068,mg/L,0.0645,0,,
16018401002,2019-07-15T15:40:00,"PHOSPHORUS,UNFILTERED TOTAL",33.4,µg/L,0.1717,0,,
16018401002,2019-07-15T15:40:00,"POTASSIUM,UNFILTERED TOTAL",3.77,mg/L,0.0813,0,,
16018401002,2019-07-15T15:40:00,"RESIDUE,PARTICULATE",8.3,mg/L,0.1163,0,,
16018401002,2019-07-15T15:40:00,"SILICATES,UNFILTERED REACTIVE",2.02,mg/L,0.1022,0,,
16018401002,2019-07-15T15:40:00,"SILVER,   UNFILTERED TOTAL",2.66,µg/L,0.1251,0,,
16018401002,2019-07-15T15:40:00,"SODIUM,   UNFILTERED TOTAL",77.9,mg/L,0.203,0,,
16018401002,2019-07-15T15:40:00,STREAM CONDITION,8.0,NO DIMENSION/SCALE,0.0664,0,,
16018401002,2019-07-15T15:40:00,"STRONTIUM, UNFILTERED TOTAL",349.0,µg/L,0.4412,0,,
16018401002,2019-07-15T15:40:00,"TEMPERATURE, WATER",27.7,DEGREES CELSIUS,0.172,0,,
16018401002,2019-07-15T15:40:00,TIN       UNFILTERED TOTAL,2.17,µg/L,0.143,0,,
16018401002,2019-07-15T15:40:00,"TITANIUM,  UNFILTERED TOTAL",0.519,µg/L,0.0702,0,,
16018401002,2019-07-15T15:40:00,"URANIUM,   UNFILTERED TOTAL",3.59,µg/L,0.0855,0,,
16018401002,2019-07-15T15:40:00,"VANADIUM,  UNFILTERED TOTAL",0.641,µg/L,0.0795,0,,
16018401002,2019-07-15T15:40:00,"ZINC,  UNFILTERED TOTAL",12.5,µg/L,0.0983,0,,
16018401002,2019-07-15T15:40:00,"ZIRCONIUM,  UNFILTERED TOTAL",-0.125,µg/L,0.0722,0,,
16018401002,2019-08-14T15:45:00,"ALKALINITY, TOTAL",161.0,mg/L,0.2019,0,,
16018401002,2019-08-14T15:45:00,"ALUMINIUM, UNFILTERED TOTAL",22.3,µg/L,0.272,0,,
16018401002,2019-08-14T15:45:00,"AMMONIUM, TOTAL   UNFIL.REAC",0.037,mg/L,0.0052,0,,
16018401002,2019-08-14T15:45:00,"BARIUM,  UNFILTERED TOTAL",32.6,µg/L,0.0689,0,,
16018401002,2019-08-14T15:45:00,"BERYLIUM,UNFILTERED TOTAL",-0.0641,µg/L,0.0324,0,,
16018401002,2019-08-14T15:45:00,"BISMUTH, UNFILTERED TOTAL",-5.01,µg/L,0.0478,0,,
16018401002,2019-08-14T15:45:00,"CADMIUM, UNFILTERED TOTAL",0.534,µg/L,0.0354,0,,
16018401002,2019-08-14T15:45:00,"CALCIUM, UNFILTERED TOTAL",51.6,mg/L,0.0966,0,,
16018401002,2019-08-14T15:45:00,"CARBON, DISSOLVED INORGANIC",37.1,mg/L,0.0806,0,,
16018401002,2019-08-14T15:45:00,"CARBON, DISSOLVED ORGANIC",4.8,mg/L,0.0383,0,,
16018401002,2019-08-14T15:45:00,"CHLORIDE,         UNFIL.REAC",116.0,mg/L,0.182,0,,
16018401002,2019-08-14T15:45:00,"CHROMIUM, UNFILTERED TOTAL",0.0928,µg/L,0.0292,0,,
16018401002,2019-08-14T15:45:00,"COBALT,   UNFILTERED TOTAL",0.825,µg/L,0.0268,0,,
16018401002,2019-08-14T15:45:00,"CONDUCTIVITY, 25C",774.0,MICRO SIEMENS PER CENTIMETER,0.4831,0,,
16018401002,2019-08-14T15:45:00,"CONDUCTIVITY, AMBIENT",768.0,MICROMHOS/CM (CONDUCTIVITY),0.4893,0,,
16018401002,2019-08-14T15:45:00,"COPPER,   UNFILTERED TOTAL",2.02,µg/L,0.023,0,,
16018401002,2019-08-14T15:45:00,DISSOLVED OXYGEN,12.79,mg/L,0.0545,0,,
16018401002,2019-08-14T15:45:00,"HARDNESS,   TOTAL",229.0,mg/L,0.2563,0,,
16018401002,2019-08-14T15:45:00,"IRON,     UNFILTERED TOTAL",70.3,µg/L,0.3039,0,,
16018401002,2019-08-14T15:45:00,"LEAD,     UNFILTERED TOTAL",-3.85,µg/L,0.0534,0,,
16018401002,2019-08-14T15:45:00,"LITHIUM,  UNFILTERED TOTAL",5.4,µg/L,0.0252,0,,
16018401002,2019-08-14T15:45:00,"MAGNESIUM,UNFILTERED TOTAL",24.2,mg/L,0.0526,0,,
16018401002,2019-08-14T15:45:00,"MANGANESE,UNFILTERED TOTAL",11.8,µg/L,0.0761,0,,
16018401002,2019-08-14T15:45:00,"MOLYBDENUM,UNFILTERED TOTAL",0.85,µg/L,0.0253,0,,
16018401002,2019-08-14T15:45:00,"NICKEL,   UNFILTERED TOTAL",1.04,µg/L,0.0107,0,,
16018401002,2019-08-14T15:45:00,"NITRATES TOTAL,   UNFIL.REAC",3.3,mg/L,0.017,0,,
16018401002,2019-08-14T15:45:00,"NITRITE,  UNFILTERED REACTIVE",0.02,mg/L,0.0171,0,,
16018401002,2019-08-14T15:45:00,NITROGEN; TOTAL,3.88,mg/L,0.0133,0,,
16018401002,2019-08-14T15:45:00,PH (-LOG H+ CONCN),8.81,NO DIMENSION/SCALE,0.031,0,,
16018401002,2019-08-14T15:45:00,PH FIELD,9.28,NO DIMENSION/SCALE,0.1141,0,,
16018401002,2019-08-14T15:45:00,"PHOSPHATE,FILTERED REACTIVE",0.0056,mg/L,0.0118,0,,
16018401002,2019-08-14T15:45:00,"PHOSPHORUS,UNFILTERED TOTAL",34.1,µg/L,0.0799,0,,
16018401002,2019-08-14T15:45:00,"POTASSIUM,UNFILTERED TOTAL",3.84,mg/L,0.0196,0,,
16018401002,2019-08-14T15:45:00,"RESIDUE,PARTICULATE",4.0,mg/L,0.0581,0,,
16018401002,2019-08-14T15:45:00,"SILICATES,UNFILTERED REACTIVE",1.38,mg/L,0.0161,0,,
16018401002,2019-08-14T15:45:00,"SILVER,   UNFILTERED TOTAL",-0.257,µg/L,0.0452,0,,
16018401002,2019-08-14T15:45:00,"SODIUM,   UNFILTERED TOTAL",70.0,mg/L,0.1181,0,,
16018401002,2019-08-14T15:45:00,STREAM CONDITION,7.0,NO DIMENSION/SCALE,0.0782,0,,
16018401002,2019-08-14T15:45:00,"STRONTIUM, UNFILTERED TOTAL",345.0,µg/L,0.3486,0,,
16018401002,2019-08-14T15:45:00,"TEMPERATURE, WATER",25.7,DEGREES CELSIUS,0.0871,0,,
16018401002,2019-08-14T15:45:00,TIN       UNFILTERED TOTAL,1.44,µg/L,0.0466,0,,
16018401002,2019-08-14T15:45:00,"TITANIUM,  UNFILTERED TOTAL",0.118,µg/L,0.0252,0,,
16018401002,2019-08-14T15:45:00,"URANIUM,   UNFILTERED TOTAL",1.39,µg/L,0.0323,0,,
16018401002,2019-08-14T15:45:00,"VANADIUM,  UNFILTERED TOTAL",0.602,µg/L,0.0131,0,,
16018401002,2019-08-14T15:45:00,"ZINC,  UNFILTERED TOTAL",8.65,µg/L,0.0619,0,,
16018401002,2019-08-14T15:45:00,"ZIRCONIUM,  UNFILTERED TOTAL",-0.102,µg/L,0.0126,0,,
16018401002,2019-09-11T15:40:00,"ALKALINITY, TOTAL",153.0,mg/L,0.2052,0,,
16018401002,2019-09-11T15:40:00,"ALUMINIUM, UNFILTERED TOTAL",21.8,µg/L,0.2491,0,,
16018401002,2019-09-11T15:40:00,"AMMONIUM, TOTAL   UNFIL.REAC",0.033,mg/L,0.0047,0,,
16018401002,2019-09-11T15:40:00,"BARIUM,  UNFILTERED TOTAL",28.8,µg/L,0.0645,0,,
16018401002,2019-09-11T15:40:00,"BERYLIUM,UNFILTERED TOTAL",-0.0658,µg/L,0.019,0,,
16018401002,2019-09-11T15:40:00,"BISMUTH, UNFILTERED TOTAL",-4.63,µg/L,0.0559,0,,
16018401002,2019-09-11T15:40:00,"CADMIUM, UNFILTERED TOTAL",1.19,µg/L,0.0077,0,,
16018401002,2019-09-11T15:40:00,"CALCIUM, UNFILTERED TOTAL",51.0,mg/L,0.0904,0,,
16018401002,2019-09-11T15:40:00,"CARBON, DISSOLVED INORGANIC",35.4,mg/L,0.0804,0,,
16018401002,2019-09-11T15:40:00,"CARBON, DISSOLVED ORGANIC",4.6,mg/L,0.0331,0,,
16018401002,2019-09-11T15:40:00,"CHLORIDE,         UNFIL.REAC",118.0,mg/L,0.1559,0,,
16018401002,2019-09-11T15:40:00,"CHROMIUM, UNFILTERED TOTAL",0.754,µg/L,0.0382,0,,
16018401002,2019-09-11T15:40:00,"COBALT,   UNFILTERED TOTAL",0.811,µg/L,0.0188,0,,
16018401002,2019-09-11T15:40:00,"CONDUCTIVITY, 25C",771.0,MICRO SIEMENS PER CENTIMETER,0.4819,0,,
16018401002,2019-09-11T15:40:00,"CONDUCTIVITY, AMBIENT",777.0,MICROMHOS/CM (CONDUCTIVITY),0.4811,0,,
16018401002,2019-09-11T15:40:00,"COPPER,   UNFILTERED TOTAL",2.31,µg/L,0.0011,0,,
16018401002,2019-09-11T15:40:00,DISSOLVED OXYGEN,14.32,mg/L,0.0452,0,,
16018401002,2019-09-11T15:40:00,"HARDNESS,   TOTAL",230.0,mg/L,0.2506,0,,
16018401002,2019-09-11T15:40:00,"IRON,     UNFILTERED TOTAL",70.9,µg/L,0.2661,0,,
16018401002,2019-09-11T15:40:00,"LEAD,     UNFILTERED TOTAL",-5.41,µg/L,0.0824,0,,
16018401002,2019-09-11T15:40:00,"LITHIUM,  UNFILTERED TOTAL",6.25,µg/L,0.0224,0,,
16018401002,2019-09-11T15:40:00,"MAGNESIUM,UNFILTERED TOTAL",24.9,mg/L,0.0538,0,,
16018401002,2019-09-11T15:40:00,"MANGANESE,UNFILTERED TOTAL",9.03,µg/L,0.0806,0,,
16018401002,2019-09-11T15:40:00,"MOLYBDENUM,UNFILTERED TOTAL",-0.0571,µg/L,0.0202,0,,
16018401002,2019-09-11T15:40:00,"NICKEL,   UNFILTERED TOTAL",0.819,µg/L,0.0071,0,,
16018401002,2019-09-11T15:40:00,"NITRATES TOTAL,   UNFIL.REAC",4.14,mg/L,0.0283,0,,
16018401002,2019-09-11T15:40:00,"NITRITE,  UNFILTERED REACTIVE",0.017,mg/L,0.0146,0,,
16018401002,2019-09-11T15:40:00,NITROGEN; TOTAL,4.83,mg/L,0.032,0,,
16018401002,2019-09-11T15:40:00,PH (-LOG H+ CONCN),8.88,NO DIMENSION/SCALE,0.0263,0,,
16018401002,2019-09-11T15:40:00,PH FIELD,8.56,NO DIMENSION/SCALE,0.013,0,,
16018401002,2019-09-11T15:40:00,"PHOSPHATE,FILTERED REACTIVE",0.006,mg/L,0.0063,0,,
16018401002,2019-09-11T15:40:00,"PHOSPHORUS,UNFILTERED TOTAL",30.8,µg/L,0.095,0,,
16018401002,2019-09-11T15:40:00,"POTASSIUM,UNFILTERED TOTAL",4.16,mg/L,0.0231,0,,
16018401002,2019-09-11T15:40:00,"RESIDUE,PARTICULATE",3.8,mg/L,0.0341,0,,
16018401002,2019-09-11T15:40:00,"SILICATES,UNFILTERED REACTIVE",0.68,mg/L,0.0129,0,,
16018401002,2019-09-11T15:40:00,"SILVER,   UNFILTERED TOTAL",-0.729,µg/L,0.0293,0,,
16018401002,2019-09-11T15:40:00,"SODIUM,   UNFILTERED TOTAL",74.6,mg/L,0.1052,0,,
16018401002,2019-09-11T15:40:00,STREAM CONDITION,8.0,NO DIMENSION/SCALE,0.0207,0,,
16018401002,2019-09-11T15:40:00,"STRONTIUM, UNFILTERED TOTAL",391.0,µg/L,0.3973,0,,
16018401002,2019-09-11T15:40:00,"TEMPERATURE, WATER",23.6,DEGREES CELSIUS,0.0748,0,,
16018401002,2019-09-11T15:40:00,TIN       UNFILTERED TOTAL,2.23,µg/L,0.0443,0,,
16018401002,2019-09-11T15:40:00,"TITANIUM,  UNFILTERED TOTAL",0.569,µg/L,0.0096,0,,
16018401002,2019-09-11T15:40:00,"URANIUM,   UNFILTERED TOTAL",3.28,µg/L,0.0303,0,,
16018401002,2019-09-11T15:40:00,"VANADIUM,  UNFILTERED TOTAL",0.653,µg/L,0.0133,0,,
16018401002,2019-09-11T15:40:00,"ZINC,  UNFILTERED TOTAL",5.96,µg/L,0.0597,0,,
16018401002,2019-09-11T15:40:00,"ZIRCONIUM,  UNFILTERED TOTAL",-0.0956,µg/L,0.0076,0,,
16018401002,2019-10-09T15:38:00,"ALKALINITY, TOTAL",182.0,mg/L,0.2371,0,,
16018401002,2019-10-09T15:38:00,"ALUMINIUM, UNFILTERED TOTAL",23.9,µg/L,0.2384,0,,
16018401002,2019-10-09T15:38:00,"AMMONIUM, TOTAL   UNFIL.REAC",0.041,mg/L,0.0032,0,,
16018401002,2019-10-09T15:38:00,"BARIUM,  UNFILTERED TOTAL",35.4,µg/L,0.099,0,,
16018401002,2019-10-09T15:38:00,"BERYLIUM,UNFILTERED TOTAL",-0.0646,µg/L,0.0171,0,,
16018401002,2019-10-09T15:38:00,"BISMUTH, UNFILTERED TOTAL",-5.19,µg/L,0.047,0,,
16018401002,2019-10-09T15:38:00,"CADMIUM, UNFILTERED TOTAL",1.24,µg/L,0.0056,0,,
16018401002,2019-10-09T15:38:00,"CALCIUM, UNFILTERED TOTAL",62.8,mg/L,0.1138,0,,
16018401002,2019-10-09T15:38:00,"CARBON, DISSOLVED INORGANIC",41.0,mg/L,0.0723,0,,
16018401002,2019-10-09T15:38:00,"CARBON, DISSOLVED ORGANIC",4.6,mg/L,0.0223,0,,
16018401002,2019-10-09T15:38:00,"CHLORIDE,         UNFIL.REAC",118.0,mg/L,0.1576,0,,
16018401002,2019-10-09T15:38:00,"CHROMIUM, UNFILTERED TOTAL",0.82,µg/L,0.0269,0,,
16018401002,2019-10-09T15:38:00,"COBALT,   UNFILTERED TOTAL",0.737,µg/L,0.0097,0,,
16018401002,2019-10-09T15:38:00,"CONDUCTIVITY, 25C",818.0,MICRO SIEMENS PER CENTIMETER,0.4961,0,,
16018401002,2019-10-09T15:38:00,"CONDUCTIVITY, AMBIENT",817.0,MICROMHOS/CM (CONDUCTIVITY),0.4964,0,,
16018401002,2019-10-09T15:38:00,"COPPER,   UNFILTERED TOTAL",2.53,µg/L,0.0052,0,,
16018401002,2019-10-09T15:38:00,DISSOLVED OXYGEN,14.88,mg/L,0.0459,0,,
16018401002,2019-10-09T15:38:00,"HARDNESS,   TOTAL",259.0,mg/L,0.2818,0,,
16018401002,2019-10-09T15:38:00,"IRON,     UNFILTERED TOTAL",73.9,µg/L,0.2513,0,,
16018401002,2019-10-09T15:38:00,"LEAD,     UNFILTERED TOTAL",-5.08,µg/L,0.0481,0,,
16018401002,2019-10-09T15:38:00,"LITHIUM,  UNFILTERED TOTAL",5.3,µg/L,0.0186,0,,
16018401002,2019-10-09T15:38:00,"MAGNESIUM,UNFILTERED TOTAL",24.9,mg/L,0.0496,0,,
16018401002,2019-10-09T15:38:00,"MANGANESE,UNFILTERED TOTAL",9.47,µg/L,0.0564,0,,
16018401002,2019-10-09T15:38:00,"MOLYBDENUM,UNFILTERED TOTAL",0.615,µg/L,0.0166,0,,
16018401002,2019-10-09T15:38:00,"NICKEL,   UNFILTERED TOTAL",0.588,µg/L,0.0143,0,,
16018401002,2019-10-09T15:38:00,"NITRATES TOTAL,   UNFIL.REAC",4.06,mg/L,0.0167,0,,
16018401002,2019-10-09T15:38:00,"NITRITE,  UNFILTERED REACTIVE",0.012,mg/L,0.0226,0,,
16018401002,2019-10-09T15:38:00,NITROGEN; TOTAL,4.98,mg/L,0.0266,0,,
16018401002,2019-10-09T15:38:00,PH (-LOG H+ CONCN),8.68,NO DIMENSION/SCALE,0.0182,0,,
16018401002,2019-10-09T15:38:00,PH FIELD,8.93,NO DIMENSION/SCALE,0.0206,0,,
16018401002,2019-10-09T15:38:00,"PHOSPHATE,FILTERED REACTIVE",0.0122,mg/L,0.0098,0,,
16018401002,2019-10-09T15:38:00,"PHOSPHORUS,UNFILTERED TOTAL",30.8,µg/L,0.0824,0,,
16018401002,2019-10-09T15:38:00,"POTASSIUM,UNFILTERED TOTAL",4.35,mg/L,0.0231,0,,
16018401002,2019-10-09T15:38:00,"RESIDUE,PARTICULATE",4.5,mg/L,0.0283,0,,
16018401002,2019-10-09T15:38:00,"SILICATES,UNFILTERED REACTIVE",1.08,mg/L,0.0095,0,,
16018401002,2019-10-09T15:38:00,"SILVER,   UNFILTERED TOTAL",1.18,µg/L,0.0348,0,,
16018401002,2019-10-09T15:38:00,"SODIUM,   UNFILTERED TOTAL",71.8,mg/L,0.0993,0,,
16018401002,2019-10-09T15:38:00,STREAM CONDITION,8.0,NO DIMENSION/SCALE,0.0134,0,,
16018401002,2019-10-09T15:38:00,"STRONTIUM, UNFILTERED TOTAL",397.0,µg/L,0.3823,0,,
16018401002,2019-10-09T15:38:00,"TEMPERATURE, WATER",16.9,DEGREES CELSIUS,0.0829,0,,
16018401002,2019-10-09T15:38:00,TIN       UNFILTERED TOTAL,3.61,µg/L,0.0525,0,,
16018401002,2019-10-09T15:38:00,"TITANIUM,  UNFILTERED TOTAL",0.557,µg/L,0.0064,0,,
16018401002,2019-10-09T15:38:00,"URANIUM,   UNFILTERED TOTAL",4.32,µg/L,0.0319,0,,
16018401002,2019-10-09T15:38:00,"VANADIUM,  UNFILTERED TOTAL",0.556,µg/L,0.0072,0,,
16018401002,2019-10-09T15:38:00,"ZINC,  UNFILTERED TOTAL",6.11,µg/L,0.0385,0,,
16018401002,2019-10-09T15:38:00,"ZIRCONIUM,  UNFILTERED TOTAL",-0.0854,µg/L,0.0074,0,,
16018401002,2019-11-06T15:30:00,"ALKALINITY, TOTAL",227.0,mg/L,0.304,0,,
16018401002,2019-11-06T15:30:00,"ALUMINIUM, UNFILTERED TOTAL",56.7,µg/L,0.2817,0,,
16018401002,2019-11-06T15:30:00,"AMMONIUM, TOTAL   UNFIL.REAC",0.027,mg/L,0.0138,0,,
16018401002,2019-11-06T15:30:00,"BARIUM,  UNFILTERED TOTAL",34.4,µg/L,0.0693,0,,
16018401002,2019-11-06T15:30:00,"BERYLIUM,UNFILTERED TOTAL",-0.0457,µg/L,0.0084,0,,
16018401002,2019-11-06T15:30:00,"BISMUTH, UNFILTERED TOTAL",-5.8,µg/L,0.0747,0,,
16018401002,2019-11-06T15:30:00,"CADMIUM, UNFILTERED TOTAL",0.382,µg/L,0.0359,0,,
16018401002,2019-11-06T15:30:00,"CALCIUM, UNFILTERED TOTAL",83.9,mg/L,0.2003,0,,
16018401002,2019-11-06T15:30:00,"CARBON, DISSOLVED INORGANIC",54.3,mg/L,0.1328,0,,
16018401002,2019-11-06T15:30:00,"CARBON, DISSOLVED ORGANIC",6.5,mg/L,0.0647,0,,
16018401002,2019-11-06T15:30:00,"CHLORIDE,         UNFIL.REAC",94.6,mg/L,0.1816,0,,
16018401002,2019-11-06T15:30:00,"CHROMIUM, UNFILTERED TOTAL",0.406,µg/L,0.0088,0,,
16018401002,2019-11-06T15:30:00,"COBALT,   UNFILTERED TOTAL",0.0329,µg/L,0.0691,0,,
16018401002,2019-11-06T15:30:00,"CONDUCTIVITY, 25C",815.0,MICRO SIEMENS PER CENTIMETER,0.4994,0,,
16018401002,2019-11-06T15:30:00,"CONDUCTIVITY, AMBIENT",830.0,MICROMHOS/CM (CONDUCTIVITY),0.5004,0,,
16018401002,2019-11-06T15:30:00,"COPPER,   UNFILTERED TOTAL",9.02,µg/L,0.103,0,,
16018401002,2019-11-06T15:30:00,DISSOLVED OXYGEN,13.53,mg/L,0.0438,0,,
16018401002,2019-11-06T15:30:00,"HARDNESS,   TOTAL",303.0,mg/L,0.3654,0,,
16018401002,2019-11-06T15:30:00,"IRON,     UNFILTERED TOTAL",136.0,µg/L,0.3245,0,,
16018401002,2019-11-06T15:30:00,"LEAD,     UNFILTERED TOTAL",-5.34,µg/L,0.0515,0,,
16018401002,2019-11-06T15:30:00,"LITHIUM,  UNFILTERED TOTAL",5.59,µg/L,0.0146,0,,
16018401002,2019-11-06T15:30:00,"MAGNESIUM,UNFILTERED TOTAL",22.8,mg/L,0.0533,0,,
16018401002,2019-11-06T15:30:00,"MANGANESE,UNFILTERED TOTAL",14.4,µg/L,0.0588,0,,
16018401002,2019-11-06T15:30:00,"MOLYBDENUM,UNFILTERED TOTAL",-0.0626,µg/L,0.019,0,,
16018401002,2019-11-06T15:30:00,"NICKEL,   UNFILTERED TOTAL",0.392,µg/L,0.0207,0,,
16018401002,2019-11-06T15:30:00,"NITRATES TOTAL,   UNFIL.REAC",5.62,mg/L,0.0699,0,,
16018401002,2019-11-06T15:30:00,"NITRITE,  UNFILTERED REACTIVE",0.029,mg/L,0.0073,0,,
16018401002,2019-11-06T15:30:00,NITROGEN; TOTAL,6.79,mg/L,0.0652,0,,
16018401002,2019-11-06T15:30:00,PH (-LOG H+ CONCN),8.42,NO DIMENSION/SCALE,0.0247,0,,
16018401002,2019-11-06T15:30:00,PH FIELD,8.62,NO DIMENSION/SCALE,0.0119,0,,
16018401002,2019-11-06T15:30:00,"PHOSPHATE,FILTERED REACTIVE",0.0213,mg/L,0.0334,0,,
16018401002,2019-11-06T15:30:00,"PHOSPHORUS,UNFILTERED TOTAL",48.3,µg/L,0.1345,0,,
16018401002,2019-11-06T15:30:00,"POTASSIUM,UNFILTERED TOTAL",3.94,mg/L,0.012,0,,
16018401002,2019-11-06T15:30:00,"RESIDUE,PARTICULATE",4.4,mg/L,0.0239,0,,
16018401002,2019-11-06T15:30:00,"SILICATES,UNFILTERED REACTIVE",2.86,mg/L,0.0618,0,,
16018401002,2019-11-06T15:30:00,"SILVER,   UNFILTERED TOTAL",0.298,µg/L,0.0161,0,,
16018401002,2019-11-06T15:30:00,"SODIUM,   UNFILTERED TOTAL",53.8,mg/L,0.1486,0,,
16018401002,2019-11-06T15:30:00,STREAM CONDITION,8.0,NO DIMENSION/SCALE,0.0134,0,,
16018401002,2019-11-06T15:30:00,"STRONTIUM, UNFILTERED TOTAL",327.0,µg/L,0.4116,0,,
16018401002,2019-11-06T15:30:00,"TEMPERATURE, WATER",5.6,DEGREES CELSIUS,0.1269,0,,
16018401002,2019-11-06T15:30:00,TIN       UNFILTERED TOTAL,-4.14,µg/L,0.095,0,,
16018401002,2019-11-06T15:30:00,"TITANIUM,  UNFILTERED TOTAL",1.65,µg/L,0.0352,0,,
16018401002,2019-11-06T15:30:00,"URANIUM,   UNFILTERED TOTAL",4.47,µg/L,0.0268,0,,
16018401002,2019-11-06T15:30:00,"VANADIUM,  UNFILTERED TOTAL",0.646,µg/L,0.0111,0,,
16018401002,2019-11-06T15:30:00,"ZINC,  UNFILTERED TOTAL",11.8,µg/L,0.0572,0,,
16018401002,2019-11-06T15:30:00,"ZIRCONIUM,  UNFILTERED TOTAL",-0.0141,µg/L,0.0323,0,,
16018401002,2020-01-13T15:40:00,"ALKALINITY, TOTAL",142.0,mg/L,0.423,0,,
16018401002,2020-01-13T15:40:00,"ALUMINIUM, UNFILTERED TOTAL",803.0,µg/L,0.7965,1,"delta, rolling_std_30, rolling_std_14","5.01, 3.49, 3.42"
16018401002,2020-01-13T15:40:00,"AMMONIUM, TOTAL   UNFIL.REAC",0.11,mg/L,0.1292,0,,
16018401002,2020-01-13T15:40:00,"BARIUM,  UNFILTERED TOTAL",26.4,µg/L,0.1737,0,,
16018401002,2020-01-13T15:40:00,"BERYLIUM,UNFILTERED TOTAL",0.0228,µg/L,0.1066,0,,
16018401002,2020-01-13T15:40:00,"BISMUTH, UNFILTERED TOTAL",-5.72,µg/L,0.1304,0,,
16018401002,2020-01-13T15:40:00,"CADMIUM, UNFILTERED TOTAL",0.488,µg/L,0.0997,0,,
16018401002,2020-01-13T15:40:00,"CALCIUM, UNFILTERED TOTAL",55.9,mg/L,0.2415,0,,
16018401002,2020-01-13T15:40:00,"CARBON, DISSOLVED INORGANIC",33.8,mg/L,0.2167,0,,
16018401002,2020-01-13T15:40:00,"CARBON, DISSOLVED ORGANIC",5.3,mg/L,0.0773,0,,
16018401002,2020-01-13T15:40:00,"CHLORIDE,         UNFIL.REAC",32.7,mg/L,0.3845,0,,
16018401002,2020-01-13T15:40:00,"CHROMIUM, UNFILTERED TOTAL",1.49,µg/L,0.1238,0,,
16018401002,2020-01-13T15:40:00,"COBALT,   UNFILTERED TOTAL",-0.00166,µg/L,0.1089,0,,
16018401002,2020-01-13T15:40:00,"CONDUCTIVITY, 25C",437.0,MICRO SIEMENS PER CENTIMETER,0.699,1,"rolling_mean_7, rolling_mean_30, rolling_mean_14","3.27, 3.23, 3.22"
16018401002,2020-01-13T15:40:00,"CONDUCTIVITY, AMBIENT",458.0,MICROMHOS/CM (CONDUCTIVITY),0.7014,1,"rolling_mean_7, rolling_mean_30, rolling_mean_14","3.30, 3.25, 3.25"
16018401002,2020-01-13T15:40:00,"COPPER,   UNFILTERED TOTAL",4.82,µg/L,0.1033,0,,
16018401002,2020-01-13T15:40:00,DISSOLVED OXYGEN,13.8,mg/L,0.0891,0,,
16018401002,2020-01-13T15:40:00,"HARDNESS,   TOTAL",197.0,mg/L,0.4769,0,,
16018401002,2020-01-13T15:40:00,"IRON,     UNFILTERED TOTAL",789.0,µg/L,0.7861,1,"delta, rolling_std_30, rolling_std_14","4.38, 3.15, 3.09"
16018401002,2020-01-13T15:40:00,"LEAD,     UNFILTERED TOTAL",-4.48,µg/L,0.1003,0,,
16018401002,2020-01-13T15:40:00,"LITHIUM,  UNFILTERED TOTAL",9.99,µg/L,0.1307,0,,
16018401002,2020-01-13T15:40:00,"MAGNESIUM,UNFILTERED TOTAL",13.9,mg/L,0.2175,0,,
16018401002,2020-01-13T15:40:00,"MANGANESE,UNFILTERED TOTAL",59.8,µg/L,0.3233,0,,
16018401002,2020-01-13T15:40:00,"MOLYBDENUM,UNFILTERED TOTAL",-1.07,µg/L,0.1193,0,,
16018401002,2020-01-13T15:40:00,"NICKEL,   UNFILTERED TOTAL",1.22,µg/L,0.0845,0,,
16018401002,2020-01-13T15:40:00,"NITRATES TOTAL,   UNFIL.REAC",4.78,mg/L,0.0887,0,,
16018401002,2020-01-13T15:40:00,"NITRITE,  UNFILTERED REACTIVE",0.03,mg/L,0.0712,0,,
16018401002,2020-01-13T15:40:00,NITROGEN; TOTAL,6.12,mg/L,0.0959,0,,
16018401002,2020-01-13T15:40:00,PH (-LOG H+ CONCN),8.21,NO DIMENSION/SCALE,0.1157,0,,
16018401002,2020-01-13T15:40:00,PH FIELD,7.85,NO DIMENSION/SCALE,0.1184,0,,
16018401002,2020-01-13T15:40:00,"PHOSPHATE,FILTERED REACTIVE",0.121,mg/L,0.1536,0,,
16018401002,2020-01-13T15:40:00,"PHOSPHORUS,UNFILTERED TOTAL",233.0,µg/L,0.5334,0,,
16018401002,2020-01-13T15:40:00,"POTASSIUM,UNFILTERED TOTAL",3.54,mg/L,0.0735,0,,
16018401002,2020-01-13T15:40:00,"RESIDUE,PARTICULATE",57.3,mg/L,0.3428,0,,
16018401002,2020-01-13T15:40:00,"SILICATES,UNFILTERED REACTIVE",2.18,mg/L,0.0913,0,,
16018401002,2020-01-13T15:40:00,"SILVER,   UNFILTERED TOTAL",-0.469,µg/L,0.0957,0,,
16018401002,2020-01-13T15:40:00,"SODIUM,   UNFILTERED TOTAL",18.7,mg/L,0.3226,0,,
16018401002,2020-01-13T15:40:00,STREAM CONDITION,3.0,NO DIMENSION/SCALE,0.1899,0,,
16018401002,2020-01-13T15:40:00,"STRONTIUM, UNFILTERED TOTAL",126.0,µg/L,0.5825,0,,
16018401002,2020-01-13T15:40:00,"TEMPERATURE, WATER",1.7,DEGREES CELSIUS,0.1982,0,,
16018401002,2020-01-13T15:40:00,TIN       UNFILTERED TOTAL,-4.22,µg/L,0.1294,0,,
16018401002,2020-01-13T15:40:00,"TITANIUM,  UNFILTERED TOTAL",14.3,µg/L,0.2205,0,,
16018401002,2020-01-13T15:40:00,"TURBIDITY, FIELD",80.1,FORMAZIN NEPHELOMETRIC UNIT,0.1315,0,,
16018401002,2020-01-13T15:40:00,"URANIUM,   UNFILTERED TOTAL",5.07,µg/L,0.0944,0,,
16018401002,2020-01-13T15:40:00,"VANADIUM,  UNFILTERED TOTAL",1.53,µg/L,0.1402,0,,
16018401002,2020-01-13T15:40:00,"ZINC,  UNFILTERED TOTAL",25.7,µg/L,0.226,0,,
16018401002,2020-01-13T15:40:00,"ZIRCONIUM,  UNFILTERED TOTAL",0.368,µg/L,0.1432,0,,
16018401002,2020-03-11T16:25:00,"ALKALINITY, TOTAL",143.0,mg/L,0.3279,0,,
16018401002,2020-03-11T16:25:00,"ALUMINIUM, UNFILTERED TOTAL",555.0,µg/L,0.7179,1,"rolling_std_30, rolling_std_14, rolling_std_7","3.73, 3.66, 3.52"
16018401002,2020-03-11T16:25:00,"AMMONIUM, TOTAL   UNFIL.REAC",0.155,mg/L,0.1225,0,,
16018401002,2020-03-11T16:25:00,"BARIUM,  UNFILTERED TOTAL",23.6,µg/L,0.1655,0,,
16018401002,2020-03-11T16:25:00,"BERYLIUM,UNFILTERED TOTAL",0.119,µg/L,0.123,0,,
16018401002,2020-03-11T16:25:00,"BISMUTH, UNFILTERED TOTAL",-5.13,µg/L,0.1046,0,,
16018401002,2020-03-11T16:25:00,"CADMIUM, UNFILTERED TOTAL",1.51,µg/L,0.0888,0,,
16018401002,2020-03-11T16:25:00,"CALCIUM, UNFILTERED TOTAL",53.1,mg/L,0.1917,0,,
16018401002,2020-03-11T16:25:00,"CARBON, DISSOLVED INORGANIC",35.3,mg/L,0.1591,0,,
16018401002,2020-03-11T16:25:00,"CARBON, DISSOLVED ORGANIC",4.6,mg/L,0.0883,0,,
16018401002,2020-03-11T16:25:00,"CHLORIDE,         UNFIL.REAC",34.8,mg/L,0.3003,0,,
16018401002,2020-03-11T16:25:00,"CHROMIUM, UNFILTERED TOTAL",1.66,µg/L,0.1038,0,,
16018401002,2020-03-11T16:25:00,"COBALT,   UNFILTERED TOTAL",1.04,µg/L,0.0948,0,,
16018401002,2020-03-11T16:25:00,"CONDUCTIVITY, 25C",449.0,MICRO SIEMENS PER CENTIMETER,0.6138,1,"rolling_mean_30, rolling_mean_14, rolling_mean_7","3.09, 3.08, 3.01"
16018401002,2020-03-11T16:25:00,"CONDUCTIVITY, AMBIENT",452.0,MICROMHOS/CM (CONDUCTIVITY),0.6176,1,"rolling_mean_30, rolling_mean_14, rolling_mean_7","3.11, 3.11, 3.05"
16018401002,2020-03-11T16:25:00,"COPPER,   UNFILTERED TOTAL",3.19,µg/L,0.081,0,,
16018401002,2020-03-11T16:25:00,DISSOLVED OXYGEN,13.77,mg/L,0.0826,0,,
16018401002,2020-03-11T16:25:00,"HARDNESS,   TOTAL",189.0,mg/L,0.384,0,,
16018401002,2020-03-11T16:25:00,"IRON,     UNFILTERED TOTAL",472.0,µg/L,0.7197,1,"rolling_std_30, rolling_std_14, rolling_std_7","3.18, 3.12, 3.01"
16018401002,2020-03-11T16:25:00,"LEAD,     UNFILTERED TOTAL",-3.35,µg/L,0.1071,0,,
16018401002,2020-03-11T16:25:00,"LITHIUM,  UNFILTERED TOTAL",2.58,µg/L,0.1348,0,,
16018401002,2020-03-11T16:25:00,"MAGNESIUM,UNFILTERED TOTAL",13.8,mg/L,0.1582,0,,
16018401002,2020-03-11T16:25:00,"MANGANESE,UNFILTERED TOTAL",41.0,µg/L,0.2312,0,,
16018401002,2020-03-11T16:25:00,"MOLYBDENUM,UNFILTERED TOTAL",-1.15,µg/L,0.1133,0,,
16018401002,2020-03-11T16:25:00,"NICKEL,   UNFILTERED TOTAL",0.431,µg/L,0.0867,0,,
16018401002,2020-03-11T16:25:00,"NITRATES TOTAL,   UNFIL.REAC",4.96,mg/L,0.0843,0,,
16018401002,2020-03-11T16:25:00,"NITRITE,  UNFILTERED REACTIVE",0.028,mg/L,0.067,0,,
16018401002,2020-03-11T16:25:00,NITROGEN; TOTAL,6.33,mg/L,0.0867,0,,
16018401002,2020-03-11T16:25:00,PH (-LOG H+ CONCN),8.13,NO DIMENSION/SCALE,0.1107,0,,
16018401002,2020-03-11T16:25:00,PH FIELD,7.97,NO DIMENSION/SCALE,0.0994,0,,
16018401002,2020-03-11T16:25:00,"PHOSPHATE,FILTERED REACTIVE",0.119,mg/L,0.103,0,,
16018401002,2020-03-11T16:25:00,"PHOSPHORUS,UNFILTERED TOTAL",233.0,µg/L,0.4239,0,,
16018401002,2020-03-11T16:25:00,"POTASSIUM,UNFILTERED TOTAL",3.22,mg/L,0.0786,0,,
16018401002,2020-03-11T16:25:00,"RESIDUE,PARTICULATE",48.3,mg/L,0.2357,0,,
16018401002,2020-03-11T16:25:00,"SILICATES,UNFILTERED REACTIVE",2.16,mg/L,0.077,0,,
16018401002,2020-03-11T16:25:00,"SILVER,   UNFILTERED TOTAL",0.169,µg/L,0.0785,0,,
16018401002,2020-03-11T16:25:00,"SODIUM,   UNFILTERED TOTAL",21.4,mg/L,0.2431,0,,
16018401002,2020-03-11T16:25:00,STREAM CONDITION,3.0,NO DIMENSION/SCALE,0.1418,0,,
16018401002,2020-03-11T16:25:00,"STRONTIUM, UNFILTERED TOTAL",131.0,µg/L,0.4961,0,,
16018401002,2020-03-11T16:25:00,"TEMPERATURE, WATER",2.1,DEGREES CELSIUS,0.171,0,,
16018401002,2020-03-11T16:25:00,TIN       UNFILTERED TOTAL,-3.06,µg/L,0.1114,0,,
16018401002,2020-03-11T16:25:00,"TITANIUM,  UNFILTERED TOTAL",9.5,µg/L,0.1408,0,,
16018401002,2020-03-11T16:25:00,"TURBIDITY, FIELD",41.0,FORMAZIN NEPHELOMETRIC UNIT,0.292,0,,
16018401002,2020-03-11T16:25:00,"URANIUM,   UNFILTERED TOTAL",4.56,µg/L,0.0808,0,,
16018401002,2020-03-11T16:25:00,"VANADIUM,  UNFILTERED TOTAL",1.48,µg/L,0.1027,0,,
16018401002,2020-03-11T16:25:00,"ZINC,  UNFILTERED TOTAL",16.0,µg/L,0.1386,0,,
16018401002,2020-03-11T16:25:00,"ZIRCONIUM,  UNFILTERED TOTAL",0.254,µg/L,0.0982,0,,
16018401002,2020-10-08T16:00:00,"ALKALINITY, TOTAL",177.0,mg/L,0.4425,0,,
16018401002,2020-10-08T16:00:00,"ALUMINIUM, UNFILTERED TOTAL",23.7,µg/L,0.7797,1,"time_gap_days, rolling_std_30, delta","4.21, 3.57, -3.56"
16018401002,2020-10-08T16:00:00,"AMMONIUM, TOTAL   UNFIL.REAC",0.02,mg/L,0.2107,0,,
16018401002,2020-10-08T16:00:00,"BARIUM,  UNFILTERED TOTAL",29.6,µg/L,0.2585,0,,
16018401002,2020-10-08T16:00:00,"BERYLIUM,UNFILTERED TOTAL",-0.0258,µg/L,0.1973,0,,
16018401002,2020-10-08T16:00:00,"BISMUTH, UNFILTERED TOTAL",-5.77,µg/L,0.2621,0,,
16018401002,2020-10-08T16:00:00,"CADMIUM, UNFILTERED TOTAL",0.371,µg/L,0.2347,0,,
16018401002,2020-10-08T16:00:00,"CALCIUM, UNFILTERED TOTAL",52.6,mg/L,0.3166,0,,
16018401002,2020-10-08T16:00:00,"CARBON, DISSOLVED INORGANIC",41.4,mg/L,0.2854,0,,
16018401002,2020-10-08T16:00:00,"CARBON, DISSOLVED ORGANIC",4.9,mg/L,0.1971,0,,
16018401002,2020-10-08T16:00:00,"CHLORIDE,         UNFIL.REAC",112.0,mg/L,0.4372,0,,
16018401002,2020-10-08T16:00:00,"CHROMIUM, UNFILTERED TOTAL",0.0917,µg/L,0.2251,0,,
16018401002,2020-10-08T16:00:00,"COBALT,   UNFILTERED TOTAL",0.134,µg/L,0.2285,0,,
16018401002,2020-10-08T16:00:00,"CONDUCTIVITY, 25C",773.0,MICRO SIEMENS PER CENTIMETER,0.6938,1,"time_gap_days, rolling_mean_30, rolling_mean_14","4.21, 3.12, 3.11"
16018401002,2020-10-08T16:00:00,"CONDUCTIVITY, AMBIENT",762.0,MICROMHOS/CM (CONDUCTIVITY),0.6875,1,"time_gap_days, rolling_mean_30, rolling_mean_14","4.21, 3.14, 3.13"
16018401002,2020-10-08T16:00:00,"COPPER,   UNFILTERED TOTAL",1.12,µg/L,0.2366,0,,
16018401002,2020-10-08T16:00:00,DISSOLVED OXYGEN,14.15,mg/L,0.2237,0,,
16018401002,2020-10-08T16:00:00,"HARDNESS,   TOTAL",226.0,mg/L,0.4846,0,,
16018401002,2020-10-08T16:00:00,"IRON,     UNFILTERED TOTAL",71.4,µg/L,0.7598,1,"time_gap_days, rolling_std_30, rolling_std_7","4.21, 3.05, 3.02"
16018401002,2020-10-08T16:00:00,"LEAD,     UNFILTERED TOTAL",-10.3,µg/L,0.3395,0,,
16018401002,2020-10-08T16:00:00,"LITHIUM,  UNFILTERED TOTAL",6.76,µg/L,0.2263,0,,
16018401002,2020-10-08T16:00:00,"MAGNESIUM,UNFILTERED TOTAL",22.9,mg/L,0.2678,0,,
16018401002,2020-10-08T16:00:00,"MANGANESE,UNFILTERED TOTAL",6.05,µg/L,0.3644,0,,
16018401002,2020-10-08T16:00:00,"MOLYBDENUM,UNFILTERED TOTAL",1.32,µg/L,0.2447,0,,
16018401002,2020-10-08T16:00:00,"NICKEL,   UNFILTERED TOTAL",0.507,µg/L,0.207,0,,
16018401002,2020-10-08T16:00:00,"NITRATES TOTAL,   UNFIL.REAC",3.11,mg/L,0.2296,0,,
16018401002,2020-10-08T16:00:00,"NITRITE,  UNFILTERED REACTIVE",0.012,mg/L,0.2255,0,,
16018401002,2020-10-08T16:00:00,NTOT,3.76,mg/L,0.039,0,,
16018401002,2020-10-08T16:00:00,PH (-LOG H+ CONCN),8.76,NO DIMENSION/SCALE,0.211,0,,
16018401002,2020-10-08T16:00:00,PH FIELD,8.52,NO DIMENSION/SCALE,0.2032,0,,
16018401002,2020-10-08T16:00:00,"PHOSPHATE,FILTERED REACTIVE",0.0084,mg/L,0.202,0,,
16018401002,2020-10-08T16:00:00,"PHOSPHORUS,UNFILTERED TOTAL",22.3,µg/L,0.5566,0,,
16018401002,2020-10-08T16:00:00,"POTASSIUM,UNFILTERED TOTAL",4.08,mg/L,0.2068,0,,
16018401002,2020-10-08T16:00:00,"RESIDUE,PARTICULATE",2.2,mg/L,0.3703,0,,
16018401002,2020-10-08T16:00:00,"SILICATES,UNFILTERED REACTIVE",0.4,mg/L,0.2342,0,,
16018401002,2020-10-08T16:00:00,"SILVER,   UNFILTERED TOTAL",-0.922,µg/L,0.2338,0,,
16018401002,2020-10-08T16:00:00,"SODIUM,   UNFILTERED TOTAL",65.3,mg/L,0.3655,0,,
16018401002,2020-10-08T16:00:00,STREAM CONDITION,8.0,NO DIMENSION/SCALE,0.2286,0,,
16018401002,2020-10-08T16:00:00,"STRONTIUM, UNFILTERED TOTAL",389.0,µg/L,0.6302,1,"time_gap_days, delta, is_gap","4.21, 1.73, 1.53"
16018401002,2020-10-08T16:00:00,"TEMPERATURE, WATER",13.8,DEGREES CELSIUS,0.2767,0,,
16018401002,2020-10-08T16:00:00,TIN       UNFILTERED TOTAL,1.48,µg/L,0.2618,0,,
16018401002,2020-10-08T16:00:00,"TITANIUM,  UNFILTERED TOTAL",1.29,µg/L,0.2507,0,,
16018401002,2020-10-08T16:00:00,"TURBIDITY, FIELD",1.5,FORMAZIN NEPHELOMETRIC UNIT,0.42,0,,
16018401002,2020-10-08T16:00:00,"URANIUM,   UNFILTERED TOTAL",4.64,µg/L,0.2234,0,,
16018401002,2020-10-08T16:00:00,"VANADIUM,  UNFILTERED TOTAL",0.739,µg/L,0.205,0,,
16018401002,2020-10-08T16:00:00,"ZINC,  UNFILTERED TOTAL",4.14,µg/L,0.2808,0,,
16018401002,2020-10-08T16:00:00,"ZIRCONIUM,  UNFILTERED TOTAL",-0.0306,µg/L,0.2009,0,,
16018401002,2020-11-24T15:30:00,"ALKALINITY, TOTAL",225.0,mg/L,0.3865,0,,
16018401002,2020-11-24T15:30:00,"ALUMINIUM, UNFILTERED TOTAL",64.5,µg/L,0.6584,1,"rolling_std_7, rolling_std_30, rolling_std_14","3.47, 3.39, 3.32"
16018401002,2020-11-24T15:30:00,"AMMONIUM, TOTAL   UNFIL.REAC",0.021,mg/L,0.0696,0,,
16018401002,2020-11-24T15:30:00,"BARIUM,  UNFILTERED TOTAL",31.2,µg/L,0.115,0,,
16018401002,2020-11-24T15:30:00,"BERYLIUM,UNFILTERED TOTAL",0.0252,µg/L,0.0731,0,,
16018401002,2020-11-24T15:30:00,"BISMUTH, UNFILTERED TOTAL",-7.5,µg/L,0.2038,0,,
16018401002,2020-11-24T15:30:00,"CADMIUM, UNFILTERED TOTAL",0.426,µg/L,0.0798,0,,
16018401002,2020-11-24T15:30:00,"CALCIUM, UNFILTERED TOTAL",76.9,mg/L,0.2452,0,,
16018401002,2020-11-24T15:30:00,"CARBON, DISSOLVED INORGANIC",53.0,mg/L,0.1999,0,,
16018401002,2020-11-24T15:30:00,"CARBON, DISSOLVED ORGANIC",5.6,mg/L,0.0706,0,,
16018401002,2020-11-24T15:30:00,"CHLORIDE,         UNFIL.REAC",134.0,mg/L,0.3043,0,,
16018401002,2020-11-24T15:30:00,"CHROMIUM, UNFILTERED TOTAL",0.65,µg/L,0.0652,0,,
16018401002,2020-11-24T15:30:00,"COBALT,   UNFILTERED TOTAL",-0.454,µg/L,0.1398,0,,
16018401002,2020-11-24T15:30:00,"CONDUCTIVITY, 25C",952.0,MICRO SIEMENS PER CENTIMETER,0.6471,1,"rolling_mean_30, rolling_mean_14, rolling_mean_7","3.22, 3.22, 3.13"
16018401002,2020-11-24T15:30:00,"CONDUCTIVITY, AMBIENT",971.0,MICROMHOS/CM (CONDUCTIVITY),0.6611,1,"rolling_mean_30, rolling_mean_14, rolling_mean_7","3.25, 3.24, 3.17"
16018401002,2020-11-24T15:30:00,"COPPER,   UNFILTERED TOTAL",3.84,µg/L,0.0794,0,,
16018401002,2020-11-24T15:30:00,DISSOLVED OXYGEN,15.56,mg/L,0.1058,0,,
16018401002,2020-11-24T15:30:00,"HARDNESS,   TOTAL",292.0,mg/L,0.4311,0,,
16018401002,2020-11-24T15:30:00,"IRON,     UNFILTERED TOTAL",112.0,µg/L,0.6356,1,"rolling_std_7, rolling_std_30, rolling_std_14","2.98, 2.90, 2.84"
16018401002,2020-11-24T15:30:00,"LEAD,     UNFILTERED TOTAL",-3.55,µg/L,0.1536,0,,
16018401002,2020-11-24T15:30:00,"LITHIUM,  UNFILTERED TOTAL",2.12,µg/L,0.1219,0,,
16018401002,2020-11-24T15:30:00,"MAGNESIUM,UNFILTERED TOTAL",24.2,mg/L,0.1119,0,,
16018401002,2020-11-24T15:30:00,"MANGANESE,UNFILTERED TOTAL",10.4,µg/L,0.1865,0,,
16018401002,2020-11-24T15:30:00,"MOLYBDENUM,UNFILTERED TOTAL",0.179,µg/L,0.0818,0,,
16018401002,2020-11-24T15:30:00,"NICKEL,   UNFILTERED TOTAL",2.59,µg/L,0.1425,0,,
16018401002,2020-11-24T15:30:00,"NITRATES TOTAL,   UNFIL.REAC",4.11,mg/L,0.0646,0,,
16018401002,2020-11-24T15:30:00,"NITRITE,  UNFILTERED REACTIVE",0.015,mg/L,0.0726,0,,
16018401002,2020-11-24T15:30:00,NTOT,4.96,mg/L,0.0721,0,,
16018401002,2020-11-24T15:30:00,PH (-LOG H+ CONCN),8.5,NO DIMENSION/SCALE,0.0677,0,,
16018401002,2020-11-24T15:30:00,PH FIELD,8.62,NO DIMENSION/SCALE,0.073,0,,
16018401002,2020-11-24T15:30:00,"PHOSPHATE,FILTERED REACTIVE",0.0076,mg/L,0.0622,0,,
16018401002,2020-11-24T15:30:00,"PHOSPHORUS,UNFILTERED TOTAL",26.1,µg/L,0.3507,0,,
16018401002,2020-11-24T15:30:00,"POTASSIUM,UNFILTERED TOTAL",3.45,mg/L,0.0647,0,,
16018401002,2020-11-24T15:30:00,"RESIDUE,PARTICULATE",7.0,mg/L,0.1847,0,,
16018401002,2020-11-24T15:30:00,"SILICATES,UNFILTERED REACTIVE",1.5,mg/L,0.069,0,,
16018401002,2020-11-24T15:30:00,"SILVER,   UNFILTERED TOTAL",0.0743,µg/L,0.0752,0,,
16018401002,2020-11-24T15:30:00,"SODIUM,   UNFILTERED TOTAL",79.5,mg/L,0.2206,0,,
16018401002,2020-11-24T15:30:00,STREAM CONDITION,8.0,NO DIMENSION/SCALE,0.069,0,,
16018401002,2020-11-24T15:30:00,"STRONTIUM, UNFILTERED TOTAL",343.0,µg/L,0.4852,0,,
16018401002,2020-11-24T15:30:00,"TEMPERATURE, WATER",3.6,DEGREES CELSIUS,0.1644,0,,
16018401002,2020-11-24T15:30:00,TIN       UNFILTERED TOTAL,-11.0,µg/L,0.2261,0,,
16018401002,2020-11-24T15:30:00,"TITANIUM,  UNFILTERED TOTAL",2.83,µg/L,0.0927,0,,
16018401002,2020-11-24T15:30:00,"TURBIDITY, FIELD",2.7,FORMAZIN NEPHELOMETRIC UNIT,0.2474,0,,
16018401002,2020-11-24T15:30:00,"URANIUM,   UNFILTERED TOTAL",5.92,µg/L,0.0927,0,,
16018401002,2020-11-24T15:30:00,"VANADIUM,  UNFILTERED TOTAL",0.413,µg/L,0.0752,0,,
16018401002,2020-11-24T15:30:00,"ZINC,  UNFILTERED TOTAL",22.1,µg/L,0.1966,0,,
16018401002,2020-11-24T15:30:00,"ZIRCONIUM,  UNFILTERED TOTAL",-0.0693,µg/L,0.0713,0,,
16018401002,2020-12-10T15:20:00,"ALKALINITY, TOTAL",246.0,mg/L,0.3112,0,,
16018401002,2020-12-10T15:20:00,"AMMONIUM, TOTAL   UNFIL.REAC",0.032,mg/L,0.0136,0,,
16018401002,2020-12-10T15:20:00,"CHLORIDE,         UNFIL.REAC",109.0,mg/L,0.2422,0,,
16018401002,2020-12-10T15:20:00,"CONDUCTIVITY, 25C",914.0,MICRO SIEMENS PER CENTIMETER,0.5724,0,,
16018401002,2020-12-10T15:20:00,"CONDUCTIVITY, AMBIENT",948.0,MICROMHOS/CM (CONDUCTIVITY),0.5741,0,,
16018401002,2020-12-10T15:20:00,DISSOLVED OXYGEN,15.89,mg/L,0.0608,0,,
16018401002,2020-12-10T15:20:00,"NITRATES TOTAL,   UNFIL.REAC",5.42,mg/L,0.069,0,,
16018401002,2020-12-10T15:20:00,"NITRITE,  UNFILTERED REACTIVE",0.035,mg/L,0.0252,0,,
16018401002,2020-12-10T15:20:00,NTOT,6.12,mg/L,0.0381,0,,
16018401002,2020-12-10T15:20:00,PH (-LOG H+ CONCN),8.49,NO DIMENSION/SCALE,0.0157,0,,
16018401002,2020-12-10T15:20:00,PH FIELD,8.38,NO DIMENSION/SCALE,0.0175,0,,
16018401002,2020-12-10T15:20:00,"PHOSPHATE,FILTERED REACTIVE",0.0066,mg/L,0.0131,0,,
16018401002,2020-12-10T15:20:00,"PHOSPHORUS,UNFILTERED TOTAL",20.4,µg/L,0.3131,0,,
16018401002,2020-12-10T15:20:00,"RESIDUE,PARTICULATE",2.9,mg/L,0.1455,0,,
16018401002,2020-12-10T15:20:00,STREAM CONDITION,8.0,NO DIMENSION/SCALE,0.0236,0,,
16018401002,2020-12-10T15:20:00,"TEMPERATURE, WATER",3.9,DEGREES CELSIUS,0.0706,0,,
16018401002,2020-12-10T15:20:00,"TURBIDITY, FIELD",2.2,FORMAZIN NEPHELOMETRIC UNIT,0.1697,0,,
16018401002,2021-01-27T15:10:00,"ALKALINITY, TOTAL",257.0,mg/L,0.3823,0,,
16018401002,2021-01-27T15:10:00,"AMMONIUM, TOTAL   UNFIL.REAC",0.061,mg/L,0.0671,0,,
16018401002,2021-01-27T15:10:00,"CHLORIDE,         UNFIL.REAC",148.0,mg/L,0.3513,0,,
16018401002,2021-01-27T15:10:00,"CONDUCTIVITY, 25C",1060.0,MICRO SIEMENS PER CENTIMETER,0.669,1,"rolling_mean_30, rolling_mean_14, rolling_mean_7","3.41, 3.41, 3.41"
16018401002,2021-01-27T15:10:00,"CONDUCTIVITY, AMBIENT",1062.0,MICROMHOS/CM (CONDUCTIVITY),0.6626,1,"rolling_mean_7, rolling_mean_30, rolling_mean_14","3.46, 3.45, 3.44"
16018401002,2021-01-27T15:10:00,DISSOLVED OXYGEN,16.28,mg/L,0.1062,0,,
16018401002,2021-01-27T15:10:00,"NITRATES TOTAL,   UNFIL.REAC",6.33,mg/L,0.1115,0,,
16018401002,2021-01-27T15:10:00,"NITRITE,  UNFILTERED REACTIVE",0.044,mg/L,0.0896,0,,
16018401002,2021-01-27T15:10:00,NITROGEN; TOTAL,7.07,mg/L,0.311,0,,
16018401002,2021-01-27T15:10:00,PH (-LOG H+ CONCN),8.53,NO DIMENSION/SCALE,0.0707,0,,
16018401002,2021-01-27T15:10:00,PH FIELD,8.13,NO DIMENSION/SCALE,0.0776,0,,
16018401002,2021-01-27T15:10:00,"PHOSPHATE,FILTERED REACTIVE",0.0078,mg/L,0.064,0,,
16018401002,2021-01-27T15:10:00,"PHOSPHORUS,UNFILTERED TOTAL",28.3,µg/L,0.3437,0,,
16018401002,2021-01-27T15:10:00,"RESIDUE,PARTICULATE",6.2,mg/L,0.179,0,,
16018401002,2021-01-27T15:10:00,STREAM CONDITION,8.0,NO DIMENSION/SCALE,0.0693,0,,
16018401002,2021-01-27T15:10:00,"TEMPERATURE, WATER",1.5,DEGREES CELSIUS,0.1423,0,,
16018401002,2021-01-27T15:10:00,"TURBIDITY, FIELD",1.1,FORMAZIN NEPHELOMETRIC UNIT,0.2288,0,,
16018401002,2021-02-23T16:00:00,"ALKALINITY, TOTAL",244.0,mg/L,0.2959,0,,
16018401002,2021-02-23T16:00:00,"AMMONIUM, TOTAL   UNFIL.REAC",0.068,mg/L,0.0086,0,,
16018401002,2021-02-23T16:00:00,"CHLORIDE,         UNFIL.REAC",247.0,mg/L,0.4468,0,,
16018401002,2021-02-23T16:00:00,"CONDUCTIVITY, 25C",1350.0,MICRO SIEMENS PER CENTIMETER,0.7529,1,"rolling_mean_7, rolling_mean_14, rolling_mean_30","3.79, 3.65, 3.61"
16018401002,2021-02-23T16:00:00,"CONDUCTIVITY, AMBIENT",1413.0,MICROMHOS/CM (CONDUCTIVITY),0.7849,1,"rolling_mean_7, rolling_std_7, rolling_mean_14","3.88, 3.72, 3.70"
16018401002,2021-02-23T16:00:00,DISSOLVED OXYGEN,1.59,mg/L,0.1679,0,,
16018401002,2021-02-23T16:00:00,"NITRATES TOTAL,   UNFIL.REAC",6.65,mg/L,0.0521,0,,
16018401002,2021-02-23T16:00:00,"NITRITE,  UNFILTERED REACTIVE",0.048,mg/L,0.0479,0,,
16018401002,2021-02-23T16:00:00,NITROGEN; TOTAL,7.54,mg/L,0.0456,0,,
16018401002,2021-02-23T16:00:00,PH (-LOG H+ CONCN),8.41,NO DIMENSION/SCALE,0.0195,0,,
16018401002,2021-02-23T16:00:00,PH FIELD,8.15,NO DIMENSION/SCALE,0.0188,0,,
16018401002,2021-02-23T16:00:00,"PHOSPHATE,FILTERED REACTIVE",0.0078,mg/L,0.0054,0,,
16018401002,2021-02-23T16:00:00,"PHOSPHORUS,UNFILTERED TOTAL",23.3,µg/L,0.2851,0,,
16018401002,2021-02-23T16:00:00,"RESIDUE,PARTICULATE",5.1,mg/L,0.114,0,,
16018401002,2021-02-23T16:00:00,STREAM CONDITION,8.0,NO DIMENSION/SCALE,0.0177,0,,
16018401002,2021-02-23T16:00:00,"TEMPERATURE, WATER",1.7,DEGREES CELSIUS,0.0643,0,,
16018401002,2021-02-23T16:00:00,"TURBIDITY, FIELD",2.1,FORMAZIN NEPHELOMETRIC UNIT,0.1454,0,,
16018401002,2021-03-09T15:30:00,"ALKALINITY, TOTAL",245.0,mg/L,0.2858,0,,
16018401002,2021-03-09T15:30:00,"AMMONIUM, TOTAL   UNFIL.REAC",0.026,mg/L,0.0285,0,,
16018401002,2021-03-09T15:30:00,"CHLORIDE,         UNFIL.REAC",143.0,mg/L,0.4024,0,,
16018401002,2021-03-09T15:30:00,"CONDUCTIVITY, 25C",1010.0,MICRO SIEMENS PER CENTIMETER,0.767,1,"rate_of_change, rolling_mean_7, rolling_mean_14","-4.75, 4.20, 3.78"
16018401002,2021-03-09T15:30:00,"CONDUCTIVITY, AMBIENT",1012.0,MICROMHOS/CM (CONDUCTIVITY),0.7802,1,"rate_of_change, rolling_mean_7, rolling_mean_14","-5.61, 4.28, 3.83"
16018401002,2021-03-09T15:30:00,DISSOLVED OXYGEN,17.38,mg/L,0.1515,0,,
16018401002,2021-03-09T15:30:00,"NITRATES TOTAL,   UNFIL.REAC",5.35,mg/L,0.0361,0,,
16018401002,2021-03-09T15:30:00,"NITRITE,  UNFILTERED REACTIVE",0.045,mg/L,0.0387,0,,
16018401002,2021-03-09T15:30:00,NITROGEN; TOTAL,5.82,mg/L,0.0361,0,,
16018401002,2021-03-09T15:30:00,PH (-LOG H+ CONCN),8.56,NO DIMENSION/SCALE,0.0234,0,,
16018401002,2021-03-09T15:30:00,PH FIELD,8.57,NO DIMENSION/SCALE,0.0282,0,,
16018401002,2021-03-09T15:30:00,"PHOSPHATE,FILTERED REACTIVE",0.0058,mg/L,0.0148,0,,
16018401002,2021-03-09T15:30:00,"PHOSPHORUS,UNFILTERED TOTAL",23.3,µg/L,0.2756,0,,
16018401002,2021-03-09T15:30:00,"RESIDUE,PARTICULATE",4.0,mg/L,0.1097,0,,
16018401002,2021-03-09T15:30:00,STREAM CONDITION,8.0,NO DIMENSION/SCALE,0.0269,0,,
16018401002,2021-03-09T15:30:00,"TEMPERATURE, WATER",6.6,DEGREES CELSIUS,0.0768,0,,
16018401002,2021-03-09T15:30:00,"TURBIDITY, FIELD",2.2,FORMAZIN NEPHELOMETRIC UNIT,0.1279,0,,
16018401002,2021-04-14T15:45:00,ALKALINITY,216.3,mg/L as CaCO3,0.2425,0,,
16018401002,2021-04-14T15:45:00,ALUMINUM,136.0,µg/L,0.1938,0,,
16018401002,2021-04-14T15:45:00,BARIUM,30.6,µg/L,0.0706,0,,
16018401002,2021-04-14T15:45:00,BERYLLIUM,0.1,µg/L,0.0386,0,,
16018401002,2021-04-14T15:45:00,BISMUTH,5.0,µg/L,0.0379,0,,
16018401002,2021-04-14T15:45:00,CADMIUM,0.9,µg/L,0.0368,0,,
16018401002,2021-04-14T15:45:00,CALCIUM,75.6,mg/L,0.1243,0,,
16018401002,2021-04-14T15:45:00,CARBON; DISSOLVED INORGANIC,52.1,mg/L,0.1053,0,,
16018401002,2021-04-14T15:45:00,CARBON; DISSOLVED ORGANIC,6.09,mg/L,0.0396,0,,
16018401002,2021-04-14T15:45:00,CHLORIDE,81.8,mg/L,0.133,0,,
16018401002,2021-04-14T15:45:00,CHROMIUM,1.0,µg/L,0.0368,0,,
16018401002,2021-04-14T15:45:00,COBALT,1.49,µg/L,0.0375,0,,
16018401002,2021-04-14T15:45:00,CONDUCTIVITY,750.0,µS/cm,0.5207,0,,
16018401002,2021-04-14T15:45:00,COPPER,3.28,µg/L,0.0394,0,,
16018401002,2021-04-14T15:45:00,HARDNESS,281.0,mg/L,0.3073,0,,
16018401002,2021-04-14T15:45:00,IRON,142.0,µg/L,0.1935,0,,
16018401002,2021-04-14T15:45:00,LEAD,7.0,µg/L,0.0416,0,,
16018401002,2021-04-14T15:45:00,LITHIUM,5.0,µg/L,0.0379,0,,
16018401002,2021-04-14T15:45:00,MAGNESIUM,22.4,mg/L,0.0683,0,,
16018401002,2021-04-14T15:45:00,MANGANESE,24.6,µg/L,0.067,0,,
16018401002,2021-04-14T15:45:00,MOLYBDENUM,2.0,µg/L,0.0361,0,,
16018401002,2021-04-14T15:45:00,NICKEL,3.4,µg/L,0.0402,0,,
16018401002,2021-04-14T15:45:00,NITRATE,7.2,mg/L,0.0417,0,,
16018401002,2021-04-14T15:45:00,NITROGEN; AMMONIA+AMMONIUM,0.05,mg/L,0.0389,0,,
16018401002,2021-04-14T15:45:00,NITROGEN; NITRATE+NITRITE,7.2,mg/L,0.0417,0,,
16018401002,2021-04-14T15:45:00,NITROGEN; NITRITE,0.041,mg/L,0.0389,0,,
16018401002,2021-04-14T15:45:00,NITROGEN; TOTAL,7.66,mg/L,0.1103,0,,
16018401002,2021-04-14T15:45:00,PH,8.48,,0.0419,0,,
16018401002,2021-04-14T15:45:00,PHOSPHORUS; PHOSPHATE,0.023,mg/L,0.0388,0,,
16018401002,2021-04-14T15:45:00,PHOSPHORUS; TOTAL,70.5,µg/L,0.1176,0,,
16018401002,2021-04-14T15:45:00,POTASSIUM,3.16,mg/L,0.039,0,,
16018401002,2021-04-14T15:45:00,SILICON; REACTIVE SILICATE,2.06,mg/L,0.0361,0,,
16018401002,2021-04-14T15:45:00,SILVER,9.0,µg/L,0.0426,0,,
16018401002,2021-04-14T15:45:00,SODIUM,44.2,mg/L,0.0937,0,,
16018401002,2021-04-14T15:45:00,SOLIDS; DISSOLVED,517.0,mg/L,0.4222,0,,
16018401002,2021-04-14T15:45:00,SOLIDS; SUSPENDED,11.0,mg/L,0.0488,0,,
16018401002,2021-04-14T15:45:00,SOLIDS; TOTAL,528.0,mg/L,0.4316,0,,
16018401002,2021-04-14T15:45:00,STRONTIUM,263.0,µg/L,0.2953,0,,
16018401002,2021-04-14T15:45:00,TIN,9.0,µg/L,0.0426,0,,
16018401002,2021-04-14T15:45:00,TITANIUM,4.49,µg/L,0.0378,0,,
16018401002,2021-04-14T15:45:00,URANIUM,6.18,µg/L,0.0396,0,,
16018401002,2021-04-14T15:45:00,VANADIUM,1.29,µg/L,0.0375,0,,
16018401002,2021-04-14T15:45:00,ZINC,7.84,µg/L,0.0414,0,,
16018401002,2021-04-14T15:45:00,ZIRCONIUM,1.0,µg/L,0.0368,0,,
16018401002,2021-05-12T16:10:00,ALKALINITY,194.5,mg/L as CaCO3,0.2495,0,,
16018401002,2021-05-12T16:10:00,ALUMINUM,27.7,µg/L,0.374,0,,
16018401002,2021-05-12T16:10:00,BARIUM,32.8,µg/L,0.0614,0,,
16018401002,2021-05-12T16:10:00,BERYLLIUM,0.1,µg/L,0.0032,0,,
16018401002,2021-05-12T16:10:00,BISMUTH,5.0,µg/L,0.0035,0,,
16018401002,2021-05-12T16:10:00,CADMIUM,0.9,µg/L,0.0009,0,,
16018401002,2021-05-12T16:10:00,CALCIUM,68.0,mg/L,0.1206,0,,
16018401002,2021-05-12T16:10:00,CARBON; DISSOLVED INORGANIC,46.3,mg/L,0.103,0,,
16018401002,2021-05-12T16:10:00,CARBON; DISSOLVED ORGANIC,5.35,mg/L,0.0154,0,,
16018401002,2021-05-12T16:10:00,CHLORIDE,138.0,mg/L,0.2749,0,,
16018401002,2021-05-12T16:10:00,CHROMIUM,1.0,µg/L,0.0009,0,,
16018401002,2021-05-12T16:10:00,COBALT,1.0,µg/L,0.0129,0,,
16018401002,2021-05-12T16:10:00,CONDUCTIVITY,916.0,µS/cm,0.609,1,"rolling_mean_30, rolling_mean_14, rolling_mean_7","3.76, 3.76, 3.71"
16018401002,2021-05-12T16:10:00,COPPER,4.0,µg/L,0.0157,0,,
16018401002,2021-05-12T16:10:00,HARDNESS,272.0,mg/L,0.2682,0,,
16018401002,2021-05-12T16:10:00,IRON,48.4,µg/L,0.3679,0,,
16018401002,2021-05-12T16:10:00,LEAD,7.0,µg/L,0.0061,0,,
16018401002,2021-05-12T16:10:00,LITHIUM,5.0,µg/L,0.0035,0,,
16018401002,2021-05-12T16:10:00,MAGNESIUM,24.9,mg/L,0.0568,0,,
16018401002,2021-05-12T16:10:00,MANGANESE,11.3,µg/L,0.11,0,,
16018401002,2021-05-12T16:10:00,MOLYBDENUM,2.0,µg/L,0.0013,0,,
16018401002,2021-05-12T16:10:00,NICKEL,6.0,µg/L,0.0288,0,,
16018401002,2021-05-12T16:10:00,NITRATE,4.83,mg/L,0.0352,0,,
16018401002,2021-05-12T16:10:00,NITROGEN; AMMONIA+AMMONIUM,0.05,mg/L,0.0032,0,,
16018401002,2021-05-12T16:10:00,NITROGEN; NITRATE+NITRITE,4.86,mg/L,0.0352,0,,
16018401002,2021-05-12T16:10:00,NITROGEN; NITRITE,0.03,mg/L,0.0138,0,,
16018401002,2021-05-12T16:10:00,NITROGEN; TOTAL,5.42,mg/L,0.0252,0,,
16018401002,2021-05-12T16:10:00,PH,8.64,,0.021,0,,
16018401002,2021-05-12T16:10:00,PHOSPHORUS; PHOSPHATE,0.009,mg/L,0.0138,0,,
16018401002,2021-05-12T16:10:00,PHOSPHORUS; TOTAL,32.4,µg/L,0.1997,0,,
16018401002,2021-05-12T16:10:00,POTASSIUM,4.0,mg/L,0.0176,0,,
16018401002,2021-05-12T16:10:00,SILICON; REACTIVE SILICATE,0.05,mg/L,0.0343,0,,
16018401002,2021-05-12T16:10:00,SILVER,9.0,µg/L,0.0087,0,,
16018401002,2021-05-12T16:10:00,SODIUM,75.1,mg/L,0.1899,0,,
16018401002,2021-05-12T16:10:00,SOLIDS; DISSOLVED,592.0,mg/L,0.4518,0,,
16018401002,2021-05-12T16:10:00,SOLIDS; SUSPENDED,5.62,mg/L,0.0539,0,,
16018401002,2021-05-12T16:10:00,SOLIDS; TOTAL,598.0,mg/L,0.4587,0,,
16018401002,2021-05-12T16:10:00,STRONTIUM,398.0,µg/L,0.4738,0,,
16018401002,2021-05-12T16:10:00,TIN,9.0,µg/L,0.0087,0,,
16018401002,2021-05-12T16:10:00,TITANIUM,1.0,µg/L,0.0514,0,,
16018401002,2021-05-12T16:10:00,URANIUM,3.0,µg/L,0.0407,0,,
16018401002,2021-05-12T16:10:00,VANADIUM,0.8,µg/L,0.0149,0,,
16018401002,2021-05-12T16:10:00,ZINC,16.1,µg/L,0.0793,0,,
16018401002,2021-05-12T16:10:00,ZIRCONIUM,1.0,µg/L,0.0009,0,,
16018401002,2021-06-07T16:43:00,ALKALINITY,149.0,mg/L as CaCO3,0.2858,0,,
16018401002,2021-06-07T16:43:00,ALUMINUM,13.4,µg/L,0.2773,0,,
16018401002,2021-06-07T16:43:00,BARIUM,29.7,µg/L,0.0728,0,,
16018401002,2021-06-07T16:43:00,BERYLLIUM,0.1,µg/L,0.0042,0,,
16018401002,2021-06-07T16:43:00,BISMUTH,5.0,µg/L,0.0043,0,,
16018401002,2021-06-07T16:43:00,CADMIUM,0.9,µg/L,0.002,0,,
16018401002,2021-06-07T16:43:00,CALCIUM,49.2,mg/L,0.1493,0,,
16018401002,2021-06-07T16:43:00,CARBON; DISSOLVED INORGANIC,35.1,mg/L,0.1165,0,,
16018401002,2021-06-07T16:43:00,CARBON; DISSOLVED ORGANIC,4.99,mg/L,0.0185,0,,
16018401002,2021-06-07T16:43:00,CHLORIDE,138.0,mg/L,0.1806,0,,
16018401002,2021-06-07T16:43:00,CHROMIUM,1.0,µg/L,0.002,0,,
16018401002,2021-06-07T16:43:00,COBALT,1.0,µg/L,0.0077,0,,
16018401002,2021-06-07T16:43:00,CONDUCTIVITY,842.0,µS/cm,0.5617,0,,
16018401002,2021-06-07T16:43:00,COPPER,3.0,µg/L,0.0212,0,,
16018401002,2021-06-07T16:43:00,HARDNESS,218.0,mg/L,0.3425,0,,
16018401002,2021-06-07T16:43:00,IRON,76.8,µg/L,0.2418,0,,
16018401002,2021-06-07T16:43:00,LEAD,7.0,µg/L,0.007,0,,
16018401002,2021-06-07T16:43:00,LITHIUM,5.0,µg/L,0.0043,0,,
16018401002,2021-06-07T16:43:00,MAGNESIUM,23.1,mg/L,0.0504,0,,
16018401002,2021-06-07T16:43:00,MANGANESE,22.2,µg/L,0.0949,0,,
16018401002,2021-06-07T16:43:00,MOLYBDENUM,2.0,µg/L,0.0024,0,,
16018401002,2021-06-07T16:43:00,NICKEL,3.0,µg/L,0.0364,0,,
16018401002,2021-06-07T16:43:00,NITRATE,3.05,mg/L,0.033,0,,
16018401002,2021-06-07T16:43:00,NITROGEN; AMMONIA+AMMONIUM,0.06,mg/L,0.0264,0,,
16018401002,2021-06-07T16:43:00,NITROGEN; NITRATE+NITRITE,3.08,mg/L,0.033,0,,
16018401002,2021-06-07T16:43:00,NITROGEN; NITRITE,0.027,mg/L,0.0149,0,,
16018401002,2021-06-07T16:43:00,NITROGEN; TOTAL,3.94,mg/L,0.0286,0,,
16018401002,2021-06-07T16:43:00,PH,8.79,,0.0285,0,,
16018401002,2021-06-07T16:43:00,PHOSPHORUS; PHOSPHATE,0.006,mg/L,0.0138,0,,
16018401002,2021-06-07T16:43:00,PHOSPHORUS; TOTAL,39.8,µg/L,0.1147,0,,
16018401002,2021-06-07T16:43:00,POTASSIUM,4.0,mg/L,0.0117,0,,
16018401002,2021-06-07T16:43:00,SILICON; REACTIVE SILICATE,1.61,mg/L,0.0236,0,,
16018401002,2021-06-07T16:43:00,SILVER,9.0,µg/L,0.0085,0,,
16018401002,2021-06-07T16:43:00,SODIUM,81.1,mg/L,0.1336,0,,
16018401002,2021-06-07T16:43:00,SOLIDS; DISSOLVED,514.0,mg/L,0.4956,0,,
16018401002,2021-06-07T16:43:00,SOLIDS; SUSPENDED,4.3,mg/L,0.0373,0,,
16018401002,2021-06-07T16:43:00,SOLIDS; TOTAL,518.0,mg/L,0.4961,0,,
16018401002,2021-06-07T16:43:00,STRONTIUM,405.0,µg/L,0.3893,0,,
16018401002,2021-06-07T16:43:00,TIN,9.0,µg/L,0.0085,0,,
16018401002,2021-06-07T16:43:00,TITANIUM,0.6,µg/L,0.0301,0,,
16018401002,2021-06-07T16:43:00,URANIUM,3.0,µg/L,0.0171,0,,
16018401002,2021-06-07T16:43:00,VANADIUM,1.0,µg/L,0.0034,0,,
16018401002,2021-06-07T16:43:00,ZINC,7.0,µg/L,0.0822,0,,
16018401002,2021-06-07T16:43:00,ZIRCONIUM,1.0,µg/L,0.002,0,,
16018401002,2021-07-13T15:05:00,ALKALINITY,150.0,mg/L as CaCO3,0.3161,0,,
16018401002,2021-07-13T15:05:00,ALUMINUM,36.8,µg/L,0.321,0,,
16018401002,2021-07-13T15:05:00,BARIUM,30.4,µg/L,0.1049,0,,
16018401002,2021-07-13T15:05:00,BERYLLIUM,0.1,µg/L,0.0641,0,,
16018401002,2021-07-13T15:05:00,BISMUTH,5.0,µg/L,0.0637,0,,
16018401002,2021-07-13T15:05:00,CADMIUM,0.9,µg/L,0.0622,0,,
16018401002,2021-07-13T15:05:00,CALCIUM,49.5,mg/L,0.1787,0,,
16018401002,2021-07-13T15:05:00,CARBON; DISSOLVED INORGANIC,35.9,mg/L,0.1496,0,,
16018401002,2021-07-13T15:05:00,CARBON; DISSOLVED ORGANIC,4.94,mg/L,0.0722,0,,
16018401002,2021-07-13T15:05:00,CHLORIDE,131.0,mg/L,0.2713,0,,
16018401002,2021-07-13T15:05:00,CHROMIUM,1.0,µg/L,0.0622,0,,
16018401002,2021-07-13T15:05:00,COBALT,1.14,µg/L,0.0619,0,,
16018401002,2021-07-13T15:05:00,CONDUCTIVITY,799.0,µS/cm,0.6101,1,"rolling_mean_30, rolling_mean_14, rolling_mean_7","3.73, 3.72, 3.68"
16018401002,2021-07-13T15:05:00,COPPER,2.64,µg/L,0.0819,0,,
16018401002,2021-07-13T15:05:00,HARDNESS,222.0,mg/L,0.3541,0,,
16018401002,2021-07-13T15:05:00,IRON,77.9,µg/L,0.2449,0,,
16018401002,2021-07-13T15:05:00,LEAD,7.0,µg/L,0.0637,0,,
16018401002,2021-07-13T15:05:00,LITHIUM,5.0,µg/L,0.0637,0,,
16018401002,2021-07-13T15:05:00,MAGNESIUM,23.8,mg/L,0.0978,0,,
16018401002,2021-07-13T15:05:00,MANGANESE,9.84,µg/L,0.1597,0,,
16018401002,2021-07-13T15:05:00,MOLYBDENUM,2.0,µg/L,0.0614,0,,
16018401002,2021-07-13T15:05:00,NICKEL,2.0,µg/L,0.0824,0,,
16018401002,2021-07-13T15:05:00,NITRATE,3.06,mg/L,0.0754,0,,
16018401002,2021-07-13T15:05:00,NITROGEN; AMMONIA+AMMONIUM,0.04,mg/L,0.0964,0,,
16018401002,2021-07-13T15:05:00,NITROGEN; NITRATE+NITRITE,3.08,mg/L,0.0754,0,,
16018401002,2021-07-13T15:05:00,NITROGEN; NITRITE,0.022,mg/L,0.0784,0,,
16018401002,2021-07-13T15:05:00,NITROGEN; TOTAL,3.57,mg/L,0.0964,0,,
16018401002,2021-07-13T15:05:00,PH,8.72,,0.074,0,,
16018401002,2021-07-13T15:05:00,PHOSPHORUS; PHOSPHATE,0.009,mg/L,0.0632,0,,
16018401002,2021-07-13T15:05:00,PHOSPHORUS; TOTAL,26.3,µg/L,0.2059,0,,
16018401002,2021-07-13T15:05:00,POTASSIUM,3.95,mg/L,0.0658,0,,
16018401002,2021-07-13T15:05:00,SILICON; REACTIVE SILICATE,1.38,mg/L,0.0696,0,,
16018401002,2021-07-13T15:05:00,SILVER,9.0,µg/L,0.0673,0,,
16018401002,2021-07-13T15:05:00,SODIUM,77.3,mg/L,0.1961,0,,
16018401002,2021-07-13T15:05:00,SOLIDS; DISSOLVED,519.0,mg/L,0.4839,0,,
16018401002,2021-07-13T15:05:00,SOLIDS; SUSPENDED,9.57,mg/L,0.1109,0,,
16018401002,2021-07-13T15:05:00,SOLIDS; TOTAL,529.0,mg/L,0.4894,0,,
16018401002,2021-07-13T15:05:00,STRONTIUM,368.0,µg/L,0.4593,0,,
16018401002,2021-07-13T15:05:00,TIN,9.0,µg/L,0.0673,0,,
16018401002,2021-07-13T15:05:00,TITANIUM,1.42,µg/L,0.0722,0,,
16018401002,2021-07-13T15:05:00,URANIUM,3.0,µg/L,0.067,0,,
16018401002,2021-07-13T15:05:00,VANADIUM,0.68,µg/L,0.0825,0,,
16018401002,2021-07-13T15:05:00,ZINC,14.0,µg/L,0.1293,0,,
16018401002,2021-07-13T15:05:00,ZIRCONIUM,1.0,µg/L,0.0622,0,,
16018401002,2021-08-17T15:30:00,ALKALINITY,156.0,mg/L as CaCO3,0.3063,0,,
16018401002,2021-08-17T15:30:00,ALUMINUM,31.6,µg/L,0.2852,0,,
16018401002,2021-08-17T15:30:00,BARIUM,34.6,µg/L,0.1564,0,,
16018401002,2021-08-17T15:30:00,BERYLLIUM,0.1,µg/L,0.0641,0,,
16018401002,2021-08-17T15:30:00,BISMUTH,5.0,µg/L,0.0637,0,,
16018401002,2021-08-17T15:30:00,CADMIUM,0.9,µg/L,0.0622,0,,
16018401002,2021-08-17T15:30:00,CALCIUM,46.5,mg/L,0.1829,0,,
16018401002,2021-08-17T15:30:00,CARBON; DISSOLVED INORGANIC,38.5,mg/L,0.1455,0,,
16018401002,2021-08-17T15:30:00,CARBON; DISSOLVED ORGANIC,5.15,mg/L,0.0628,0,,
16018401002,2021-08-17T15:30:00,CHLORIDE,124.0,mg/L,0.2627,0,,
16018401002,2021-08-17T15:30:00,CHROMIUM,1.0,µg/L,0.0622,0,,
16018401002,2021-08-17T15:30:00,COBALT,1.32,µg/L,0.0729,0,,
16018401002,2021-08-17T15:30:00,CONDUCTIVITY,777.0,µS/cm,0.6097,1,"rolling_mean_30, rolling_mean_14, rolling_mean_7","3.68, 3.67, 3.63"
16018401002,2021-08-17T15:30:00,COPPER,2.17,µg/L,0.0938,0,,
16018401002,2021-08-17T15:30:00,HARDNESS,222.0,mg/L,0.3477,0,,
16018401002,2021-08-17T15:30:00,IRON,89.9,µg/L,0.2522,0,,
16018401002,2021-08-17T15:30:00,LEAD,7.0,µg/L,0.0637,0,,
16018401002,2021-08-17T15:30:00,LITHIUM,5.0,µg/L,0.0637,0,,
16018401002,2021-08-17T15:30:00,MAGNESIUM,25.7,mg/L,0.1263,0,,
16018401002,2021-08-17T15:30:00,MANGANESE,17.3,µg/L,0.1424,0,,
16018401002,2021-08-17T15:30:00,MOLYBDENUM,2.0,µg/L,0.0614,0,,
16018401002,2021-08-17T15:30:00,NICKEL,2.0,µg/L,0.0742,0,,
16018401002,2021-08-17T15:30:00,NITRATE,2.3,mg/L,0.0812,0,,
16018401002,2021-08-17T15:30:00,NITROGEN; AMMONIA+AMMONIUM,0.03,mg/L,0.0991,0,,
16018401002,2021-08-17T15:30:00,NITROGEN; NITRATE+NITRITE,2.31,mg/L,0.0812,0,,
16018401002,2021-08-17T15:30:00,NITROGEN; NITRITE,0.013,mg/L,0.0969,0,,
16018401002,2021-08-17T15:30:00,NITROGEN; TOTAL,3.02,mg/L,0.1024,0,,
16018401002,2021-08-17T15:30:00,PH,8.75,,0.0756,0,,
16018401002,2021-08-17T15:30:00,PHOSPHORUS; PHOSPHATE,0.01,mg/L,0.0628,0,,
16018401002,2021-08-17T15:30:00,PHOSPHORUS; TOTAL,31.4,µg/L,0.1794,0,,
16018401002,2021-08-17T15:30:00,POTASSIUM,4.03,mg/L,0.0679,0,,
16018401002,2021-08-17T15:30:00,SILICON; REACTIVE SILICATE,1.99,mg/L,0.0747,0,,
16018401002,2021-08-17T15:30:00,SILVER,9.0,µg/L,0.0673,0,,
16018401002,2021-08-17T15:30:00,SODIUM,76.3,mg/L,0.1824,0,,
16018401002,2021-08-17T15:30:00,SOLIDS; SUSPENDED,10.3,mg/L,0.0845,0,,
16018401002,2021-08-17T15:30:00,STRONTIUM,387.0,µg/L,0.4448,0,,
16018401002,2021-08-17T15:30:00,TIN,9.0,µg/L,0.0673,0,,
16018401002,2021-08-17T15:30:00,TITANIUM,0.68,µg/L,0.0791,0,,
16018401002,2021-08-17T15:30:00,URANIUM,3.0,µg/L,0.0673,0,,
16018401002,2021-08-17T15:30:00,VANADIUM,1.13,µg/L,0.0758,0,,
16018401002,2021-08-17T15:30:00,ZINC,5.89,µg/L,0.135,0,,
16018401002,2021-08-17T15:30:00,ZIRCONIUM,1.0,µg/L,0.0622,0,,
16018401002,2021-09-14T16:32:00,ALKALINITY,154.0,mg/L as CaCO3,0.1947,0,,
16018401002,2021-09-14T16:32:00,ALUMINUM,54.0,µg/L,0.2308,0,,
16018401002,2021-09-14T16:32:00,BARIUM,33.6,µg/L,0.0601,0,,
16018401002,2021-09-14T16:32:00,BERYLLIUM,0.1,µg/L,0.0032,0,,
16018401002,2021-09-14T16:32:00,BISMUTH,5.0,µg/L,0.0035,0,,
16018401002,2021-09-14T16:32:00,CADMIUM,0.9,µg/L,0.0009,0,,
16018401002,2021-09-14T16:32:00,CALCIUM,48.9,mg/L,0.1047,0,,
16018401002,2021-09-14T16:32:00,CARBON; DISSOLVED INORGANIC,36.8,mg/L,0.0771,0,,
16018401002,2021-09-14T16:32:00,CARBON; DISSOLVED ORGANIC,5.09,mg/L,0.005,0,,
16018401002,2021-09-14T16:32:00,CHLORIDE,112.0,mg/L,0.1742,0,,
16018401002,2021-09-14T16:32:00,CHROMIUM,1.0,µg/L,0.0009,0,,
16018401002,2021-09-14T16:32:00,COBALT,1.51,µg/L,0.0213,0,,
16018401002,2021-09-14T16:32:00,CONDUCTIVITY,710.0,µS/cm,0.5567,0,,
16018401002,2021-09-14T16:32:00,COPPER,2.34,µg/L,0.0145,0,,
16018401002,2021-09-14T16:32:00,HARDNESS,214.0,mg/L,0.2573,0,,
16018401002,2021-09-14T16:32:00,IRON,106.0,µg/L,0.1719,0,,
16018401002,2021-09-14T16:32:00,LEAD,7.0,µg/L,0.0061,0,,
16018401002,2021-09-14T16:32:00,LITHIUM,5.08,µg/L,0.0611,0,,
16018401002,2021-09-14T16:32:00,MAGNESIUM,22.3,mg/L,0.0753,0,,
16018401002,2021-09-14T16:32:00,MANGANESE,12.6,µg/L,0.0751,0,,
16018401002,2021-09-14T16:32:00,MOLYBDENUM,2.0,µg/L,0.0013,0,,
16018401002,2021-09-14T16:32:00,NICKEL,2.0,µg/L,0.0175,0,,
16018401002,2021-09-14T16:32:00,NITRATE,2.73,mg/L,0.0199,0,,
16018401002,2021-09-14T16:32:00,NITROGEN; AMMONIA+AMMONIUM,0.03,mg/L,0.0227,0,,
16018401002,2021-09-14T16:32:00,NITROGEN; NITRATE+NITRITE,2.75,mg/L,0.0199,0,,
16018401002,2021-09-14T16:32:00,NITROGEN; NITRITE,0.02,mg/L,0.0105,0,,
16018401002,2021-09-14T16:32:00,NITROGEN; TOTAL,3.21,mg/L,0.0327,0,,
16018401002,2021-09-14T16:32:00,PH,8.72,,0.0163,0,,
16018401002,2021-09-14T16:32:00,PHOSPHORUS; PHOSPHATE,0.009,mg/L,0.0058,0,,
16018401002,2021-09-14T16:32:00,PHOSPHORUS; TOTAL,31.1,µg/L,0.0904,0,,
16018401002,2021-09-14T16:32:00,POTASSIUM,3.79,mg/L,0.0063,0,,
16018401002,2021-09-14T16:32:00,SILICON; REACTIVE SILICATE,1.47,mg/L,0.0118,0,,
16018401002,2021-09-14T16:32:00,SILVER,9.0,µg/L,0.0087,0,,
16018401002,2021-09-14T16:32:00,SODIUM,66.9,mg/L,0.1161,0,,
16018401002,2021-09-14T16:32:00,SOLIDS; SUSPENDED,6.99,mg/L,0.038,0,,
16018401002,2021-09-14T16:32:00,STRONTIUM,347.0,µg/L,0.3762,0,,
16018401002,2021-09-14T16:32:00,TIN,9.0,µg/L,0.0087,0,,
16018401002,2021-09-14T16:32:00,TITANIUM,1.63,µg/L,0.0177,0,,
16018401002,2021-09-14T16:32:00,URANIUM,3.06,µg/L,0.0085,0,,
16018401002,2021-09-14T16:32:00,VANADIUM,0.94,µg/L,0.0064,0,,
16018401002,2021-09-14T16:32:00,ZINC,10.2,µg/L,0.05,0,,
16018401002,2021-09-14T16:32:00,ZIRCONIUM,1.0,µg/L,0.0009,0,,
16018401002,2021-10-18T08:52:00,ALKALINITY,210.0,mg/L as CaCO3,0.2902,0,,
16018401002,2021-10-18T08:52:00,ALUMINUM,51.0,µg/L,0.175,0,,
16018401002,2021-10-18T08:52:00,BARIUM,33.6,µg/L,0.0589,0,,
16018401002,2021-10-18T08:52:00,BERYLLIUM,0.1,µg/L,0.0071,0,,
16018401002,2021-10-18T08:52:00,BISMUTH,5.0,µg/L,0.0073,0,,
16018401002,2021-10-18T08:52:00,CADMIUM,0.9,µg/L,0.0048,0,,
16018401002,2021-10-18T08:52:00,CALCIUM,65.8,mg/L,0.1417,0,,
16018401002,2021-10-18T08:52:00,CARBON; DISSOLVED INORGANIC,52.7,mg/L,0.1344,0,,
16018401002,2021-10-18T08:52:00,CARBON; DISSOLVED ORGANIC,6.61,mg/L,0.0608,0,,
16018401002,2021-10-18T08:52:00,CHLORIDE,102.0,mg/L,0.1715,0,,
16018401002,2021-10-18T08:52:00,CHROMIUM,1.0,µg/L,0.0048,0,,
16018401002,2021-10-18T08:52:00,COBALT,1.08,µg/L,0.0188,0,,
16018401002,2021-10-18T08:52:00,CONDUCTIVITY,792.0,µS/cm,0.5325,0,,
16018401002,2021-10-18T08:52:00,COPPER,2.53,µg/L,0.011,0,,
16018401002,2021-10-18T08:52:00,HARDNESS,268.0,mg/L,0.3132,0,,
16018401002,2021-10-18T08:52:00,IRON,79.2,µg/L,0.1867,0,,
16018401002,2021-10-18T08:52:00,LEAD,7.0,µg/L,0.01,0,,
16018401002,2021-10-18T08:52:00,LITHIUM,5.0,µg/L,0.0085,0,,
16018401002,2021-10-18T08:52:00,MAGNESIUM,25.2,mg/L,0.0703,0,,
16018401002,2021-10-18T08:52:00,MANGANESE,8.94,µg/L,0.0781,0,,
16018401002,2021-10-18T08:52:00,MOLYBDENUM,2.0,µg/L,0.0052,0,,
16018401002,2021-10-18T08:52:00,NICKEL,2.0,µg/L,0.0208,0,,
16018401002,2021-10-18T08:52:00,NITRATE,3.03,mg/L,0.0147,0,,
16018401002,2021-10-18T08:52:00,NITROGEN; AMMONIA+AMMONIUM,0.02,mg/L,0.039,0,,
16018401002,2021-10-18T08:52:00,NITROGEN; NITRATE+NITRITE,3.05,mg/L,0.0147,0,,
16018401002,2021-10-18T08:52:00,NITROGEN; NITRITE,0.014,mg/L,0.0212,0,,
16018401002,2021-10-18T08:52:00,NITROGEN; TOTAL,4.39,mg/L,0.0168,0,,
16018401002,2021-10-18T08:52:00,PH,8.23,,0.0812,0,,
16018401002,2021-10-18T08:52:00,PHOSPHORUS; TOTAL,26.4,µg/L,0.1114,0,,
16018401002,2021-10-18T08:52:00,POTASSIUM,4.06,mg/L,0.0141,0,,
16018401002,2021-10-18T08:52:00,SILICON; REACTIVE SILICATE,1.94,mg/L,0.0177,0,,
16018401002,2021-10-18T08:52:00,SILVER,9.0,µg/L,0.0119,0,,
16018401002,2021-10-18T08:52:00,SODIUM,61.9,mg/L,0.1208,0,,
16018401002,2021-10-18T08:52:00,SOLIDS; DISSOLVED,515.0,mg/L,0.5175,0,,
16018401002,2021-10-18T08:52:00,SOLIDS; SUSPENDED,2.6,mg/L,0.0697,0,,
16018401002,2021-10-18T08:52:00,SOLIDS; TOTAL,517.0,mg/L,0.5246,0,,
16018401002,2021-10-18T08:52:00,STRONTIUM,342.0,µg/L,0.3495,0,,
16018401002,2021-10-18T08:52:00,TIN,9.0,µg/L,0.0119,0,,
16018401002,2021-10-18T08:52:00,TITANIUM,1.64,µg/L,0.0155,0,,
16018401002,2021-10-18T08:52:00,URANIUM,3.42,µg/L,0.0098,0,,
16018401002,2021-10-18T08:52:00,VANADIUM,0.87,µg/L,0.0075,0,,
16018401002,2021-10-18T08:52:00,ZINC,4.56,µg/L,0.0733,0,,
16018401002,2021-10-18T08:52:00,ZIRCONIUM,1.0,µg/L,0.0048,0,,
16018401002,2021-11-18T16:20:00,ALKALINITY,263.0,mg/L as CaCO3,0.3402,0,,
16018401002,2021-11-18T16:20:00,ALUMINUM,49.8,µg/L,0.1443,0,,
16018401002,2021-11-18T16:20:00,BARIUM,35.4,µg/L,0.0822,0,,
16018401002,2021-11-18T16:20:00,BERYLLIUM,0.1,µg/L,0.006,0,,
16018401002,2021-11-18T16:20:00,BISMUTH,5.0,µg/L,0.0062,0,,
16018401002,2021-11-18T16:20:00,CADMIUM,0.9,µg/L,0.0037,0,,
16018401002,2021-11-18T16:20:00,CALCIUM,84.9,mg/L,0.1829,0,,
16018401002,2021-11-18T16:20:00,CARBON; DISSOLVED INORGANIC,61.4,mg/L,0.1337,0,,
16018401002,2021-11-18T16:20:00,CARBON; DISSOLVED ORGANIC,6.1,mg/L,0.0242,0,,
16018401002,2021-11-18T16:20:00,CHLORIDE,97.7,mg/L,0.1632,0,,
16018401002,2021-11-18T16:20:00,CHROMIUM,1.0,µg/L,0.0037,0,,
16018401002,2021-11-18T16:20:00,COBALT,1.0,µg/L,0.0158,0,,
16018401002,2021-11-18T16:20:00,CONDUCTIVITY,874.0,µS/cm,0.5546,0,,
16018401002,2021-11-18T16:20:00,COPPER,2.78,µg/L,0.0073,0,,
16018401002,2021-11-18T16:20:00,HARDNESS,329.0,mg/L,0.3951,0,,
16018401002,2021-11-18T16:20:00,IRON,88.5,µg/L,0.1468,0,,
16018401002,2021-11-18T16:20:00,LEAD,7.0,µg/L,0.0089,0,,
16018401002,2021-11-18T16:20:00,LITHIUM,6.54,µg/L,0.0853,0,,
16018401002,2021-11-18T16:20:00,MAGNESIUM,28.3,mg/L,0.0968,0,,
16018401002,2021-11-18T16:20:00,MANGANESE,7.67,µg/L,0.0667,0,,
16018401002,2021-11-18T16:20:00,MOLYBDENUM,2.0,µg/L,0.0041,0,,
16018401002,2021-11-18T16:20:00,NICKEL,2.0,µg/L,0.0174,0,,
16018401002,2021-11-18T16:20:00,NITRATE,5.46,mg/L,0.0358,0,,
16018401002,2021-11-18T16:20:00,NITROGEN; AMMONIA+AMMONIUM,0.02,mg/L,0.0329,0,,
16018401002,2021-11-18T16:20:00,NITROGEN; NITRATE+NITRITE,5.47,mg/L,0.0349,0,,
16018401002,2021-11-18T16:20:00,NITROGEN; NITRITE,0.016,mg/L,0.0159,0,,
16018401002,2021-11-18T16:20:00,NITROGEN; TOTAL,6.52,mg/L,0.0359,0,,
16018401002,2021-11-18T16:20:00,PH,8.35,,0.0364,0,,
16018401002,2021-11-18T16:20:00,PHOSPHORUS; PHOSPHATE,0.005,mg/L,0.081,0,,
16018401002,2021-11-18T16:20:00,PHOSPHORUS; TOTAL,21.9,µg/L,0.1091,0,,
16018401002,2021-11-18T16:20:00,POTASSIUM,3.99,mg/L,0.0111,0,,
16018401002,2021-11-18T16:20:00,SILICON; REACTIVE SILICATE,1.03,mg/L,0.0218,0,,
16018401002,2021-11-18T16:20:00,SILVER,9.0,µg/L,0.0112,0,,
16018401002,2021-11-18T16:20:00,SODIUM,57.6,mg/L,0.1171,0,,
16018401002,2021-11-18T16:20:00,SOLIDS; DISSOLVED,540.0,mg/L,0.4038,0,,
16018401002,2021-11-18T16:20:00,SOLIDS; SUSPENDED,2.16,mg/L,0.0504,0,,
16018401002,2021-11-18T16:20:00,SOLIDS; TOTAL,542.0,mg/L,0.4104,0,,
16018401002,2021-11-18T16:20:00,STRONTIUM,382.0,µg/L,0.3644,0,,
16018401002,2021-11-18T16:20:00,TIN,9.0,µg/L,0.0112,0,,
16018401002,2021-11-18T16:20:00,TITANIUM,1.25,µg/L,0.0104,0,,
16018401002,2021-11-18T16:20:00,URANIUM,3.18,µg/L,0.008,0,,
16018401002,2021-11-18T16:20:00,VANADIUM,0.5,µg/L,0.0451,0,,
16018401002,2021-11-18T16:20:00,ZINC,3.55,µg/L,0.0584,0,,
16018401002,2021-11-18T16:20:00,ZIRCONIUM,1.0,µg/L,0.0037,0,,
16018401002,2022-04-12T13:22:00,ALKALINITY,209.0,mg/L as CaCO3,0.4265,0,,
16018401002,2022-04-12T13:22:00,ALUMINUM,59.0,µg/L,0.2994,0,,
16018401002,2022-04-12T13:22:00,BARIUM,26.0,µg/L,0.2709,0,,
16018401002,2022-04-12T13:22:00,BERYLLIUM,0.1,µg/L,0.126,0,,
16018401002,2022-04-12T13:22:00,BISMUTH,5.0,µg/L,0.1245,0,,
16018401002,2022-04-12T13:22:00,CADMIUM,0.9,µg/L,0.1261,0,,
16018401002,2022-04-12T13:22:00,CALCIUM,67.7,mg/L,0.2636,0,,
16018401002,2022-04-12T13:22:00,CARBON; DISSOLVED INORGANIC,49.1,mg/L,0.2525,0,,
16018401002,2022-04-12T13:22:00,CARBON; DISSOLVED ORGANIC,4.79,mg/L,0.1487,0,,
16018401002,2022-04-12T13:22:00,CHLORIDE,82.4,mg/L,0.3667,0,,
16018401002,2022-04-12T13:22:00,CHROMIUM,1.0,µg/L,0.1261,0,,
16018401002,2022-04-12T13:22:00,COBALT,1.0,µg/L,0.1434,0,,
16018401002,2022-04-12T13:22:00,CONDUCTIVITY,695.0,µS/cm,0.6816,1,"rolling_mean_30, rolling_mean_14, rolling_mean_7","3.57, 3.56, 3.47"
16018401002,2022-04-12T13:22:00,COPPER,1.23,µg/L,0.1959,0,,
16018401002,2022-04-12T13:22:00,HARDNESS,255.0,mg/L,0.4578,0,,
16018401002,2022-04-12T13:22:00,IRON,85.7,µg/L,0.3005,0,,
16018401002,2022-04-12T13:22:00,LEAD,7.0,µg/L,0.1242,0,,
16018401002,2022-04-12T13:22:00,LITHIUM,5.0,µg/L,0.1256,0,,
16018401002,2022-04-12T13:22:00,MAGNESIUM,20.9,mg/L,0.2249,0,,
16018401002,2022-04-12T13:22:00,MANGANESE,13.5,µg/L,0.1871,0,,
16018401002,2022-04-12T13:22:00,MOLYBDENUM,2.0,µg/L,0.1255,0,,
16018401002,2022-04-12T13:22:00,NICKEL,2.0,µg/L,0.1325,0,,
16018401002,2022-04-12T13:22:00,NITRATE,4.11,mg/L,0.1325,0,,
16018401002,2022-04-12T13:22:00,NITROGEN; AMMONIA+AMMONIUM,0.03,mg/L,0.1245,0,,
16018401002,2022-04-12T13:22:00,NITROGEN; NITRATE+NITRITE,4.13,mg/L,0.1325,0,,
16018401002,2022-04-12T13:22:00,NITROGEN; NITRITE,0.021,mg/L,0.1233,0,,
16018401002,2022-04-12T13:22:00,NITROGEN; TOTAL,4.91,mg/L,0.1346,0,,
16018401002,2022-04-12T13:22:00,PH,8.28,,0.1629,0,,
16018401002,2022-04-12T13:22:00,PHOSPHORUS; PHOSPHATE,0.011,mg/L,0.1248,0,,
16018401002,2022-04-12T13:22:00,PHOSPHORUS; TOTAL,31.0,µg/L,0.2323,0,,
16018401002,2022-04-12T13:22:00,POTASSIUM,2.72,mg/L,0.1989,0,,
16018401002,2022-04-12T13:22:00,SILICON; REACTIVE SILICATE,0.84,mg/L,0.1414,0,,
16018401002,2022-04-12T13:22:00,SILVER,9.0,µg/L,0.1309,0,,
16018401002,2022-04-12T13:22:00,SODIUM,45.5,mg/L,0.2798,0,,
16018401002,2022-04-12T13:22:00,SOLIDS; DISSOLVED,452.0,mg/L,0.5976,1,"time_gap_days, rolling_mean_30, rolling_mean_14","2.59, 2.19, 2.18"
16018401002,2022-04-12T13:22:00,SOLIDS; SUSPENDED,4.65,mg/L,0.1551,0,,
16018401002,2022-04-12T13:22:00,SOLIDS; TOTAL,456.0,mg/L,0.6024,1,"time_gap_days, rolling_mean_30, rolling_mean_14","2.59, 2.21, 2.21"
16018401002,2022-04-12T13:22:00,STRONTIUM,252.0,µg/L,0.5723,0,,
16018401002,2022-04-12T13:22:00,TIN,9.0,µg/L,0.1309,0,,
16018401002,2022-04-12T13:22:00,TITANIUM,1.75,µg/L,0.1341,0,,
16018401002,2022-04-12T13:22:00,URANIUM,3.76,µg/L,0.1303,0,,
16018401002,2022-04-12T13:22:00,VANADIUM,0.5,µg/L,0.1588,0,,
16018401002,2022-04-12T13:22:00,ZINC,8.89,µg/L,0.1693,0,,
16018401002,2022-04-12T13:22:00,ZIRCONIUM,1.0,µg/L,0.1261,0,,
16018401002,2022-05-10T16:32:00,ALKALINITY,219.0,mg/L as CaCO3,0.2434,0,,
16018401002,2022-05-10T16:32:00,ALUMINUM,35.0,µg/L,0.1816,0,,
16018401002,2022-05-10T16:32:00,BARIUM,36.0,µg/L,0.0949,0,,
16018401002,2022-05-10T16:32:00,BERYLLIUM,0.1,µg/L,0.0032,0,,
16018401002,2022-05-10T16:32:00,BISMUTH,5.0,µg/L,0.0035,0,,
16018401002,2022-05-10T16:32:00,CADMIUM,0.9,µg/L,0.0009,0,,
16018401002,2022-05-10T16:32:00,CALCIUM,69.3,mg/L,0.0991,0,,
16018401002,2022-05-10T16:32:00,CARBON; DISSOLVED INORGANIC,51.0,mg/L,0.0802,0,,
16018401002,2022-05-10T16:32:00,CARBON; DISSOLVED ORGANIC,5.73,mg/L,0.015,0,,
16018401002,2022-05-10T16:32:00,CHLORIDE,115.0,mg/L,0.2149,0,,
16018401002,2022-05-10T16:32:00,CHROMIUM,1.0,µg/L,0.0009,0,,
16018401002,2022-05-10T16:32:00,COBALT,1.0,µg/L,0.0118,0,,
16018401002,2022-05-10T16:32:00,CONDUCTIVITY,820.0,µS/cm,0.5493,0,,
16018401002,2022-05-10T16:32:00,COPPER,1.07,µg/L,0.0403,0,,
16018401002,2022-05-10T16:32:00,HARDNESS,279.0,mg/L,0.2953,0,,
16018401002,2022-05-10T16:32:00,IRON,76.1,µg/L,0.1523,0,,
16018401002,2022-05-10T16:32:00,LEAD,7.0,µg/L,0.0061,0,,
16018401002,2022-05-10T16:32:00,LITHIUM,5.0,µg/L,0.0049,0,,
16018401002,2022-05-10T16:32:00,MAGNESIUM,25.7,mg/L,0.0605,0,,
16018401002,2022-05-10T16:32:00,MANGANESE,19.9,µg/L,0.0808,0,,
16018401002,2022-05-10T16:32:00,MOLYBDENUM,2.0,µg/L,0.0013,0,,
16018401002,2022-05-10T16:32:00,NICKEL,2.0,µg/L,0.0101,0,,
16018401002,2022-05-10T16:32:00,NITRATE,3.54,mg/L,0.0059,0,,
16018401002,2022-05-10T16:32:00,NITROGEN; AMMONIA+AMMONIUM,0.04,mg/L,0.0071,0,,
16018401002,2022-05-10T16:32:00,NITROGEN; NITRATE+NITRITE,3.58,mg/L,0.0059,0,,
16018401002,2022-05-10T16:32:00,NITROGEN; NITRITE,0.035,mg/L,0.0279,0,,
16018401002,2022-05-10T16:32:00,NITROGEN; TOTAL,4.57,mg/L,0.0054,0,,
16018401002,2022-05-10T16:32:00,PH,8.33,,0.0224,0,,
16018401002,2022-05-10T16:32:00,PHOSPHORUS; PHOSPHATE,0.011,mg/L,0.0071,0,,
16018401002,2022-05-10T16:32:00,PHOSPHORUS; TOTAL,29.4,µg/L,0.0776,0,,
16018401002,2022-05-10T16:32:00,POTASSIUM,3.22,mg/L,0.0195,0,,
16018401002,2022-05-10T16:32:00,SILICON; REACTIVE SILICATE,0.11,mg/L,0.0403,0,,
16018401002,2022-05-10T16:32:00,SILVER,9.0,µg/L,0.0087,0,,
16018401002,2022-05-10T16:32:00,SODIUM,70.1,mg/L,0.1594,0,,
16018401002,2022-05-10T16:32:00,SOLIDS; DISSOLVED,580.0,mg/L,0.497,0,,
16018401002,2022-05-10T16:32:00,SOLIDS; SUSPENDED,5.64,mg/L,0.0218,0,,
16018401002,2022-05-10T16:32:00,SOLIDS; TOTAL,586.0,mg/L,0.4982,0,,
16018401002,2022-05-10T16:32:00,STRONTIUM,359.0,µg/L,0.4153,0,,
16018401002,2022-05-10T16:32:00,TIN,9.0,µg/L,0.0087,0,,
16018401002,2022-05-10T16:32:00,TITANIUM,0.77,µg/L,0.021,0,,
16018401002,2022-05-10T16:32:00,URANIUM,3.85,µg/L,0.0117,0,,
16018401002,2022-05-10T16:32:00,VANADIUM,0.5,µg/L,0.0247,0,,
16018401002,2022-05-10T16:32:00,ZINC,11.9,µg/L,0.0538,0,,
16018401002,2022-05-10T16:32:00,ZIRCONIUM,1.0,µg/L,0.0009,0,,
16018401002,2022-06-14T13:30:00,ALKALINITY,191.0,mg/L as CaCO3,0.263,0,,
16018401002,2022-06-14T13:30:00,ALUMINUM,34.9,µg/L,0.1259,0,,
16018401002,2022-06-14T13:30:00,BARIUM,34.0,µg/L,0.0694,0,,
16018401002,2022-06-14T13:30:00,BERYLLIUM,0.1,µg/L,0.0118,0,,
16018401002,2022-06-14T13:30:00,BISMUTH,5.0,µg/L,0.0109,0,,
16018401002,2022-06-14T13:30:00,CADMIUM,1.1,µg/L,0.1067,0,,
16018401002,2022-06-14T13:30:00,CALCIUM,64.3,mg/L,0.1147,0,,
16018401002,2022-06-14T13:30:00,CARBON; DISSOLVED INORGANIC,43.2,mg/L,0.096,0,,
16018401002,2022-06-14T13:30:00,CARBON; DISSOLVED ORGANIC,5.44,mg/L,0.0136,0,,
16018401002,2022-06-14T13:30:00,CHLORIDE,123.0,mg/L,0.1711,0,,
16018401002,2022-06-14T13:30:00,CHROMIUM,1.0,µg/L,0.0091,0,,
16018401002,2022-06-14T13:30:00,COBALT,1.0,µg/L,0.0197,0,,
16018401002,2022-06-14T13:30:00,CONDUCTIVITY,817.0,µS/cm,0.5113,0,,
16018401002,2022-06-14T13:30:00,COPPER,1.12,µg/L,0.0411,0,,
16018401002,2022-06-14T13:30:00,HARDNESS,264.0,mg/L,0.2869,0,,
16018401002,2022-06-14T13:30:00,IRON,64.0,µg/L,0.1594,0,,
16018401002,2022-06-14T13:30:00,LEAD,7.0,µg/L,0.0136,0,,
16018401002,2022-06-14T13:30:00,LITHIUM,5.0,µg/L,0.0106,0,,
16018401002,2022-06-14T13:30:00,MAGNESIUM,25.0,mg/L,0.0538,0,,
16018401002,2022-06-14T13:30:00,MANGANESE,14.7,µg/L,0.074,0,,
16018401002,2022-06-14T13:30:00,MOLYBDENUM,2.0,µg/L,0.0083,0,,
16018401002,2022-06-14T13:30:00,NICKEL,2.0,µg/L,0.0143,0,,
16018401002,2022-06-14T13:30:00,NITRATE,4.03,mg/L,0.0147,0,,
16018401002,2022-06-14T13:30:00,NITROGEN; AMMONIA+AMMONIUM,0.05,mg/L,0.0262,0,,
16018401002,2022-06-14T13:30:00,NITROGEN; NITRATE+NITRITE,4.07,mg/L,0.0147,0,,
16018401002,2022-06-14T13:30:00,NITROGEN; NITRITE,0.031,mg/L,0.0207,0,,
16018401002,2022-06-14T13:30:00,NITROGEN; TOTAL,5.45,mg/L,0.018,0,,
16018401002,2022-06-14T13:30:00,PH,8.4,,0.0243,0,,
16018401002,2022-06-14T13:30:00,PHOSPHORUS; PHOSPHATE,0.013,mg/L,0.0193,0,,
16018401002,2022-06-14T13:30:00,PHOSPHORUS; TOTAL,30.6,µg/L,0.0792,0,,
16018401002,2022-06-14T13:30:00,POTASSIUM,3.79,mg/L,0.019,0,,
16018401002,2022-06-14T13:30:00,SILICON; REACTIVE SILICATE,1.39,mg/L,0.0251,0,,
16018401002,2022-06-14T13:30:00,SILVER,9.0,µg/L,0.0155,0,,
16018401002,2022-06-14T13:30:00,SODIUM,74.0,mg/L,0.1105,0,,
16018401002,2022-06-14T13:30:00,SOLIDS; DISSOLVED,565.0,mg/L,0.4309,0,,
16018401002,2022-06-14T13:30:00,SOLIDS; SUSPENDED,4.43,mg/L,0.0371,0,,
16018401002,2022-06-14T13:30:00,SOLIDS; TOTAL,569.0,mg/L,0.4331,0,,
16018401002,2022-06-14T13:30:00,STRONTIUM,375.0,µg/L,0.3519,0,,
16018401002,2022-06-14T13:30:00,TIN,9.0,µg/L,0.0155,0,,
16018401002,2022-06-14T13:30:00,TITANIUM,0.86,µg/L,0.0192,0,,
16018401002,2022-06-14T13:30:00,URANIUM,3.77,µg/L,0.0164,0,,
16018401002,2022-06-14T13:30:00,VANADIUM,0.53,µg/L,0.0233,0,,
16018401002,2022-06-14T13:30:00,ZINC,10.5,µg/L,0.0469,0,,
16018401002,2022-06-14T13:30:00,ZIRCONIUM,1.0,µg/L,0.0091,0,,
16018401002,2022-07-12T15:23:00,ALKALINITY,151.0,mg/L as CaCO3,0.2829,0,,
16018401002,2022-07-12T15:23:00,ALUMINUM,35.7,µg/L,0.1151,0,,
16018401002,2022-07-12T15:23:00,BARIUM,28.9,µg/L,0.0913,0,,
16018401002,2022-07-12T15:23:00,BERYLLIUM,0.1,µg/L,0.0032,0,,
16018401002,2022-07-12T15:23:00,BISMUTH,5.0,µg/L,0.0035,0,,
16018401002,2022-07-12T15:23:00,CADMIUM,0.9,µg/L,0.0063,0,,
16018401002,2022-07-12T15:23:00,CALCIUM,47.2,mg/L,0.1405,0,,
16018401002,2022-07-12T15:23:00,CARBON; DISSOLVED INORGANIC,33.6,mg/L,0.1198,0,,
16018401002,2022-07-12T15:23:00,CARBON; DISSOLVED ORGANIC,5.2,mg/L,0.0092,0,,
16018401002,2022-07-12T15:23:00,CHLORIDE,141.0,mg/L,0.208,0,,
16018401002,2022-07-12T15:23:00,CHROMIUM,1.0,µg/L,0.0009,0,,
16018401002,2022-07-12T15:23:00,COBALT,1.0,µg/L,0.0129,0,,
16018401002,2022-07-12T15:23:00,CONDUCTIVITY,814.0,µS/cm,0.508,0,,
16018401002,2022-07-12T15:23:00,COPPER,1.31,µg/L,0.0181,0,,
16018401002,2022-07-12T15:23:00,HARDNESS,220.0,mg/L,0.3305,0,,
16018401002,2022-07-12T15:23:00,IRON,72.3,µg/L,0.1339,0,,
16018401002,2022-07-12T15:23:00,LEAD,7.0,µg/L,0.0061,0,,
16018401002,2022-07-12T15:23:00,LITHIUM,5.0,µg/L,0.004,0,,
16018401002,2022-07-12T15:23:00,MAGNESIUM,24.7,mg/L,0.0474,0,,
16018401002,2022-07-12T15:23:00,MANGANESE,17.3,µg/L,0.0596,0,,
16018401002,2022-07-12T15:23:00,MOLYBDENUM,2.0,µg/L,0.0013,0,,
16018401002,2022-07-12T15:23:00,NICKEL,2.0,µg/L,0.0076,0,,
16018401002,2022-07-12T15:23:00,NITRATE,2.93,mg/L,0.0201,0,,
16018401002,2022-07-12T15:23:00,NITROGEN; AMMONIA+AMMONIUM,0.05,mg/L,0.0162,0,,
16018401002,2022-07-12T15:23:00,NITROGEN; NITRATE+NITRITE,2.95,mg/L,0.0201,0,,
16018401002,2022-07-12T15:23:00,NITROGEN; NITRITE,0.017,mg/L,0.0148,0,,
16018401002,2022-07-12T15:23:00,NITROGEN; TOTAL,4.12,mg/L,0.0216,0,,
16018401002,2022-07-12T15:23:00,PH,8.55,,0.013,0,,
16018401002,2022-07-12T15:23:00,PHOSPHORUS; PHOSPHATE,0.014,mg/L,0.0116,0,,
16018401002,2022-07-12T15:23:00,PHOSPHORUS; TOTAL,30.1,µg/L,0.0667,0,,
16018401002,2022-07-12T15:23:00,POTASSIUM,4.48,mg/L,0.0415,0,,
16018401002,2022-07-12T15:23:00,SILICON; REACTIVE SILICATE,1.59,mg/L,0.0102,0,,
16018401002,2022-07-12T15:23:00,SILVER,9.0,µg/L,0.0087,0,,
16018401002,2022-07-12T15:23:00,SODIUM,80.0,mg/L,0.1209,0,,
16018401002,2022-07-12T15:23:00,SOLIDS; SUSPENDED,7.59,mg/L,0.0374,0,,
16018401002,2022-07-12T15:23:00,STRONTIUM,396.0,µg/L,0.3583,0,,
16018401002,2022-07-12T15:23:00,TIN,9.0,µg/L,0.0087,0,,
16018401002,2022-07-12T15:23:00,TITANIUM,0.98,µg/L,0.0071,0,,
16018401002,2022-07-12T15:23:00,URANIUM,4.62,µg/L,0.0227,0,,
16018401002,2022-07-12T15:23:00,VANADIUM,0.64,µg/L,0.0082,0,,
16018401002,2022-07-12T15:23:00,ZINC,20.8,µg/L,0.1287,0,,
16018401002,2022-07-12T15:23:00,ZIRCONIUM,1.0,µg/L,0.0009,0,,
16018401002,2022-08-24T14:48:00,ALKALINITY,153.0,mg/L as CaCO3,0.3325,0,,
16018401002,2022-08-24T14:48:00,ALUMINUM,21.3,µg/L,0.2305,0,,
16018401002,2022-08-24T14:48:00,BARIUM,32.6,µg/L,0.1242,0,,
16018401002,2022-08-24T14:48:00,BERYLLIUM,0.1,µg/L,0.0615,0,,
16018401002,2022-08-24T14:48:00,BISMUTH,5.0,µg/L,0.0619,0,,
16018401002,2022-08-24T14:48:00,CADMIUM,0.9,µg/L,0.0574,0,,
16018401002,2022-08-24T14:48:00,CALCIUM,44.7,mg/L,0.1977,0,,
16018401002,2022-08-24T14:48:00,CARBON; DISSOLVED INORGANIC,33.4,mg/L,0.1761,0,,
16018401002,2022-08-24T14:48:00,CARBON; DISSOLVED ORGANIC,5.34,mg/L,0.0632,0,,
16018401002,2022-08-24T14:48:00,CHLORIDE,118.0,mg/L,0.28,0,,
16018401002,2022-08-24T14:48:00,CHROMIUM,1.0,µg/L,0.0596,0,,
16018401002,2022-08-24T14:48:00,COBALT,1.0,µg/L,0.0646,0,,
16018401002,2022-08-24T14:48:00,CONDUCTIVITY,728.0,µS/cm,0.6141,1,"rolling_mean_30, rolling_mean_14, rolling_mean_7","3.57, 3.56, 3.51"
16018401002,2022-08-24T14:48:00,COPPER,1.13,µg/L,0.084,0,,
16018401002,2022-08-24T14:48:00,HARDNESS,210.0,mg/L,0.3797,0,,
16018401002,2022-08-24T14:48:00,IRON,60.4,µg/L,0.2334,0,,
16018401002,2022-08-24T14:48:00,LEAD,7.0,µg/L,0.062,0,,
16018401002,2022-08-24T14:48:00,LITHIUM,5.0,µg/L,0.061,0,,
16018401002,2022-08-24T14:48:00,MAGNESIUM,23.9,mg/L,0.0972,0,,
16018401002,2022-08-24T14:48:00,MANGANESE,10.2,µg/L,0.1272,0,,
16018401002,2022-08-24T14:48:00,MOLYBDENUM,2.0,µg/L,0.0594,0,,
16018401002,2022-08-24T14:48:00,NICKEL,2.0,µg/L,0.0625,0,,
16018401002,2022-08-24T14:48:00,NITRATE,2.34,mg/L,0.078,0,,
16018401002,2022-08-24T14:48:00,NITROGEN; AMMONIA+AMMONIUM,0.02,mg/L,0.0972,0,,
16018401002,2022-08-24T14:48:00,NITROGEN; NITRATE+NITRITE,2.35,mg/L,0.081,0,,
16018401002,2022-08-24T14:48:00,NITROGEN; NITRITE,0.012,mg/L,0.0931,0,,
16018401002,2022-08-24T14:48:00,NITROGEN; TOTAL,3.54,mg/L,0.0861,0,,
16018401002,2022-08-24T14:48:00,PH,8.56,,0.0678,0,,
16018401002,2022-08-24T14:48:00,PHOSPHORUS; PHOSPHATE,0.014,mg/L,0.0689,0,,
16018401002,2022-08-24T14:48:00,PHOSPHORUS; TOTAL,21.9,µg/L,0.1722,0,,
16018401002,2022-08-24T14:48:00,POTASSIUM,3.94,mg/L,0.0661,0,,
16018401002,2022-08-24T14:48:00,SILICON; REACTIVE SILICATE,1.39,mg/L,0.0627,0,,
16018401002,2022-08-24T14:48:00,SILVER,9.0,µg/L,0.0656,0,,
16018401002,2022-08-24T14:48:00,SODIUM,69.8,mg/L,0.1849,0,,
16018401002,2022-08-24T14:48:00,SOLIDS; SUSPENDED,4.81,mg/L,0.085,0,,
16018401002,2022-08-24T14:48:00,STRONTIUM,361.0,µg/L,0.4405,0,,
16018401002,2022-08-24T14:48:00,TIN,9.0,µg/L,0.0656,0,,
16018401002,2022-08-24T14:48:00,TITANIUM,0.5,µg/L,0.0759,0,,
16018401002,2022-08-24T14:48:00,URANIUM,4.12,µg/L,0.0675,0,,
16018401002,2022-08-24T14:48:00,VANADIUM,0.69,µg/L,0.0595,0,,
16018401002,2022-08-24T14:48:00,ZINC,9.26,µg/L,0.1257,0,,
16018401002,2022-08-24T14:48:00,ZIRCONIUM,1.0,µg/L,0.0596,0,,
16018401002,2022-09-26T14:44:00,ALKALINITY,175.0,mg/L as CaCO3,0.2459,0,,
16018401002,2022-09-26T14:44:00,ALUMINUM,20.0,µg/L,0.1237,0,,
16018401002,2022-09-26T14:44:00,BARIUM,30.4,µg/L,0.069,0,,
16018401002,2022-09-26T14:44:00,BERYLLIUM,0.1,µg/L,0.0062,0,,
16018401002,2022-09-26T14:44:00,BISMUTH,5.0,µg/L,0.0065,0,,
16018401002,2022-09-26T14:44:00,CADMIUM,0.9,µg/L,0.0019,0,,
16018401002,2022-09-26T14:44:00,CALCIUM,51.7,mg/L,0.1115,0,,
16018401002,2022-09-26T14:44:00,CARBON; DISSOLVED INORGANIC,39.0,mg/L,0.0791,0,,
16018401002,2022-09-26T14:44:00,CARBON; DISSOLVED ORGANIC,5.08,mg/L,0.0197,0,,
16018401002,2022-09-26T14:44:00,CHLORIDE,120.0,mg/L,0.1666,0,,
16018401002,2022-09-26T14:44:00,CHROMIUM,1.0,µg/L,0.004,0,,
16018401002,2022-09-26T14:44:00,COBALT,1.0,µg/L,0.01,0,,
16018401002,2022-09-26T14:44:00,CONDUCTIVITY,800.0,µS/cm,0.5238,0,,
16018401002,2022-09-26T14:44:00,COPPER,0.77,µg/L,0.0377,0,,
16018401002,2022-09-26T14:44:00,HARDNESS,233.0,mg/L,0.2954,0,,
16018401002,2022-09-26T14:44:00,IRON,71.3,µg/L,0.1468,0,,
16018401002,2022-09-26T14:44:00,LEAD,7.0,µg/L,0.0092,0,,
16018401002,2022-09-26T14:44:00,LITHIUM,5.0,µg/L,0.0051,0,,
16018401002,2022-09-26T14:44:00,MAGNESIUM,25.3,mg/L,0.0523,0,,
16018401002,2022-09-26T14:44:00,MANGANESE,10.6,µg/L,0.0538,0,,
16018401002,2022-09-26T14:44:00,MOLYBDENUM,2.0,µg/L,0.0044,0,,
16018401002,2022-09-26T14:44:00,NICKEL,2.09,µg/L,0.0077,0,,
16018401002,2022-09-26T14:44:00,NITRATE,2.93,mg/L,0.0156,0,,
16018401002,2022-09-26T14:44:00,NITROGEN; AMMONIA+AMMONIUM,0.02,mg/L,0.0319,0,,
16018401002,2022-09-26T14:44:00,NITROGEN; NITRATE+NITRITE,2.94,mg/L,0.0143,0,,
16018401002,2022-09-26T14:44:00,NITROGEN; NITRITE,0.009,mg/L,0.0346,0,,
16018401002,2022-09-26T14:44:00,NITROGEN; TOTAL,3.77,mg/L,0.0152,0,,
16018401002,2022-09-26T14:44:00,PH,8.62,,0.0189,0,,
16018401002,2022-09-26T14:44:00,PHOSPHORUS; PHOSPHATE,0.006,mg/L,0.0223,0,,
16018401002,2022-09-26T14:44:00,PHOSPHORUS; TOTAL,20.5,µg/L,0.0887,0,,
16018401002,2022-09-26T14:44:00,POTASSIUM,4.55,mg/L,0.0428,0,,
16018401002,2022-09-26T14:44:00,SILICON; REACTIVE SILICATE,0.77,mg/L,0.0176,0,,
16018401002,2022-09-26T14:44:00,SILVER,9.0,µg/L,0.0111,0,,
16018401002,2022-09-26T14:44:00,SODIUM,70.2,mg/L,0.1082,0,,
16018401002,2022-09-26T14:44:00,SOLIDS; SUSPENDED,3.66,mg/L,0.0322,0,,
16018401002,2022-09-26T14:44:00,STRONTIUM,412.0,µg/L,0.4008,0,,
16018401002,2022-09-26T14:44:00,TIN,9.0,µg/L,0.0111,0,,
16018401002,2022-09-26T14:44:00,TITANIUM,0.5,µg/L,0.0178,0,,
16018401002,2022-09-26T14:44:00,URANIUM,9.8,µg/L,0.1301,0,,
16018401002,2022-09-26T14:44:00,VANADIUM,0.5,µg/L,0.0213,0,,
16018401002,2022-09-26T14:44:00,ZINC,13.7,µg/L,0.0644,0,,
16018401002,2022-09-26T14:44:00,ZIRCONIUM,1.0,µg/L,0.004,0,,
16018401002,2022-10-12T15:20:00,ALKALINITY,172.0,mg/L as CaCO3,0.2254,0,,
16018401002,2022-10-12T15:20:00,ALUMINUM,23.0,µg/L,0.1253,0,,
16018401002,2022-10-12T15:20:00,BARIUM,28.7,µg/L,0.086,0,,
16018401002,2022-10-12T15:20:00,BERYLLIUM,0.1,µg/L,0.0088,0,,
16018401002,2022-10-12T15:20:00,BISMUTH,5.0,µg/L,0.0088,0,,
16018401002,2022-10-12T15:20:00,CADMIUM,0.9,µg/L,0.0071,0,,
16018401002,2022-10-12T15:20:00,CALCIUM,57.4,mg/L,0.1047,0,,
16018401002,2022-10-12T15:20:00,CARBON; DISSOLVED INORGANIC,39.0,mg/L,0.074,0,,
16018401002,2022-10-12T15:20:00,CARBON; DISSOLVED ORGANIC,5.18,mg/L,0.0133,0,,
16018401002,2022-10-12T15:20:00,CHLORIDE,140.0,mg/L,0.2442,0,,
16018401002,2022-10-12T15:20:00,CHROMIUM,1.18,µg/L,0.1285,0,,
16018401002,2022-10-12T15:20:00,COBALT,1.0,µg/L,0.0149,0,,
16018401002,2022-10-12T15:20:00,CONDUCTIVITY,846.0,µS/cm,0.5435,0,,
16018401002,2022-10-12T15:20:00,COPPER,1.76,µg/L,0.0189,0,,
16018401002,2022-10-12T15:20:00,HARDNESS,248.0,mg/L,0.2825,0,,
16018401002,2022-10-12T15:20:00,IRON,44.8,µg/L,0.2239,0,,
16018401002,2022-10-12T15:20:00,LEAD,7.0,µg/L,0.0115,0,,
16018401002,2022-10-12T15:20:00,LITHIUM,5.0,µg/L,0.0085,0,,
16018401002,2022-10-12T15:20:00,MAGNESIUM,25.4,mg/L,0.0513,0,,
16018401002,2022-10-12T15:20:00,MANGANESE,3.79,µg/L,0.1428,0,,
16018401002,2022-10-12T15:20:00,MOLYBDENUM,2.0,µg/L,0.0072,0,,
16018401002,2022-10-12T15:20:00,NICKEL,3.07,µg/L,0.0227,0,,
16018401002,2022-10-12T15:20:00,NITRATE,3.21,mg/L,0.0146,0,,
16018401002,2022-10-12T15:20:00,NITROGEN; AMMONIA+AMMONIUM,0.03,mg/L,0.0135,0,,
16018401002,2022-10-12T15:20:00,NITROGEN; NITRATE+NITRITE,3.22,mg/L,0.0146,0,,
16018401002,2022-10-12T15:20:00,NITROGEN; NITRITE,0.012,mg/L,0.0233,0,,
16018401002,2022-10-12T15:20:00,NITROGEN; TOTAL,4.18,mg/L,0.018,0,,
16018401002,2022-10-12T15:20:00,PH,8.62,,0.021,0,,
16018401002,2022-10-12T15:20:00,PHOSPHORUS; PHOSPHATE,0.008,mg/L,0.0188,0,,
16018401002,2022-10-12T15:20:00,PHOSPHORUS; TOTAL,14.7,µg/L,0.1325,0,,
16018401002,2022-10-12T15:20:00,POTASSIUM,4.64,mg/L,0.0476,0,,
16018401002,2022-10-12T15:20:00,SILICON; REACTIVE SILICATE,0.06,mg/L,0.0599,0,,
16018401002,2022-10-12T15:20:00,SILVER,9.0,µg/L,0.0131,0,,
16018401002,2022-10-12T15:20:00,SODIUM,81.1,mg/L,0.1706,0,,
16018401002,2022-10-12T15:20:00,SOLIDS; SUSPENDED,1.88,mg/L,0.0612,0,,
16018401002,2022-10-12T15:20:00,STRONTIUM,459.0,µg/L,0.4706,0,,
16018401002,2022-10-12T15:20:00,TIN,9.0,µg/L,0.0131,0,,
16018401002,2022-10-12T15:20:00,TITANIUM,0.5,µg/L,0.0262,0,,
16018401002,2022-10-12T15:20:00,URANIUM,13.7,µg/L,0.1483,0,,
16018401002,2022-10-12T15:20:00,VANADIUM,0.5,µg/L,0.0234,0,,
16018401002,2022-10-12T15:20:00,ZINC,21.8,µg/L,0.133,0,,
16018401002,2022-10-12T15:20:00,ZIRCONIUM,1.0,µg/L,0.0076,0,,
16018401002,2022-11-15T15:30:00,ALKALINITY,227.0,mg/L as CaCO3,0.2987,0,,
16018401002,2022-11-15T15:30:00,ALUMINUM,12.8,µg/L,0.1393,0,,
16018401002,2022-11-15T15:30:00,BARIUM,34.9,µg/L,0.0801,0,,
16018401002,2022-11-15T15:30:00,BERYLLIUM,0.1,µg/L,0.0071,0,,
16018401002,2022-11-15T15:30:00,BISMUTH,5.0,µg/L,0.0073,0,,
16018401002,2022-11-15T15:30:00,CADMIUM,0.9,µg/L,0.0027,0,,
16018401002,2022-11-15T15:30:00,CALCIUM,73.4,mg/L,0.1439,0,,
16018401002,2022-11-15T15:30:00,CARBON; DISSOLVED INORGANIC,55.9,mg/L,0.1429,0,,
16018401002,2022-11-15T15:30:00,CARBON; DISSOLVED ORGANIC,2.19,mg/L,0.1141,0,,
16018401002,2022-11-15T15:30:00,CHLORIDE,57.4,mg/L,0.3428,0,,
16018401002,2022-11-15T15:30:00,CHROMIUM,1.0,µg/L,0.0081,0,,
16018401002,2022-11-15T15:30:00,COBALT,1.0,µg/L,0.0104,0,,
16018401002,2022-11-15T15:30:00,CONDUCTIVITY,907.0,µS/cm,0.5663,0,,
16018401002,2022-11-15T15:30:00,COPPER,1.31,µg/L,0.0181,0,,
16018401002,2022-11-15T15:30:00,HARDNESS,296.0,mg/L,0.3459,0,,
16018401002,2022-11-15T15:30:00,IRON,45.5,µg/L,0.1476,0,,
16018401002,2022-11-15T15:30:00,LEAD,7.0,µg/L,0.01,0,,
16018401002,2022-11-15T15:30:00,LITHIUM,5.0,µg/L,0.0053,0,,
16018401002,2022-11-15T15:30:00,MAGNESIUM,27.4,mg/L,0.0819,0,,
16018401002,2022-11-15T15:30:00,MANGANESE,2.39,µg/L,0.1091,0,,
16018401002,2022-11-15T15:30:00,MOLYBDENUM,2.0,µg/L,0.0052,0,,
16018401002,2022-11-15T15:30:00,NICKEL,2.87,µg/L,0.015,0,,
16018401002,2022-11-15T15:30:00,NITRATE,2.81,mg/L,0.0178,0,,
16018401002,2022-11-15T15:30:00,NITROGEN; AMMONIA+AMMONIUM,0.02,mg/L,0.0304,0,,
16018401002,2022-11-15T15:30:00,NITROGEN; NITRATE+NITRITE,2.82,mg/L,0.0178,0,,
16018401002,2022-11-15T15:30:00,NITROGEN; NITRITE,0.006,mg/L,0.0384,0,,
16018401002,2022-11-15T15:30:00,NITROGEN; TOTAL,3.49,mg/L,0.0212,0,,
16018401002,2022-11-15T15:30:00,PH,8.15,,0.0764,0,,
16018401002,2022-11-15T15:30:00,PHOSPHORUS; PHOSPHATE,0.006,mg/L,0.021,0,,
16018401002,2022-11-15T15:30:00,PHOSPHORUS; TOTAL,14.3,µg/L,0.1047,0,,
16018401002,2022-11-15T15:30:00,POTASSIUM,5.46,mg/L,0.0756,0,,
16018401002,2022-11-15T15:30:00,SILICON; REACTIVE SILICATE,2.77,mg/L,0.0772,0,,
16018401002,2022-11-15T15:30:00,SILVER,9.0,µg/L,0.0119,0,,
16018401002,2022-11-15T15:30:00,SODIUM,102.0,mg/L,0.2165,0,,
16018401002,2022-11-15T15:30:00,SOLIDS; SUSPENDED,2.5,mg/L,0.0364,0,,
16018401002,2022-11-15T15:30:00,STRONTIUM,607.0,µg/L,0.5462,0,,
16018401002,2022-11-15T15:30:00,TIN,9.0,µg/L,0.0119,0,,
16018401002,2022-11-15T15:30:00,TITANIUM,0.5,µg/L,0.0203,0,,
16018401002,2022-11-15T15:30:00,URANIUM,7.56,µg/L,0.0635,0,,
16018401002,2022-11-15T15:30:00,VANADIUM,0.5,µg/L,0.0179,0,,
16018401002,2022-11-15T15:30:00,ZINC,13.4,µg/L,0.0818,0,,
16018401002,2022-11-15T15:30:00,ZIRCONIUM,1.0,µg/L,0.0048,0,,
16018401002,2023-04-03T15:07:00,ALKALINITY,158.7,mg/L as CaCO3,0.4319,0,,
16018401002,2023-04-03T15:07:00,ALUMINUM,396.0,µg/L,0.6518,1,"zscore, delta, time_gap_days","4.16, 2.57, 2.45"
16018401002,2023-04-03T15:07:00,BARIUM,23.9,µg/L,0.2936,0,,
16018401002,2023-04-03T15:07:00,BERYLLIUM,0.13,µg/L,0.2463,0,,
16018401002,2023-04-03T15:07:00,BISMUTH,5.0,µg/L,0.1237,0,,
16018401002,2023-04-03T15:07:00,CADMIUM,1.09,µg/L,0.1964,0,,
16018401002,2023-04-03T15:07:00,CALCIUM,57.7,mg/L,0.2535,0,,
16018401002,2023-04-03T15:07:00,CARBON; DISSOLVED INORGANIC,39.2,mg/L,0.2508,0,,
16018401002,2023-04-03T15:07:00,CARBON; DISSOLVED ORGANIC,6.23,mg/L,0.1523,0,,
16018401002,2023-04-03T15:07:00,CHLORIDE,39.4,mg/L,0.4053,0,,
16018401002,2023-04-03T15:07:00,CHROMIUM,1.0,µg/L,0.123,0,,
16018401002,2023-04-03T15:07:00,COBALT,1.0,µg/L,0.1318,0,,
16018401002,2023-04-03T15:07:00,CONDUCTIVITY,513.0,µS/cm,0.7237,1,"rolling_mean_30, rolling_mean_14, rolling_mean_7","3.54, 3.48, 3.42"
16018401002,2023-04-03T15:07:00,COPPER,2.65,µg/L,0.1438,0,,
16018401002,2023-04-03T15:07:00,HARDNESS,217.0,mg/L,0.4612,0,,
16018401002,2023-04-03T15:07:00,IRON,304.0,µg/L,0.5981,1,"zscore, time_gap_days, delta","4.03, 2.45, 1.74"
16018401002,2023-04-03T15:07:00,LEAD,7.0,µg/L,0.1234,0,,
16018401002,2023-04-03T15:07:00,LITHIUM,5.0,µg/L,0.1183,0,,
16018401002,2023-04-03T15:07:00,MAGNESIUM,17.6,mg/L,0.2769,0,,
16018401002,2023-04-03T15:07:00,MANGANESE,29.8,µg/L,0.2944,0,,
16018401002,2023-04-03T15:07:00,MOLYBDENUM,2.0,µg/L,0.125,0,,
16018401002,2023-04-03T15:07:00,NICKEL,2.0,µg/L,0.1285,0,,
16018401002,2023-04-03T15:07:00,NITRATE,4.97,mg/L,0.1478,0,,
16018401002,2023-04-03T15:07:00,NITROGEN; AMMONIA+AMMONIUM,0.05,mg/L,0.1373,0,,
16018401002,2023-04-03T15:07:00,NITROGEN; NITRATE+NITRITE,5.0,mg/L,0.1442,0,,
16018401002,2023-04-03T15:07:00,NITROGEN; NITRITE,0.024,mg/L,0.1293,0,,
16018401002,2023-04-03T15:07:00,NITROGEN; TOTAL,6.06,mg/L,0.1452,0,,
16018401002,2023-04-03T15:07:00,PH,8.19,,0.1674,0,,
16018401002,2023-04-03T15:07:00,PHOSPHORUS; PHOSPHATE,0.049,mg/L,0.2221,0,,
16018401002,2023-04-03T15:07:00,PHOSPHORUS; TOTAL,103.0,µg/L,0.4255,0,,
16018401002,2023-04-03T15:07:00,POTASSIUM,2.43,mg/L,0.2081,0,,
16018401002,2023-04-03T15:07:00,SILICON; REACTIVE SILICATE,2.12,mg/L,0.1467,0,,
16018401002,2023-04-03T15:07:00,SILVER,9.0,µg/L,0.1306,0,,
16018401002,2023-04-03T15:07:00,SODIUM,24.2,mg/L,0.4118,0,,
16018401002,2023-04-03T15:07:00,SOLIDS; SUSPENDED,29.3,mg/L,0.3552,0,,
16018401002,2023-04-03T15:07:00,STRONTIUM,145.0,µg/L,0.675,1,"delta, zscore, time_gap_days","-3.10, -2.59, 2.45"
16018401002,2023-04-03T15:07:00,TIN,9.0,µg/L,0.1306,0,,
16018401002,2023-04-03T15:07:00,TITANIUM,7.17,µg/L,0.2572,0,,
16018401002,2023-04-03T15:07:00,URANIUM,3.0,µg/L,0.1686,0,,
16018401002,2023-04-03T15:07:00,VANADIUM,0.87,µg/L,0.1349,0,,
16018401002,2023-04-03T15:07:00,ZINC,17.0,µg/L,0.1908,0,,
16018401002,2023-06-13T14:00:00,ALKALINITY,141.1,mg/L as CaCO3,0.3644,0,,
16018401002,2023-06-13T14:00:00,ALUMINUM,59.3,µg/L,0.5733,0,,
16018401002,2023-06-13T14:00:00,BARIUM,29.9,µg/L,0.1556,0,,
16018401002,2023-06-13T14:00:00,BERYLLIUM,0.1,µg/L,0.083,0,,
16018401002,2023-06-13T14:00:00,BISMUTH,5.0,µg/L,0.0833,0,,
16018401002,2023-06-13T14:00:00,CADMIUM,0.9,µg/L,0.0826,0,,
16018401002,2023-06-13T14:00:00,CALCIUM,49.3,mg/L,0.2196,0,,
16018401002,2023-06-13T14:00:00,CARBON; DISSOLVED INORGANIC,35.8,mg/L,0.1899,0,,
16018401002,2023-06-13T14:00:00,CARBON; DISSOLVED ORGANIC,5.58,mg/L,0.0905,0,,
16018401002,2023-06-13T14:00:00,CHLORIDE,116.0,mg/L,0.3567,0,,
16018401002,2023-06-13T14:00:00,CHROMIUM,1.0,µg/L,0.0796,0,,
16018401002,2023-06-13T14:00:00,COBALT,1.0,µg/L,0.0853,0,,
16018401002,2023-06-13T14:00:00,CONDUCTIVITY,734.0,µS/cm,0.6323,1,"rolling_mean_30, rolling_mean_14, rolling_mean_7","3.52, 3.45, 3.36"
16018401002,2023-06-13T14:00:00,COPPER,2.91,µg/L,0.0942,0,,
16018401002,2023-06-13T14:00:00,HARDNESS,195.0,mg/L,0.4003,0,,
16018401002,2023-06-13T14:00:00,IRON,124.0,µg/L,0.4993,0,,
16018401002,2023-06-13T14:00:00,LEAD,7.0,µg/L,0.0833,0,,
16018401002,2023-06-13T14:00:00,LITHIUM,5.0,µg/L,0.082,0,,
16018401002,2023-06-13T14:00:00,MAGNESIUM,17.5,mg/L,0.2067,0,,
16018401002,2023-06-13T14:00:00,MANGANESE,18.1,µg/L,0.1747,0,,
16018401002,2023-06-13T14:00:00,MOLYBDENUM,2.0,µg/L,0.0808,0,,
16018401002,2023-06-13T14:00:00,NICKEL,2.0,µg/L,0.0822,0,,
16018401002,2023-06-13T14:00:00,NITRATE,2.65,mg/L,0.1111,0,,
16018401002,2023-06-13T14:00:00,NITROGEN; AMMONIA+AMMONIUM,0.06,mg/L,0.1153,0,,
16018401002,2023-06-13T14:00:00,NITROGEN; NITRATE+NITRITE,2.7,mg/L,0.11,0,,
16018401002,2023-06-13T14:00:00,NITROGEN; NITRITE,0.053,mg/L,0.1517,0,,
16018401002,2023-06-13T14:00:00,NITROGEN; TOTAL,3.27,mg/L,0.1263,0,,
16018401002,2023-06-13T14:00:00,PH,8.34,,0.102,0,,
16018401002,2023-06-13T14:00:00,PHOSPHORUS; PHOSPHATE,0.007,mg/L,0.0887,0,,
16018401002,2023-06-13T14:00:00,PHOSPHORUS; TOTAL,15.8,µg/L,0.3577,0,,
16018401002,2023-06-13T14:00:00,POTASSIUM,2.99,mg/L,0.1139,0,,
16018401002,2023-06-13T14:00:00,SILICON; REACTIVE SILICATE,1.42,mg/L,0.0904,0,,
16018401002,2023-06-13T14:00:00,SILVER,9.0,µg/L,0.0874,0,,
16018401002,2023-06-13T14:00:00,SODIUM,68.7,mg/L,0.2763,0,,
16018401002,2023-06-13T14:00:00,SOLIDS; SUSPENDED,8.94,mg/L,0.182,0,,
16018401002,2023-06-13T14:00:00,STRONTIUM,313.0,µg/L,0.5599,0,,
16018401002,2023-06-13T14:00:00,TIN,9.0,µg/L,0.0874,0,,
16018401002,2023-06-13T14:00:00,TITANIUM,2.3,µg/L,0.1258,0,,
16018401002,2023-06-13T14:00:00,URANIUM,3.0,µg/L,0.1032,0,,
16018401002,2023-06-13T14:00:00,VANADIUM,0.5,µg/L,0.0965,0,,
16018401002,2023-06-13T14:00:00,ZINC,24.3,µg/L,0.2023,0,,
16018401002,2023-06-13T14:00:00,ZIRCONIUM,1.0,µg/L,0.1972,0,,
16018401002,2023-07-06T13:55:00,ALKALINITY,161.6,mg/L as CaCO3,0.2489,0,,
16018401002,2023-07-06T13:55:00,ALUMINUM,17.8,µg/L,0.3826,0,,
16018401002,2023-07-06T13:55:00,BARIUM,33.9,µg/L,0.0652,0,,
16018401002,2023-07-06T13:55:00,BERYLLIUM,0.1,µg/L,0.0049,0,,
16018401002,2023-07-06T13:55:00,BISMUTH,5.0,µg/L,0.0046,0,,
16018401002,2023-07-06T13:55:00,CADMIUM,0.9,µg/L,0.0031,0,,
16018401002,2023-07-06T13:55:00,CALCIUM,51.2,mg/L,0.1076,0,,
16018401002,2023-07-06T13:55:00,CARBON; DISSOLVED INORGANIC,38.1,mg/L,0.0785,0,,
16018401002,2023-07-06T13:55:00,CARBON; DISSOLVED ORGANIC,5.53,mg/L,0.0122,0,,
16018401002,2023-07-06T13:55:00,CHLORIDE,139.0,mg/L,0.2323,0,,
16018401002,2023-07-06T13:55:00,CHROMIUM,1.0,µg/L,0.0029,0,,
16018401002,2023-07-06T13:55:00,COBALT,1.0,µg/L,0.0064,0,,
16018401002,2023-07-06T13:55:00,CONDUCTIVITY,839.0,µS/cm,0.5472,0,,
16018401002,2023-07-06T13:55:00,COPPER,2.49,µg/L,0.0135,0,,
16018401002,2023-07-06T13:55:00,HARDNESS,225.0,mg/L,0.2995,0,,
16018401002,2023-07-06T13:55:00,IRON,65.3,µg/L,0.3428,0,,
16018401002,2023-07-06T13:55:00,LEAD,7.0,µg/L,0.0073,0,,
16018401002,2023-07-06T13:55:00,LITHIUM,5.52,µg/L,0.0301,0,,
16018401002,2023-07-06T13:55:00,MAGNESIUM,23.6,mg/L,0.0682,0,,
16018401002,2023-07-06T13:55:00,MANGANESE,19.9,µg/L,0.0764,0,,
16018401002,2023-07-06T13:55:00,MOLYBDENUM,2.0,µg/L,0.003,0,,
16018401002,2023-07-06T13:55:00,NICKEL,2.0,µg/L,0.0083,0,,
16018401002,2023-07-06T13:55:00,NITRATE,3.57,mg/L,0.0145,0,,
16018401002,2023-07-06T13:55:00,NITROGEN; AMMONIA+AMMONIUM,0.03,mg/L,0.0107,0,,
16018401002,2023-07-06T13:55:00,NITROGEN; NITRATE+NITRITE,3.59,mg/L,0.0145,0,,
16018401002,2023-07-06T13:55:00,NITROGEN; NITRITE,0.021,mg/L,0.007,0,,
16018401002,2023-07-06T13:55:00,NITROGEN; TOTAL,4.49,mg/L,0.0145,0,,
16018401002,2023-07-06T13:55:00,PH,8.59,,0.0185,0,,
16018401002,2023-07-06T13:55:00,PHOSPHORUS; PHOSPHATE,0.003,mg/L,0.0186,0,,
16018401002,2023-07-06T13:55:00,PHOSPHORUS; TOTAL,22.2,µg/L,0.1273,0,,
16018401002,2023-07-06T13:55:00,POTASSIUM,3.8,mg/L,0.0113,0,,
16018401002,2023-07-06T13:55:00,SILICON; REACTIVE SILICATE,2.26,mg/L,0.0346,0,,
16018401002,2023-07-06T13:55:00,SILVER,9.0,µg/L,0.0088,0,,
16018401002,2023-07-06T13:55:00,SODIUM,80.7,mg/L,0.1559,0,,
16018401002,2023-07-06T13:55:00,SOLIDS; SUSPENDED,6.16,mg/L,0.0602,0,,
16018401002,2023-07-06T13:55:00,STRONTIUM,377.0,µg/L,0.4563,0,,
16018401002,2023-07-06T13:55:00,TIN,9.0,µg/L,0.0088,0,,
16018401002,2023-07-06T13:55:00,TITANIUM,0.67,µg/L,0.0354,0,,
16018401002,2023-07-06T13:55:00,URANIUM,3.0,µg/L,0.0263,0,,
16018401002,2023-07-06T13:55:00,VANADIUM,0.8,µg/L,0.0101,0,,
16018401002,2023-07-06T13:55:00,ZINC,12.9,µg/L,0.0996,0,,
16018401002,2023-07-06T13:55:00,ZIRCONIUM,1.0,µg/L,0.0026,0,,
16018401002,2023-08-15T15:07:00,ALKALINITY,178.9,mg/L as CaCO3,0.3152,0,,
16018401002,2023-08-15T15:07:00,ALUMINUM,30.1,µg/L,0.4108,0,,
16018401002,2023-08-15T15:07:00,BARIUM,31.7,µg/L,0.1158,0,,
16018401002,2023-08-15T15:07:00,BERYLLIUM,0.1,µg/L,0.0621,0,,
16018401002,2023-08-15T15:07:00,BISMUTH,5.0,µg/L,0.0642,0,,
16018401002,2023-08-15T15:07:00,CADMIUM,0.9,µg/L,0.0595,0,,
16018401002,2023-08-15T15:07:00,CALCIUM,59.4,mg/L,0.1737,0,,
16018401002,2023-08-15T15:07:00,CARBON; DISSOLVED INORGANIC,42.8,mg/L,0.1525,0,,
16018401002,2023-08-15T15:07:00,CARBON; DISSOLVED ORGANIC,5.94,mg/L,0.0702,0,,
16018401002,2023-08-15T15:07:00,CHLORIDE,109.0,mg/L,0.3111,0,,
16018401002,2023-08-15T15:07:00,CHROMIUM,1.0,µg/L,0.0598,0,,
16018401002,2023-08-15T15:07:00,COBALT,1.0,µg/L,0.0619,0,,
16018401002,2023-08-15T15:07:00,CONDUCTIVITY,788.0,µS/cm,0.5806,0,,
16018401002,2023-08-15T15:07:00,COPPER,2.85,µg/L,0.0714,0,,
16018401002,2023-08-15T15:07:00,HARDNESS,244.0,mg/L,0.3535,0,,
16018401002,2023-08-15T15:07:00,IRON,84.2,µg/L,0.3604,0,,
16018401002,2023-08-15T15:07:00,LEAD,7.0,µg/L,0.0642,0,,
16018401002,2023-08-15T15:07:00,LITHIUM,5.0,µg/L,0.0665,0,,
16018401002,2023-08-15T15:07:00,MAGNESIUM,23.2,mg/L,0.0993,0,,
16018401002,2023-08-15T15:07:00,MANGANESE,12.5,µg/L,0.1344,0,,
16018401002,2023-08-15T15:07:00,MOLYBDENUM,2.0,µg/L,0.0617,0,,
16018401002,2023-08-15T15:07:00,NICKEL,2.0,µg/L,0.061,0,,
16018401002,2023-08-15T15:07:00,NITRATE,3.17,mg/L,0.0649,0,,
16018401002,2023-08-15T15:07:00,NITROGEN; AMMONIA+AMMONIUM,0.03,mg/L,0.0627,0,,
16018401002,2023-08-15T15:07:00,NITROGEN; NITRATE+NITRITE,3.19,mg/L,0.065,0,,
16018401002,2023-08-15T15:07:00,NITROGEN; NITRITE,0.017,mg/L,0.0627,0,,
16018401002,2023-08-15T15:07:00,NITROGEN; TOTAL,4.06,mg/L,0.0717,0,,
16018401002,2023-08-15T15:07:00,PH,8.58,,0.0768,0,,
16018401002,2023-08-15T15:07:00,PHOSPHORUS; PHOSPHATE,0.004,mg/L,0.074,0,,
16018401002,2023-08-15T15:07:00,PHOSPHORUS; TOTAL,25.5,µg/L,0.1911,0,,
16018401002,2023-08-15T15:07:00,POTASSIUM,3.76,mg/L,0.0633,0,,
16018401002,2023-08-15T15:07:00,SILICON; REACTIVE SILICATE,1.21,mg/L,0.0691,0,,
16018401002,2023-08-15T15:07:00,SILVER,9.0,µg/L,0.0679,0,,
16018401002,2023-08-15T15:07:00,SODIUM,64.9,mg/L,0.2123,0,,
16018401002,2023-08-15T15:07:00,SOLIDS; SUSPENDED,4.27,mg/L,0.1112,0,,
16018401002,2023-08-15T15:07:00,STRONTIUM,338.0,µg/L,0.496,0,,
16018401002,2023-08-15T15:07:00,TIN,9.0,µg/L,0.0679,0,,
16018401002,2023-08-15T15:07:00,TITANIUM,1.23,µg/L,0.0721,0,,
16018401002,2023-08-15T15:07:00,URANIUM,3.0,µg/L,0.075,0,,
16018401002,2023-08-15T15:07:00,VANADIUM,0.5,µg/L,0.0794,0,,
16018401002,2023-08-15T15:07:00,ZINC,9.52,µg/L,0.1216,0,,
16018401002,2023-08-15T15:07:00,ZIRCONIUM,1.0,µg/L,0.0618,0,,
16018401002,2023-09-12T15:07:00,ALKALINITY,178.4,mg/L as CaCO3,0.1946,0,,
16018401002,2023-09-12T15:07:00,ALUMINUM,18.6,µg/L,0.3579,0,,
16018401002,2023-09-12T15:07:00,BARIUM,31.4,µg/L,0.0512,0,,
16018401002,2023-09-12T15:07:00,BERYLLIUM,0.1,µg/L,0.0028,0,,
16018401002,2023-09-12T15:07:00,BISMUTH,5.0,µg/L,0.0035,0,,
16018401002,2023-09-12T15:07:00,CADMIUM,0.9,µg/L,0.0003,0,,
16018401002,2023-09-12T15:07:00,CALCIUM,56.5,mg/L,0.0912,0,,
16018401002,2023-09-12T15:07:00,CARBON; DISSOLVED INORGANIC,42.4,mg/L,0.0617,0,,
16018401002,2023-09-12T15:07:00,CARBON; DISSOLVED ORGANIC,5.45,mg/L,0.0078,0,,
16018401002,2023-09-12T15:07:00,CHLORIDE,108.0,mg/L,0.1634,0,,
16018401002,2023-09-12T15:07:00,CHROMIUM,1.23,µg/L,0.1097,0,,
16018401002,2023-09-12T15:07:00,COBALT,1.0,µg/L,0.0038,0,,
16018401002,2023-09-12T15:07:00,CONDUCTIVITY,761.0,µS/cm,0.4989,0,,
16018401002,2023-09-12T15:07:00,COPPER,3.09,µg/L,0.02,0,,
16018401002,2023-09-12T15:07:00,HARDNESS,237.0,mg/L,0.2617,0,,
16018401002,2023-09-12T15:07:00,IRON,72.5,µg/L,0.2717,0,,
16018401002,2023-09-12T15:07:00,LEAD,7.0,µg/L,0.0061,0,,
16018401002,2023-09-12T15:07:00,LITHIUM,5.0,µg/L,0.0038,0,,
16018401002,2023-09-12T15:07:00,MAGNESIUM,23.2,mg/L,0.0449,0,,
16018401002,2023-09-12T15:07:00,MANGANESE,7.42,µg/L,0.0887,0,,
16018401002,2023-09-12T15:07:00,MOLYBDENUM,2.0,µg/L,0.0013,0,,
16018401002,2023-09-12T15:07:00,NICKEL,2.0,µg/L,0.0033,0,,
16018401002,2023-09-12T15:07:00,NITRATE,3.42,mg/L,0.0073,0,,
16018401002,2023-09-12T15:07:00,NITROGEN; AMMONIA+AMMONIUM,0.03,mg/L,0.0057,0,,
16018401002,2023-09-12T15:07:00,NITROGEN; NITRATE+NITRITE,3.44,mg/L,0.0073,0,,
16018401002,2023-09-12T15:07:00,NITROGEN; NITRITE,0.018,mg/L,0.0039,0,,
16018401002,2023-09-12T15:07:00,NITROGEN; TOTAL,4.16,mg/L,0.0094,0,,
16018401002,2023-09-12T15:07:00,PH,8.63,,0.0212,0,,
16018401002,2023-09-12T15:07:00,PHOSPHORUS; PHOSPHATE,0.005,mg/L,0.0164,0,,
16018401002,2023-09-12T15:07:00,PHOSPHORUS; TOTAL,17.8,µg/L,0.1369,0,,
16018401002,2023-09-12T15:07:00,POTASSIUM,3.73,mg/L,0.0061,0,,
16018401002,2023-09-12T15:07:00,SILICON; REACTIVE SILICATE,1.46,mg/L,0.0101,0,,
16018401002,2023-09-12T15:07:00,SILVER,9.0,µg/L,0.0087,0,,
16018401002,2023-09-12T15:07:00,SODIUM,61.9,mg/L,0.1213,0,,
16018401002,2023-09-12T15:07:00,SOLIDS; SUSPENDED,3.01,mg/L,0.0585,0,,
16018401002,2023-09-12T15:07:00,STRONTIUM,353.0,µg/L,0.4114,0,,
16018401002,2023-09-12T15:07:00,TIN,9.0,µg/L,0.0087,0,,
16018401002,2023-09-12T15:07:00,TITANIUM,0.85,µg/L,0.0148,0,,
16018401002,2023-09-12T15:07:00,URANIUM,3.0,µg/L,0.0261,0,,
16018401002,2023-09-12T15:07:00,VANADIUM,0.51,µg/L,0.0143,0,,
16018401002,2023-09-12T15:07:00,ZINC,7.81,µg/L,0.0637,0,,
16018401002,2023-09-12T15:07:00,ZIRCONIUM,1.0,µg/L,0.0009,0,,
16018401002,2023-10-12T14:48:00,ALKALINITY,209.0,mg/L as CaCO3,0.2521,0,,
16018401002,2023-10-12T14:48:00,ALUMINUM,14.8,µg/L,0.3591,0,,
16018401002,2023-10-12T14:48:00,BARIUM,29.2,µg/L,0.0705,0,,
16018401002,2023-10-12T14:48:00,BERYLLIUM,0.1,µg/L,0.0052,0,,
16018401002,2023-10-12T14:48:00,BISMUTH,5.0,µg/L,0.0055,0,,
16018401002,2023-10-12T14:48:00,CADMIUM,0.92,µg/L,0.0037,0,,
16018401002,2023-10-12T14:48:00,CALCIUM,60.3,mg/L,0.0942,0,,
16018401002,2023-10-12T14:48:00,CARBON; DISSOLVED INORGANIC,42.3,mg/L,0.0631,0,,
16018401002,2023-10-12T14:48:00,CARBON; DISSOLVED ORGANIC,5.47,mg/L,0.0099,0,,
16018401002,2023-10-12T14:48:00,CHLORIDE,135.0,mg/L,0.2226,0,,
16018401002,2023-10-12T14:48:00,CHROMIUM,1.0,µg/L,0.0087,0,,
16018401002,2023-10-12T14:48:00,COBALT,1.0,µg/L,0.0062,0,,
16018401002,2023-10-12T14:48:00,CONDUCTIVITY,860.0,µS/cm,0.5321,0,,
16018401002,2023-10-12T14:48:00,COPPER,1.87,µg/L,0.0183,0,,
16018401002,2023-10-12T14:48:00,HARDNESS,255.0,mg/L,0.2655,0,,
16018401002,2023-10-12T14:48:00,IRON,46.1,µg/L,0.2967,0,,
16018401002,2023-10-12T14:48:00,LEAD,7.0,µg/L,0.0082,0,,
16018401002,2023-10-12T14:48:00,LITHIUM,5.0,µg/L,0.0055,0,,
16018401002,2023-10-12T14:48:00,MAGNESIUM,25.3,mg/L,0.0609,0,,
16018401002,2023-10-12T14:48:00,MANGANESE,4.33,µg/L,0.1011,0,,
16018401002,2023-10-12T14:48:00,MOLYBDENUM,2.0,µg/L,0.0034,0,,
16018401002,2023-10-12T14:48:00,NICKEL,2.0,µg/L,0.0054,0,,
16018401002,2023-10-12T14:48:00,NITRATE,4.13,mg/L,0.0194,0,,
16018401002,2023-10-12T14:48:00,NITROGEN; AMMONIA+AMMONIUM,0.02,mg/L,0.0283,0,,
16018401002,2023-10-12T14:48:00,NITROGEN; NITRATE+NITRITE,4.15,mg/L,0.0194,0,,
16018401002,2023-10-12T14:48:00,NITROGEN; NITRITE,0.015,mg/L,0.0147,0,,
16018401002,2023-10-12T14:48:00,NITROGEN; TOTAL,4.92,mg/L,0.0116,0,,
16018401002,2023-10-12T14:48:00,PH,8.78,,0.0436,0,,
16018401002,2023-10-12T14:48:00,PHOSPHORUS; PHOSPHATE,0.006,mg/L,0.011,0,,
16018401002,2023-10-12T14:48:00,PHOSPHORUS; TOTAL,22.6,µg/L,0.1168,0,,
16018401002,2023-10-12T14:48:00,POTASSIUM,4.5,mg/L,0.0237,0,,
16018401002,2023-10-12T14:48:00,SILICON; REACTIVE SILICATE,1.08,mg/L,0.0108,0,,
16018401002,2023-10-12T14:48:00,SILVER,9.0,µg/L,0.0105,0,,
16018401002,2023-10-12T14:48:00,SODIUM,79.0,mg/L,0.1562,0,,
16018401002,2023-10-12T14:48:00,SOLIDS; SUSPENDED,2.59,mg/L,0.0587,0,,
16018401002,2023-10-12T14:48:00,STRONTIUM,424.0,µg/L,0.4483,0,,
16018401002,2023-10-12T14:48:00,TIN,9.0,µg/L,0.0105,0,,
16018401002,2023-10-12T14:48:00,TITANIUM,0.5,µg/L,0.0258,0,,
16018401002,2023-10-12T14:48:00,URANIUM,3.0,µg/L,0.0277,0,,
16018401002,2023-10-12T14:48:00,VANADIUM,0.5,µg/L,0.0167,0,,
16018401002,2023-10-12T14:48:00,ZINC,9.45,µg/L,0.0537,0,,
16018401002,2023-10-12T14:48:00,ZIRCONIUM,1.0,µg/L,0.003,0,,
16018401002,2023-11-14T15:05:00,ALKALINITY,260.4,mg/L as CaCO3,0.3371,0,,
16018401002,2023-11-14T15:05:00,ALUMINUM,38.5,µg/L,0.3731,0,,
16018401002,2023-11-14T15:05:00,BARIUM,32.0,µg/L,0.0584,0,,
16018401002,2023-11-14T15:05:00,BERYLLIUM,0.1,µg/L,0.0049,0,,
16018401002,2023-11-14T15:05:00,BISMUTH,5.0,µg/L,0.0065,0,,
16018401002,2023-11-14T15:05:00,CADMIUM,0.9,µg/L,0.0019,0,,
16018401002,2023-11-14T15:05:00,CALCIUM,68.6,mg/L,0.1182,0,,
16018401002,2023-11-14T15:05:00,CARBON; DISSOLVED INORGANIC,50.3,mg/L,0.0964,0,,
16018401002,2023-11-14T15:05:00,CARBON; DISSOLVED ORGANIC,5.05,mg/L,0.0052,0,,
16018401002,2023-11-14T15:05:00,CHLORIDE,122.0,mg/L,0.183,0,,
16018401002,2023-11-14T15:05:00,CHROMIUM,1.0,µg/L,0.0024,0,,
16018401002,2023-11-14T15:05:00,COBALT,1.0,µg/L,0.005,0,,
16018401002,2023-11-14T15:05:00,CONDUCTIVITY,890.0,µS/cm,0.5173,0,,
16018401002,2023-11-14T15:05:00,COPPER,1.93,µg/L,0.0061,0,,
16018401002,2023-11-14T15:05:00,HARDNESS,287.0,mg/L,0.3053,0,,
16018401002,2023-11-14T15:05:00,IRON,65.6,µg/L,0.2851,0,,
16018401002,2023-11-14T15:05:00,LEAD,7.0,µg/L,0.0092,0,,
16018401002,2023-11-14T15:05:00,LITHIUM,5.0,µg/L,0.0052,0,,
16018401002,2023-11-14T15:05:00,MAGNESIUM,28.2,mg/L,0.0959,0,,
16018401002,2023-11-14T15:05:00,MANGANESE,5.71,µg/L,0.0821,0,,
16018401002,2023-11-14T15:05:00,MOLYBDENUM,2.0,µg/L,0.0044,0,,
16018401002,2023-11-14T15:05:00,NICKEL,2.0,µg/L,0.0051,0,,
16018401002,2023-11-14T15:05:00,NITRATE,5.48,mg/L,0.0482,0,,
16018401002,2023-11-14T15:05:00,NITROGEN; AMMONIA+AMMONIUM,0.02,mg/L,0.0247,0,,
16018401002,2023-11-14T15:05:00,NITROGEN; NITRATE+NITRITE,5.5,mg/L,0.0479,0,,
16018401002,2023-11-14T15:05:00,NITROGEN; NITRITE,0.022,mg/L,0.0074,0,,
16018401002,2023-11-14T15:05:00,PH,8.56,,0.0213,0,,
16018401002,2023-11-14T15:05:00,PHOSPHORUS; PHOSPHATE,0.008,mg/L,0.0068,0,,
16018401002,2023-11-14T15:05:00,PHOSPHORUS; TOTAL,24.2,µg/L,0.1174,0,,
16018401002,2023-11-14T15:05:00,POTASSIUM,4.56,mg/L,0.0265,0,,
16018401002,2023-11-14T15:05:00,SILICON; REACTIVE SILICATE,1.51,mg/L,0.0097,0,,
16018401002,2023-11-14T15:05:00,SILVER,9.0,µg/L,0.0111,0,,
16018401002,2023-11-14T15:05:00,SODIUM,71.8,mg/L,0.1323,0,,
16018401002,2023-11-14T15:05:00,SOLIDS; SUSPENDED,3.49,mg/L,0.0577,0,,
16018401002,2023-11-14T15:05:00,STRONTIUM,417.0,µg/L,0.4073,0,,
16018401002,2023-11-14T15:05:00,TIN,9.0,µg/L,0.0111,0,,
16018401002,2023-11-14T15:05:00,TITANIUM,0.85,µg/L,0.0167,0,,
16018401002,2023-11-14T15:05:00,URANIUM,3.0,µg/L,0.0266,0,,
16018401002,2023-11-14T15:05:00,VANADIUM,0.5,µg/L,0.0164,0,,
16018401002,2023-11-14T15:05:00,ZINC,18.3,µg/L,0.0975,0,,
16018401002,2023-11-14T15:05:00,ZIRCONIUM,1.0,µg/L,0.004,0,,
16018401002,2024-04-10T15:04:00,ALKALINITY,216.4,mg/L as CaCO3,0.4153,0,,
16018401002,2024-04-10T15:04:00,ALUMINUM,33.9,µg/L,0.3998,0,,
16018401002,2024-04-10T15:04:00,BARIUM,30.6,µg/L,0.1856,0,,
16018401002,2024-04-10T15:04:00,BERYLLIUM,0.1,µg/L,0.1291,0,,
16018401002,2024-04-10T15:04:00,BISMUTH,5.0,µg/L,0.128,0,,
16018401002,2024-04-10T15:04:00,CADMIUM,0.9,µg/L,0.1255,0,,
16018401002,2024-04-10T15:04:00,CALCIUM,67.7,mg/L,0.2482,0,,
16018401002,2024-04-10T15:04:00,CARBON; DISSOLVED INORGANIC,49.4,mg/L,0.2303,0,,
16018401002,2024-04-10T15:04:00,CARBON; DISSOLVED ORGANIC,5.66,mg/L,0.1344,0,,
16018401002,2024-04-10T15:04:00,CHLORIDE,90.7,mg/L,0.3718,0,,
16018401002,2024-04-10T15:04:00,CHROMIUM,1.0,µg/L,0.1263,0,,
16018401002,2024-04-10T15:04:00,COBALT,1.0,µg/L,0.1312,0,,
16018401002,2024-04-10T15:04:00,CONDUCTIVITY,777.0,µS/cm,0.6447,1,"rolling_mean_7, rolling_mean_30, rolling_mean_14","3.58, 3.56, 3.54"
16018401002,2024-04-10T15:04:00,COPPER,2.79,µg/L,0.1413,0,,
16018401002,2024-04-10T15:04:00,HARDNESS,268.0,mg/L,0.4234,0,,
16018401002,2024-04-10T15:04:00,IRON,56.5,µg/L,0.3716,0,,
16018401002,2024-04-10T15:04:00,LEAD,7.0,µg/L,0.1277,0,,
16018401002,2024-04-10T15:04:00,LITHIUM,5.0,µg/L,0.1237,0,,
16018401002,2024-04-10T15:04:00,MAGNESIUM,24.1,mg/L,0.1834,0,,
16018401002,2024-04-10T15:04:00,MANGANESE,11.6,µg/L,0.1833,0,,
16018401002,2024-04-10T15:04:00,MOLYBDENUM,2.0,µg/L,0.1308,0,,
16018401002,2024-04-10T15:04:00,NICKEL,2.0,µg/L,0.1299,0,,
16018401002,2024-04-10T15:04:00,NITRATE,5.65,mg/L,0.1626,0,,
16018401002,2024-04-10T15:04:00,NITROGEN; AMMONIA+AMMONIUM,0.02,mg/L,0.1479,0,,
16018401002,2024-04-10T15:04:00,NITROGEN; NITRATE+NITRITE,5.69,mg/L,0.1626,0,,
16018401002,2024-04-10T15:04:00,NITROGEN; NITRITE,0.035,mg/L,0.1432,0,,
16018401002,2024-04-10T15:04:00,NITROGEN; TOTAL,6.35,mg/L,0.1758,0,,
16018401002,2024-04-10T15:04:00,PH,8.66,,0.1429,0,,
16018401002,2024-04-10T15:04:00,PHOSPHORUS; PHOSPHATE,0.003,mg/L,0.14,0,,
16018401002,2024-04-10T15:04:00,PHOSPHORUS; TOTAL,39.2,µg/L,0.2702,0,,
16018401002,2024-04-10T15:04:00,POTASSIUM,2.99,mg/L,0.1604,0,,
16018401002,2024-04-10T15:04:00,SILICON; REACTIVE SILICATE,0.056,mg/L,0.1858,0,,
16018401002,2024-04-10T15:04:00,SILVER,9.0,µg/L,0.1347,0,,
16018401002,2024-04-10T15:04:00,SODIUM,54.5,mg/L,0.2858,0,,
16018401002,2024-04-10T15:04:00,SOLIDS; SUSPENDED,4.79,mg/L,0.1647,0,,
16018401002,2024-04-10T15:04:00,STRONTIUM,298.0,µg/L,0.5526,0,,
16018401002,2024-04-10T15:04:00,TIN,9.0,µg/L,0.1347,0,,
16018401002,2024-04-10T15:04:00,TITANIUM,1.28,µg/L,0.1385,0,,
16018401002,2024-04-10T15:04:00,URANIUM,3.0,µg/L,0.1489,0,,
16018401002,2024-04-10T15:04:00,VANADIUM,0.5,µg/L,0.142,0,,
16018401002,2024-04-10T15:04:00,ZINC,7.93,µg/L,0.2048,0,,
16018401002,2024-04-10T15:04:00,ZIRCONIUM,1.0,µg/L,0.1307,0,,
16018401002,2024-05-14T13:50:00,ALKALINITY,218.0,mg/L as CaCO3,0.236,0,,
16018401002,2024-05-14T13:50:00,ALUMINUM,20.2,µg/L,0.2934,0,,
16018401002,2024-05-14T13:50:00,BARIUM,31.8,µg/L,0.0574,0,,
16018401002,2024-05-14T13:50:00,BERYLLIUM,0.1,µg/L,0.0057,0,,
16018401002,2024-05-14T13:50:00,BISMUTH,5.0,µg/L,0.0073,0,,
16018401002,2024-05-14T13:50:00,CADMIUM,0.9,µg/L,0.0027,0,,
16018401002,2024-05-14T13:50:00,CALCIUM,65.2,mg/L,0.1037,0,,
16018401002,2024-05-14T13:50:00,CHLORIDE,106.0,mg/L,0.1855,0,,
16018401002,2024-05-14T13:50:00,CHROMIUM,1.0,µg/L,0.0032,0,,
16018401002,2024-05-14T13:50:00,COBALT,1.0,µg/L,0.006,0,,
16018401002,2024-05-14T13:50:00,CONDUCTIVITY,794.0,µS/cm,0.5018,0,,
16018401002,2024-05-14T13:50:00,COPPER,1.97,µg/L,0.0067,0,,
16018401002,2024-05-14T13:50:00,HARDNESS,267.0,mg/L,0.2639,0,,
16018401002,2024-05-14T13:50:00,IRON,50.4,µg/L,0.2137,0,,
16018401002,2024-05-14T13:50:00,LEAD,7.0,µg/L,0.01,0,,
16018401002,2024-05-14T13:50:00,LITHIUM,5.0,µg/L,0.006,0,,
16018401002,2024-05-14T13:50:00,MAGNESIUM,25.3,mg/L,0.0542,0,,
16018401002,2024-05-14T13:50:00,MANGANESE,6.12,µg/L,0.0731,0,,
16018401002,2024-05-14T13:50:00,MOLYBDENUM,2.0,µg/L,0.0052,0,,
16018401002,2024-05-14T13:50:00,NICKEL,2.0,µg/L,0.0063,0,,
16018401002,2024-05-14T13:50:00,NITRATE,4.63,mg/L,0.0175,0,,
16018401002,2024-05-14T13:50:00,NITROGEN; AMMONIA+AMMONIUM,0.02,mg/L,0.0191,0,,
16018401002,2024-05-14T13:50:00,NITROGEN; NITRATE+NITRITE,4.65,mg/L,0.0175,0,,
16018401002,2024-05-14T13:50:00,NITROGEN; NITRITE,0.024,mg/L,0.0112,0,,
16018401002,2024-05-14T13:50:00,NITROGEN; TOTAL,5.1,mg/L,0.0198,0,,
16018401002,2024-05-14T13:50:00,PH,8.62,,0.0192,0,,
16018401002,2024-05-14T13:50:00,PHOSPHORUS; PHOSPHATE,0.005,mg/L,0.0153,0,,
16018401002,2024-05-14T13:50:00,POTASSIUM,3.18,mg/L,0.0191,0,,
16018401002,2024-05-14T13:50:00,SILVER,9.0,µg/L,0.0119,0,,
16018401002,2024-05-14T13:50:00,SODIUM,63.3,mg/L,0.1158,0,,
16018401002,2024-05-14T13:50:00,SOLIDS; SUSPENDED,2.6,mg/L,0.0582,0,,
16018401002,2024-05-14T13:50:00,STRONTIUM,328.0,µg/L,0.3906,0,,
16018401002,2024-05-14T13:50:00,TIN,9.0,µg/L,0.0119,0,,
16018401002,2024-05-14T13:50:00,TITANIUM,0.98,µg/L,0.0117,0,,
16018401002,2024-05-14T13:50:00,URANIUM,3.0,µg/L,0.0272,0,,
16018401002,2024-05-14T13:50:00,VANADIUM,0.5,µg/L,0.0166,0,,
16018401002,2024-05-14T13:50:00,ZINC,5.46,µg/L,0.0766,0,,
16018401002,2024-05-14T13:50:00,ZIRCONIUM,1.0,µg/L,0.0048,0,,
16018401002,2024-06-10T14:20:00,ALKALINITY,202.6,mg/L as CaCO3,0.2361,0,,
16018401002,2024-06-10T14:20:00,ALUMINUM,19.9,µg/L,0.2713,0,,
16018401002,2024-06-10T14:20:00,BARIUM,31.3,µg/L,0.0477,0,,
16018401002,2024-06-10T14:20:00,BERYLLIUM,0.1,µg/L,0.0035,0,,
16018401002,2024-06-10T14:20:00,BISMUTH,5.0,µg/L,0.0041,0,,
16018401002,2024-06-10T14:20:00,CADMIUM,0.9,µg/L,0.0004,0,,
16018401002,2024-06-10T14:20:00,CALCIUM,67.3,mg/L,0.0953,0,,
16018401002,2024-06-10T14:20:00,CARBON; DISSOLVED INORGANIC,46.7,mg/L,0.1591,0,,
16018401002,2024-06-10T14:20:00,CARBON; DISSOLVED ORGANIC,5.67,mg/L,0.0722,0,,
16018401002,2024-06-10T14:20:00,CHLORIDE,124.0,mg/L,0.1976,0,,
16018401002,2024-06-10T14:20:00,CHROMIUM,1.0,µg/L,0.0004,0,,
16018401002,2024-06-10T14:20:00,COBALT,1.0,µg/L,0.0033,0,,
16018401002,2024-06-10T14:20:00,CONDUCTIVITY,779.0,µS/cm,0.5076,0,,
16018401002,2024-06-10T14:20:00,COPPER,2.85,µg/L,0.0194,0,,
16018401002,2024-06-10T14:20:00,HARDNESS,269.0,mg/L,0.2682,0,,
16018401002,2024-06-10T14:20:00,IRON,67.5,µg/L,0.2146,0,,
16018401002,2024-06-10T14:20:00,LEAD,7.0,µg/L,0.0068,0,,
16018401002,2024-06-10T14:20:00,LITHIUM,5.0,µg/L,0.0038,0,,
16018401002,2024-06-10T14:20:00,MAGNESIUM,24.6,mg/L,0.0481,0,,
16018401002,2024-06-10T14:20:00,MANGANESE,7.72,µg/L,0.0575,0,,
16018401002,2024-06-10T14:20:00,MOLYBDENUM,2.0,µg/L,0.002,0,,
16018401002,2024-06-10T14:20:00,NICKEL,2.66,µg/L,0.0108,0,,
16018401002,2024-06-10T14:20:00,NITRATE,3.92,mg/L,0.0081,0,,
16018401002,2024-06-10T14:20:00,NITROGEN; AMMONIA+AMMONIUM,0.03,mg/L,0.0034,0,,
16018401002,2024-06-10T14:20:00,NITROGEN; NITRATE+NITRITE,3.94,mg/L,0.0077,0,,
16018401002,2024-06-10T14:20:00,NITROGEN; NITRITE,0.015,mg/L,0.0163,0,,
16018401002,2024-06-10T14:20:00,NITROGEN; TOTAL,4.75,mg/L,0.0035,0,,
16018401002,2024-06-10T14:20:00,PH,8.63,,0.0172,0,,
16018401002,2024-06-10T14:20:00,PHOSPHORUS; PHOSPHATE,0.005,mg/L,0.0125,0,,
16018401002,2024-06-10T14:20:00,PHOSPHORUS; TOTAL,24.2,µg/L,0.1932,0,,
16018401002,2024-06-10T14:20:00,POTASSIUM,3.53,mg/L,0.0084,0,,
16018401002,2024-06-10T14:20:00,SILICON; REACTIVE SILICATE,1.03,mg/L,0.0714,0,,
16018401002,2024-06-10T14:20:00,SILVER,9.0,µg/L,0.0094,0,,
16018401002,2024-06-10T14:20:00,SODIUM,75.5,mg/L,0.1277,0,,
16018401002,2024-06-10T14:20:00,SOLIDS; SUSPENDED,3.17,mg/L,0.0449,0,,
16018401002,2024-06-10T14:20:00,STRONTIUM,360.0,µg/L,0.3861,0,,
16018401002,2024-06-10T14:20:00,TIN,9.0,µg/L,0.0094,0,,
16018401002,2024-06-10T14:20:00,TITANIUM,1.12,µg/L,0.0089,0,,
16018401002,2024-06-10T14:20:00,URANIUM,3.0,µg/L,0.0239,0,,
16018401002,2024-06-10T14:20:00,VANADIUM,0.5,µg/L,0.0138,0,,
16018401002,2024-06-10T14:20:00,ZINC,8.35,µg/L,0.0589,0,,
16018401002,2024-06-10T14:20:00,ZIRCONIUM,1.0,µg/L,0.0016,0,,
16018401002,2024-07-02T13:40:00,ALKALINITY,189.6,mg/L as CaCO3,0.2274,0,,
16018401002,2024-07-02T13:40:00,ALUMINUM,26.2,µg/L,0.2804,0,,
16018401002,2024-07-02T13:40:00,BARIUM,31.0,µg/L,0.0486,0,,
16018401002,2024-07-02T13:40:00,BERYLLIUM,0.1,µg/L,0.0058,0,,
16018401002,2024-07-02T13:40:00,BISMUTH,5.0,µg/L,0.0055,0,,
16018401002,2024-07-02T13:40:00,CADMIUM,0.9,µg/L,0.003,0,,
16018401002,2024-07-02T13:40:00,CALCIUM,57.6,mg/L,0.1153,0,,
16018401002,2024-07-02T13:40:00,CARBON; DISSOLVED INORGANIC,45.6,mg/L,0.074,0,,
16018401002,2024-07-02T13:40:00,CARBON; DISSOLVED ORGANIC,5.82,mg/L,0.011,0,,
16018401002,2024-07-02T13:40:00,CHLORIDE,118.0,mg/L,0.1777,0,,
16018401002,2024-07-02T13:40:00,CHROMIUM,1.0,µg/L,0.003,0,,
16018401002,2024-07-02T13:40:00,COBALT,1.0,µg/L,0.0059,0,,
16018401002,2024-07-02T13:40:00,CONDUCTIVITY,791.0,µS/cm,0.5107,0,,
16018401002,2024-07-02T13:40:00,COPPER,2.48,µg/L,0.0115,0,,
16018401002,2024-07-02T13:40:00,HARDNESS,249.0,mg/L,0.2861,0,,
16018401002,2024-07-02T13:40:00,IRON,76.0,µg/L,0.2025,0,,
16018401002,2024-07-02T13:40:00,LEAD,7.0,µg/L,0.0082,0,,
16018401002,2024-07-02T13:40:00,LITHIUM,5.0,µg/L,0.0059,0,,
16018401002,2024-07-02T13:40:00,MAGNESIUM,25.5,mg/L,0.0549,0,,
16018401002,2024-07-02T13:40:00,MANGANESE,12.3,µg/L,0.0592,0,,
16018401002,2024-07-02T13:40:00,MOLYBDENUM,2.0,µg/L,0.0039,0,,
16018401002,2024-07-02T13:40:00,NICKEL,2.0,µg/L,0.007,0,,
16018401002,2024-07-02T13:40:00,NITRATE,3.28,mg/L,0.0094,0,,
16018401002,2024-07-02T13:40:00,NITROGEN; AMMONIA+AMMONIUM,0.03,mg/L,0.0057,0,,
16018401002,2024-07-02T13:40:00,NITROGEN; NITRATE+NITRITE,3.29,mg/L,0.0094,0,,
16018401002,2024-07-02T13:40:00,NITROGEN; NITRITE,0.014,mg/L,0.0163,0,,
16018401002,2024-07-02T13:40:00,NITROGEN; TOTAL,3.92,mg/L,0.0167,0,,
16018401002,2024-07-02T13:40:00,PH,8.75,,0.0335,0,,
16018401002,2024-07-02T13:40:00,PHOSPHORUS; PHOSPHATE,0.008,mg/L,0.0076,0,,
16018401002,2024-07-02T13:40:00,PHOSPHORUS; TOTAL,27.5,µg/L,0.1041,0,,
16018401002,2024-07-02T13:40:00,POTASSIUM,3.5,mg/L,0.0107,0,,
16018401002,2024-07-02T13:40:00,SILICON; REACTIVE SILICATE,1.89,mg/L,0.0282,0,,
16018401002,2024-07-02T13:40:00,SILVER,9.0,µg/L,0.0098,0,,
16018401002,2024-07-02T13:40:00,SODIUM,70.3,mg/L,0.1206,0,,
16018401002,2024-07-02T13:40:00,SOLIDS; SUSPENDED,5.43,mg/L,0.0458,0,,
16018401002,2024-07-02T13:40:00,STRONTIUM,350.0,µg/L,0.3913,0,,
16018401002,2024-07-02T13:40:00,TIN,9.0,µg/L,0.0098,0,,
16018401002,2024-07-02T13:40:00,TITANIUM,0.65,µg/L,0.0155,0,,
16018401002,2024-07-02T13:40:00,URANIUM,3.0,µg/L,0.0263,0,,
16018401002,2024-07-02T13:40:00,VANADIUM,0.5,µg/L,0.017,0,,
16018401002,2024-07-02T13:40:00,ZINC,8.28,µg/L,0.0441,0,,
16018401002,2024-07-02T13:40:00,ZIRCONIUM,1.0,µg/L,0.0035,0,,
16018401002,2024-08-15T16:40:00,ALKALINITY,173.3,mg/L as CaCO3,0.3187,0,,
16018401002,2024-08-15T16:40:00,ALUMINUM,22.4,µg/L,0.3254,0,,
16018401002,2024-08-15T16:40:00,BARIUM,33.4,µg/L,0.1187,0,,
16018401002,2024-08-15T16:40:00,BERYLLIUM,0.1,µg/L,0.0612,0,,
16018401002,2024-08-15T16:40:00,BISMUTH,5.0,µg/L,0.0626,0,,
16018401002,2024-08-15T16:40:00,CADMIUM,0.9,µg/L,0.0579,0,,
16018401002,2024-08-15T16:40:00,CALCIUM,57.8,mg/L,0.1598,0,,
16018401002,2024-08-15T16:40:00,CARBON; DISSOLVED INORGANIC,42.2,mg/L,0.1472,0,,
16018401002,2024-08-15T16:40:00,CARBON; DISSOLVED ORGANIC,5.96,mg/L,0.0703,0,,
16018401002,2024-08-15T16:40:00,CHLORIDE,137.0,mg/L,0.3027,0,,
16018401002,2024-08-15T16:40:00,CHROMIUM,1.0,µg/L,0.0579,0,,
16018401002,2024-08-15T16:40:00,COBALT,1.0,µg/L,0.0594,0,,
16018401002,2024-08-15T16:40:00,CONDUCTIVITY,819.0,µS/cm,0.5729,0,,
16018401002,2024-08-15T16:40:00,COPPER,3.44,µg/L,0.0879,0,,
16018401002,2024-08-15T16:40:00,HARDNESS,247.0,mg/L,0.3522,0,,
16018401002,2024-08-15T16:40:00,IRON,73.0,µg/L,0.2696,0,,
16018401002,2024-08-15T16:40:00,LEAD,7.0,µg/L,0.0626,0,,
16018401002,2024-08-15T16:40:00,LITHIUM,5.0,µg/L,0.0605,0,,
16018401002,2024-08-15T16:40:00,MAGNESIUM,25.0,mg/L,0.1045,0,,
16018401002,2024-08-15T16:40:00,MANGANESE,7.88,µg/L,0.1262,0,,
16018401002,2024-08-15T16:40:00,MOLYBDENUM,2.0,µg/L,0.0601,0,,
16018401002,2024-08-15T16:40:00,NICKEL,2.74,µg/L,0.0659,0,,
16018401002,2024-08-15T16:40:00,NITRATE,3.71,mg/L,0.0594,0,,
16018401002,2024-08-15T16:40:00,NITROGEN; AMMONIA+AMMONIUM,0.03,mg/L,0.0601,0,,
16018401002,2024-08-15T16:40:00,NITROGEN; NITRATE+NITRITE,3.73,mg/L,0.0594,0,,
16018401002,2024-08-15T16:40:00,NITROGEN; NITRITE,0.017,mg/L,0.0611,0,,
16018401002,2024-08-15T16:40:00,NITROGEN; TOTAL,5.06,mg/L,0.0651,0,,
16018401002,2024-08-15T16:40:00,PH,8.71,,0.0814,0,,
16018401002,2024-08-15T16:40:00,PHOSPHORUS; PHOSPHATE,0.006,mg/L,0.0629,0,,
16018401002,2024-08-15T16:40:00,PHOSPHORUS; TOTAL,21.5,µg/L,0.1788,0,,
16018401002,2024-08-15T16:40:00,POTASSIUM,4.38,mg/L,0.0738,0,,
16018401002,2024-08-15T16:40:00,SILICON; REACTIVE SILICATE,1.43,mg/L,0.066,0,,
16018401002,2024-08-15T16:40:00,SILVER,9.0,µg/L,0.0662,0,,
16018401002,2024-08-15T16:40:00,SODIUM,79.5,mg/L,0.2001,0,,
16018401002,2024-08-15T16:40:00,SOLIDS; SUSPENDED,7.94,mg/L,0.1016,0,,
16018401002,2024-08-15T16:40:00,STRONTIUM,414.0,µg/L,0.4864,0,,
16018401002,2024-08-15T16:40:00,TIN,9.0,µg/L,0.0662,0,,
16018401002,2024-08-15T16:40:00,TITANIUM,0.71,µg/L,0.0686,0,,
16018401002,2024-08-15T16:40:00,URANIUM,6.73,µg/L,0.1073,0,,
16018401002,2024-08-15T16:40:00,VANADIUM,0.5,µg/L,0.0699,0,,
16018401002,2024-08-15T16:40:00,ZINC,6.88,µg/L,0.103,0,,
16018401002,2024-08-15T16:40:00,ZIRCONIUM,1.0,µg/L,0.0602,0,,
16018401002,2024-09-03T14:05:00,ALKALINITY,163.5,mg/L as CaCO3,0.2381,0,,
16018401002,2024-09-03T14:05:00,ALUMINUM,14.7,µg/L,0.2985,0,,
16018401002,2024-09-03T14:05:00,BARIUM,28.3,µg/L,0.1029,0,,
16018401002,2024-09-03T14:05:00,BERYLLIUM,0.1,µg/L,0.0063,0,,
16018401002,2024-09-03T14:05:00,BISMUTH,5.0,µg/L,0.006,0,,
16018401002,2024-09-03T14:05:00,CADMIUM,0.9,µg/L,0.0035,0,,
16018401002,2024-09-03T14:05:00,CALCIUM,50.4,mg/L,0.119,0,,
16018401002,2024-09-03T14:05:00,CARBON; DISSOLVED INORGANIC,38.5,mg/L,0.0918,0,,
16018401002,2024-09-03T14:05:00,CARBON; DISSOLVED ORGANIC,6.24,mg/L,0.0228,0,,
16018401002,2024-09-03T14:05:00,CHLORIDE,124.0,mg/L,0.1976,0,,
16018401002,2024-09-03T14:05:00,CHROMIUM,1.0,µg/L,0.0035,0,,
16018401002,2024-09-03T14:05:00,COBALT,1.0,µg/L,0.0064,0,,
16018401002,2024-09-03T14:05:00,CONDUCTIVITY,771.0,µS/cm,0.5368,0,,
16018401002,2024-09-03T14:05:00,COPPER,2.61,µg/L,0.0201,0,,
16018401002,2024-09-03T14:05:00,HARDNESS,223.0,mg/L,0.3098,0,,
16018401002,2024-09-03T14:05:00,IRON,63.8,µg/L,0.2182,0,,
16018401002,2024-09-03T14:05:00,LEAD,7.0,µg/L,0.0087,0,,
16018401002,2024-09-03T14:05:00,LITHIUM,5.0,µg/L,0.0064,0,,
16018401002,2024-09-03T14:05:00,MAGNESIUM,23.6,mg/L,0.0535,0,,
16018401002,2024-09-03T14:05:00,MANGANESE,8.0,µg/L,0.0528,0,,
16018401002,2024-09-03T14:05:00,MOLYBDENUM,2.0,µg/L,0.0044,0,,
16018401002,2024-09-03T14:05:00,NICKEL,2.1,µg/L,0.0115,0,,
16018401002,2024-09-03T14:05:00,NITRATE,2.76,mg/L,0.0222,0,,
16018401002,2024-09-03T14:05:00,NITROGEN; AMMONIA+AMMONIUM,0.04,mg/L,0.0129,0,,
16018401002,2024-09-03T14:05:00,NITROGEN; NITRATE+NITRITE,2.78,mg/L,0.0222,0,,
16018401002,2024-09-03T14:05:00,NITROGEN; NITRITE,0.014,mg/L,0.0168,0,,
16018401002,2024-09-03T14:05:00,NITROGEN; TOTAL,3.48,mg/L,0.0283,0,,
16018401002,2024-09-03T14:05:00,PH,9.02,,0.0732,0,,
16018401002,2024-09-03T14:05:00,PHOSPHORUS; PHOSPHATE,0.009,mg/L,0.0078,0,,
16018401002,2024-09-03T14:05:00,PHOSPHORUS; TOTAL,26.2,µg/L,0.1023,0,,
16018401002,2024-09-03T14:05:00,POTASSIUM,4.02,mg/L,0.0162,0,,
16018401002,2024-09-03T14:05:00,SILICON; REACTIVE SILICATE,2.27,mg/L,0.0444,0,,
16018401002,2024-09-03T14:05:00,SILVER,9.0,µg/L,0.0103,0,,
16018401002,2024-09-03T14:05:00,SODIUM,72.5,mg/L,0.1366,0,,
16018401002,2024-09-03T14:05:00,SOLIDS; SUSPENDED,4.07,mg/L,0.0621,0,,
16018401002,2024-09-03T14:05:00,STRONTIUM,370.0,µg/L,0.43,0,,
16018401002,2024-09-03T14:05:00,TIN,9.0,µg/L,0.0103,0,,
16018401002,2024-09-03T14:05:00,TITANIUM,0.5,µg/L,0.0195,0,,
16018401002,2024-09-03T14:05:00,URANIUM,3.0,µg/L,0.0485,0,,
16018401002,2024-09-03T14:05:00,VANADIUM,0.5,µg/L,0.0187,0,,
16018401002,2024-09-03T14:05:00,ZINC,8.85,µg/L,0.0492,0,,
16018401002,2024-09-03T14:05:00,ZIRCONIUM,1.0,µg/L,0.004,0,,
16018401002,2024-10-17T14:02:00,ALKALINITY,187.6,mg/L as CaCO3,0.3193,0,,
16018401002,2024-10-17T14:02:00,ALUMINUM,12.9,µg/L,0.3241,0,,
16018401002,2024-10-17T14:02:00,BARIUM,30.6,µg/L,0.1107,0,,
16018401002,2024-10-17T14:02:00,BERYLLIUM,0.1,µg/L,0.0612,0,,
16018401002,2024-10-17T14:02:00,BISMUTH,5.0,µg/L,0.0626,0,,
16018401002,2024-10-17T14:02:00,CADMIUM,0.9,µg/L,0.0579,0,,
16018401002,2024-10-17T14:02:00,CALCIUM,62.3,mg/L,0.1934,0,,
16018401002,2024-10-17T14:02:00,CARBON; DISSOLVED INORGANIC,45.0,mg/L,0.1585,0,,
16018401002,2024-10-17T14:02:00,CARBON; DISSOLVED ORGANIC,5.02,mg/L,0.069,0,,
16018401002,2024-10-17T14:02:00,CHLORIDE,156.0,mg/L,0.332,0,,
16018401002,2024-10-17T14:02:00,CHROMIUM,1.0,µg/L,0.0579,0,,
16018401002,2024-10-17T14:02:00,COBALT,1.0,µg/L,0.0594,0,,
16018401002,2024-10-17T14:02:00,CONDUCTIVITY,913.0,µS/cm,0.6387,1,"rolling_mean_30, rolling_mean_7, rolling_mean_14","3.58, 3.58, 3.53"
16018401002,2024-10-17T14:02:00,COPPER,3.64,µg/L,0.0959,0,,
16018401002,2024-10-17T14:02:00,HARDNESS,266.0,mg/L,0.3879,0,,
16018401002,2024-10-17T14:02:00,IRON,35.5,µg/L,0.33,0,,
16018401002,2024-10-17T14:02:00,LEAD,7.0,µg/L,0.0626,0,,
16018401002,2024-10-17T14:02:00,LITHIUM,5.0,µg/L,0.0605,0,,
16018401002,2024-10-17T14:02:00,MAGNESIUM,26.9,mg/L,0.1287,0,,
16018401002,2024-10-17T14:02:00,MANGANESE,0.5,µg/L,0.1763,0,,
16018401002,2024-10-17T14:02:00,MOLYBDENUM,2.0,µg/L,0.0601,0,,
16018401002,2024-10-17T14:02:00,NICKEL,2.0,µg/L,0.0608,0,,
16018401002,2024-10-17T14:02:00,NITRATE,4.22,mg/L,0.0733,0,,
16018401002,2024-10-17T14:02:00,NITROGEN; AMMONIA+AMMONIUM,0.02,mg/L,0.0811,0,,
16018401002,2024-10-17T14:02:00,NITROGEN; NITRATE+NITRITE,4.24,mg/L,0.0733,0,,
16018401002,2024-10-17T14:02:00,NITROGEN; NITRITE,0.012,mg/L,0.0718,0,,
16018401002,2024-10-17T14:02:00,NITROGEN; TOTAL,5.06,mg/L,0.072,0,,
16018401002,2024-10-17T14:02:00,PH,8.65,,0.0746,0,,
16018401002,2024-10-17T14:02:00,PHOSPHORUS; PHOSPHATE,0.004,mg/L,0.0684,0,,
16018401002,2024-10-17T14:02:00,PHOSPHORUS; TOTAL,12.7,µg/L,0.2054,0,,
16018401002,2024-10-17T14:02:00,POTASSIUM,4.95,mg/L,0.0976,0,,
16018401002,2024-10-17T14:02:00,SILICON; REACTIVE SILICATE,0.544,mg/L,0.0947,0,,
16018401002,2024-10-17T14:02:00,SILVER,9.0,µg/L,0.0662,0,,
16018401002,2024-10-17T14:02:00,SODIUM,91.0,mg/L,0.2514,0,,
16018401002,2024-10-17T14:02:00,SOLIDS; SUSPENDED,1.5,mg/L,0.1111,0,,
16018401002,2024-10-17T14:02:00,STRONTIUM,512.0,µg/L,0.5616,0,,
16018401002,2024-10-17T14:02:00,SULPHATE,41.3,mg/L,0.0801,0,,
16018401002,2024-10-17T14:02:00,TIN,9.0,µg/L,0.0662,0,,
16018401002,2024-10-17T14:02:00,TITANIUM,0.5,µg/L,0.0721,0,,
16018401002,2024-10-17T14:02:00,URANIUM,3.0,µg/L,0.0679,0,,
16018401002,2024-10-17T14:02:00,VANADIUM,0.5,µg/L,0.0679,0,,
16018401002,2024-10-17T14:02:00,ZINC,9.52,µg/L,0.0884,0,,
16018401002,2024-10-17T14:02:00,ZIRCONIUM,1.0,µg/L,0.0602,0,,
16018401002,2024-11-12T15:27:00,ALKALINITY,192.8,mg/L as CaCO3,0.2039,0,,
16018401002,2024-11-12T15:27:00,CARBON; DISSOLVED INORGANIC,44.4,mg/L,0.0697,0,,
16018401002,2024-11-12T15:27:00,CARBON; DISSOLVED ORGANIC,5.03,mg/L,0.006,0,,
16018401002,2024-11-12T15:27:00,CHLORIDE,144.0,mg/L,0.2042,0,,
16018401002,2024-11-12T15:27:00,CONDUCTIVITY,927.0,µS/cm,0.5581,0,,
16018401002,2024-11-12T15:27:00,NITRATE,4.3,mg/L,0.0137,0,,
16018401002,2024-11-12T15:27:00,NITROGEN; AMMONIA+AMMONIUM,0.02,mg/L,0.0157,0,,
16018401002,2024-11-12T15:27:00,NITROGEN; NITRATE+NITRITE,4.31,mg/L,0.0128,0,,
16018401002,2024-11-12T15:27:00,NITROGEN; NITRITE,0.011,mg/L,0.0157,0,,
16018401002,2024-11-12T15:27:00,NITROGEN; TOTAL,4.81,mg/L,0.0074,0,,
16018401002,2024-11-12T15:27:00,PH,8.61,,0.0141,0,,
16018401002,2024-11-12T15:27:00,PHOSPHORUS; PHOSPHATE,0.003,mg/L,0.0158,0,,
16018401002,2024-11-12T15:27:00,PHOSPHORUS; TOTAL,11.8,µg/L,0.1016,0,,
16018401002,2024-11-12T15:27:00,SILICON; REACTIVE SILICATE,1.35,mg/L,0.0132,0,,
16018401002,2024-11-12T15:27:00,SOLIDS; SUSPENDED,1.55,mg/L,0.0326,0,,
16018401202,2019-02-05T00:00:00,"ALKALINITY, TOTAL",116.0,mg/L,0.1824,0,,
16018401202,2019-02-05T00:00:00,"ALUMINIUM, UNFILTERED TOTAL",1090.0,µg/L,0.6222,1,"rolling_mean_30, rolling_mean_14, rolling_mean_7","5.06, 5.05, 5.00"
16018401202,2019-02-05T00:00:00,"AMMONIUM, TOTAL   UNFIL.REAC",0.523,mg/L,0.0375,0,,
16018401202,2019-02-05T00:00:00,"BARIUM,  UNFILTERED TOTAL",42.4,µg/L,0.082,0,,
16018401202,2019-02-05T00:00:00,"BERYLIUM,UNFILTERED TOTAL",0.218,µg/L,0.0389,0,,
16018401202,2019-02-05T00:00:00,"BISMUTH, UNFILTERED TOTAL",0.17,µg/L,0.0389,0,,
16018401202,2019-02-05T00:00:00,"CADMIUM, UNFILTERED TOTAL",0.424,µg/L,0.0384,0,,
16018401202,2019-02-05T00:00:00,"CALCIUM, UNFILTERED TOTAL",79.1,mg/L,0.1306,0,,
16018401202,2019-02-05T00:00:00,"CARBON, DISSOLVED INORGANIC",29.4,mg/L,0.0705,0,,
16018401202,2019-02-05T00:00:00,"CARBON, DISSOLVED ORGANIC",5.6,mg/L,0.0384,0,,
16018401202,2019-02-05T00:00:00,"CHLORIDE,         UNFIL.REAC",124.0,mg/L,0.1839,0,,
16018401202,2019-02-05T00:00:00,"CHROMIUM, UNFILTERED TOTAL",2.38,µg/L,0.0382,0,,
16018401202,2019-02-05T00:00:00,"COBALT,   UNFILTERED TOTAL",1.49,µg/L,0.0375,0,,
16018401202,2019-02-05T00:00:00,"CONDUCTIVITY, 25C",653.0,MICRO SIEMENS PER CENTIMETER,0.4803,0,,
16018401202,2019-02-05T00:00:00,"CONDUCTIVITY, AMBIENT",672.0,MICROMHOS/CM (CONDUCTIVITY),0.482,0,,
16018401202,2019-02-05T00:00:00,"COPPER,   UNFILTERED TOTAL",10.3,µg/L,0.0456,0,,
16018401202,2019-02-05T00:00:00,DISSOLVED OXYGEN,12.82,mg/L,0.0534,0,,
16018401202,2019-02-05T00:00:00,"HARDNESS,   TOTAL",256.0,mg/L,0.2917,0,,
16018401202,2019-02-05T00:00:00,"IRON,     UNFILTERED TOTAL",1830.0,µg/L,0.6463,1,"rolling_mean_30, rolling_mean_14, rolling_mean_7","8.81, 8.79, 8.69"
16018401202,2019-02-05T00:00:00,"LEAD,     UNFILTERED TOTAL",1.05,µg/L,0.0368,0,,
16018401202,2019-02-05T00:00:00,"LITHIUM,  UNFILTERED TOTAL",9.78,µg/L,0.0437,0,,
16018401202,2019-02-05T00:00:00,"MAGNESIUM,UNFILTERED TOTAL",14.2,mg/L,0.0545,0,,
16018401202,2019-02-05T00:00:00,"MANGANESE,UNFILTERED TOTAL",310.0,µg/L,0.3284,0,,
16018401202,2019-02-05T00:00:00,"MOLYBDENUM,UNFILTERED TOTAL",0.383,µg/L,0.0381,0,,
16018401202,2019-02-05T00:00:00,"NICKEL,   UNFILTERED TOTAL",-0.115,µg/L,0.0433,0,,
16018401202,2019-02-05T00:00:00,"NITRATES TOTAL,   UNFIL.REAC",2.73,mg/L,0.0394,0,,
16018401202,2019-02-05T00:00:00,"NITRITE,  UNFILTERED REACTIVE",0.06,mg/L,0.0389,0,,
16018401202,2019-02-05T00:00:00,NITROGEN; TOTAL,3.63,mg/L,0.0409,0,,
16018401202,2019-02-05T00:00:00,PH (-LOG H+ CONCN),7.99,NO DIMENSION/SCALE,0.0417,0,,
16018401202,2019-02-05T00:00:00,PH FIELD,8.12,NO DIMENSION/SCALE,0.0417,0,,
16018401202,2019-02-05T00:00:00,"PHOSPHATE,FILTERED REACTIVE",0.134,mg/L,0.0389,0,,
16018401202,2019-02-05T00:00:00,"PHOSPHORUS,UNFILTERED TOTAL",719.0,µg/L,0.5052,0,,
16018401202,2019-02-05T00:00:00,"POTASSIUM,UNFILTERED TOTAL",4.7,mg/L,0.0378,0,,
16018401202,2019-02-05T00:00:00,"RESIDUE,PARTICULATE",257.0,mg/L,0.2917,0,,
16018401202,2019-02-05T00:00:00,"SILICATES,UNFILTERED REACTIVE",1.46,mg/L,0.0375,0,,
16018401202,2019-02-05T00:00:00,"SILVER,   UNFILTERED TOTAL",-0.459,µg/L,0.0433,0,,
16018401202,2019-02-05T00:00:00,"SODIUM,   UNFILTERED TOTAL",66.8,mg/L,0.1173,0,,
16018401202,2019-02-05T00:00:00,STREAM CONDITION,3.0,NO DIMENSION/SCALE,0.039,0,,
16018401202,2019-02-05T00:00:00,"STRONTIUM, UNFILTERED TOTAL",207.0,µg/L,0.2355,0,,
16018401202,2019-02-05T00:00:00,"TEMPERATURE, WATER",0.6,DEGREES CELSIUS,0.0375,0,,
16018401202,2019-02-05T00:00:00,TIN       UNFILTERED TOTAL,2.69,µg/L,0.0394,0,,
16018401202,2019-02-05T00:00:00,"TITANIUM,  UNFILTERED TOTAL",10.9,µg/L,0.0488,0,,
16018401202,2019-02-05T00:00:00,"URANIUM,   UNFILTERED TOTAL",-0.832,µg/L,0.0477,0,,
16018401202,2019-02-05T00:00:00,"VANADIUM,  UNFILTERED TOTAL",3.54,µg/L,0.0402,0,,
16018401202,2019-02-05T00:00:00,"ZINC,  UNFILTERED TOTAL",51.4,µg/L,0.1022,0,,
16018401202,2019-02-05T00:00:00,"ZIRCONIUM,  UNFILTERED TOTAL",0.307,µg/L,0.0385,0,,
16018401202,2019-04-08T16:15:00,"ALKALINITY, TOTAL",186.0,mg/L,0.4136,0,,
16018401202,2019-04-08T16:15:00,"AMMONIUM, TOTAL   UNFIL.REAC",0.065,mg/L,0.0847,0,,
16018401202,2019-04-08T16:15:00,"CARBON, DISSOLVED INORGANIC",45.7,mg/L,0.2,0,,
16018401202,2019-04-08T16:15:00,"CARBON, DISSOLVED ORGANIC",5.1,mg/L,0.0808,0,,
16018401202,2019-04-08T16:15:00,"CHLORIDE,         UNFIL.REAC",64.9,mg/L,0.3523,0,,
16018401202,2019-04-08T16:15:00,"CONDUCTIVITY, 25C",625.0,MICRO SIEMENS PER CENTIMETER,0.556,0,,
16018401202,2019-04-08T16:15:00,"CONDUCTIVITY, AMBIENT",632.0,MICROMHOS/CM (CONDUCTIVITY),0.5619,0,,
16018401202,2019-04-08T16:15:00,DISSOLVED OXYGEN,11.77,mg/L,0.1,0,,
16018401202,2019-04-08T16:15:00,"HARDNESS,   TOTAL",235.0,mg/L,0.3785,0,,
16018401202,2019-04-08T16:15:00,"NITRATES TOTAL,   UNFIL.REAC",4.47,mg/L,0.0866,0,,
16018401202,2019-04-08T16:15:00,"NITRITE,  UNFILTERED REACTIVE",0.038,mg/L,0.0809,0,,
16018401202,2019-04-08T16:15:00,NITROGEN; TOTAL,4.31,mg/L,0.0782,0,,
16018401202,2019-04-08T16:15:00,PH (-LOG H+ CONCN),8.33,NO DIMENSION/SCALE,0.0853,0,,
16018401202,2019-04-08T16:15:00,PH FIELD,8.12,NO DIMENSION/SCALE,0.0743,0,,
16018401202,2019-04-08T16:15:00,"PHOSPHATE,FILTERED REACTIVE",0.0344,mg/L,0.084,0,,
16018401202,2019-04-08T16:15:00,"PHOSPHORUS,UNFILTERED TOTAL",85.3,µg/L,0.8045,1,"rolling_std_30, rolling_std_14, rolling_std_7","5.95, 5.83, 4.95"
16018401202,2019-04-08T16:15:00,"RESIDUE,PARTICULATE",16.8,mg/L,0.6007,1,"rolling_std_30, rolling_std_14, rolling_std_7","2.05, 2.01, 1.71"
16018401202,2019-04-08T16:15:00,"SILICATES,UNFILTERED REACTIVE",1.6,mg/L,0.078,0,,
16018401202,2019-04-08T16:15:00,STREAM CONDITION,8.0,NO DIMENSION/SCALE,0.1189,0,,
16018401202,2019-04-08T16:15:00,"TEMPERATURE, WATER",8.7,DEGREES CELSIUS,0.1462,0,,
16018401202,2019-05-15T10:10:00,"ALKALINITY, TOTAL",212.0,mg/L,0.3791,0,,
16018401202,2019-05-15T10:10:00,"AMMONIUM, TOTAL   UNFIL.REAC",0.07,mg/L,0.0681,0,,
16018401202,2019-05-15T10:10:00,"CARBON, DISSOLVED INORGANIC",50.8,mg/L,0.1711,0,,
16018401202,2019-05-15T10:10:00,"CARBON, DISSOLVED ORGANIC",5.1,mg/L,0.0683,0,,
16018401202,2019-05-15T10:10:00,"CHLORIDE,         UNFIL.REAC",60.0,mg/L,0.2512,0,,
16018401202,2019-05-15T10:10:00,"CONDUCTIVITY, 25C",664.0,MICRO SIEMENS PER CENTIMETER,0.5429,0,,
16018401202,2019-05-15T10:10:00,"CONDUCTIVITY, AMBIENT",658.0,MICROMHOS/CM (CONDUCTIVITY),0.5284,0,,
16018401202,2019-05-15T10:10:00,DISSOLVED OXYGEN,12.24,mg/L,0.0775,0,,
16018401202,2019-05-15T10:10:00,"HARDNESS,   TOTAL",273.0,mg/L,0.384,0,,
16018401202,2019-05-15T10:10:00,"NITRATES TOTAL,   UNFIL.REAC",4.87,mg/L,0.0717,0,,
16018401202,2019-05-15T10:10:00,"NITRITE,  UNFILTERED REACTIVE",0.044,mg/L,0.0609,0,,
16018401202,2019-05-15T10:10:00,NITROGEN; TOTAL,5.67,mg/L,0.0879,0,,
16018401202,2019-05-15T10:10:00,PH (-LOG H+ CONCN),8.39,NO DIMENSION/SCALE,0.0795,0,,
16018401202,2019-05-15T10:10:00,PH FIELD,8.21,NO DIMENSION/SCALE,0.0898,0,,
16018401202,2019-05-15T10:10:00,"PHOSPHATE,FILTERED REACTIVE",0.0071,mg/L,0.0748,0,,
16018401202,2019-05-15T10:10:00,"PHOSPHORUS,UNFILTERED TOTAL",45.1,µg/L,0.7022,1,"rolling_std_30, rolling_std_14, rolling_std_7","4.97, 4.87, 4.13"
16018401202,2019-05-15T10:10:00,"RESIDUE,PARTICULATE",9.1,mg/L,0.4672,0,,
16018401202,2019-05-15T10:10:00,"SILICATES,UNFILTERED REACTIVE",0.6,mg/L,0.0909,0,,
16018401202,2019-05-15T10:10:00,STREAM CONDITION,8.0,NO DIMENSION/SCALE,0.078,0,,
16018401202,2019-05-15T10:10:00,"TEMPERATURE, WATER",10.8,DEGREES CELSIUS,0.1038,0,,
16018401202,2019-06-13T10:00:00,"ALKALINITY, TOTAL",194.0,mg/L,0.2538,0,,
16018401202,2019-06-13T10:00:00,"ALUMINIUM, UNFILTERED TOTAL",64.7,µg/L,0.8635,1,"rolling_std_30, rolling_std_14, rolling_std_7","9.84, 9.64, 8.18"
16018401202,2019-06-13T10:00:00,"AMMONIUM, TOTAL   UNFIL.REAC",0.074,mg/L,0.0096,0,,
16018401202,2019-06-13T10:00:00,"BARIUM,  UNFILTERED TOTAL",28.2,µg/L,0.2525,0,,
16018401202,2019-06-13T10:00:00,"BERYLIUM,UNFILTERED TOTAL",-0.0252,µg/L,0.1375,0,,
16018401202,2019-06-13T10:00:00,"BISMUTH, UNFILTERED TOTAL",-5.73,µg/L,0.2055,0,,
16018401202,2019-06-13T10:00:00,"CADMIUM, UNFILTERED TOTAL",1.1,µg/L,0.134,0,,
16018401202,2019-06-13T10:00:00,"CALCIUM, UNFILTERED TOTAL",68.2,mg/L,0.2619,0,,
16018401202,2019-06-13T10:00:00,"CARBON, DISSOLVED INORGANIC",46.2,mg/L,0.0927,0,,
16018401202,2019-06-13T10:00:00,"CARBON, DISSOLVED ORGANIC",5.2,mg/L,0.0052,0,,
16018401202,2019-06-13T10:00:00,"CHLORIDE,         UNFIL.REAC",107.0,mg/L,0.2301,0,,
16018401202,2019-06-13T10:00:00,"CHROMIUM, UNFILTERED TOTAL",0.224,µg/L,0.1498,0,,
16018401202,2019-06-13T10:00:00,"COBALT,   UNFILTERED TOTAL",0.228,µg/L,0.1454,0,,
16018401202,2019-06-13T10:00:00,"CONDUCTIVITY, 25C",818.0,MICRO SIEMENS PER CENTIMETER,0.5442,0,,
16018401202,2019-06-13T10:00:00,"CONDUCTIVITY, AMBIENT",840.0,MICROMHOS/CM (CONDUCTIVITY),0.5594,0,,
16018401202,2019-06-13T10:00:00,"COPPER,   UNFILTERED TOTAL",2.76,µg/L,0.1845,0,,
16018401202,2019-06-13T10:00:00,DISSOLVED OXYGEN,8.1,mg/L,0.0817,0,,
16018401202,2019-06-13T10:00:00,"HARDNESS,   TOTAL",262.0,mg/L,0.2735,0,,
16018401202,2019-06-13T10:00:00,"IRON,     UNFILTERED TOTAL",142.0,µg/L,0.9517,1,"rolling_std_30, rolling_std_14, rolling_std_7","16.41, 16.08, 13.65"
16018401202,2019-06-13T10:00:00,"LEAD,     UNFILTERED TOTAL",-4.71,µg/L,0.2034,0,,
16018401202,2019-06-13T10:00:00,"LITHIUM,  UNFILTERED TOTAL",7.76,µg/L,0.1422,0,,
16018401202,2019-06-13T10:00:00,"MAGNESIUM,UNFILTERED TOTAL",22.3,mg/L,0.2037,0,,
16018401202,2019-06-13T10:00:00,"MANGANESE,UNFILTERED TOTAL",22.5,µg/L,0.6529,1,"rolling_std_30, rolling_std_14, time_gap_days","2.52, 2.47, 2.19"
16018401202,2019-06-13T10:00:00,"MOLYBDENUM,UNFILTERED TOTAL",-0.844,µg/L,0.1528,0,,
16018401202,2019-06-13T10:00:00,"NICKEL,   UNFILTERED TOTAL",0.786,µg/L,0.1405,0,,
16018401202,2019-06-13T10:00:00,"NITRATES TOTAL,   UNFIL.REAC",4.14,mg/L,0.0106,0,,
16018401202,2019-06-13T10:00:00,"NITRITE,  UNFILTERED REACTIVE",0.046,mg/L,0.0057,0,,
16018401202,2019-06-13T10:00:00,NITROGEN; TOTAL,4.88,mg/L,0.0118,0,,
16018401202,2019-06-13T10:00:00,PH (-LOG H+ CONCN),8.24,NO DIMENSION/SCALE,0.0143,0,,
16018401202,2019-06-13T10:00:00,PH FIELD,8.39,NO DIMENSION/SCALE,0.0432,0,,
16018401202,2019-06-13T10:00:00,"PHOSPHATE,FILTERED REACTIVE",0.0064,mg/L,0.0183,0,,
16018401202,2019-06-13T10:00:00,"PHOSPHORUS,UNFILTERED TOTAL",41.8,µg/L,0.6451,1,"rolling_std_30, rolling_std_14, rolling_std_7","4.32, 4.23, 3.59"
16018401202,2019-06-13T10:00:00,"POTASSIUM,UNFILTERED TOTAL",3.36,mg/L,0.134,0,,
16018401202,2019-06-13T10:00:00,"RESIDUE,PARTICULATE",8.3,mg/L,0.363,0,,
16018401202,2019-06-13T10:00:00,"SILICATES,UNFILTERED REACTIVE",0.3,mg/L,0.0315,0,,
16018401202,2019-06-13T10:00:00,"SILVER,   UNFILTERED TOTAL",3.23,µg/L,0.1581,0,,
16018401202,2019-06-13T10:00:00,"SODIUM,   UNFILTERED TOTAL",69.7,mg/L,0.2303,0,,
16018401202,2019-06-13T10:00:00,STREAM CONDITION,8.0,NO DIMENSION/SCALE,0.0259,0,,
16018401202,2019-06-13T10:00:00,"STRONTIUM, UNFILTERED TOTAL",373.0,µg/L,0.5692,0,,
16018401202,2019-06-13T10:00:00,"TEMPERATURE, WATER",17.6,DEGREES CELSIUS,0.0871,0,,
16018401202,2019-06-13T10:00:00,TIN       UNFILTERED TOTAL,-0.838,µg/L,0.1693,0,,
16018401202,2019-06-13T10:00:00,"TITANIUM,  UNFILTERED TOTAL",1.22,µg/L,0.1963,0,,
16018401202,2019-06-13T10:00:00,"URANIUM,   UNFILTERED TOTAL",4.28,µg/L,0.1732,0,,
16018401202,2019-06-13T10:00:00,"VANADIUM,  UNFILTERED TOTAL",0.412,µg/L,0.1567,0,,
16018401202,2019-06-13T10:00:00,"ZINC,  UNFILTERED TOTAL",6.31,µg/L,0.3492,0,,
16018401202,2019-06-13T10:00:00,"ZIRCONIUM,  UNFILTERED TOTAL",-0.0624,µg/L,0.1382,0,,
16018401202,2019-07-17T10:10:00,"ALKALINITY, TOTAL",125.0,mg/L,0.3157,0,,
16018401202,2019-07-17T10:10:00,"ALUMINIUM, UNFILTERED TOTAL",436.0,µg/L,0.8043,1,"rolling_std_30, rolling_std_14, rolling_std_7","6.95, 6.81, 5.78"
16018401202,2019-07-17T10:10:00,"AMMONIUM, TOTAL   UNFIL.REAC",0.073,mg/L,0.0121,0,,
16018401202,2019-07-17T10:10:00,"BARIUM,  UNFILTERED TOTAL",27.4,µg/L,0.0736,0,,
16018401202,2019-07-17T10:10:00,"BERYLIUM,UNFILTERED TOTAL",-0.00458,µg/L,0.0126,0,,
16018401202,2019-07-17T10:10:00,"BISMUTH, UNFILTERED TOTAL",-5.25,µg/L,0.0572,0,,
16018401202,2019-07-17T10:10:00,"CADMIUM, UNFILTERED TOTAL",1.11,µg/L,0.0136,0,,
16018401202,2019-07-17T10:10:00,"CALCIUM, UNFILTERED TOTAL",48.3,mg/L,0.1513,0,,
16018401202,2019-07-17T10:10:00,"CARBON, DISSOLVED INORGANIC",31.6,mg/L,0.1145,0,,
16018401202,2019-07-17T10:10:00,"CARBON, DISSOLVED ORGANIC",4.8,mg/L,0.0381,0,,
16018401202,2019-07-17T10:10:00,"CHLORIDE,         UNFIL.REAC",76.0,mg/L,0.193,0,,
16018401202,2019-07-17T10:10:00,"CHROMIUM, UNFILTERED TOTAL",1.13,µg/L,0.0154,0,,
16018401202,2019-07-17T10:10:00,"COBALT,   UNFILTERED TOTAL",0.506,µg/L,0.0116,0,,
16018401202,2019-07-17T10:10:00,"CONDUCTIVITY, 25C",563.0,MICRO SIEMENS PER CENTIMETER,0.5536,0,,
16018401202,2019-07-17T10:10:00,"CONDUCTIVITY, AMBIENT",577.0,MICROMHOS/CM (CONDUCTIVITY),0.5531,0,,
16018401202,2019-07-17T10:10:00,"COPPER,   UNFILTERED TOTAL",3.76,µg/L,0.0349,0,,
16018401202,2019-07-17T10:10:00,DISSOLVED OXYGEN,6.65,mg/L,0.0659,0,,
16018401202,2019-07-17T10:10:00,"HARDNESS,   TOTAL",187.0,mg/L,0.3709,0,,
16018401202,2019-07-17T10:10:00,"IRON,     UNFILTERED TOTAL",585.0,µg/L,0.8708,1,"rolling_std_30, rolling_std_14, rolling_std_7","11.95, 11.70, 9.93"
16018401202,2019-07-17T10:10:00,"LEAD,     UNFILTERED TOTAL",-2.4,µg/L,0.0578,0,,
16018401202,2019-07-17T10:10:00,"LITHIUM,  UNFILTERED TOTAL",7.09,µg/L,0.0223,0,,
16018401202,2019-07-17T10:10:00,"MAGNESIUM,UNFILTERED TOTAL",16.1,mg/L,0.0713,0,,
16018401202,2019-07-17T10:10:00,"MANGANESE,UNFILTERED TOTAL",74.3,µg/L,0.4716,0,,
16018401202,2019-07-17T10:10:00,"MOLYBDENUM,UNFILTERED TOTAL",-1.1,µg/L,0.0363,0,,
16018401202,2019-07-17T10:10:00,"NICKEL,   UNFILTERED TOTAL",0.985,µg/L,0.0194,0,,
16018401202,2019-07-17T10:10:00,"NITRATES TOTAL,   UNFIL.REAC",2.38,mg/L,0.0465,0,,
16018401202,2019-07-17T10:10:00,"NITRITE,  UNFILTERED REACTIVE",0.024,mg/L,0.0395,0,,
16018401202,2019-07-17T10:10:00,NITROGEN; TOTAL,2.72,mg/L,0.05,0,,
16018401202,2019-07-17T10:10:00,PH (-LOG H+ CONCN),8.18,NO DIMENSION/SCALE,0.0123,0,,
16018401202,2019-07-17T10:10:00,PH FIELD,7.62,NO DIMENSION/SCALE,0.0596,0,,
16018401202,2019-07-17T10:10:00,"PHOSPHATE,FILTERED REACTIVE",0.0176,mg/L,0.0079,0,,
16018401202,2019-07-17T10:10:00,"PHOSPHORUS,UNFILTERED TOTAL",116.0,µg/L,0.6482,1,"rolling_std_30, rolling_std_14, rolling_std_7","3.75, 3.67, 3.12"
16018401202,2019-07-17T10:10:00,"POTASSIUM,UNFILTERED TOTAL",2.9,mg/L,0.0196,0,,
16018401202,2019-07-17T10:10:00,"RESIDUE,PARTICULATE",45.4,mg/L,0.3749,0,,
16018401202,2019-07-17T10:10:00,"SILICATES,UNFILTERED REACTIVE",1.36,mg/L,0.0218,0,,
16018401202,2019-07-17T10:10:00,"SILVER,   UNFILTERED TOTAL",2.21,µg/L,0.0275,0,,
16018401202,2019-07-17T10:10:00,"SODIUM,   UNFILTERED TOTAL",48.3,mg/L,0.1553,0,,
16018401202,2019-07-17T10:10:00,STREAM CONDITION,3.0,NO DIMENSION/SCALE,0.0631,0,,
16018401202,2019-07-17T10:10:00,"STRONTIUM, UNFILTERED TOTAL",323.0,µg/L,0.3849,0,,
16018401202,2019-07-17T10:10:00,"TEMPERATURE, WATER",22.5,DEGREES CELSIUS,0.1005,0,,
16018401202,2019-07-17T10:10:00,TIN       UNFILTERED TOTAL,1.06,µg/L,0.029,0,,
16018401202,2019-07-17T10:10:00,"TITANIUM,  UNFILTERED TOTAL",4.27,µg/L,0.0457,0,,
16018401202,2019-07-17T10:10:00,"URANIUM,   UNFILTERED TOTAL",3.34,µg/L,0.0352,0,,
16018401202,2019-07-17T10:10:00,"VANADIUM,  UNFILTERED TOTAL",1.14,µg/L,0.0188,0,,
16018401202,2019-07-17T10:10:00,"ZINC,  UNFILTERED TOTAL",18.1,µg/L,0.1411,0,,
16018401202,2019-07-17T10:10:00,"ZIRCONIUM,  UNFILTERED TOTAL",0.154,µg/L,0.0132,0,,
16018401202,2019-08-13T10:00:00,"ALKALINITY, TOTAL",169.0,mg/L,0.2782,0,,
16018401202,2019-08-13T10:00:00,"ALUMINIUM, UNFILTERED TOTAL",96.7,µg/L,0.7786,1,"rolling_std_30, rolling_std_14, rolling_std_7","6.35, 6.22, 5.28"
16018401202,2019-08-13T10:00:00,"AMMONIUM, TOTAL   UNFIL.REAC",0.045,mg/L,0.0107,0,,
16018401202,2019-08-13T10:00:00,"BARIUM,  UNFILTERED TOTAL",24.2,µg/L,0.0781,0,,
16018401202,2019-08-13T10:00:00,"BERYLIUM,UNFILTERED TOTAL",-0.0531,µg/L,0.0183,0,,
16018401202,2019-08-13T10:00:00,"BISMUTH, UNFILTERED TOTAL",-4.25,µg/L,0.0522,0,,
16018401202,2019-08-13T10:00:00,"CADMIUM, UNFILTERED TOTAL",0.812,µg/L,0.005,0,,
16018401202,2019-08-13T10:00:00,"CALCIUM, UNFILTERED TOTAL",57.4,mg/L,0.1116,0,,
16018401202,2019-08-13T10:00:00,"CARBON, DISSOLVED INORGANIC",41.7,mg/L,0.0877,0,,
16018401202,2019-08-13T10:00:00,"CARBON, DISSOLVED ORGANIC",5.5,mg/L,0.0225,0,,
16018401202,2019-08-13T10:00:00,"CHLORIDE,         UNFIL.REAC",86.7,mg/L,0.1489,0,,
16018401202,2019-08-13T10:00:00,"CHROMIUM, UNFILTERED TOTAL",0.133,µg/L,0.0217,0,,
16018401202,2019-08-13T10:00:00,"COBALT,   UNFILTERED TOTAL",0.701,µg/L,0.0057,0,,
16018401202,2019-08-13T10:00:00,"CONDUCTIVITY, 25C",691.0,MICRO SIEMENS PER CENTIMETER,0.5038,0,,
16018401202,2019-08-13T10:00:00,"CONDUCTIVITY, AMBIENT",684.0,MICROMHOS/CM (CONDUCTIVITY),0.4959,0,,
16018401202,2019-08-13T10:00:00,"COPPER,   UNFILTERED TOTAL",2.23,µg/L,0.0395,0,,
16018401202,2019-08-13T10:00:00,DISSOLVED OXYGEN,8.87,mg/L,0.0388,0,,
16018401202,2019-08-13T10:00:00,"HARDNESS,   TOTAL",239.0,mg/L,0.3111,0,,
16018401202,2019-08-13T10:00:00,"IRON,     UNFILTERED TOTAL",186.0,µg/L,0.8222,1,"rolling_std_30, rolling_std_14, rolling_std_7","10.73, 10.51, 8.92"
16018401202,2019-08-13T10:00:00,"LEAD,     UNFILTERED TOTAL",-4.87,µg/L,0.0729,0,,
16018401202,2019-08-13T10:00:00,"LITHIUM,  UNFILTERED TOTAL",5.03,µg/L,0.0487,0,,
16018401202,2019-08-13T10:00:00,"MAGNESIUM,UNFILTERED TOTAL",23.3,mg/L,0.0875,0,,
16018401202,2019-08-13T10:00:00,"MANGANESE,UNFILTERED TOTAL",36.5,µg/L,0.4043,0,,
16018401202,2019-08-13T10:00:00,"MOLYBDENUM,UNFILTERED TOTAL",-0.536,µg/L,0.0211,0,,
16018401202,2019-08-13T10:00:00,"NICKEL,   UNFILTERED TOTAL",0.934,µg/L,0.0144,0,,
16018401202,2019-08-13T10:00:00,"NITRATES TOTAL,   UNFIL.REAC",3.24,mg/L,0.0129,0,,
16018401202,2019-08-13T10:00:00,"NITRITE,  UNFILTERED REACTIVE",0.016,mg/L,0.0333,0,,
16018401202,2019-08-13T10:00:00,NITROGEN; TOTAL,3.86,mg/L,0.0126,0,,
16018401202,2019-08-13T10:00:00,PH (-LOG H+ CONCN),8.43,NO DIMENSION/SCALE,0.0284,0,,
16018401202,2019-08-13T10:00:00,PH FIELD,8.65,NO DIMENSION/SCALE,0.0474,0,,
16018401202,2019-08-13T10:00:00,"PHOSPHATE,FILTERED REACTIVE",0.0197,mg/L,0.0046,0,,
16018401202,2019-08-13T10:00:00,"PHOSPHORUS,UNFILTERED TOTAL",69.4,µg/L,0.6136,1,"rolling_std_30, rolling_std_14, rolling_std_7","3.39, 3.32, 2.83"
16018401202,2019-08-13T10:00:00,"POTASSIUM,UNFILTERED TOTAL",3.41,mg/L,0.0101,0,,
16018401202,2019-08-13T10:00:00,"RESIDUE,PARTICULATE",21.3,mg/L,0.3273,0,,
16018401202,2019-08-13T10:00:00,"SILICATES,UNFILTERED REACTIVE",0.76,mg/L,0.0097,0,,
16018401202,2019-08-13T10:00:00,"SILVER,   UNFILTERED TOTAL",-0.391,µg/L,0.0444,0,,
16018401202,2019-08-13T10:00:00,"SODIUM,   UNFILTERED TOTAL",51.9,mg/L,0.1058,0,,
16018401202,2019-08-13T10:00:00,STREAM CONDITION,7.0,NO DIMENSION/SCALE,0.0377,0,,
16018401202,2019-08-13T10:00:00,"STRONTIUM, UNFILTERED TOTAL",366.0,µg/L,0.3921,0,,
16018401202,2019-08-13T10:00:00,"TEMPERATURE, WATER",22.7,DEGREES CELSIUS,0.0769,0,,
16018401202,2019-08-13T10:00:00,TIN       UNFILTERED TOTAL,0.943,µg/L,0.0146,0,,
16018401202,2019-08-13T10:00:00,"TITANIUM,  UNFILTERED TOTAL",1.7,µg/L,0.0516,0,,
16018401202,2019-08-13T10:00:00,"URANIUM,   UNFILTERED TOTAL",0.979,µg/L,0.0365,0,,
16018401202,2019-08-13T10:00:00,"VANADIUM,  UNFILTERED TOTAL",0.545,µg/L,0.021,0,,
16018401202,2019-08-13T10:00:00,"ZINC,  UNFILTERED TOTAL",6.89,µg/L,0.1442,0,,
16018401202,2019-08-13T10:00:00,"ZIRCONIUM,  UNFILTERED TOTAL",-0.0362,µg/L,0.0235,0,,
16018401202,2019-09-10T10:00:00,"ALKALINITY, TOTAL",168.0,mg/L,0.2099,0,,
16018401202,2019-09-10T10:00:00,"ALUMINIUM, UNFILTERED TOTAL",33.7,µg/L,0.7073,1,"rolling_std_30, rolling_std_14, rolling_std_7","5.94, 5.82, 4.94"
16018401202,2019-09-10T10:00:00,"AMMONIUM, TOTAL   UNFIL.REAC",0.063,mg/L,0.0052,0,,
16018401202,2019-09-10T10:00:00,"BARIUM,  UNFILTERED TOTAL",22.7,µg/L,0.0737,0,,
16018401202,2019-09-10T10:00:00,"BERYLIUM,UNFILTERED TOTAL",-0.0716,µg/L,0.0156,0,,
16018401202,2019-09-10T10:00:00,"BISMUTH, UNFILTERED TOTAL",-4.92,µg/L,0.0507,0,,
16018401202,2019-09-10T10:00:00,"CADMIUM, UNFILTERED TOTAL",1.55,µg/L,0.035,0,,
16018401202,2019-09-10T10:00:00,"CALCIUM, UNFILTERED TOTAL",55.4,mg/L,0.1049,0,,
16018401202,2019-09-10T10:00:00,"CARBON, DISSOLVED INORGANIC",40.9,mg/L,0.0645,0,,
16018401202,2019-09-10T10:00:00,"CARBON, DISSOLVED ORGANIC",5.1,mg/L,0.0056,0,,
16018401202,2019-09-10T10:00:00,"CHLORIDE,         UNFIL.REAC",87.1,mg/L,0.1291,0,,
16018401202,2019-09-10T10:00:00,"CHROMIUM, UNFILTERED TOTAL",0.936,µg/L,0.012,0,,
16018401202,2019-09-10T10:00:00,"COBALT,   UNFILTERED TOTAL",0.826,µg/L,0.006,0,,
16018401202,2019-09-10T10:00:00,"CONDUCTIVITY, 25C",677.0,MICRO SIEMENS PER CENTIMETER,0.4488,0,,
16018401202,2019-09-10T10:00:00,"CONDUCTIVITY, AMBIENT",693.0,MICROMHOS/CM (CONDUCTIVITY),0.445,0,,
16018401202,2019-09-10T10:00:00,"COPPER,   UNFILTERED TOTAL",2.34,µg/L,0.0263,0,,
16018401202,2019-09-10T10:00:00,DISSOLVED OXYGEN,10.59,mg/L,0.0362,0,,
16018401202,2019-09-10T10:00:00,"HARDNESS,   TOTAL",236.0,mg/L,0.2458,0,,
16018401202,2019-09-10T10:00:00,"IRON,     UNFILTERED TOTAL",85.1,µg/L,0.781,1,"rolling_std_30, rolling_std_14, rolling_std_7","9.96, 9.76, 8.28"
16018401202,2019-09-10T10:00:00,"LEAD,     UNFILTERED TOTAL",-3.44,µg/L,0.0504,0,,
16018401202,2019-09-10T10:00:00,"LITHIUM,  UNFILTERED TOTAL",5.05,µg/L,0.0246,0,,
16018401202,2019-09-10T10:00:00,"MAGNESIUM,UNFILTERED TOTAL",23.7,mg/L,0.0671,0,,
16018401202,2019-09-10T10:00:00,"MANGANESE,UNFILTERED TOTAL",12.7,µg/L,0.3724,0,,
16018401202,2019-09-10T10:00:00,"MOLYBDENUM,UNFILTERED TOTAL",-0.571,µg/L,0.0167,0,,
16018401202,2019-09-10T10:00:00,"NICKEL,   UNFILTERED TOTAL",0.985,µg/L,0.0105,0,,
16018401202,2019-09-10T10:00:00,"NITRATES TOTAL,   UNFIL.REAC",3.46,mg/L,0.0077,0,,
16018401202,2019-09-10T10:00:00,"NITRITE,  UNFILTERED REACTIVE",0.021,mg/L,0.0147,0,,
16018401202,2019-09-10T10:00:00,NITROGEN; TOTAL,4.16,mg/L,0.006,0,,
16018401202,2019-09-10T10:00:00,PH (-LOG H+ CONCN),8.41,NO DIMENSION/SCALE,0.0239,0,,
16018401202,2019-09-10T10:00:00,PH FIELD,8.48,NO DIMENSION/SCALE,0.0222,0,,
16018401202,2019-09-10T10:00:00,"PHOSPHATE,FILTERED REACTIVE",0.0227,mg/L,0.0029,0,,
16018401202,2019-09-10T10:00:00,"PHOSPHORUS,UNFILTERED TOTAL",56.5,µg/L,0.5871,1,"rolling_std_30, rolling_std_14, rolling_std_7","3.13, 3.07, 2.61"
16018401202,2019-09-10T10:00:00,"POTASSIUM,UNFILTERED TOTAL",3.55,mg/L,0.0058,0,,
16018401202,2019-09-10T10:00:00,"RESIDUE,PARTICULATE",4.2,mg/L,0.3164,0,,
16018401202,2019-09-10T10:00:00,"SILICATES,UNFILTERED REACTIVE",0.48,mg/L,0.0179,0,,
16018401202,2019-09-10T10:00:00,"SILVER,   UNFILTERED TOTAL",-0.101,µg/L,0.0224,0,,
16018401202,2019-09-10T10:00:00,"SODIUM,   UNFILTERED TOTAL",53.5,mg/L,0.0919,0,,
16018401202,2019-09-10T10:00:00,STREAM CONDITION,8.0,NO DIMENSION/SCALE,0.0288,0,,
16018401202,2019-09-10T10:00:00,"STRONTIUM, UNFILTERED TOTAL",394.0,µg/L,0.3835,0,,
16018401202,2019-09-10T10:00:00,"TEMPERATURE, WATER",17.5,DEGREES CELSIUS,0.0774,0,,
16018401202,2019-09-10T10:00:00,TIN       UNFILTERED TOTAL,0.987,µg/L,0.0105,0,,
16018401202,2019-09-10T10:00:00,"TITANIUM,  UNFILTERED TOTAL",0.931,µg/L,0.0384,0,,
16018401202,2019-09-10T10:00:00,"URANIUM,   UNFILTERED TOTAL",3.45,µg/L,0.0354,0,,
16018401202,2019-09-10T10:00:00,"VANADIUM,  UNFILTERED TOTAL",0.708,µg/L,0.0109,0,,
16018401202,2019-09-10T10:00:00,"ZINC,  UNFILTERED TOTAL",5.0,µg/L,0.1116,0,,
16018401202,2019-09-10T10:00:00,"ZIRCONIUM,  UNFILTERED TOTAL",-0.0907,µg/L,0.0178,0,,
16018401202,2019-10-08T10:30:00,"ALKALINITY, TOTAL",186.0,mg/L,0.2275,0,,
16018401202,2019-10-08T10:30:00,"ALUMINIUM, UNFILTERED TOTAL",36.3,µg/L,0.6833,1,"rolling_std_30, rolling_std_14, rolling_std_7","5.55, 5.44, 4.62"
16018401202,2019-10-08T10:30:00,"AMMONIUM, TOTAL   UNFIL.REAC",0.04,mg/L,0.0075,0,,
16018401202,2019-10-08T10:30:00,"BARIUM,  UNFILTERED TOTAL",25.1,µg/L,0.0648,0,,
16018401202,2019-10-08T10:30:00,"BERYLIUM,UNFILTERED TOTAL",-0.0443,µg/L,0.0123,0,,
16018401202,2019-10-08T10:30:00,"BISMUTH, UNFILTERED TOTAL",-4.5,µg/L,0.044,0,,
16018401202,2019-10-08T10:30:00,"CADMIUM, UNFILTERED TOTAL",1.26,µg/L,0.0127,0,,
16018401202,2019-10-08T10:30:00,"CALCIUM, UNFILTERED TOTAL",64.0,mg/L,0.1062,0,,
16018401202,2019-10-08T10:30:00,"CARBON, DISSOLVED INORGANIC",43.5,mg/L,0.0742,0,,
16018401202,2019-10-08T10:30:00,"CARBON, DISSOLVED ORGANIC",4.9,mg/L,0.0157,0,,
16018401202,2019-10-08T10:30:00,"CHLORIDE,         UNFIL.REAC",87.0,mg/L,0.1207,0,,
16018401202,2019-10-08T10:30:00,"CHROMIUM, UNFILTERED TOTAL",-0.0168,µg/L,0.0261,0,,
16018401202,2019-10-08T10:30:00,"COBALT,   UNFILTERED TOTAL",0.82,µg/L,0.0059,0,,
16018401202,2019-10-08T10:30:00,"CONDUCTIVITY, 25C",733.0,MICRO SIEMENS PER CENTIMETER,0.4691,0,,
16018401202,2019-10-08T10:30:00,"CONDUCTIVITY, AMBIENT",739.0,MICROMHOS/CM (CONDUCTIVITY),0.4642,0,,
16018401202,2019-10-08T10:30:00,"COPPER,   UNFILTERED TOTAL",2.81,µg/L,0.0214,0,,
16018401202,2019-10-08T10:30:00,DISSOLVED OXYGEN,11.09,mg/L,0.0311,0,,
16018401202,2019-10-08T10:30:00,"HARDNESS,   TOTAL",255.0,mg/L,0.2706,0,,
16018401202,2019-10-08T10:30:00,"IRON,     UNFILTERED TOTAL",95.4,µg/L,0.7493,1,"rolling_std_30, rolling_std_14, rolling_std_7","9.26, 9.07, 7.70"
16018401202,2019-10-08T10:30:00,"LEAD,     UNFILTERED TOTAL",-3.63,µg/L,0.0455,0,,
16018401202,2019-10-08T10:30:00,"LITHIUM,  UNFILTERED TOTAL",4.75,µg/L,0.0232,0,,
16018401202,2019-10-08T10:30:00,"MAGNESIUM,UNFILTERED TOTAL",23.1,mg/L,0.0595,0,,
16018401202,2019-10-08T10:30:00,"MANGANESE,UNFILTERED TOTAL",11.2,µg/L,0.3526,0,,
16018401202,2019-10-08T10:30:00,"MOLYBDENUM,UNFILTERED TOTAL",0.186,µg/L,0.0362,0,,
16018401202,2019-10-08T10:30:00,"NICKEL,   UNFILTERED TOTAL",0.746,µg/L,0.0119,0,,
16018401202,2019-10-08T10:30:00,"NITRATES TOTAL,   UNFIL.REAC",3.61,mg/L,0.0053,0,,
16018401202,2019-10-08T10:30:00,"NITRITE,  UNFILTERED REACTIVE",0.009,mg/L,0.0316,0,,
16018401202,2019-10-08T10:30:00,NITROGEN; TOTAL,4.32,mg/L,0.0082,0,,
16018401202,2019-10-08T10:30:00,PH (-LOG H+ CONCN),8.34,NO DIMENSION/SCALE,0.0134,0,,
16018401202,2019-10-08T10:30:00,PH FIELD,8.54,NO DIMENSION/SCALE,0.0226,0,,
16018401202,2019-10-08T10:30:00,"PHOSPHATE,FILTERED REACTIVE",0.0207,mg/L,0.0028,0,,
16018401202,2019-10-08T10:30:00,"PHOSPHORUS,UNFILTERED TOTAL",46.4,µg/L,0.4771,0,,
16018401202,2019-10-08T10:30:00,"POTASSIUM,UNFILTERED TOTAL",4.0,mg/L,0.0126,0,,
16018401202,2019-10-08T10:30:00,"RESIDUE,PARTICULATE",4.1,mg/L,0.2537,0,,
16018401202,2019-10-08T10:30:00,"SILICATES,UNFILTERED REACTIVE",0.66,mg/L,0.0051,0,,
16018401202,2019-10-08T10:30:00,"SILVER,   UNFILTERED TOTAL",1.79,µg/L,0.0311,0,,
16018401202,2019-10-08T10:30:00,"SODIUM,   UNFILTERED TOTAL",55.5,mg/L,0.0807,0,,
16018401202,2019-10-08T10:30:00,STREAM CONDITION,7.0,NO DIMENSION/SCALE,0.0212,0,,
16018401202,2019-10-08T10:30:00,"STRONTIUM, UNFILTERED TOTAL",401.0,µg/L,0.3761,0,,
16018401202,2019-10-08T10:30:00,"TEMPERATURE, WATER",12.6,DEGREES CELSIUS,0.069,0,,
16018401202,2019-10-08T10:30:00,TIN       UNFILTERED TOTAL,2.86,µg/L,0.0428,0,,
16018401202,2019-10-08T10:30:00,"TITANIUM,  UNFILTERED TOTAL",0.94,µg/L,0.0375,0,,
16018401202,2019-10-08T10:30:00,"URANIUM,   UNFILTERED TOTAL",3.87,µg/L,0.0259,0,,
16018401202,2019-10-08T10:30:00,"VANADIUM,  UNFILTERED TOTAL",0.438,µg/L,0.0156,0,,
16018401202,2019-10-08T10:30:00,"ZINC,  UNFILTERED TOTAL",4.01,µg/L,0.1037,0,,
16018401202,2019-10-08T10:30:00,"ZIRCONIUM,  UNFILTERED TOTAL",-0.0837,µg/L,0.0149,0,,
16018401202,2019-11-05T09:50:00,"ALKALINITY, TOTAL",222.0,mg/L,0.2902,0,,
16018401202,2019-11-05T09:50:00,"ALUMINIUM, UNFILTERED TOTAL",93.6,µg/L,0.6921,1,"rolling_std_30, rolling_std_14, rolling_std_7","5.14, 5.04, 4.28"
16018401202,2019-11-05T09:50:00,"AMMONIUM, TOTAL   UNFIL.REAC",0.065,mg/L,0.0042,0,,
16018401202,2019-11-05T09:50:00,"BARIUM,  UNFILTERED TOTAL",28.9,µg/L,0.0594,0,,
16018401202,2019-11-05T09:50:00,"BERYLIUM,UNFILTERED TOTAL",-0.0372,µg/L,0.0077,0,,
16018401202,2019-11-05T09:50:00,"BISMUTH, UNFILTERED TOTAL",-5.66,µg/L,0.0626,0,,
16018401202,2019-11-05T09:50:00,"CADMIUM, UNFILTERED TOTAL",0.624,µg/L,0.0167,0,,
16018401202,2019-11-05T09:50:00,"CALCIUM, UNFILTERED TOTAL",88.9,mg/L,0.2022,0,,
16018401202,2019-11-05T09:50:00,"CARBON, DISSOLVED INORGANIC",53.7,mg/L,0.1187,0,,
16018401202,2019-11-05T09:50:00,"CARBON, DISSOLVED ORGANIC",5.8,mg/L,0.0518,0,,
16018401202,2019-11-05T09:50:00,"CHLORIDE,         UNFIL.REAC",80.9,mg/L,0.1226,0,,
16018401202,2019-11-05T09:50:00,"CHROMIUM, UNFILTERED TOTAL",0.261,µg/L,0.0135,0,,
16018401202,2019-11-05T09:50:00,"COBALT,   UNFILTERED TOTAL",-0.12,µg/L,0.0438,0,,
16018401202,2019-11-05T09:50:00,"CONDUCTIVITY, 25C",772.0,MICRO SIEMENS PER CENTIMETER,0.4761,0,,
16018401202,2019-11-05T09:50:00,"CONDUCTIVITY, AMBIENT",791.0,MICROMHOS/CM (CONDUCTIVITY),0.4966,0,,
16018401202,2019-11-05T09:50:00,"COPPER,   UNFILTERED TOTAL",9.23,µg/L,0.0746,0,,
16018401202,2019-11-05T09:50:00,DISSOLVED OXYGEN,12.15,mg/L,0.0399,0,,
16018401202,2019-11-05T09:50:00,"HARDNESS,   TOTAL",312.0,mg/L,0.3804,0,,
16018401202,2019-11-05T09:50:00,"IRON,     UNFILTERED TOTAL",194.0,µg/L,0.7729,1,"rolling_std_30, rolling_std_14, rolling_std_7","8.56, 8.39, 7.12"
16018401202,2019-11-05T09:50:00,"LEAD,     UNFILTERED TOTAL",-3.11,µg/L,0.0449,0,,
16018401202,2019-11-05T09:50:00,"LITHIUM,  UNFILTERED TOTAL",3.63,µg/L,0.0382,0,,
16018401202,2019-11-05T09:50:00,"MAGNESIUM,UNFILTERED TOTAL",21.8,mg/L,0.0601,0,,
16018401202,2019-11-05T09:50:00,"MANGANESE,UNFILTERED TOTAL",21.2,µg/L,0.336,0,,
16018401202,2019-11-05T09:50:00,"MOLYBDENUM,UNFILTERED TOTAL",0.0144,µg/L,0.0242,0,,
16018401202,2019-11-05T09:50:00,"NICKEL,   UNFILTERED TOTAL",1.35,µg/L,0.0298,0,,
16018401202,2019-11-05T09:50:00,"NITRATES TOTAL,   UNFIL.REAC",6.57,mg/L,0.0769,0,,
16018401202,2019-11-05T09:50:00,"NITRITE,  UNFILTERED REACTIVE",0.082,mg/L,0.0575,0,,
16018401202,2019-11-05T09:50:00,PH (-LOG H+ CONCN),8.25,NO DIMENSION/SCALE,0.0081,0,,
16018401202,2019-11-05T09:50:00,PH FIELD,8.5,NO DIMENSION/SCALE,0.0161,0,,
16018401202,2019-11-05T09:50:00,"PHOSPHATE,FILTERED REACTIVE",0.0309,mg/L,0.0032,0,,
16018401202,2019-11-05T09:50:00,"PHOSPHORUS,UNFILTERED TOTAL",71.2,µg/L,0.4798,0,,
16018401202,2019-11-05T09:50:00,"POTASSIUM,UNFILTERED TOTAL",3.87,mg/L,0.0113,0,,
16018401202,2019-11-05T09:50:00,"RESIDUE,PARTICULATE",8.6,mg/L,0.2494,0,,
16018401202,2019-11-05T09:50:00,"SILICATES,UNFILTERED REACTIVE",2.8,mg/L,0.0777,0,,
16018401202,2019-11-05T09:50:00,"SILVER,   UNFILTERED TOTAL",0.301,µg/L,0.0255,0,,
16018401202,2019-11-05T09:50:00,"SODIUM,   UNFILTERED TOTAL",44.5,mg/L,0.1294,0,,
16018401202,2019-11-05T09:50:00,STREAM CONDITION,8.0,NO DIMENSION/SCALE,0.0257,0,,
16018401202,2019-11-05T09:50:00,"STRONTIUM, UNFILTERED TOTAL",335.0,µg/L,0.4087,0,,
16018401202,2019-11-05T09:50:00,"TEMPERATURE, WATER",6.3,DEGREES CELSIUS,0.0852,0,,
16018401202,2019-11-05T09:50:00,TIN       UNFILTERED TOTAL,-5.23,µg/L,0.1259,0,,
16018401202,2019-11-05T09:50:00,"TITANIUM,  UNFILTERED TOTAL",2.74,µg/L,0.0339,0,,
16018401202,2019-11-05T09:50:00,"URANIUM,   UNFILTERED TOTAL",5.81,µg/L,0.0508,0,,
16018401202,2019-11-05T09:50:00,"VANADIUM,  UNFILTERED TOTAL",0.777,µg/L,0.0079,0,,
16018401202,2019-11-05T09:50:00,"ZINC,  UNFILTERED TOTAL",6.91,µg/L,0.1008,0,,
16018401202,2019-11-05T09:50:00,"ZIRCONIUM,  UNFILTERED TOTAL",-0.019,µg/L,0.0073,0,,
16018401202,2019-11-05T23:50:00,NITROGEN; TOTAL,7.76,mg/L,0.0733,0,,
16018401202,2020-03-10T11:45:00,"ALKALINITY, TOTAL",173.0,mg/L,0.3903,0,,
16018401202,2020-03-10T11:45:00,"ALUMINIUM, UNFILTERED TOTAL",790.0,µg/L,0.8109,1,"rolling_std_30, rolling_std_14, delta","5.37, 5.26, 4.67"
16018401202,2020-03-10T11:45:00,"AMMONIUM, TOTAL   UNFIL.REAC",0.131,mg/L,0.1221,0,,
16018401202,2020-03-10T11:45:00,"BARIUM,  UNFILTERED TOTAL",34.2,µg/L,0.2078,0,,
16018401202,2020-03-10T11:45:00,"BERYLIUM,UNFILTERED TOTAL",0.135,µg/L,0.1357,0,,
16018401202,2020-03-10T11:45:00,"BISMUTH, UNFILTERED TOTAL",-6.1,µg/L,0.1758,0,,
16018401202,2020-03-10T11:45:00,"CADMIUM, UNFILTERED TOTAL",1.38,µg/L,0.1337,0,,
16018401202,2020-03-10T11:45:00,"CALCIUM, UNFILTERED TOTAL",72.9,mg/L,0.2551,0,,
16018401202,2020-03-10T11:45:00,"CARBON, DISSOLVED INORGANIC",42.3,mg/L,0.2289,0,,
16018401202,2020-03-10T11:45:00,"CARBON, DISSOLVED ORGANIC",4.3,mg/L,0.1878,0,,
16018401202,2020-03-10T11:45:00,"CHLORIDE,         UNFIL.REAC",87.2,mg/L,0.2757,0,,
16018401202,2020-03-10T11:45:00,"CHROMIUM, UNFILTERED TOTAL",2.18,µg/L,0.1556,0,,
16018401202,2020-03-10T11:45:00,"COBALT,   UNFILTERED TOTAL",1.23,µg/L,0.1393,0,,
16018401202,2020-03-10T11:45:00,"CONDUCTIVITY, 25C",689.0,MICRO SIEMENS PER CENTIMETER,0.5912,1,"rolling_mean_7, rolling_mean_30, rolling_mean_14","3.08, 3.03, 3.03"
16018401202,2020-03-10T11:45:00,"CONDUCTIVITY, AMBIENT",688.0,MICROMHOS/CM (CONDUCTIVITY),0.5958,1,"rolling_mean_7, rolling_mean_30, rolling_mean_14","3.13, 3.08, 3.07"
16018401202,2020-03-10T11:45:00,"COPPER,   UNFILTERED TOTAL",5.75,µg/L,0.1501,0,,
16018401202,2020-03-10T11:45:00,DISSOLVED OXYGEN,12.52,mg/L,0.1504,0,,
16018401202,2020-03-10T11:45:00,"HARDNESS,   TOTAL",256.0,mg/L,0.4295,0,,
16018401202,2020-03-10T11:45:00,"IRON,     UNFILTERED TOTAL",832.0,µg/L,0.8333,1,"rolling_std_30, rolling_std_14, delta","8.12, 7.96, 4.28"
16018401202,2020-03-10T11:45:00,"LEAD,     UNFILTERED TOTAL",-1.77,µg/L,0.1528,0,,
16018401202,2020-03-10T11:45:00,"LITHIUM,  UNFILTERED TOTAL",5.25,µg/L,0.1278,0,,
16018401202,2020-03-10T11:45:00,"MAGNESIUM,UNFILTERED TOTAL",17.9,mg/L,0.1884,0,,
16018401202,2020-03-10T11:45:00,"MANGANESE,UNFILTERED TOTAL",97.8,µg/L,0.4647,0,,
16018401202,2020-03-10T11:45:00,"MOLYBDENUM,UNFILTERED TOTAL",-1.01,µg/L,0.1591,0,,
16018401202,2020-03-10T11:45:00,"NICKEL,   UNFILTERED TOTAL",0.829,µg/L,0.1271,0,,
16018401202,2020-03-10T11:45:00,"NITRATES TOTAL,   UNFIL.REAC",6.0,mg/L,0.1452,0,,
16018401202,2020-03-10T11:45:00,"NITRITE,  UNFILTERED REACTIVE",0.036,mg/L,0.121,0,,
16018401202,2020-03-10T11:45:00,NITROGEN; TOTAL,7.34,mg/L,0.1554,0,,
16018401202,2020-03-10T11:45:00,PH (-LOG H+ CONCN),8.1,NO DIMENSION/SCALE,0.1501,0,,
16018401202,2020-03-10T11:45:00,PH FIELD,7.97,NO DIMENSION/SCALE,0.1398,0,,
16018401202,2020-03-10T11:45:00,"PHOSPHATE,FILTERED REACTIVE",0.0581,mg/L,0.1251,0,,
16018401202,2020-03-10T11:45:00,"PHOSPHORUS,UNFILTERED TOTAL",243.0,µg/L,0.6348,1,"rolling_std_30, rolling_std_14, time_gap_days","2.60, 2.54, 2.13"
16018401202,2020-03-10T11:45:00,"POTASSIUM,UNFILTERED TOTAL",3.2,mg/L,0.134,0,,
16018401202,2020-03-10T11:45:00,"RESIDUE,PARTICULATE",113.0,mg/L,0.4791,0,,
16018401202,2020-03-10T11:45:00,"SILICATES,UNFILTERED REACTIVE",1.8,mg/L,0.1339,0,,
16018401202,2020-03-10T11:45:00,"SILVER,   UNFILTERED TOTAL",0.761,µg/L,0.1335,0,,
16018401202,2020-03-10T11:45:00,"SODIUM,   UNFILTERED TOTAL",54.1,mg/L,0.2283,0,,
16018401202,2020-03-10T11:45:00,STREAM CONDITION,3.0,NO DIMENSION/SCALE,0.1801,0,,
16018401202,2020-03-10T11:45:00,"STRONTIUM, UNFILTERED TOTAL",223.0,µg/L,0.5465,0,,
16018401202,2020-03-10T11:45:00,"TEMPERATURE, WATER",3.8,DEGREES CELSIUS,0.2068,0,,
16018401202,2020-03-10T11:45:00,TIN       UNFILTERED TOTAL,-1.75,µg/L,0.1713,0,,
16018401202,2020-03-10T11:45:00,"TITANIUM,  UNFILTERED TOTAL",12.3,µg/L,0.2079,0,,
16018401202,2020-03-10T11:45:00,"TURBIDITY, FIELD",45.2,FORMAZIN NEPHELOMETRIC UNIT,0.0945,0,,
16018401202,2020-03-10T11:45:00,"URANIUM,   UNFILTERED TOTAL",5.96,µg/L,0.148,0,,
16018401202,2020-03-10T11:45:00,"VANADIUM,  UNFILTERED TOTAL",2.19,µg/L,0.1434,0,,
16018401202,2020-03-10T11:45:00,"ZINC,  UNFILTERED TOTAL",37.7,µg/L,0.2887,0,,
16018401202,2020-03-10T11:45:00,"ZIRCONIUM,  UNFILTERED TOTAL",0.318,µg/L,0.1507,0,,
16018401202,2020-10-07T10:15:00,"TURBIDITY, FIELD",3.4,FORMAZIN NEPHELOMETRIC UNIT,0.392,0,,
16018401202,2020-11-23T10:00:00,"ALKALINITY, TOTAL",227.0,mg/L,0.5143,0,,
16018401202,2020-11-23T10:00:00,"ALUMINIUM, UNFILTERED TOTAL",70.6,µg/L,0.8303,1,"time_gap_days, rolling_std_30, rolling_std_14","5.36, 5.13, 5.03"
16018401202,2020-11-23T10:00:00,"AMMONIUM, TOTAL   UNFIL.REAC",0.034,mg/L,0.2489,0,,
16018401202,2020-11-23T10:00:00,"BARIUM,  UNFILTERED TOTAL",27.1,µg/L,0.3036,0,,
16018401202,2020-11-23T10:00:00,"BERYLIUM,UNFILTERED TOTAL",0.0353,µg/L,0.2477,0,,
16018401202,2020-11-23T10:00:00,"BISMUTH, UNFILTERED TOTAL",-6.67,µg/L,0.3043,0,,
16018401202,2020-11-23T10:00:00,"CADMIUM, UNFILTERED TOTAL",0.491,µg/L,0.2797,0,,
16018401202,2020-11-23T10:00:00,"CALCIUM, UNFILTERED TOTAL",74.1,mg/L,0.3546,0,,
16018401202,2020-11-23T10:00:00,"CARBON, DISSOLVED INORGANIC",52.0,mg/L,0.3536,0,,
16018401202,2020-11-23T10:00:00,"CARBON, DISSOLVED ORGANIC",6.4,mg/L,0.2878,0,,
16018401202,2020-11-23T10:00:00,"CHLORIDE,         UNFIL.REAC",80.2,mg/L,0.3712,0,,
16018401202,2020-11-23T10:00:00,"CHROMIUM, UNFILTERED TOTAL",0.49,µg/L,0.2535,0,,
16018401202,2020-11-23T10:00:00,"COBALT,   UNFILTERED TOTAL",0.254,µg/L,0.2633,0,,
16018401202,2020-11-23T10:00:00,"CONDUCTIVITY, 25C",773.0,MICRO SIEMENS PER CENTIMETER,0.6798,1,"time_gap_days, rolling_mean_30, rolling_mean_14","5.36, 3.07, 3.07"
16018401202,2020-11-23T10:00:00,"CONDUCTIVITY, AMBIENT",794.0,MICROMHOS/CM (CONDUCTIVITY),0.6887,1,"time_gap_days, rolling_mean_30, rolling_mean_14","5.36, 3.12, 3.12"
16018401202,2020-11-23T10:00:00,"COPPER,   UNFILTERED TOTAL",3.1,µg/L,0.2766,0,,
16018401202,2020-11-23T10:00:00,DISSOLVED OXYGEN,13.96,mg/L,0.2977,0,,
16018401202,2020-11-23T10:00:00,"HARDNESS,   TOTAL",285.0,mg/L,0.5268,0,,
16018401202,2020-11-23T10:00:00,"IRON,     UNFILTERED TOTAL",122.0,µg/L,0.8605,1,"rolling_std_30, rolling_std_14, time_gap_days","7.77, 7.61, 5.36"
16018401202,2020-11-23T10:00:00,"LEAD,     UNFILTERED TOTAL",-1.34,µg/L,0.2879,0,,
16018401202,2020-11-23T10:00:00,"LITHIUM,  UNFILTERED TOTAL",3.37,µg/L,0.2861,0,,
16018401202,2020-11-23T10:00:00,"MAGNESIUM,UNFILTERED TOTAL",24.2,mg/L,0.3136,0,,
16018401202,2020-11-23T10:00:00,"MANGANESE,UNFILTERED TOTAL",12.5,µg/L,0.5414,0,,
16018401202,2020-11-23T10:00:00,"MOLYBDENUM,UNFILTERED TOTAL",-0.0969,µg/L,0.272,0,,
16018401202,2020-11-23T10:00:00,"NICKEL,   UNFILTERED TOTAL",2.05,µg/L,0.2808,0,,
16018401202,2020-11-23T10:00:00,"NITRATES TOTAL,   UNFIL.REAC",3.86,mg/L,0.256,0,,
16018401202,2020-11-23T10:00:00,"NITRITE,  UNFILTERED REACTIVE",0.035,mg/L,0.2415,0,,
16018401202,2020-11-23T10:00:00,NTOT,4.31,mg/L,0.0387,0,,
16018401202,2020-11-23T10:00:00,PH (-LOG H+ CONCN),8.41,NO DIMENSION/SCALE,0.2606,0,,
16018401202,2020-11-23T10:00:00,PH FIELD,8.33,NO DIMENSION/SCALE,0.2464,0,,
16018401202,2020-11-23T10:00:00,"PHOSPHATE,FILTERED REACTIVE",0.0077,mg/L,0.2516,0,,
16018401202,2020-11-23T10:00:00,"PHOSPHORUS,UNFILTERED TOTAL",27.4,µg/L,0.669,1,"time_gap_days, rolling_std_30, rolling_std_14","5.36, 2.49, 2.44"
16018401202,2020-11-23T10:00:00,"POTASSIUM,UNFILTERED TOTAL",3.03,mg/L,0.2588,0,,
16018401202,2020-11-23T10:00:00,"RESIDUE,PARTICULATE",5.0,mg/L,0.5269,0,,
16018401202,2020-11-23T10:00:00,"SILICATES,UNFILTERED REACTIVE",1.3,mg/L,0.2536,0,,
16018401202,2020-11-23T10:00:00,"SILVER,   UNFILTERED TOTAL",0.104,µg/L,0.2652,0,,
16018401202,2020-11-23T10:00:00,"SODIUM,   UNFILTERED TOTAL",48.4,mg/L,0.3446,0,,
16018401202,2020-11-23T10:00:00,STREAM CONDITION,8.0,NO DIMENSION/SCALE,0.2795,0,,
16018401202,2020-11-23T10:00:00,"STRONTIUM, UNFILTERED TOTAL",337.0,µg/L,0.5935,1,"time_gap_days, is_gap, rolling_mean_7","5.36, 1.53, 1.25"
16018401202,2020-11-23T10:00:00,"TEMPERATURE, WATER",2.0,DEGREES CELSIUS,0.3238,0,,
16018401202,2020-11-23T10:00:00,TIN       UNFILTERED TOTAL,-6.63,µg/L,0.3576,0,,
16018401202,2020-11-23T10:00:00,"TITANIUM,  UNFILTERED TOTAL",2.56,µg/L,0.2929,0,,
16018401202,2020-11-23T10:00:00,"TURBIDITY, FIELD",3.3,FORMAZIN NEPHELOMETRIC UNIT,0.1991,0,,
16018401202,2020-11-23T10:00:00,"URANIUM,   UNFILTERED TOTAL",5.56,µg/L,0.2827,0,,
16018401202,2020-11-23T10:00:00,"VANADIUM,  UNFILTERED TOTAL",0.597,µg/L,0.2579,0,,
16018401202,2020-11-23T10:00:00,"ZINC,  UNFILTERED TOTAL",2.75,µg/L,0.3879,0,,
16018401202,2020-11-23T10:00:00,"ZIRCONIUM,  UNFILTERED TOTAL",-0.0103,µg/L,0.2473,0,,
16018401202,2020-12-17T10:10:00,"ALKALINITY, TOTAL",246.0,mg/L,0.2968,0,,
16018401202,2020-12-17T10:10:00,"AMMONIUM, TOTAL   UNFIL.REAC",0.075,mg/L,0.0068,0,,
16018401202,2020-12-17T10:10:00,"CHLORIDE,         UNFIL.REAC",51.5,mg/L,0.2028,0,,
16018401202,2020-12-17T10:10:00,"CONDUCTIVITY, 25C",733.0,MICRO SIEMENS PER CENTIMETER,0.5085,0,,
16018401202,2020-12-17T10:10:00,"CONDUCTIVITY, AMBIENT",751.0,MICROMHOS/CM (CONDUCTIVITY),0.5074,0,,
16018401202,2020-12-17T10:10:00,DISSOLVED OXYGEN,14.15,mg/L,0.0542,0,,
16018401202,2020-12-17T10:10:00,"NITRATES TOTAL,   UNFIL.REAC",5.79,mg/L,0.0416,0,,
16018401202,2020-12-17T10:10:00,"NITRITE,  UNFILTERED REACTIVE",0.042,mg/L,0.0082,0,,
16018401202,2020-12-17T10:10:00,NTOT,6.24,mg/L,0.0283,0,,
16018401202,2020-12-17T10:10:00,PH (-LOG H+ CONCN),8.37,NO DIMENSION/SCALE,0.0175,0,,
16018401202,2020-12-17T10:10:00,PH FIELD,8.3,NO DIMENSION/SCALE,0.0127,0,,
16018401202,2020-12-17T10:10:00,"PHOSPHATE,FILTERED REACTIVE",0.0196,mg/L,0.0063,0,,
16018401202,2020-12-17T10:10:00,"PHOSPHORUS,UNFILTERED TOTAL",28.5,µg/L,0.4475,0,,
16018401202,2020-12-17T10:10:00,"RESIDUE,PARTICULATE",7.5,mg/L,0.2325,0,,
16018401202,2020-12-17T10:10:00,STREAM CONDITION,8.0,NO DIMENSION/SCALE,0.0223,0,,
16018401202,2020-12-17T10:10:00,"TEMPERATURE, WATER",0.1,DEGREES CELSIUS,0.0805,0,,
16018401202,2020-12-17T10:10:00,"TURBIDITY, FIELD",6.8,FORMAZIN NEPHELOMETRIC UNIT,0.1143,0,,
16018401202,2021-01-28T10:15:00,"ALKALINITY, TOTAL",271.0,mg/L,0.3867,0,,
16018401202,2021-01-28T10:15:00,"AMMONIUM, TOTAL   UNFIL.REAC",0.032,mg/L,0.0698,0,,
16018401202,2021-01-28T10:15:00,"CHLORIDE,         UNFIL.REAC",150.0,mg/L,0.3955,0,,
16018401202,2021-01-28T10:15:00,"CONDUCTIVITY, 25C",1120.0,MICRO SIEMENS PER CENTIMETER,0.726,1,"rolling_mean_7, zscore, rolling_mean_30","3.47, 3.25, 3.25"
16018401202,2021-01-28T10:15:00,"CONDUCTIVITY, AMBIENT",1127.0,MICROMHOS/CM (CONDUCTIVITY),0.7191,1,"rolling_mean_7, rolling_mean_30, rolling_mean_14","3.54, 3.30, 3.30"
16018401202,2021-01-28T10:15:00,DISSOLVED OXYGEN,15.55,mg/L,0.1167,0,,
16018401202,2021-01-28T10:15:00,"NITRATES TOTAL,   UNFIL.REAC",7.23,mg/L,0.105,0,,
16018401202,2021-01-28T10:15:00,"NITRITE,  UNFILTERED REACTIVE",0.03,mg/L,0.0613,0,,
16018401202,2021-01-28T10:15:00,NITROGEN; TOTAL,8.04,mg/L,0.3193,0,,
16018401202,2021-01-28T10:15:00,PH (-LOG H+ CONCN),8.43,NO DIMENSION/SCALE,0.0804,0,,
16018401202,2021-01-28T10:15:00,PH FIELD,8.0,NO DIMENSION/SCALE,0.0784,0,,
16018401202,2021-01-28T10:15:00,"PHOSPHATE,FILTERED REACTIVE",0.0107,mg/L,0.065,0,,
16018401202,2021-01-28T10:15:00,"PHOSPHORUS,UNFILTERED TOTAL",25.1,µg/L,0.4846,0,,
16018401202,2021-01-28T10:15:00,"RESIDUE,PARTICULATE",4.6,mg/L,0.2957,0,,
16018401202,2021-01-28T10:15:00,STREAM CONDITION,8.0,NO DIMENSION/SCALE,0.0709,0,,
16018401202,2021-01-28T10:15:00,"TEMPERATURE, WATER",0.9,DEGREES CELSIUS,0.1208,0,,
16018401202,2021-01-28T10:15:00,"TURBIDITY, FIELD",2.1,FORMAZIN NEPHELOMETRIC UNIT,0.1756,0,,
16018401202,2021-02-24T10:10:00,"ALKALINITY, TOTAL",253.0,mg/L,0.293,0,,
16018401202,2021-02-24T10:10:00,"AMMONIUM, TOTAL   UNFIL.REAC",0.057,mg/L,0.0051,0,,
16018401202,2021-02-24T10:10:00,"CHLORIDE,         UNFIL.REAC",268.0,mg/L,0.4801,0,,
16018401202,2021-02-24T10:10:00,"CONDUCTIVITY, 25C",1550.0,MICRO SIEMENS PER CENTIMETER,0.8099,1,"rolling_mean_7, rolling_mean_30, rolling_mean_14","4.10, 3.55, 3.54"
16018401202,2021-02-24T10:10:00,"CONDUCTIVITY, AMBIENT",1577.0,MICROMHOS/CM (CONDUCTIVITY),0.8134,1,"rolling_mean_7, rolling_mean_30, rolling_mean_14","4.17, 3.60, 3.60"
16018401202,2021-02-24T10:10:00,DISSOLVED OXYGEN,15.07,mg/L,0.0555,0,,
16018401202,2021-02-24T10:10:00,"NITRATES TOTAL,   UNFIL.REAC",5.72,mg/L,0.0263,0,,
16018401202,2021-02-24T10:10:00,"NITRITE,  UNFILTERED REACTIVE",0.031,mg/L,0.0035,0,,
16018401202,2021-02-24T10:10:00,NITROGEN; TOTAL,6.55,mg/L,0.0304,0,,
16018401202,2021-02-24T10:10:00,PH (-LOG H+ CONCN),8.39,NO DIMENSION/SCALE,0.017,0,,
16018401202,2021-02-24T10:10:00,PH FIELD,8.08,NO DIMENSION/SCALE,0.0152,0,,
16018401202,2021-02-24T10:10:00,"PHOSPHATE,FILTERED REACTIVE",0.0073,mg/L,0.0151,0,,
16018401202,2021-02-24T10:10:00,"PHOSPHORUS,UNFILTERED TOTAL",21.2,µg/L,0.4294,0,,
16018401202,2021-02-24T10:10:00,"RESIDUE,PARTICULATE",3.4,mg/L,0.233,0,,
16018401202,2021-02-24T10:10:00,STREAM CONDITION,8.0,NO DIMENSION/SCALE,0.0235,0,,
16018401202,2021-02-24T10:10:00,"TEMPERATURE, WATER",1.1,DEGREES CELSIUS,0.0514,0,,
16018401202,2021-02-24T10:10:00,"TURBIDITY, FIELD",1.2,FORMAZIN NEPHELOMETRIC UNIT,0.1005,0,,
16018401202,2021-03-10T10:15:00,"ALKALINITY, TOTAL",239.0,mg/L,0.2892,0,,
16018401202,2021-03-10T10:15:00,"AMMONIUM, TOTAL   UNFIL.REAC",0.058,mg/L,0.0135,0,,
16018401202,2021-03-10T10:15:00,"CHLORIDE,         UNFIL.REAC",135.0,mg/L,0.4071,0,,
16018401202,2021-03-10T10:15:00,"CONDUCTIVITY, 25C",968.0,MICRO SIEMENS PER CENTIMETER,0.7992,1,"rate_of_change, rolling_mean_7, delta","-8.13, 4.26, -3.90"
16018401202,2021-03-10T10:15:00,"CONDUCTIVITY, AMBIENT",979.0,MICROMHOS/CM (CONDUCTIVITY),0.8051,1,"rate_of_change, rolling_mean_7, delta","-8.35, 4.34, -4.01"
16018401202,2021-03-10T10:15:00,DISSOLVED OXYGEN,14.82,mg/L,0.058,0,,
16018401202,2021-03-10T10:15:00,"NITRATES TOTAL,   UNFIL.REAC",5.1,mg/L,0.024,0,,
16018401202,2021-03-10T10:15:00,"NITRITE,  UNFILTERED REACTIVE",0.07,mg/L,0.0615,0,,
16018401202,2021-03-10T10:15:00,NITROGEN; TOTAL,5.65,mg/L,0.0276,0,,
16018401202,2021-03-10T10:15:00,PH (-LOG H+ CONCN),8.34,NO DIMENSION/SCALE,0.0258,0,,
16018401202,2021-03-10T10:15:00,PH FIELD,8.34,NO DIMENSION/SCALE,0.0255,0,,
16018401202,2021-03-10T10:15:00,"PHOSPHATE,FILTERED REACTIVE",0.0066,mg/L,0.0241,0,,
16018401202,2021-03-10T10:15:00,"PHOSPHORUS,UNFILTERED TOTAL",34.6,µg/L,0.371,0,,
16018401202,2021-03-10T10:15:00,"RESIDUE,PARTICULATE",8.4,mg/L,0.2128,0,,
16018401202,2021-03-10T10:15:00,STREAM CONDITION,8.0,NO DIMENSION/SCALE,0.0308,0,,
16018401202,2021-03-10T10:15:00,"TEMPERATURE, WATER",3.3,DEGREES CELSIUS,0.0717,0,,
16018401202,2021-03-10T10:15:00,"TURBIDITY, FIELD",3.2,FORMAZIN NEPHELOMETRIC UNIT,0.1012,0,,
16018401202,2021-04-12T10:15:00,ALUMINUM,295.0,µg/L,0.3164,0,,
16018401202,2021-04-12T10:15:00,BARIUM,29.4,µg/L,0.0705,0,,
16018401202,2021-04-12T10:15:00,BERYLLIUM,0.1,µg/L,0.0386,0,,
16018401202,2021-04-12T10:15:00,BISMUTH,5.0,µg/L,0.0379,0,,
16018401202,2021-04-12T10:15:00,CADMIUM,0.9,µg/L,0.0368,0,,
16018401202,2021-04-12T10:15:00,CALCIUM,54.7,mg/L,0.1067,0,,
16018401202,2021-04-12T10:15:00,CARBON; DISSOLVED INORGANIC,38.6,mg/L,0.0779,0,,
16018401202,2021-04-12T10:15:00,CARBON; DISSOLVED ORGANIC,4.59,mg/L,0.0378,0,,
16018401202,2021-04-12T10:15:00,CHLORIDE,109.0,mg/L,0.1722,0,,
16018401202,2021-04-12T10:15:00,CHROMIUM,1.14,µg/L,0.0365,0,,
16018401202,2021-04-12T10:15:00,COBALT,1.5,µg/L,0.0375,0,,
16018401202,2021-04-12T10:15:00,CONDUCTIVITY,719.0,µS/cm,0.5052,0,,
16018401202,2021-04-12T10:15:00,COPPER,4.55,µg/L,0.0378,0,,
16018401202,2021-04-12T10:15:00,HARDNESS,205.0,mg/L,0.2334,0,,
16018401202,2021-04-12T10:15:00,IRON,330.0,µg/L,0.3415,0,,
16018401202,2021-04-12T10:15:00,LEAD,7.0,µg/L,0.0416,0,,
16018401202,2021-04-12T10:15:00,LITHIUM,5.0,µg/L,0.0379,0,,
16018401202,2021-04-12T10:15:00,MAGNESIUM,16.7,mg/L,0.0592,0,,
16018401202,2021-04-12T10:15:00,MANGANESE,50.2,µg/L,0.1009,0,,
16018401202,2021-04-12T10:15:00,MOLYBDENUM,2.0,µg/L,0.0361,0,,
16018401202,2021-04-12T10:15:00,NICKEL,2.0,µg/L,0.0361,0,,
16018401202,2021-04-12T10:15:00,NITRATE,3.4,mg/L,0.0402,0,,
16018401202,2021-04-12T10:15:00,NITROGEN; AMMONIA+AMMONIUM,0.12,mg/L,0.0389,0,,
16018401202,2021-04-12T10:15:00,NITROGEN; NITRATE+NITRITE,3.4,mg/L,0.0402,0,,
16018401202,2021-04-12T10:15:00,NITROGEN; NITRITE,0.042,mg/L,0.0389,0,,
16018401202,2021-04-12T10:15:00,NITROGEN; TOTAL,3.92,mg/L,0.0263,0,,
16018401202,2021-04-12T10:15:00,PHOSPHORUS; PHOSPHATE,0.017,mg/L,0.0388,0,,
16018401202,2021-04-12T10:15:00,PHOSPHORUS; TOTAL,79.6,µg/L,0.1315,0,,
16018401202,2021-04-12T10:15:00,POTASSIUM,2.59,mg/L,0.0394,0,,
16018401202,2021-04-12T10:15:00,SILICON; REACTIVE SILICATE,1.09,mg/L,0.0365,0,,
16018401202,2021-04-12T10:15:00,SILVER,9.0,µg/L,0.0426,0,,
16018401202,2021-04-12T10:15:00,SODIUM,63.4,mg/L,0.1115,0,,
16018401202,2021-04-12T10:15:00,SOLIDS; DISSOLVED,467.0,mg/L,0.4018,0,,
16018401202,2021-04-12T10:15:00,SOLIDS; SUSPENDED,34.1,mg/L,0.0725,0,,
16018401202,2021-04-12T10:15:00,SOLIDS; TOTAL,501.0,mg/L,0.4183,0,,
16018401202,2021-04-12T10:15:00,STRONTIUM,341.0,µg/L,0.3494,0,,
16018401202,2021-04-12T10:15:00,TIN,9.0,µg/L,0.0426,0,,
16018401202,2021-04-12T10:15:00,TITANIUM,9.76,µg/L,0.0437,0,,
16018401202,2021-04-12T10:15:00,URANIUM,4.71,µg/L,0.0378,0,,
16018401202,2021-04-12T10:15:00,VANADIUM,1.37,µg/L,0.0375,0,,
16018401202,2021-04-12T10:15:00,ZINC,14.1,µg/L,0.0545,0,,
16018401202,2021-04-12T10:15:00,ZIRCONIUM,1.0,µg/L,0.0368,0,,
16018401202,2021-05-11T09:50:00,ALKALINITY,191.5,mg/L as CaCO3,0.2199,0,,
16018401202,2021-05-11T09:50:00,ALUMINUM,18.7,µg/L,0.5899,1,"rolling_std_30, rolling_std_14, rolling_std_7","2.41, 2.36, 2.00"
16018401202,2021-05-11T09:50:00,BARIUM,27.4,µg/L,0.0608,0,,
16018401202,2021-05-11T09:50:00,BERYLLIUM,0.1,µg/L,0.0054,0,,
16018401202,2021-05-11T09:50:00,BISMUTH,5.0,µg/L,0.0056,0,,
16018401202,2021-05-11T09:50:00,CADMIUM,0.9,µg/L,0.0031,0,,
16018401202,2021-05-11T09:50:00,CALCIUM,65.3,mg/L,0.1194,0,,
16018401202,2021-05-11T09:50:00,CARBON; DISSOLVED INORGANIC,44.7,mg/L,0.0833,0,,
16018401202,2021-05-11T09:50:00,CARBON; DISSOLVED ORGANIC,5.09,mg/L,0.0171,0,,
16018401202,2021-05-11T09:50:00,CHLORIDE,117.0,mg/L,0.1687,0,,
16018401202,2021-05-11T09:50:00,CHROMIUM,1.0,µg/L,0.0166,0,,
16018401202,2021-05-11T09:50:00,COBALT,1.0,µg/L,0.0154,0,,
16018401202,2021-05-11T09:50:00,CONDUCTIVITY,842.0,µS/cm,0.5304,0,,
16018401202,2021-05-11T09:50:00,COPPER,3.31,µg/L,0.0228,0,,
16018401202,2021-05-11T09:50:00,HARDNESS,262.0,mg/L,0.3279,0,,
16018401202,2021-05-11T09:50:00,IRON,57.4,µg/L,0.5716,0,,
16018401202,2021-05-11T09:50:00,LEAD,7.0,µg/L,0.0083,0,,
16018401202,2021-05-11T09:50:00,LITHIUM,7.27,µg/L,0.0331,0,,
16018401202,2021-05-11T09:50:00,MAGNESIUM,24.0,mg/L,0.0848,0,,
16018401202,2021-05-11T09:50:00,MANGANESE,7.08,µg/L,0.2232,0,,
16018401202,2021-05-11T09:50:00,MOLYBDENUM,2.0,µg/L,0.0035,0,,
16018401202,2021-05-11T09:50:00,NICKEL,4.16,µg/L,0.0313,0,,
16018401202,2021-05-11T09:50:00,NITROGEN; AMMONIA+AMMONIUM,0.044,mg/L,0.0194,0,,
16018401202,2021-05-11T09:50:00,NITROGEN; NITRATE+NITRITE,4.8,mg/L,0.024,0,,
16018401202,2021-05-11T09:50:00,NITROGEN; NITRITE,0.022,mg/L,0.0163,0,,
16018401202,2021-05-11T09:50:00,NITROGEN; TOTAL,5.46,mg/L,0.0207,0,,
16018401202,2021-05-11T09:50:00,PH,8.47,,0.0419,0,,
16018401202,2021-05-11T09:50:00,PHOSPHORUS; PHOSPHATE,0.011,mg/L,0.0163,0,,
16018401202,2021-05-11T09:50:00,PHOSPHORUS; TOTAL,35.2,µg/L,0.2213,0,,
16018401202,2021-05-11T09:50:00,POTASSIUM,3.42,mg/L,0.0189,0,,
16018401202,2021-05-11T09:50:00,SILICON; REACTIVE SILICATE,0.05,mg/L,0.0283,0,,
16018401202,2021-05-11T09:50:00,SILVER,9.0,µg/L,0.0109,0,,
16018401202,2021-05-11T09:50:00,SODIUM,65.9,mg/L,0.1034,0,,
16018401202,2021-05-11T09:50:00,SOLIDS; SUSPENDED,4.29,mg/L,0.1878,0,,
16018401202,2021-05-11T09:50:00,SOLIDS; TOTAL,546.0,mg/L,0.4154,0,,
16018401202,2021-05-11T09:50:00,STRONTIUM,449.0,µg/L,0.4397,0,,
16018401202,2021-05-11T09:50:00,TIN,9.0,µg/L,0.0109,0,,
16018401202,2021-05-11T09:50:00,TITANIUM,0.791,µg/L,0.0806,0,,
16018401202,2021-05-11T09:50:00,URANIUM,6.22,µg/L,0.0218,0,,
16018401202,2021-05-11T09:50:00,VANADIUM,0.698,µg/L,0.019,0,,
16018401202,2021-05-11T09:50:00,ZINC,4.8,µg/L,0.0815,0,,
16018401202,2021-05-11T09:50:00,ZIRCONIUM,1.0,µg/L,0.0031,0,,
16018401202,2021-06-07T16:54:00,ALKALINITY,157.3,mg/L as CaCO3,0.253,0,,
16018401202,2021-06-07T16:54:00,ALUMINUM,28.5,µg/L,0.4415,0,,
16018401202,2021-06-07T16:54:00,BARIUM,25.4,µg/L,0.067,0,,
16018401202,2021-06-07T16:54:00,BERYLLIUM,0.1,µg/L,0.0038,0,,
16018401202,2021-06-07T16:54:00,BISMUTH,5.0,µg/L,0.0041,0,,
16018401202,2021-06-07T16:54:00,CADMIUM,0.9,µg/L,0.0016,0,,
16018401202,2021-06-07T16:54:00,CALCIUM,51.4,mg/L,0.1292,0,,
16018401202,2021-06-07T16:54:00,CARBON; DISSOLVED INORGANIC,39.4,mg/L,0.0825,0,,
16018401202,2021-06-07T16:54:00,CARBON; DISSOLVED ORGANIC,5.52,mg/L,0.0197,0,,
16018401202,2021-06-07T16:54:00,CHLORIDE,103.0,mg/L,0.1663,0,,
16018401202,2021-06-07T16:54:00,CHROMIUM,1.0,µg/L,0.0076,0,,
16018401202,2021-06-07T16:54:00,COBALT,1.0,µg/L,0.0073,0,,
16018401202,2021-06-07T16:54:00,CONDUCTIVITY,715.0,µS/cm,0.5439,0,,
16018401202,2021-06-07T16:54:00,COPPER,3.0,µg/L,0.0155,0,,
16018401202,2021-06-07T16:54:00,HARDNESS,218.0,mg/L,0.3038,0,,
16018401202,2021-06-07T16:54:00,IRON,91.6,µg/L,0.4492,0,,
16018401202,2021-06-07T16:54:00,LEAD,7.0,µg/L,0.0068,0,,
16018401202,2021-06-07T16:54:00,LITHIUM,5.0,µg/L,0.0285,0,,
16018401202,2021-06-07T16:54:00,MAGNESIUM,21.7,mg/L,0.0645,0,,
16018401202,2021-06-07T16:54:00,MANGANESE,30.6,µg/L,0.1786,0,,
16018401202,2021-06-07T16:54:00,MOLYBDENUM,2.0,µg/L,0.002,0,,
16018401202,2021-06-07T16:54:00,NICKEL,3.0,µg/L,0.0125,0,,
16018401202,2021-06-07T16:54:00,NITRATE,2.45,mg/L,0.0796,0,,
16018401202,2021-06-07T16:54:00,NITROGEN; AMMONIA+AMMONIUM,0.06,mg/L,0.0061,0,,
16018401202,2021-06-07T16:54:00,NITROGEN; NITRATE+NITRITE,2.48,mg/L,0.0347,0,,
16018401202,2021-06-07T16:54:00,NITROGEN; NITRITE,0.028,mg/L,0.0035,0,,
16018401202,2021-06-07T16:54:00,NITROGEN; TOTAL,3.32,mg/L,0.0319,0,,
16018401202,2021-06-07T16:54:00,PH,8.34,,0.0199,0,,
16018401202,2021-06-07T16:54:00,PHOSPHORUS; PHOSPHATE,0.005,mg/L,0.0194,0,,
16018401202,2021-06-07T16:54:00,PHOSPHORUS; TOTAL,45.3,µg/L,0.1284,0,,
16018401202,2021-06-07T16:54:00,POTASSIUM,3.0,mg/L,0.0057,0,,
16018401202,2021-06-07T16:54:00,SILICON; REACTIVE SILICATE,1.14,mg/L,0.021,0,,
16018401202,2021-06-07T16:54:00,SILVER,9.0,µg/L,0.0094,0,,
16018401202,2021-06-07T16:54:00,SODIUM,57.2,mg/L,0.1222,0,,
16018401202,2021-06-07T16:54:00,SOLIDS; DISSOLVED,465.0,mg/L,0.4791,0,,
16018401202,2021-06-07T16:54:00,SOLIDS; SUSPENDED,6.95,mg/L,0.1059,0,,
16018401202,2021-06-07T16:54:00,SOLIDS; TOTAL,472.0,mg/L,0.478,0,,
16018401202,2021-06-07T16:54:00,STRONTIUM,411.0,µg/L,0.3962,0,,
16018401202,2021-06-07T16:54:00,TIN,9.0,µg/L,0.0094,0,,
16018401202,2021-06-07T16:54:00,TITANIUM,1.0,µg/L,0.0382,0,,
16018401202,2021-06-07T16:54:00,URANIUM,3.0,µg/L,0.0374,0,,
16018401202,2021-06-07T16:54:00,VANADIUM,1.0,µg/L,0.0023,0,,
16018401202,2021-06-07T16:54:00,ZINC,11.1,µg/L,0.0659,0,,
16018401202,2021-06-07T16:54:00,ZIRCONIUM,1.0,µg/L,0.0016,0,,
16018401202,2021-07-08T10:30:00,ALKALINITY,140.2,mg/L as CaCO3,0.2134,0,,
16018401202,2021-07-08T10:30:00,ALUMINUM,27.8,µg/L,0.387,0,,
16018401202,2021-07-08T10:30:00,BARIUM,26.9,µg/L,0.0481,0,,
16018401202,2021-07-08T10:30:00,BERYLLIUM,0.1,µg/L,0.0053,0,,
16018401202,2021-07-08T10:30:00,BISMUTH,5.0,µg/L,0.0055,0,,
16018401202,2021-07-08T10:30:00,CADMIUM,0.9,µg/L,0.003,0,,
16018401202,2021-07-08T10:30:00,CALCIUM,47.9,mg/L,0.0965,0,,
16018401202,2021-07-08T10:30:00,CARBON; DISSOLVED INORGANIC,35.5,mg/L,0.0967,0,,
16018401202,2021-07-08T10:30:00,CARBON; DISSOLVED ORGANIC,5.54,mg/L,0.0184,0,,
16018401202,2021-07-08T10:30:00,CHLORIDE,131.0,mg/L,0.2356,0,,
16018401202,2021-07-08T10:30:00,CHROMIUM,1.0,µg/L,0.0064,0,,
16018401202,2021-07-08T10:30:00,COBALT,1.0,µg/L,0.0061,0,,
16018401202,2021-07-08T10:30:00,CONDUCTIVITY,765.0,µS/cm,0.4893,0,,
16018401202,2021-07-08T10:30:00,COPPER,2.96,µg/L,0.0178,0,,
16018401202,2021-07-08T10:30:00,HARDNESS,211.0,mg/L,0.2412,0,,
16018401202,2021-07-08T10:30:00,IRON,83.8,µg/L,0.3894,0,,
16018401202,2021-07-08T10:30:00,LEAD,7.0,µg/L,0.0082,0,,
16018401202,2021-07-08T10:30:00,LITHIUM,5.84,µg/L,0.0118,0,,
16018401202,2021-07-08T10:30:00,MAGNESIUM,22.3,mg/L,0.0503,0,,
16018401202,2021-07-08T10:30:00,MANGANESE,15.1,µg/L,0.1427,0,,
16018401202,2021-07-08T10:30:00,MOLYBDENUM,2.0,µg/L,0.0034,0,,
16018401202,2021-07-08T10:30:00,NICKEL,2.0,µg/L,0.0181,0,,
16018401202,2021-07-08T10:30:00,NITRATE,2.66,mg/L,0.0065,0,,
16018401202,2021-07-08T10:30:00,NITROGEN; AMMONIA+AMMONIUM,0.04,mg/L,0.0153,0,,
16018401202,2021-07-08T10:30:00,NITROGEN; NITRATE+NITRITE,2.68,mg/L,0.0183,0,,
16018401202,2021-07-08T10:30:00,NITROGEN; NITRITE,0.021,mg/L,0.0162,0,,
16018401202,2021-07-08T10:30:00,NITROGEN; TOTAL,3.36,mg/L,0.0207,0,,
16018401202,2021-07-08T10:30:00,PH,8.47,,0.0179,0,,
16018401202,2021-07-08T10:30:00,PHOSPHORUS; PHOSPHATE,0.011,mg/L,0.0071,0,,
16018401202,2021-07-08T10:30:00,PHOSPHORUS; TOTAL,30.0,µg/L,0.1484,0,,
16018401202,2021-07-08T10:30:00,POTASSIUM,3.71,mg/L,0.0263,0,,
16018401202,2021-07-08T10:30:00,SILICON; REACTIVE SILICATE,1.48,mg/L,0.0202,0,,
16018401202,2021-07-08T10:30:00,SILVER,9.0,µg/L,0.0105,0,,
16018401202,2021-07-08T10:30:00,SODIUM,71.7,mg/L,0.1463,0,,
16018401202,2021-07-08T10:30:00,SOLIDS; DISSOLVED,497.0,mg/L,0.4205,0,,
16018401202,2021-07-08T10:30:00,SOLIDS; SUSPENDED,3.83,mg/L,0.1038,0,,
16018401202,2021-07-08T10:30:00,SOLIDS; TOTAL,501.0,mg/L,0.3929,0,,
16018401202,2021-07-08T10:30:00,STRONTIUM,414.0,µg/L,0.354,0,,
16018401202,2021-07-08T10:30:00,TIN,9.0,µg/L,0.0105,0,,
16018401202,2021-07-08T10:30:00,TITANIUM,0.87,µg/L,0.0389,0,,
16018401202,2021-07-08T10:30:00,URANIUM,3.11,µg/L,0.018,0,,
16018401202,2021-07-08T10:30:00,VANADIUM,0.74,µg/L,0.0166,0,,
16018401202,2021-07-08T10:30:00,ZINC,4.43,µg/L,0.0716,0,,
16018401202,2021-07-08T10:30:00,ZIRCONIUM,1.0,µg/L,0.003,0,,
16018401202,2021-08-12T16:26:00,ALKALINITY,161.0,mg/L as CaCO3,0.2992,0,,
16018401202,2021-08-12T16:26:00,ALUMINUM,74.5,µg/L,0.4523,0,,
16018401202,2021-08-12T16:26:00,BARIUM,27.8,µg/L,0.1044,0,,
16018401202,2021-08-12T16:26:00,BERYLLIUM,0.1,µg/L,0.0641,0,,
16018401202,2021-08-12T16:26:00,BISMUTH,5.0,µg/L,0.0637,0,,
16018401202,2021-08-12T16:26:00,CADMIUM,1.0,µg/L,0.1045,0,,
16018401202,2021-08-12T16:26:00,CALCIUM,48.7,mg/L,0.1599,0,,
16018401202,2021-08-12T16:26:00,CARBON; DISSOLVED INORGANIC,41.1,mg/L,0.1527,0,,
16018401202,2021-08-12T16:26:00,CARBON; DISSOLVED ORGANIC,5.87,mg/L,0.084,0,,
16018401202,2021-08-12T16:26:00,CHLORIDE,96.1,mg/L,0.3198,0,,
16018401202,2021-08-12T16:26:00,CHROMIUM,1.0,µg/L,0.061,0,,
16018401202,2021-08-12T16:26:00,COBALT,1.53,µg/L,0.0858,0,,
16018401202,2021-08-12T16:26:00,CONDUCTIVITY,701.0,µS/cm,0.5786,0,,
16018401202,2021-08-12T16:26:00,COPPER,2.29,µg/L,0.089,0,,
16018401202,2021-08-12T16:26:00,HARDNESS,216.0,mg/L,0.313,0,,
16018401202,2021-08-12T16:26:00,IRON,134.0,µg/L,0.4554,0,,
16018401202,2021-08-12T16:26:00,LEAD,7.0,µg/L,0.0637,0,,
16018401202,2021-08-12T16:26:00,LITHIUM,6.5,µg/L,0.0709,0,,
16018401202,2021-08-12T16:26:00,MAGNESIUM,23.0,mg/L,0.1024,0,,
16018401202,2021-08-12T16:26:00,MANGANESE,28.2,µg/L,0.1878,0,,
16018401202,2021-08-12T16:26:00,MOLYBDENUM,2.0,µg/L,0.0614,0,,
16018401202,2021-08-12T16:26:00,NICKEL,2.0,µg/L,0.0722,0,,
16018401202,2021-08-12T16:26:00,NITRATE,2.36,mg/L,0.072,0,,
16018401202,2021-08-12T16:26:00,NITROGEN; AMMONIA+AMMONIUM,0.05,mg/L,0.0618,0,,
16018401202,2021-08-12T16:26:00,NITROGEN; NITRATE+NITRITE,2.37,mg/L,0.0737,0,,
16018401202,2021-08-12T16:26:00,NITROGEN; NITRITE,0.014,mg/L,0.0878,0,,
16018401202,2021-08-12T16:26:00,NITROGEN; TOTAL,3.06,mg/L,0.0887,0,,
16018401202,2021-08-12T16:26:00,PH,8.38,,0.0712,0,,
16018401202,2021-08-12T16:26:00,PHOSPHORUS; PHOSPHATE,0.01,mg/L,0.0628,0,,
16018401202,2021-08-12T16:26:00,PHOSPHORUS; TOTAL,48.5,µg/L,0.2118,0,,
16018401202,2021-08-12T16:26:00,POTASSIUM,3.62,mg/L,0.0694,0,,
16018401202,2021-08-12T16:26:00,SILICON; REACTIVE SILICATE,1.78,mg/L,0.0806,0,,
16018401202,2021-08-12T16:26:00,SILVER,9.0,µg/L,0.0673,0,,
16018401202,2021-08-12T16:26:00,SODIUM,58.3,mg/L,0.1955,0,,
16018401202,2021-08-12T16:26:00,SOLIDS; DISSOLVED,456.0,mg/L,0.4975,0,,
16018401202,2021-08-12T16:26:00,SOLIDS; TOTAL,469.0,mg/L,0.4943,0,,
16018401202,2021-08-12T16:26:00,STRONTIUM,402.0,µg/L,0.4332,0,,
16018401202,2021-08-12T16:26:00,TIN,9.0,µg/L,0.0673,0,,
16018401202,2021-08-12T16:26:00,TITANIUM,1.96,µg/L,0.0874,0,,
16018401202,2021-08-12T16:26:00,URANIUM,3.15,µg/L,0.0696,0,,
16018401202,2021-08-12T16:26:00,VANADIUM,0.92,µg/L,0.0635,0,,
16018401202,2021-08-12T16:26:00,ZINC,6.02,µg/L,0.0926,0,,
16018401202,2021-08-12T16:26:00,ZIRCONIUM,1.0,µg/L,0.0622,0,,
16018401202,2021-09-13T16:21:00,ALKALINITY,158.0,mg/L as CaCO3,0.1892,0,,
16018401202,2021-09-13T16:21:00,ALUMINUM,110.0,µg/L,0.3685,0,,
16018401202,2021-09-13T16:21:00,BARIUM,27.1,µg/L,0.0394,0,,
16018401202,2021-09-13T16:21:00,BERYLLIUM,0.1,µg/L,0.0062,0,,
16018401202,2021-09-13T16:21:00,BISMUTH,5.0,µg/L,0.0065,0,,
16018401202,2021-09-13T16:21:00,CADMIUM,0.9,µg/L,0.0061,0,,
16018401202,2021-09-13T16:21:00,CALCIUM,50.8,mg/L,0.0847,0,,
16018401202,2021-09-13T16:21:00,CARBON; DISSOLVED INORGANIC,38.2,mg/L,0.0729,0,,
16018401202,2021-09-13T16:21:00,CARBON; DISSOLVED ORGANIC,5.67,mg/L,0.0151,0,,
16018401202,2021-09-13T16:21:00,CHLORIDE,87.5,mg/L,0.1803,0,,
16018401202,2021-09-13T16:21:00,CHROMIUM,1.0,µg/L,0.0034,0,,
16018401202,2021-09-13T16:21:00,COBALT,1.22,µg/L,0.0083,0,,
16018401202,2021-09-13T16:21:00,CONDUCTIVITY,654.0,µS/cm,0.52,0,,
16018401202,2021-09-13T16:21:00,COPPER,2.54,µg/L,0.0162,0,,
16018401202,2021-09-13T16:21:00,HARDNESS,219.0,mg/L,0.2318,0,,
16018401202,2021-09-13T16:21:00,IRON,170.0,µg/L,0.3746,0,,
16018401202,2021-09-13T16:21:00,LEAD,7.0,µg/L,0.0092,0,,
16018401202,2021-09-13T16:21:00,LITHIUM,5.55,µg/L,0.0068,0,,
16018401202,2021-09-13T16:21:00,MAGNESIUM,22.3,mg/L,0.0493,0,,
16018401202,2021-09-13T16:21:00,MANGANESE,22.1,µg/L,0.0976,0,,
16018401202,2021-09-13T16:21:00,MOLYBDENUM,2.0,µg/L,0.0044,0,,
16018401202,2021-09-13T16:21:00,NICKEL,2.0,µg/L,0.0153,0,,
16018401202,2021-09-13T16:21:00,NITRATE,2.47,mg/L,0.0069,0,,
16018401202,2021-09-13T16:21:00,NITROGEN; AMMONIA+AMMONIUM,0.04,mg/L,0.0167,0,,
16018401202,2021-09-13T16:21:00,NITROGEN; NITRATE+NITRITE,2.49,mg/L,0.0146,0,,
16018401202,2021-09-13T16:21:00,NITROGEN; NITRITE,0.012,mg/L,0.0194,0,,
16018401202,2021-09-13T16:21:00,NITROGEN; TOTAL,2.98,mg/L,0.0281,0,,
16018401202,2021-09-13T16:21:00,PH,8.28,,0.0395,0,,
16018401202,2021-09-13T16:21:00,PHOSPHORUS; PHOSPHATE,0.011,mg/L,0.0093,0,,
16018401202,2021-09-13T16:21:00,PHOSPHORUS; TOTAL,52.7,µg/L,0.1073,0,,
16018401202,2021-09-13T16:21:00,POTASSIUM,3.72,mg/L,0.0208,0,,
16018401202,2021-09-13T16:21:00,SILICON; REACTIVE SILICATE,1.19,mg/L,0.0119,0,,
16018401202,2021-09-13T16:21:00,SILVER,9.0,µg/L,0.0111,0,,
16018401202,2021-09-13T16:21:00,SODIUM,51.1,mg/L,0.1324,0,,
16018401202,2021-09-13T16:21:00,SOLIDS; DISSOLVED,425.0,mg/L,0.4068,0,,
16018401202,2021-09-13T16:21:00,SOLIDS; SUSPENDED,11.7,mg/L,0.1744,0,,
16018401202,2021-09-13T16:21:00,SOLIDS; TOTAL,437.0,mg/L,0.4261,0,,
16018401202,2021-09-13T16:21:00,STRONTIUM,409.0,µg/L,0.3488,0,,
16018401202,2021-09-13T16:21:00,TIN,9.0,µg/L,0.0111,0,,
16018401202,2021-09-13T16:21:00,TITANIUM,3.25,µg/L,0.0374,0,,
16018401202,2021-09-13T16:21:00,URANIUM,3.93,µg/L,0.0098,0,,
16018401202,2021-09-13T16:21:00,VANADIUM,0.67,µg/L,0.0172,0,,
16018401202,2021-09-13T16:21:00,ZINC,6.64,µg/L,0.0301,0,,
16018401202,2021-09-13T16:21:00,ZIRCONIUM,1.0,µg/L,0.004,0,,
16018401202,2021-10-05T16:15:00,ALKALINITY,212.0,mg/L as CaCO3,0.3223,0,,
16018401202,2021-10-05T16:15:00,ALUMINUM,468.0,µg/L,0.6789,1,"rate_of_change, delta, zscore","3.19, 2.40, 2.13"
16018401202,2021-10-05T16:15:00,BARIUM,35.2,µg/L,0.1201,0,,
16018401202,2021-10-05T16:15:00,BERYLLIUM,0.1,µg/L,0.0054,0,,
16018401202,2021-10-05T16:15:00,BISMUTH,5.0,µg/L,0.0055,0,,
16018401202,2021-10-05T16:15:00,CADMIUM,0.9,µg/L,0.0048,0,,
16018401202,2021-10-05T16:15:00,CALCIUM,67.9,mg/L,0.1814,0,,
16018401202,2021-10-05T16:15:00,CARBON; DISSOLVED INORGANIC,53.9,mg/L,0.1834,0,,
16018401202,2021-10-05T16:15:00,CARBON; DISSOLVED ORGANIC,7.05,mg/L,0.0635,0,,
16018401202,2021-10-05T16:15:00,CHLORIDE,66.3,mg/L,0.2175,0,,
16018401202,2021-10-05T16:15:00,CHROMIUM,1.0,µg/L,0.004,0,,
16018401202,2021-10-05T16:15:00,COBALT,1.26,µg/L,0.0071,0,,
16018401202,2021-10-05T16:15:00,CONDUCTIVITY,714.0,µS/cm,0.5136,0,,
16018401202,2021-10-05T16:15:00,COPPER,3.27,µg/L,0.0156,0,,
16018401202,2021-10-05T16:15:00,HARDNESS,264.0,mg/L,0.3464,0,,
16018401202,2021-10-05T16:15:00,IRON,369.0,µg/L,0.5654,0,,
16018401202,2021-10-05T16:15:00,LEAD,7.0,µg/L,0.0082,0,,
16018401202,2021-10-05T16:15:00,LITHIUM,5.0,µg/L,0.0151,0,,
16018401202,2021-10-05T16:15:00,MAGNESIUM,23.0,mg/L,0.0491,0,,
16018401202,2021-10-05T16:15:00,MANGANESE,39.1,µg/L,0.1513,0,,
16018401202,2021-10-05T16:15:00,MOLYBDENUM,2.0,µg/L,0.0039,0,,
16018401202,2021-10-05T16:15:00,NICKEL,2.0,µg/L,0.0123,0,,
16018401202,2021-10-05T16:15:00,NITRATE,4.81,mg/L,0.068,0,,
16018401202,2021-10-05T16:15:00,NITROGEN; AMMONIA+AMMONIUM,0.04,mg/L,0.0135,0,,
16018401202,2021-10-05T16:15:00,NITROGEN; NITRATE+NITRITE,4.83,mg/L,0.054,0,,
16018401202,2021-10-05T16:15:00,NITROGEN; NITRITE,0.028,mg/L,0.0111,0,,
16018401202,2021-10-05T16:15:00,NITROGEN; TOTAL,5.74,mg/L,0.0316,0,,
16018401202,2021-10-05T16:15:00,PH,7.84,,0.0787,0,,
16018401202,2021-10-05T16:15:00,PHOSPHORUS; PHOSPHATE,0.06,mg/L,0.0687,0,,
16018401202,2021-10-05T16:15:00,PHOSPHORUS; TOTAL,133.0,µg/L,0.3398,0,,
16018401202,2021-10-05T16:15:00,POTASSIUM,4.86,mg/L,0.0606,0,,
16018401202,2021-10-05T16:15:00,SILICON; REACTIVE SILICATE,3.37,mg/L,0.0746,0,,
16018401202,2021-10-05T16:15:00,SILVER,9.0,µg/L,0.0098,0,,
16018401202,2021-10-05T16:15:00,SODIUM,40.2,mg/L,0.1671,0,,
16018401202,2021-10-05T16:15:00,SOLIDS; DISSOLVED,464.0,mg/L,0.4054,0,,
16018401202,2021-10-05T16:15:00,SOLIDS; SUSPENDED,23.5,mg/L,0.1302,0,,
16018401202,2021-10-05T16:15:00,SOLIDS; TOTAL,488.0,mg/L,0.4243,0,,
16018401202,2021-10-05T16:15:00,STRONTIUM,305.0,µg/L,0.5146,0,,
16018401202,2021-10-05T16:15:00,TIN,9.0,µg/L,0.0098,0,,
16018401202,2021-10-05T16:15:00,TITANIUM,13.0,µg/L,0.1144,0,,
16018401202,2021-10-05T16:15:00,URANIUM,4.26,µg/L,0.0115,0,,
16018401202,2021-10-05T16:15:00,VANADIUM,1.54,µg/L,0.0549,0,,
16018401202,2021-10-05T16:15:00,ZINC,9.31,µg/L,0.0455,0,,
16018401202,2021-10-05T16:15:00,ZIRCONIUM,1.0,µg/L,0.0035,0,,
16018401202,2021-11-08T09:40:00,ALKALINITY,256.0,mg/L as CaCO3,0.3322,0,,
16018401202,2021-11-08T09:40:00,ALUMINUM,53.3,µg/L,0.5896,1,"delta, rate_of_change, rolling_std_30","-2.78, -2.40, 1.94"
16018401202,2021-11-08T09:40:00,BARIUM,30.0,µg/L,0.0751,0,,
16018401202,2021-11-08T09:40:00,BERYLLIUM,0.1,µg/L,0.0071,0,,
16018401202,2021-11-08T09:40:00,BISMUTH,5.0,µg/L,0.0073,0,,
16018401202,2021-11-08T09:40:00,CADMIUM,0.9,µg/L,0.004,0,,
16018401202,2021-11-08T09:40:00,CALCIUM,89.8,mg/L,0.2122,0,,
16018401202,2021-11-08T09:40:00,CARBON; DISSOLVED INORGANIC,62.2,mg/L,0.1383,0,,
16018401202,2021-11-08T09:40:00,CARBON; DISSOLVED ORGANIC,5.98,mg/L,0.0168,0,,
16018401202,2021-11-08T09:40:00,CHLORIDE,82.1,mg/L,0.1744,0,,
16018401202,2021-11-08T09:40:00,CHROMIUM,1.0,µg/L,0.0031,0,,
16018401202,2021-11-08T09:40:00,COBALT,1.0,µg/L,0.0158,0,,
16018401202,2021-11-08T09:40:00,CONDUCTIVITY,813.0,µS/cm,0.5225,0,,
16018401202,2021-11-08T09:40:00,COPPER,3.83,µg/L,0.0243,0,,
16018401202,2021-11-08T09:40:00,HARDNESS,338.0,mg/L,0.4095,0,,
16018401202,2021-11-08T09:40:00,IRON,99.5,µg/L,0.5015,0,,
16018401202,2021-11-08T09:40:00,LEAD,7.0,µg/L,0.01,0,,
16018401202,2021-11-08T09:40:00,LITHIUM,5.0,µg/L,0.0144,0,,
16018401202,2021-11-08T09:40:00,MAGNESIUM,27.6,mg/L,0.096,0,,
16018401202,2021-11-08T09:40:00,MANGANESE,9.46,µg/L,0.1687,0,,
16018401202,2021-11-08T09:40:00,MOLYBDENUM,2.0,µg/L,0.0052,0,,
16018401202,2021-11-08T09:40:00,NICKEL,2.0,µg/L,0.0093,0,,
16018401202,2021-11-08T09:40:00,NITRATE,5.41,mg/L,0.0497,0,,
16018401202,2021-11-08T09:40:00,NITROGEN; AMMONIA+AMMONIUM,0.02,mg/L,0.0266,0,,
16018401202,2021-11-08T09:40:00,NITROGEN; NITRATE+NITRITE,5.43,mg/L,0.0446,0,,
16018401202,2021-11-08T09:40:00,NITROGEN; NITRITE,0.025,mg/L,0.0091,0,,
16018401202,2021-11-08T09:40:00,NITROGEN; TOTAL,6.3,mg/L,0.0259,0,,
16018401202,2021-11-08T09:40:00,PH,8.25,,0.0135,0,,
16018401202,2021-11-08T09:40:00,PHOSPHORUS; PHOSPHATE,0.01,mg/L,0.0119,0,,
16018401202,2021-11-08T09:40:00,PHOSPHORUS; TOTAL,22.7,µg/L,0.327,0,,
16018401202,2021-11-08T09:40:00,POTASSIUM,3.39,mg/L,0.0235,0,,
16018401202,2021-11-08T09:40:00,SILICON; REACTIVE SILICATE,0.72,mg/L,0.0423,0,,
16018401202,2021-11-08T09:40:00,SILVER,9.0,µg/L,0.0119,0,,
16018401202,2021-11-08T09:40:00,SODIUM,47.6,mg/L,0.1124,0,,
16018401202,2021-11-08T09:40:00,SOLIDS; DISSOLVED,525.0,mg/L,0.4568,0,,
16018401202,2021-11-08T09:40:00,SOLIDS; SUSPENDED,2.65,mg/L,0.1418,0,,
16018401202,2021-11-08T09:40:00,SOLIDS; TOTAL,528.0,mg/L,0.4222,0,,
16018401202,2021-11-08T09:40:00,STRONTIUM,384.0,µg/L,0.3895,0,,
16018401202,2021-11-08T09:40:00,TIN,9.0,µg/L,0.0119,0,,
16018401202,2021-11-08T09:40:00,TITANIUM,2.02,µg/L,0.0782,0,,
16018401202,2021-11-08T09:40:00,URANIUM,3.0,µg/L,0.0228,0,,
16018401202,2021-11-08T09:40:00,VANADIUM,0.5,µg/L,0.036,0,,
16018401202,2021-11-08T09:40:00,ZINC,5.29,µg/L,0.0478,0,,
16018401202,2021-11-08T09:40:00,ZIRCONIUM,1.0,µg/L,0.0048,0,,
16018401202,2022-04-19T17:07:00,ALKALINITY,207.0,mg/L as CaCO3,0.4303,0,,
16018401202,2022-04-19T17:07:00,ALUMINUM,49.4,µg/L,0.5552,0,,
16018401202,2022-04-19T17:07:00,BARIUM,26.6,µg/L,0.2151,0,,
16018401202,2022-04-19T17:07:00,BERYLLIUM,0.1,µg/L,0.1452,0,,
16018401202,2022-04-19T17:07:00,BISMUTH,5.0,µg/L,0.1404,0,,
16018401202,2022-04-19T17:07:00,CADMIUM,0.9,µg/L,0.141,0,,
16018401202,2022-04-19T17:07:00,CALCIUM,74.4,mg/L,0.2966,0,,
16018401202,2022-04-19T17:07:00,CARBON; DISSOLVED INORGANIC,49.1,mg/L,0.2721,0,,
16018401202,2022-04-19T17:07:00,CARBON; DISSOLVED ORGANIC,4.52,mg/L,0.1749,0,,
16018401202,2022-04-19T17:07:00,CHLORIDE,117.0,mg/L,0.3512,0,,
16018401202,2022-04-19T17:07:00,CHROMIUM,2.23,µg/L,0.2299,0,,
16018401202,2022-04-19T17:07:00,COBALT,1.0,µg/L,0.1566,0,,
16018401202,2022-04-19T17:07:00,CONDUCTIVITY,841.0,µS/cm,0.6584,1,"rolling_mean_30, rolling_mean_14, rolling_mean_7","3.35, 3.34, 3.26"
16018401202,2022-04-19T17:07:00,COPPER,1.99,µg/L,0.1806,0,,
16018401202,2022-04-19T17:07:00,HARDNESS,277.0,mg/L,0.4722,0,,
16018401202,2022-04-19T17:07:00,IRON,116.0,µg/L,0.5049,0,,
16018401202,2022-04-19T17:07:00,LEAD,7.0,µg/L,0.1401,0,,
16018401202,2022-04-19T17:07:00,LITHIUM,5.0,µg/L,0.1513,0,,
16018401202,2022-04-19T17:07:00,MAGNESIUM,22.2,mg/L,0.1996,0,,
16018401202,2022-04-19T17:07:00,MANGANESE,15.5,µg/L,0.2562,0,,
16018401202,2022-04-19T17:07:00,MOLYBDENUM,2.0,µg/L,0.1454,0,,
16018401202,2022-04-19T17:07:00,NICKEL,4.89,µg/L,0.1934,0,,
16018401202,2022-04-19T17:07:00,NITRATE,0.04,mg/L,0.2317,0,,
16018401202,2022-04-19T17:07:00,NITROGEN; AMMONIA+AMMONIUM,0.02,mg/L,0.156,0,,
16018401202,2022-04-19T17:07:00,NITROGEN; NITRATE+NITRITE,0.04,mg/L,0.2412,0,,
16018401202,2022-04-19T17:07:00,NITROGEN; NITRITE,0.001,mg/L,0.1962,0,,
16018401202,2022-04-19T17:07:00,NITROGEN; TOTAL,5.75,mg/L,0.1582,0,,
16018401202,2022-04-19T17:07:00,PH,8.16,,0.1505,0,,
16018401202,2022-04-19T17:07:00,PHOSPHORUS; PHOSPHATE,0.003,mg/L,0.1525,0,,
16018401202,2022-04-19T17:07:00,PHOSPHORUS; TOTAL,27.4,µg/L,0.3342,0,,
16018401202,2022-04-19T17:07:00,POTASSIUM,3.29,mg/L,0.1444,0,,
16018401202,2022-04-19T17:07:00,SILICON; REACTIVE SILICATE,0.35,mg/L,0.1626,0,,
16018401202,2022-04-19T17:07:00,SILVER,9.0,µg/L,0.1469,0,,
16018401202,2022-04-19T17:07:00,SODIUM,69.4,mg/L,0.307,0,,
16018401202,2022-04-19T17:07:00,SOLIDS; DISSOLVED,505.0,mg/L,0.5624,0,,
16018401202,2022-04-19T17:07:00,SOLIDS; SUSPENDED,2.66,mg/L,0.2221,0,,
16018401202,2022-04-19T17:07:00,SOLIDS; TOTAL,508.0,mg/L,0.5505,0,,
16018401202,2022-04-19T17:07:00,STRONTIUM,383.0,µg/L,0.5155,0,,
16018401202,2022-04-19T17:07:00,TIN,9.0,µg/L,0.1469,0,,
16018401202,2022-04-19T17:07:00,TITANIUM,1.65,µg/L,0.1753,0,,
16018401202,2022-04-19T17:07:00,URANIUM,3.0,µg/L,0.151,0,,
16018401202,2022-04-19T17:07:00,VANADIUM,0.5,µg/L,0.164,0,,
16018401202,2022-04-19T17:07:00,ZINC,8.73,µg/L,0.1726,0,,
16018401202,2022-04-19T17:07:00,ZIRCONIUM,1.0,µg/L,0.145,0,,
16018401202,2022-05-09T16:11:00,ALKALINITY,225.0,mg/L as CaCO3,0.2676,0,,
16018401202,2022-05-09T16:11:00,ALUMINUM,28.9,µg/L,0.4488,0,,
16018401202,2022-05-09T16:11:00,BARIUM,30.1,µg/L,0.0609,0,,
16018401202,2022-05-09T16:11:00,BERYLLIUM,0.1,µg/L,0.0054,0,,
16018401202,2022-05-09T16:11:00,BISMUTH,5.0,µg/L,0.0055,0,,
16018401202,2022-05-09T16:11:00,CADMIUM,1.03,µg/L,0.0614,0,,
16018401202,2022-05-09T16:11:00,CALCIUM,72.4,mg/L,0.1206,0,,
16018401202,2022-05-09T16:11:00,CARBON; DISSOLVED INORGANIC,53.3,mg/L,0.099,0,,
16018401202,2022-05-09T16:11:00,CARBON; DISSOLVED ORGANIC,5.19,mg/L,0.012,0,,
16018401202,2022-05-09T16:11:00,CHLORIDE,105.0,mg/L,0.1739,0,,
16018401202,2022-05-09T16:11:00,CHROMIUM,1.0,µg/L,0.0235,0,,
16018401202,2022-05-09T16:11:00,COBALT,1.0,µg/L,0.0157,0,,
16018401202,2022-05-09T16:11:00,CONDUCTIVITY,833.0,µS/cm,0.5112,0,,
16018401202,2022-05-09T16:11:00,COPPER,1.11,µg/L,0.075,0,,
16018401202,2022-05-09T16:11:00,HARDNESS,285.0,mg/L,0.3004,0,,
16018401202,2022-05-09T16:11:00,IRON,61.9,µg/L,0.4141,0,,
16018401202,2022-05-09T16:11:00,LEAD,7.0,µg/L,0.0082,0,,
16018401202,2022-05-09T16:11:00,LITHIUM,5.0,µg/L,0.0177,0,,
16018401202,2022-05-09T16:11:00,MAGNESIUM,25.2,mg/L,0.0703,0,,
16018401202,2022-05-09T16:11:00,MANGANESE,13.9,µg/L,0.0999,0,,
16018401202,2022-05-09T16:11:00,MOLYBDENUM,2.0,µg/L,0.0039,0,,
16018401202,2022-05-09T16:11:00,NICKEL,2.0,µg/L,0.0438,0,,
16018401202,2022-05-09T16:11:00,NITRATE,4.18,mg/L,0.0453,0,,
16018401202,2022-05-09T16:11:00,NITROGEN; AMMONIA+AMMONIUM,0.03,mg/L,0.0151,0,,
16018401202,2022-05-09T16:11:00,NITROGEN; NITRATE+NITRITE,4.21,mg/L,0.0421,0,,
16018401202,2022-05-09T16:11:00,NITROGEN; NITRITE,0.03,mg/L,0.0168,0,,
16018401202,2022-05-09T16:11:00,NITROGEN; TOTAL,5.03,mg/L,0.0126,0,,
16018401202,2022-05-09T16:11:00,PH,8.18,,0.0155,0,,
16018401202,2022-05-09T16:11:00,PHOSPHORUS; PHOSPHATE,0.011,mg/L,0.0057,0,,
16018401202,2022-05-09T16:11:00,PHOSPHORUS; TOTAL,27.8,µg/L,0.1598,0,,
16018401202,2022-05-09T16:11:00,POTASSIUM,3.24,mg/L,0.0085,0,,
16018401202,2022-05-09T16:11:00,SILICON; REACTIVE SILICATE,0.13,mg/L,0.0244,0,,
16018401202,2022-05-09T16:11:00,SILVER,9.0,µg/L,0.0098,0,,
16018401202,2022-05-09T16:11:00,SODIUM,62.5,mg/L,0.1154,0,,
16018401202,2022-05-09T16:11:00,SOLIDS; DISSOLVED,575.0,mg/L,0.507,0,,
16018401202,2022-05-09T16:11:00,SOLIDS; SUSPENDED,4.2,mg/L,0.0789,0,,
16018401202,2022-05-09T16:11:00,SOLIDS; TOTAL,579.0,mg/L,0.5091,0,,
16018401202,2022-05-09T16:11:00,STRONTIUM,370.0,µg/L,0.3669,0,,
16018401202,2022-05-09T16:11:00,TIN,9.0,µg/L,0.0098,0,,
16018401202,2022-05-09T16:11:00,TITANIUM,0.83,µg/L,0.0461,0,,
16018401202,2022-05-09T16:11:00,URANIUM,3.56,µg/L,0.0093,0,,
16018401202,2022-05-09T16:11:00,VANADIUM,0.5,µg/L,0.018,0,,
16018401202,2022-05-09T16:11:00,ZINC,8.99,µg/L,0.0293,0,,
16018401202,2022-05-09T16:11:00,ZIRCONIUM,1.0,µg/L,0.0035,0,,
16018401202,2022-06-13T10:20:00,ALKALINITY,200.0,mg/L as CaCO3,0.2647,0,,
16018401202,2022-06-13T10:20:00,ALUMINUM,41.3,µg/L,0.4463,0,,
16018401202,2022-06-13T10:20:00,BARIUM,29.6,µg/L,0.0579,0,,
16018401202,2022-06-13T10:20:00,BERYLLIUM,0.1,µg/L,0.0118,0,,
16018401202,2022-06-13T10:20:00,BISMUTH,5.0,µg/L,0.0109,0,,
16018401202,2022-06-13T10:20:00,CADMIUM,1.29,µg/L,0.0987,0,,
16018401202,2022-06-13T10:20:00,CALCIUM,69.8,mg/L,0.1169,0,,
16018401202,2022-06-13T10:20:00,CARBON; DISSOLVED INORGANIC,47.3,mg/L,0.097,0,,
16018401202,2022-06-13T10:20:00,CARBON; DISSOLVED ORGANIC,5.4,mg/L,0.0102,0,,
16018401202,2022-06-13T10:20:00,CHLORIDE,107.0,mg/L,0.1565,0,,
16018401202,2022-06-13T10:20:00,CHROMIUM,1.0,µg/L,0.008,0,,
16018401202,2022-06-13T10:20:00,COBALT,1.0,µg/L,0.0207,0,,
16018401202,2022-06-13T10:20:00,CONDUCTIVITY,807.0,µS/cm,0.5055,0,,
16018401202,2022-06-13T10:20:00,COPPER,1.25,µg/L,0.0455,0,,
16018401202,2022-06-13T10:20:00,HARDNESS,276.0,mg/L,0.2949,0,,
16018401202,2022-06-13T10:20:00,IRON,68.6,µg/L,0.3593,0,,
16018401202,2022-06-13T10:20:00,LEAD,7.0,µg/L,0.0136,0,,
16018401202,2022-06-13T10:20:00,LITHIUM,5.0,µg/L,0.019,0,,
16018401202,2022-06-13T10:20:00,MAGNESIUM,24.6,mg/L,0.0587,0,,
16018401202,2022-06-13T10:20:00,MANGANESE,18.5,µg/L,0.0859,0,,
16018401202,2022-06-13T10:20:00,MOLYBDENUM,2.0,µg/L,0.0083,0,,
16018401202,2022-06-13T10:20:00,NICKEL,2.0,µg/L,0.0168,0,,
16018401202,2022-06-13T10:20:00,NITRATE,5.05,mg/L,0.0386,0,,
16018401202,2022-06-13T10:20:00,NITROGEN; AMMONIA+AMMONIUM,0.06,mg/L,0.0183,0,,
16018401202,2022-06-13T10:20:00,NITROGEN; NITRATE+NITRITE,5.08,mg/L,0.0355,0,,
16018401202,2022-06-13T10:20:00,NITROGEN; NITRITE,0.034,mg/L,0.0269,0,,
16018401202,2022-06-13T10:20:00,NITROGEN; TOTAL,6.78,mg/L,0.0417,0,,
16018401202,2022-06-13T10:20:00,PH,8.05,,0.0282,0,,
16018401202,2022-06-13T10:20:00,PHOSPHORUS; PHOSPHATE,0.013,mg/L,0.0108,0,,
16018401202,2022-06-13T10:20:00,PHOSPHORUS; TOTAL,37.3,µg/L,0.1604,0,,
16018401202,2022-06-13T10:20:00,POTASSIUM,3.83,mg/L,0.0203,0,,
16018401202,2022-06-13T10:20:00,SILICON; REACTIVE SILICATE,1.09,mg/L,0.0198,0,,
16018401202,2022-06-13T10:20:00,SILVER,9.0,µg/L,0.0155,0,,
16018401202,2022-06-13T10:20:00,SODIUM,64.2,mg/L,0.103,0,,
16018401202,2022-06-13T10:20:00,SOLIDS; DISSOLVED,566.0,mg/L,0.4472,0,,
16018401202,2022-06-13T10:20:00,SOLIDS; SUSPENDED,11.7,mg/L,0.0873,0,,
16018401202,2022-06-13T10:20:00,SOLIDS; TOTAL,578.0,mg/L,0.4501,0,,
16018401202,2022-06-13T10:20:00,STRONTIUM,394.0,µg/L,0.3551,0,,
16018401202,2022-06-13T10:20:00,TIN,9.0,µg/L,0.0155,0,,
16018401202,2022-06-13T10:20:00,TITANIUM,1.2,µg/L,0.0411,0,,
16018401202,2022-06-13T10:20:00,URANIUM,4.42,µg/L,0.0197,0,,
16018401202,2022-06-13T10:20:00,VANADIUM,0.5,µg/L,0.0222,0,,
16018401202,2022-06-13T10:20:00,ZINC,8.91,µg/L,0.0348,0,,
16018401202,2022-06-13T10:20:00,ZIRCONIUM,1.0,µg/L,0.0091,0,,
16018401202,2022-07-11T09:40:00,ALKALINITY,163.0,mg/L as CaCO3,0.2777,0,,
16018401202,2022-07-11T09:40:00,ALUMINUM,25.8,µg/L,0.4248,0,,
16018401202,2022-07-11T09:40:00,BARIUM,23.6,µg/L,0.1117,0,,
16018401202,2022-07-11T09:40:00,BERYLLIUM,0.1,µg/L,0.0032,0,,
16018401202,2022-07-11T09:40:00,BISMUTH,5.0,µg/L,0.0035,0,,
16018401202,2022-07-11T09:40:00,CADMIUM,0.9,µg/L,0.0095,0,,
16018401202,2022-07-11T09:40:00,CALCIUM,50.2,mg/L,0.1412,0,,
16018401202,2022-07-11T09:40:00,CARBON; DISSOLVED INORGANIC,37.7,mg/L,0.1042,0,,
16018401202,2022-07-11T09:40:00,CARBON; DISSOLVED ORGANIC,5.55,mg/L,0.0068,0,,
16018401202,2022-07-11T09:40:00,CHLORIDE,100.0,mg/L,0.1445,0,,
16018401202,2022-07-11T09:40:00,CHROMIUM,1.0,µg/L,0.0001,0,,
16018401202,2022-07-11T09:40:00,COBALT,1.0,µg/L,0.0108,0,,
16018401202,2022-07-11T09:40:00,CONDUCTIVITY,704.0,µS/cm,0.5457,0,,
16018401202,2022-07-11T09:40:00,COPPER,1.28,µg/L,0.0305,0,,
16018401202,2022-07-11T09:40:00,HARDNESS,222.0,mg/L,0.3419,0,,
16018401202,2022-07-11T09:40:00,IRON,62.1,µg/L,0.3454,0,,
16018401202,2022-07-11T09:40:00,LEAD,7.0,µg/L,0.0061,0,,
16018401202,2022-07-11T09:40:00,LITHIUM,5.0,µg/L,0.0099,0,,
16018401202,2022-07-11T09:40:00,MAGNESIUM,23.4,mg/L,0.0494,0,,
16018401202,2022-07-11T09:40:00,MANGANESE,17.2,µg/L,0.0774,0,,
16018401202,2022-07-11T09:40:00,MOLYBDENUM,2.0,µg/L,0.0013,0,,
16018401202,2022-07-11T09:40:00,NICKEL,2.0,µg/L,0.0083,0,,
16018401202,2022-07-11T09:40:00,NITRATE,2.52,mg/L,0.0336,0,,
16018401202,2022-07-11T09:40:00,NITROGEN; AMMONIA+AMMONIUM,0.04,mg/L,0.0038,0,,
16018401202,2022-07-11T09:40:00,NITROGEN; NITRATE+NITRITE,2.54,mg/L,0.0365,0,,
16018401202,2022-07-11T09:40:00,NITROGEN; NITRITE,0.021,mg/L,0.0037,0,,
16018401202,2022-07-11T09:40:00,NITROGEN; TOTAL,3.51,mg/L,0.0371,0,,
16018401202,2022-07-11T09:40:00,PH,8.08,,0.0187,0,,
16018401202,2022-07-11T09:40:00,PHOSPHORUS; PHOSPHATE,0.011,mg/L,0.0028,0,,
16018401202,2022-07-11T09:40:00,PHOSPHORUS; TOTAL,28.3,µg/L,0.1578,0,,
16018401202,2022-07-11T09:40:00,POTASSIUM,3.73,mg/L,0.0095,0,,
16018401202,2022-07-11T09:40:00,SILICON; REACTIVE SILICATE,1.2,mg/L,0.0102,0,,
16018401202,2022-07-11T09:40:00,SILVER,9.0,µg/L,0.0087,0,,
16018401202,2022-07-11T09:40:00,SODIUM,56.0,mg/L,0.0987,0,,
16018401202,2022-07-11T09:40:00,SOLIDS; DISSOLVED,458.0,mg/L,0.4942,0,,
16018401202,2022-07-11T09:40:00,SOLIDS; SUSPENDED,3.77,mg/L,0.0926,0,,
16018401202,2022-07-11T09:40:00,SOLIDS; TOTAL,461.0,mg/L,0.509,0,,
16018401202,2022-07-11T09:40:00,STRONTIUM,389.0,µg/L,0.3419,0,,
16018401202,2022-07-11T09:40:00,TIN,9.0,µg/L,0.0087,0,,
16018401202,2022-07-11T09:40:00,TITANIUM,0.73,µg/L,0.0353,0,,
16018401202,2022-07-11T09:40:00,URANIUM,3.7,µg/L,0.0045,0,,
16018401202,2022-07-11T09:40:00,VANADIUM,0.5,µg/L,0.0136,0,,
16018401202,2022-07-11T09:40:00,ZINC,8.86,µg/L,0.0254,0,,
16018401202,2022-07-11T09:40:00,ZIRCONIUM,1.0,µg/L,0.0009,0,,
16018401202,2022-08-31T09:15:00,ALKALINITY,171.0,mg/L as CaCO3,0.3186,0,,
16018401202,2022-08-31T09:15:00,ALUMINUM,60.8,µg/L,0.4998,0,,
16018401202,2022-08-31T09:15:00,BARIUM,25.2,µg/L,0.124,0,,
16018401202,2022-08-31T09:15:00,BERYLLIUM,0.1,µg/L,0.0665,0,,
16018401202,2022-08-31T09:15:00,BISMUTH,5.0,µg/L,0.0672,0,,
16018401202,2022-08-31T09:15:00,CADMIUM,0.9,µg/L,0.0662,0,,
16018401202,2022-08-31T09:15:00,CALCIUM,51.2,mg/L,0.1901,0,,
16018401202,2022-08-31T09:15:00,CARBON; DISSOLVED INORGANIC,40.8,mg/L,0.1643,0,,
16018401202,2022-08-31T09:15:00,CARBON; DISSOLVED ORGANIC,6.11,mg/L,0.0795,0,,
16018401202,2022-08-31T09:15:00,CHLORIDE,95.0,mg/L,0.2373,0,,
16018401202,2022-08-31T09:15:00,CHROMIUM,1.0,µg/L,0.0617,0,,
16018401202,2022-08-31T09:15:00,COBALT,1.0,µg/L,0.0673,0,,
16018401202,2022-08-31T09:15:00,CONDUCTIVITY,685.0,µS/cm,0.5907,1,"rolling_mean_7, rolling_mean_30, rolling_mean_14","3.40, 3.36, 3.35"
16018401202,2022-08-31T09:15:00,COPPER,1.7,µg/L,0.0775,0,,
16018401202,2022-08-31T09:15:00,HARDNESS,223.0,mg/L,0.3769,0,,
16018401202,2022-08-31T09:15:00,IRON,157.0,µg/L,0.4834,0,,
16018401202,2022-08-31T09:15:00,LEAD,7.0,µg/L,0.0672,0,,
16018401202,2022-08-31T09:15:00,LITHIUM,5.0,µg/L,0.0702,0,,
16018401202,2022-08-31T09:15:00,MAGNESIUM,23.2,mg/L,0.1009,0,,
16018401202,2022-08-31T09:15:00,MANGANESE,30.0,µg/L,0.1893,0,,
16018401202,2022-08-31T09:15:00,MOLYBDENUM,2.0,µg/L,0.0642,0,,
16018401202,2022-08-31T09:15:00,NICKEL,2.0,µg/L,0.068,0,,
16018401202,2022-08-31T09:15:00,NITRATE,2.3,mg/L,0.0735,0,,
16018401202,2022-08-31T09:15:00,NITROGEN; AMMONIA+AMMONIUM,0.05,mg/L,0.0658,0,,
16018401202,2022-08-31T09:15:00,NITROGEN; NITRATE+NITRITE,2.31,mg/L,0.0747,0,,
16018401202,2022-08-31T09:15:00,NITROGEN; NITRITE,0.01,mg/L,0.089,0,,
16018401202,2022-08-31T09:15:00,NITROGEN; TOTAL,3.19,mg/L,0.0896,0,,
16018401202,2022-08-31T09:15:00,PH,8.0,,0.0921,0,,
16018401202,2022-08-31T09:15:00,PHOSPHORUS; PHOSPHATE,0.016,mg/L,0.0658,0,,
16018401202,2022-08-31T09:15:00,PHOSPHORUS; TOTAL,50.3,µg/L,0.2639,0,,
16018401202,2022-08-31T09:15:00,POTASSIUM,3.79,mg/L,0.0688,0,,
16018401202,2022-08-31T09:15:00,SILICON; REACTIVE SILICATE,1.32,mg/L,0.0691,0,,
16018401202,2022-08-31T09:15:00,SILVER,9.0,µg/L,0.0708,0,,
16018401202,2022-08-31T09:15:00,SODIUM,57.8,mg/L,0.1665,0,,
16018401202,2022-08-31T09:15:00,SOLIDS; SUSPENDED,16.2,mg/L,0.1728,0,,
16018401202,2022-08-31T09:15:00,STRONTIUM,397.0,µg/L,0.4328,0,,
16018401202,2022-08-31T09:15:00,TIN,9.0,µg/L,0.0708,0,,
16018401202,2022-08-31T09:15:00,TITANIUM,1.33,µg/L,0.0915,0,,
16018401202,2022-08-31T09:15:00,URANIUM,3.0,µg/L,0.0765,0,,
16018401202,2022-08-31T09:15:00,VANADIUM,0.65,µg/L,0.0641,0,,
16018401202,2022-08-31T09:15:00,ZINC,9.17,µg/L,0.078,0,,
16018401202,2022-08-31T09:15:00,ZIRCONIUM,1.0,µg/L,0.0644,0,,
16018401202,2022-09-27T10:10:00,ALKALINITY,173.0,mg/L as CaCO3,0.2059,0,,
16018401202,2022-09-27T10:10:00,ALUMINUM,17.3,µg/L,0.377,0,,
16018401202,2022-09-27T10:10:00,BARIUM,24.9,µg/L,0.055,0,,
16018401202,2022-09-27T10:10:00,BERYLLIUM,0.1,µg/L,0.0038,0,,
16018401202,2022-09-27T10:10:00,BISMUTH,5.0,µg/L,0.0041,0,,
16018401202,2022-09-27T10:10:00,CADMIUM,0.9,µg/L,0.0035,0,,
16018401202,2022-09-27T10:10:00,CALCIUM,51.7,mg/L,0.1055,0,,
16018401202,2022-09-27T10:10:00,CHLORIDE,89.7,mg/L,0.1452,0,,
16018401202,2022-09-27T10:10:00,CHROMIUM,1.0,µg/L,0.0007,0,,
16018401202,2022-09-27T10:10:00,COBALT,1.0,µg/L,0.0069,0,,
16018401202,2022-09-27T10:10:00,CONDUCTIVITY,694.0,µS/cm,0.4959,0,,
16018401202,2022-09-27T10:10:00,COPPER,0.81,µg/L,0.0373,0,,
16018401202,2022-09-27T10:10:00,HARDNESS,226.0,mg/L,0.2819,0,,
16018401202,2022-09-27T10:10:00,IRON,62.7,µg/L,0.3836,0,,
16018401202,2022-09-27T10:10:00,LEAD,7.0,µg/L,0.0068,0,,
16018401202,2022-09-27T10:10:00,LITHIUM,5.0,µg/L,0.0094,0,,
16018401202,2022-09-27T10:10:00,MAGNESIUM,23.5,mg/L,0.0459,0,,
16018401202,2022-09-27T10:10:00,MANGANESE,11.7,µg/L,0.1375,0,,
16018401202,2022-09-27T10:10:00,MOLYBDENUM,2.0,µg/L,0.002,0,,
16018401202,2022-09-27T10:10:00,NICKEL,2.0,µg/L,0.0074,0,,
16018401202,2022-09-27T10:10:00,NITRATE,2.43,mg/L,0.012,0,,
16018401202,2022-09-27T10:10:00,NITROGEN; AMMONIA+AMMONIUM,0.03,mg/L,0.0163,0,,
16018401202,2022-09-27T10:10:00,NITROGEN; NITRATE+NITRITE,2.44,mg/L,0.0149,0,,
16018401202,2022-09-27T10:10:00,NITROGEN; NITRITE,0.01,mg/L,0.0179,0,,
16018401202,2022-09-27T10:10:00,NITROGEN; TOTAL,3.04,mg/L,0.0239,0,,
16018401202,2022-09-27T10:10:00,PH,8.24,,0.0121,0,,
16018401202,2022-09-27T10:10:00,PHOSPHORUS; PHOSPHATE,0.007,mg/L,0.0091,0,,
16018401202,2022-09-27T10:10:00,PHOSPHORUS; TOTAL,29.3,µg/L,0.1714,0,,
16018401202,2022-09-27T10:10:00,POTASSIUM,3.84,mg/L,0.01,0,,
16018401202,2022-09-27T10:10:00,SILVER,9.0,µg/L,0.0094,0,,
16018401202,2022-09-27T10:10:00,SODIUM,51.4,mg/L,0.1065,0,,
16018401202,2022-09-27T10:10:00,SOLIDS; SUSPENDED,4.05,mg/L,0.0915,0,,
16018401202,2022-09-27T10:10:00,STRONTIUM,395.0,µg/L,0.3485,0,,
16018401202,2022-09-27T10:10:00,TIN,9.0,µg/L,0.0094,0,,
16018401202,2022-09-27T10:10:00,TITANIUM,0.57,µg/L,0.0363,0,,
16018401202,2022-09-27T10:10:00,URANIUM,9.47,µg/L,0.1379,0,,
16018401202,2022-09-27T10:10:00,VANADIUM,0.5,µg/L,0.0177,0,,
16018401202,2022-09-27T10:10:00,ZINC,6.66,µg/L,0.0386,0,,
16018401202,2022-09-27T10:10:00,ZIRCONIUM,1.0,µg/L,0.0016,0,,
16018401202,2022-10-11T10:20:00,ALKALINITY,171.0,mg/L as CaCO3,0.2148,0,,
16018401202,2022-10-11T10:20:00,ALUMINUM,26.1,µg/L,0.3538,0,,
16018401202,2022-10-11T10:20:00,BARIUM,21.9,µg/L,0.1428,0,,
16018401202,2022-10-11T10:20:00,BERYLLIUM,0.1,µg/L,0.0116,0,,
16018401202,2022-10-11T10:20:00,BISMUTH,5.0,µg/L,0.0118,0,,
16018401202,2022-10-11T10:20:00,CADMIUM,0.9,µg/L,0.0125,0,,
16018401202,2022-10-11T10:20:00,CALCIUM,53.9,mg/L,0.111,0,,
16018401202,2022-10-11T10:20:00,CHLORIDE,97.8,mg/L,0.1628,0,,
16018401202,2022-10-11T10:20:00,CHROMIUM,1.0,µg/L,0.0102,0,,
16018401202,2022-10-11T10:20:00,COBALT,1.0,µg/L,0.0172,0,,
16018401202,2022-10-11T10:20:00,CONDUCTIVITY,709.0,µS/cm,0.5032,0,,
16018401202,2022-10-11T10:20:00,COPPER,1.14,µg/L,0.0332,0,,
16018401202,2022-10-11T10:20:00,HARDNESS,233.0,mg/L,0.2856,0,,
16018401202,2022-10-11T10:20:00,IRON,52.3,µg/L,0.2925,0,,
16018401202,2022-10-11T10:20:00,LEAD,7.0,µg/L,0.0145,0,,
16018401202,2022-10-11T10:20:00,LITHIUM,5.0,µg/L,0.0158,0,,
16018401202,2022-10-11T10:20:00,MAGNESIUM,24.0,mg/L,0.0546,0,,
16018401202,2022-10-11T10:20:00,MANGANESE,8.34,µg/L,0.1102,0,,
16018401202,2022-10-11T10:20:00,MOLYBDENUM,2.0,µg/L,0.0102,0,,
16018401202,2022-10-11T10:20:00,NICKEL,2.0,µg/L,0.0176,0,,
16018401202,2022-10-11T10:20:00,NITRATE,2.25,mg/L,0.0227,0,,
16018401202,2022-10-11T10:20:00,NITROGEN; AMMONIA+AMMONIUM,0.03,mg/L,0.0242,0,,
16018401202,2022-10-11T10:20:00,NITROGEN; NITRATE+NITRITE,2.27,mg/L,0.0278,0,,
16018401202,2022-10-11T10:20:00,NITROGEN; NITRITE,0.017,mg/L,0.014,0,,
16018401202,2022-10-11T10:20:00,NITROGEN; TOTAL,3.17,mg/L,0.0287,0,,
16018401202,2022-10-11T10:20:00,PH,8.3,,0.0237,0,,
16018401202,2022-10-11T10:20:00,PHOSPHORUS; PHOSPHATE,0.01,mg/L,0.0119,0,,
16018401202,2022-10-11T10:20:00,PHOSPHORUS; TOTAL,24.7,µg/L,0.1533,0,,
16018401202,2022-10-11T10:20:00,POTASSIUM,3.9,mg/L,0.0206,0,,
16018401202,2022-10-11T10:20:00,SILVER,9.0,µg/L,0.0164,0,,
16018401202,2022-10-11T10:20:00,SODIUM,59.7,mg/L,0.1168,0,,
16018401202,2022-10-11T10:20:00,SOLIDS; SUSPENDED,2.71,mg/L,0.0687,0,,
16018401202,2022-10-11T10:20:00,STRONTIUM,424.0,µg/L,0.3998,0,,
16018401202,2022-10-11T10:20:00,TIN,9.0,µg/L,0.0164,0,,
16018401202,2022-10-11T10:20:00,TITANIUM,0.76,µg/L,0.0438,0,,
16018401202,2022-10-11T10:20:00,URANIUM,10.7,µg/L,0.1139,0,,
16018401202,2022-10-11T10:20:00,VANADIUM,0.5,µg/L,0.0229,0,,
16018401202,2022-10-11T10:20:00,ZINC,6.87,µg/L,0.0294,0,,
16018401202,2022-10-11T10:20:00,ZIRCONIUM,1.0,µg/L,0.0103,0,,
16018401202,2022-11-14T09:55:00,ALKALINITY,189.0,mg/L as CaCO3,0.2263,0,,
16018401202,2022-11-14T09:55:00,ALUMINUM,23.6,µg/L,0.3269,0,,
16018401202,2022-11-14T09:55:00,BARIUM,25.8,µg/L,0.0595,0,,
16018401202,2022-11-14T09:55:00,BERYLLIUM,0.1,µg/L,0.0071,0,,
16018401202,2022-11-14T09:55:00,BISMUTH,5.0,µg/L,0.0073,0,,
16018401202,2022-11-14T09:55:00,CADMIUM,0.9,µg/L,0.0063,0,,
16018401202,2022-11-14T09:55:00,CALCIUM,61.5,mg/L,0.1053,0,,
16018401202,2022-11-14T09:55:00,CARBON; DISSOLVED INORGANIC,46.3,mg/L,0.1899,0,,
16018401202,2022-11-14T09:55:00,CARBON; DISSOLVED ORGANIC,5.07,mg/L,0.0987,0,,
16018401202,2022-11-14T09:55:00,CHLORIDE,138.0,mg/L,0.263,0,,
16018401202,2022-11-14T09:55:00,CHROMIUM,1.0,µg/L,0.0029,0,,
16018401202,2022-11-14T09:55:00,COBALT,1.0,µg/L,0.008,0,,
16018401202,2022-11-14T09:55:00,CONDUCTIVITY,916.0,µS/cm,0.6063,1,"rolling_mean_30, rolling_mean_7, rolling_mean_14","3.38, 3.37, 3.36"
16018401202,2022-11-14T09:55:00,COPPER,1.09,µg/L,0.0219,0,,
16018401202,2022-11-14T09:55:00,HARDNESS,259.0,mg/L,0.285,0,,
16018401202,2022-11-14T09:55:00,IRON,64.0,µg/L,0.2741,0,,
16018401202,2022-11-14T09:55:00,LEAD,7.0,µg/L,0.01,0,,
16018401202,2022-11-14T09:55:00,LITHIUM,5.0,µg/L,0.01,0,,
16018401202,2022-11-14T09:55:00,MAGNESIUM,25.6,mg/L,0.0665,0,,
16018401202,2022-11-14T09:55:00,MANGANESE,9.37,µg/L,0.0844,0,,
16018401202,2022-11-14T09:55:00,MOLYBDENUM,2.0,µg/L,0.0052,0,,
16018401202,2022-11-14T09:55:00,NICKEL,2.03,µg/L,0.0073,0,,
16018401202,2022-11-14T09:55:00,NITRATE,3.67,mg/L,0.0227,0,,
16018401202,2022-11-14T09:55:00,NITROGEN; AMMONIA+AMMONIUM,0.03,mg/L,0.0158,0,,
16018401202,2022-11-14T09:55:00,NITROGEN; NITRATE+NITRITE,3.7,mg/L,0.0229,0,,
16018401202,2022-11-14T09:55:00,NITROGEN; NITRITE,0.024,mg/L,0.0118,0,,
16018401202,2022-11-14T09:55:00,NITROGEN; TOTAL,4.64,mg/L,0.0173,0,,
16018401202,2022-11-14T09:55:00,PH,8.18,,0.0118,0,,
16018401202,2022-11-14T09:55:00,PHOSPHORUS; PHOSPHATE,0.011,mg/L,0.0057,0,,
16018401202,2022-11-14T09:55:00,PHOSPHORUS; TOTAL,27.0,µg/L,0.1267,0,,
16018401202,2022-11-14T09:55:00,POTASSIUM,4.66,mg/L,0.0532,0,,
16018401202,2022-11-14T09:55:00,SILICON; REACTIVE SILICATE,0.75,mg/L,0.0871,0,,
16018401202,2022-11-14T09:55:00,SILVER,9.0,µg/L,0.0119,0,,
16018401202,2022-11-14T09:55:00,SODIUM,81.4,mg/L,0.2076,0,,
16018401202,2022-11-14T09:55:00,SOLIDS; DISSOLVED,542.0,mg/L,0.5712,0,,
16018401202,2022-11-14T09:55:00,SOLIDS; SUSPENDED,2.39,mg/L,0.0521,0,,
16018401202,2022-11-14T09:55:00,SOLIDS; TOTAL,544.0,mg/L,0.5645,0,,
16018401202,2022-11-14T09:55:00,STRONTIUM,558.0,µg/L,0.5354,0,,
16018401202,2022-11-14T09:55:00,TIN,9.0,µg/L,0.0119,0,,
16018401202,2022-11-14T09:55:00,TITANIUM,1.01,µg/L,0.0328,0,,
16018401202,2022-11-14T09:55:00,URANIUM,8.1,µg/L,0.0689,0,,
16018401202,2022-11-14T09:55:00,VANADIUM,0.5,µg/L,0.0159,0,,
16018401202,2022-11-14T09:55:00,ZINC,9.5,µg/L,0.0374,0,,
16018401202,2022-11-14T09:55:00,ZIRCONIUM,1.0,µg/L,0.0048,0,,
16018401202,2022-12-12T13:10:00,ALKALINITY,209.9,mg/L as CaCO3,0.2367,0,,
16018401202,2022-12-12T13:10:00,CHLORIDE,182.0,mg/L,0.3419,0,,
16018401202,2022-12-12T13:10:00,CONDUCTIVITY,1121.0,µS/cm,0.6478,1,"rolling_mean_7, rolling_mean_14, rolling_mean_30","3.57, 3.50, 3.49"
16018401202,2022-12-12T13:10:00,NITRATE,5.39,mg/L,0.0502,0,,
16018401202,2022-12-12T13:10:00,NITROGEN; AMMONIA+AMMONIUM,0.15,mg/L,0.1019,0,,
16018401202,2022-12-12T13:10:00,NITROGEN; NITRATE+NITRITE,5.44,mg/L,0.0477,0,,
16018401202,2022-12-12T13:10:00,NITROGEN; NITRITE,0.049,mg/L,0.0606,0,,
16018401202,2022-12-12T13:10:00,NITROGEN; TOTAL,6.67,mg/L,0.0391,0,,
16018401202,2022-12-12T13:10:00,PH,8.13,,0.0118,0,,
16018401202,2022-12-12T13:10:00,PHOSPHORUS; PHOSPHATE,0.011,mg/L,0.0028,0,,
16018401202,2022-12-12T13:10:00,PHOSPHORUS; TOTAL,28.6,µg/L,0.115,0,,
16018401202,2022-12-12T13:10:00,SOLIDS; SUSPENDED,5.05,mg/L,0.0552,0,,
16018401202,2023-01-16T13:20:00,ALKALINITY,194.6,mg/L as CaCO3,0.3152,0,,
16018401202,2023-01-16T13:20:00,CHLORIDE,144.0,mg/L,0.3617,0,,
16018401202,2023-01-16T13:20:00,CONDUCTIVITY,985.0,µS/cm,0.663,1,"rolling_mean_7, rolling_mean_14, rolling_mean_30","3.70, 3.58, 3.54"
16018401202,2023-01-16T13:20:00,NITRATE,8.96,mg/L,0.1773,0,,
16018401202,2023-01-16T13:20:00,NITROGEN; AMMONIA+AMMONIUM,0.18,mg/L,0.1486,0,,
16018401202,2023-01-16T13:20:00,NITROGEN; NITRATE+NITRITE,9.06,mg/L,0.1773,0,,
16018401202,2023-01-16T13:20:00,NITROGEN; NITRITE,0.105,mg/L,0.1744,0,,
16018401202,2023-01-16T13:20:00,NITROGEN; TOTAL,10.8,mg/L,0.1925,0,,
16018401202,2023-01-16T13:20:00,PH,7.93,,0.106,0,,
16018401202,2023-01-16T13:20:00,PHOSPHORUS; PHOSPHATE,0.029,mg/L,0.0836,0,,
16018401202,2023-01-16T13:20:00,PHOSPHORUS; TOTAL,49.3,µg/L,0.2281,0,,
16018401202,2023-01-16T13:20:00,SOLIDS; SUSPENDED,6.65,mg/L,0.1046,0,,
16018401202,2023-02-14T14:00:00,ALKALINITY,184.0,mg/L as CaCO3,0.211,0,,
16018401202,2023-02-14T14:00:00,CHLORIDE,88.9,mg/L,0.2451,0,,
16018401202,2023-02-14T14:00:00,CONDUCTIVITY,773.0,µS/cm,0.5917,1,"rolling_mean_7, rolling_mean_14, rolling_mean_30","3.75, 3.61, 3.54"
16018401202,2023-02-14T14:00:00,NITRATE,8.5,mg/L,0.0681,0,,
16018401202,2023-02-14T14:00:00,NITROGEN; AMMONIA+AMMONIUM,0.07,mg/L,0.0161,0,,
16018401202,2023-02-14T14:00:00,NITROGEN; NITRATE+NITRITE,8.56,mg/L,0.0687,0,,
16018401202,2023-02-14T14:00:00,NITROGEN; NITRITE,0.059,mg/L,0.0363,0,,
16018401202,2023-02-14T14:00:00,NITROGEN; TOTAL,9.72,mg/L,0.0714,0,,
16018401202,2023-02-14T14:00:00,PH,8.22,,0.0139,0,,
16018401202,2023-02-14T14:00:00,PHOSPHORUS; PHOSPHATE,0.027,mg/L,0.0213,0,,
16018401202,2023-02-14T14:00:00,PHOSPHORUS; TOTAL,67.6,µg/L,0.1677,0,,
16018401202,2023-02-14T14:00:00,SOLIDS; SUSPENDED,15.2,mg/L,0.0821,0,,
16018401202,2023-04-24T10:43:00,ALKALINITY,182.7,mg/L as CaCO3,0.3306,0,,
16018401202,2023-04-24T10:43:00,ALUMINUM,258.0,µg/L,0.596,1,"time_gap_days, delta, is_gap","2.99, 1.57, 1.53"
16018401202,2023-04-24T10:43:00,BARIUM,23.9,µg/L,0.212,0,,
16018401202,2023-04-24T10:43:00,BERYLLIUM,0.1,µg/L,0.1404,0,,
16018401202,2023-04-24T10:43:00,BISMUTH,5.0,µg/L,0.1356,0,,
16018401202,2023-04-24T10:43:00,CADMIUM,0.9,µg/L,0.1375,0,,
16018401202,2023-04-24T10:43:00,CALCIUM,63.0,mg/L,0.2568,0,,
16018401202,2023-04-24T10:43:00,CARBON; DISSOLVED INORGANIC,44.9,mg/L,0.2365,0,,
16018401202,2023-04-24T10:43:00,CARBON; DISSOLVED ORGANIC,6.61,mg/L,0.1755,0,,
16018401202,2023-04-24T10:43:00,CHLORIDE,58.5,mg/L,0.354,0,,
16018401202,2023-04-24T10:43:00,CHROMIUM,1.0,µg/L,0.1364,0,,
16018401202,2023-04-24T10:43:00,COBALT,1.0,µg/L,0.1394,0,,
16018401202,2023-04-24T10:43:00,CONDUCTIVITY,629.0,µS/cm,0.6638,1,"rolling_mean_7, rolling_mean_14, rolling_mean_30","3.71, 3.60, 3.50"
16018401202,2023-04-24T10:43:00,COPPER,2.5,µg/L,0.1466,0,,
16018401202,2023-04-24T10:43:00,HARDNESS,238.0,mg/L,0.4293,0,,
16018401202,2023-04-24T10:43:00,IRON,216.0,µg/L,0.5432,0,,
16018401202,2023-04-24T10:43:00,LEAD,7.0,µg/L,0.1353,0,,
16018401202,2023-04-24T10:43:00,LITHIUM,5.0,µg/L,0.1353,0,,
16018401202,2023-04-24T10:43:00,MAGNESIUM,19.5,mg/L,0.2319,0,,
16018401202,2023-04-24T10:43:00,MANGANESE,20.2,µg/L,0.2291,0,,
16018401202,2023-04-24T10:43:00,MOLYBDENUM,2.0,µg/L,0.1406,0,,
16018401202,2023-04-24T10:43:00,NICKEL,2.0,µg/L,0.138,0,,
16018401202,2023-04-24T10:43:00,NITROGEN; TOTAL,7.99,mg/L,0.1096,0,,
16018401202,2023-04-24T10:43:00,PH,8.08,,0.0891,0,,
16018401202,2023-04-24T10:43:00,PHOSPHORUS; TOTAL,72.2,µg/L,0.2437,0,,
16018401202,2023-04-24T10:43:00,POTASSIUM,2.74,mg/L,0.1766,0,,
16018401202,2023-04-24T10:43:00,SILICON; REACTIVE SILICATE,1.87,mg/L,0.1593,0,,
16018401202,2023-04-24T10:43:00,SILVER,9.0,µg/L,0.1421,0,,
16018401202,2023-04-24T10:43:00,SODIUM,36.1,mg/L,0.3618,0,,
16018401202,2023-04-24T10:43:00,SOLIDS; SUSPENDED,13.3,mg/L,0.1309,0,,
16018401202,2023-04-24T10:43:00,STRONTIUM,203.0,µg/L,0.6561,1,"time_gap_days, zscore, delta","2.99, -2.95, -2.38"
16018401202,2023-04-24T10:43:00,TIN,9.0,µg/L,0.1421,0,,
16018401202,2023-04-24T10:43:00,TITANIUM,7.26,µg/L,0.204,0,,
16018401202,2023-04-24T10:43:00,URANIUM,3.0,µg/L,0.178,0,,
16018401202,2023-04-24T10:43:00,VANADIUM,0.68,µg/L,0.1386,0,,
16018401202,2023-04-24T10:43:00,ZINC,10.2,µg/L,0.1616,0,,
16018401202,2023-04-24T10:43:00,ZIRCONIUM,1.0,µg/L,0.1402,0,,
16018401202,2023-05-09T10:05:00,ALKALINITY,202.7,mg/L as CaCO3,0.2596,0,,
16018401202,2023-05-09T10:05:00,ALUMINUM,59.8,µg/L,0.5043,0,,
16018401202,2023-05-09T10:05:00,BARIUM,25.1,µg/L,0.072,0,,
16018401202,2023-05-09T10:05:00,BERYLLIUM,0.1,µg/L,0.0098,0,,
16018401202,2023-05-09T10:05:00,BISMUTH,5.0,µg/L,0.0098,0,,
16018401202,2023-05-09T10:05:00,CADMIUM,0.97,µg/L,0.0156,0,,
16018401202,2023-05-09T10:05:00,CALCIUM,66.7,mg/L,0.1097,0,,
16018401202,2023-05-09T10:05:00,CARBON; DISSOLVED INORGANIC,51.5,mg/L,0.1056,0,,
16018401202,2023-05-09T10:05:00,CARBON; DISSOLVED ORGANIC,6.24,mg/L,0.0269,0,,
16018401202,2023-05-09T10:05:00,CHLORIDE,63.3,mg/L,0.2168,0,,
16018401202,2023-05-09T10:05:00,CHROMIUM,1.0,µg/L,0.0083,0,,
16018401202,2023-05-09T10:05:00,COBALT,1.0,µg/L,0.012,0,,
16018401202,2023-05-09T10:05:00,CONDUCTIVITY,683.0,µS/cm,0.5802,0,,
16018401202,2023-05-09T10:05:00,COPPER,1.77,µg/L,0.0227,0,,
16018401202,2023-05-09T10:05:00,HARDNESS,262.0,mg/L,0.3071,0,,
16018401202,2023-05-09T10:05:00,IRON,77.5,µg/L,0.4312,0,,
16018401202,2023-05-09T10:05:00,LEAD,7.0,µg/L,0.0125,0,,
16018401202,2023-05-09T10:05:00,LITHIUM,5.0,µg/L,0.0135,0,,
16018401202,2023-05-09T10:05:00,MAGNESIUM,23.2,mg/L,0.0641,0,,
16018401202,2023-05-09T10:05:00,MANGANESE,12.8,µg/L,0.1182,0,,
16018401202,2023-05-09T10:05:00,MOLYBDENUM,2.0,µg/L,0.0082,0,,
16018401202,2023-05-09T10:05:00,NICKEL,2.0,µg/L,0.0115,0,,
16018401202,2023-05-09T10:05:00,NITRATE,5.57,mg/L,0.1223,0,,
16018401202,2023-05-09T10:05:00,NITROGEN; AMMONIA+AMMONIUM,0.03,mg/L,0.1064,0,,
16018401202,2023-05-09T10:05:00,NITROGEN; NITRATE+NITRITE,5.59,mg/L,0.124,0,,
16018401202,2023-05-09T10:05:00,NITROGEN; NITRITE,0.024,mg/L,0.0977,0,,
16018401202,2023-05-09T10:05:00,NITROGEN; TOTAL,6.25,mg/L,0.0412,0,,
16018401202,2023-05-09T10:05:00,PH,8.27,,0.0242,0,,
16018401202,2023-05-09T10:05:00,PHOSPHORUS; PHOSPHATE,0.006,mg/L,0.1055,0,,
16018401202,2023-05-09T10:05:00,PHOSPHORUS; TOTAL,26.2,µg/L,0.2729,0,,
16018401202,2023-05-09T10:05:00,POTASSIUM,2.61,mg/L,0.0498,0,,
16018401202,2023-05-09T10:05:00,SILICON; REACTIVE SILICATE,0.328,mg/L,0.0423,0,,
16018401202,2023-05-09T10:05:00,SILVER,9.0,µg/L,0.0141,0,,
16018401202,2023-05-09T10:05:00,SODIUM,39.2,mg/L,0.146,0,,
16018401202,2023-05-09T10:05:00,SOLIDS; SUSPENDED,6.82,mg/L,0.0823,0,,
16018401202,2023-05-09T10:05:00,STRONTIUM,250.0,µg/L,0.4873,0,,
16018401202,2023-05-09T10:05:00,TIN,9.0,µg/L,0.0141,0,,
16018401202,2023-05-09T10:05:00,TITANIUM,2.19,µg/L,0.0717,0,,
16018401202,2023-05-09T10:05:00,URANIUM,3.0,µg/L,0.0374,0,,
16018401202,2023-05-09T10:05:00,VANADIUM,0.5,µg/L,0.0296,0,,
16018401202,2023-05-09T10:05:00,ZINC,8.54,µg/L,0.0335,0,,
16018401202,2023-05-09T10:05:00,ZIRCONIUM,1.0,µg/L,0.0085,0,,
16018401202,2023-06-12T09:50:00,ALKALINITY,129.4,mg/L as CaCO3,0.346,0,,
16018401202,2023-06-12T09:50:00,ALUMINUM,186.0,µg/L,0.4677,0,,
16018401202,2023-06-12T09:50:00,BARIUM,31.7,µg/L,0.0987,0,,
16018401202,2023-06-12T09:50:00,BERYLLIUM,0.1,µg/L,0.0071,0,,
16018401202,2023-06-12T09:50:00,BISMUTH,5.0,µg/L,0.0073,0,,
16018401202,2023-06-12T09:50:00,CADMIUM,0.9,µg/L,0.0064,0,,
16018401202,2023-06-12T09:50:00,CALCIUM,50.5,mg/L,0.1339,0,,
16018401202,2023-06-12T09:50:00,CARBON; DISSOLVED INORGANIC,32.4,mg/L,0.1492,0,,
16018401202,2023-06-12T09:50:00,CARBON; DISSOLVED ORGANIC,5.93,mg/L,0.0141,0,,
16018401202,2023-06-12T09:50:00,CHLORIDE,96.7,mg/L,0.228,0,,
16018401202,2023-06-12T09:50:00,CHROMIUM,1.0,µg/L,0.0029,0,,
16018401202,2023-06-12T09:50:00,COBALT,1.0,µg/L,0.0072,0,,
16018401202,2023-06-12T09:50:00,CONDUCTIVITY,694.0,µS/cm,0.5331,0,,
16018401202,2023-06-12T09:50:00,COPPER,4.77,µg/L,0.0806,0,,
16018401202,2023-06-12T09:50:00,HARDNESS,193.0,mg/L,0.3542,0,,
16018401202,2023-06-12T09:50:00,IRON,328.0,µg/L,0.5548,0,,
16018401202,2023-06-12T09:50:00,LEAD,7.0,µg/L,0.01,0,,
16018401202,2023-06-12T09:50:00,LITHIUM,5.0,µg/L,0.0101,0,,
16018401202,2023-06-12T09:50:00,MAGNESIUM,16.3,mg/L,0.1575,0,,
16018401202,2023-06-12T09:50:00,MANGANESE,77.9,µg/L,0.3379,0,,
16018401202,2023-06-12T09:50:00,MOLYBDENUM,2.0,µg/L,0.0052,0,,
16018401202,2023-06-12T09:50:00,NICKEL,2.0,µg/L,0.0072,0,,
16018401202,2023-06-12T09:50:00,NITRATE,2.35,mg/L,0.0449,0,,
16018401202,2023-06-12T09:50:00,NITROGEN; AMMONIA+AMMONIUM,0.17,mg/L,0.0659,0,,
16018401202,2023-06-12T09:50:00,NITROGEN; NITRATE+NITRITE,2.39,mg/L,0.044,0,,
16018401202,2023-06-12T09:50:00,NITROGEN; NITRITE,0.039,mg/L,0.0118,0,,
16018401202,2023-06-12T09:50:00,NITROGEN; TOTAL,3.01,mg/L,0.0544,0,,
16018401202,2023-06-12T09:50:00,PH,8.35,,0.0285,0,,
16018401202,2023-06-12T09:50:00,PHOSPHORUS; PHOSPHATE,0.006,mg/L,0.0181,0,,
16018401202,2023-06-12T09:50:00,PHOSPHORUS; TOTAL,107.0,µg/L,0.3158,0,,
16018401202,2023-06-12T09:50:00,POTASSIUM,2.85,mg/L,0.0306,0,,
16018401202,2023-06-12T09:50:00,SILICON; REACTIVE SILICATE,1.03,mg/L,0.0059,0,,
16018401202,2023-06-12T09:50:00,SILVER,9.0,µg/L,0.0119,0,,
16018401202,2023-06-12T09:50:00,SODIUM,59.3,mg/L,0.1405,0,,
16018401202,2023-06-12T09:50:00,SOLIDS; SUSPENDED,41.6,mg/L,0.2601,0,,
16018401202,2023-06-12T09:50:00,STRONTIUM,456.0,µg/L,0.534,0,,
16018401202,2023-06-12T09:50:00,TIN,9.0,µg/L,0.0119,0,,
16018401202,2023-06-12T09:50:00,TITANIUM,5.36,µg/L,0.0505,0,,
16018401202,2023-06-12T09:50:00,URANIUM,3.0,µg/L,0.0324,0,,
16018401202,2023-06-12T09:50:00,VANADIUM,0.86,µg/L,0.0117,0,,
16018401202,2023-06-12T09:50:00,ZINC,22.7,µg/L,0.1845,0,,
16018401202,2023-06-12T09:50:00,ZIRCONIUM,1.0,µg/L,0.0048,0,,
16018401202,2023-07-10T10:05:00,ALKALINITY,173.4,mg/L as CaCO3,0.2691,0,,
16018401202,2023-07-10T10:05:00,ALUMINUM,31.2,µg/L,0.453,0,,
16018401202,2023-07-10T10:05:00,BARIUM,25.7,µg/L,0.0758,0,,
16018401202,2023-07-10T10:05:00,BERYLLIUM,0.1,µg/L,0.0032,0,,
16018401202,2023-07-10T10:05:00,BISMUTH,5.0,µg/L,0.0035,0,,
16018401202,2023-07-10T10:05:00,CADMIUM,0.9,µg/L,0.0015,0,,
16018401202,2023-07-10T10:05:00,CALCIUM,56.9,mg/L,0.0904,0,,
16018401202,2023-07-10T10:05:00,CARBON; DISSOLVED INORGANIC,39.3,mg/L,0.0874,0,,
16018401202,2023-07-10T10:05:00,CARBON; DISSOLVED ORGANIC,5.87,mg/L,0.0076,0,,
16018401202,2023-07-10T10:05:00,CHLORIDE,98.0,mg/L,0.1675,0,,
16018401202,2023-07-10T10:05:00,CHROMIUM,1.0,µg/L,0.0,0,,
16018401202,2023-07-10T10:05:00,COBALT,1.0,µg/L,0.0038,0,,
16018401202,2023-07-10T10:05:00,CONDUCTIVITY,726.0,µS/cm,0.5257,0,,
16018401202,2023-07-10T10:05:00,COPPER,2.91,µg/L,0.0272,0,,
16018401202,2023-07-10T10:05:00,HARDNESS,230.0,mg/L,0.3024,0,,
16018401202,2023-07-10T10:05:00,IRON,91.8,µg/L,0.4545,0,,
16018401202,2023-07-10T10:05:00,LEAD,7.0,µg/L,0.0061,0,,
16018401202,2023-07-10T10:05:00,LITHIUM,5.0,µg/L,0.0058,0,,
16018401202,2023-07-10T10:05:00,MAGNESIUM,21.4,mg/L,0.0597,0,,
16018401202,2023-07-10T10:05:00,MANGANESE,17.3,µg/L,0.2249,0,,
16018401202,2023-07-10T10:05:00,MOLYBDENUM,2.0,µg/L,0.0013,0,,
16018401202,2023-07-10T10:05:00,NICKEL,2.0,µg/L,0.0036,0,,
16018401202,2023-07-10T10:05:00,NITRATE,4.08,mg/L,0.025,0,,
16018401202,2023-07-10T10:05:00,NITROGEN; AMMONIA+AMMONIUM,0.02,mg/L,0.0212,0,,
16018401202,2023-07-10T10:05:00,NITROGEN; NITRATE+NITRITE,4.1,mg/L,0.0258,0,,
16018401202,2023-07-10T10:05:00,NITROGEN; NITRITE,0.019,mg/L,0.0066,0,,
16018401202,2023-07-10T10:05:00,NITROGEN; TOTAL,4.76,mg/L,0.0226,0,,
16018401202,2023-07-10T10:05:00,PH,8.59,,0.069,0,,
16018401202,2023-07-10T10:05:00,PHOSPHORUS; PHOSPHATE,0.003,mg/L,0.0146,0,,
16018401202,2023-07-10T10:05:00,PHOSPHORUS; TOTAL,26.1,µg/L,0.2749,0,,
16018401202,2023-07-10T10:05:00,POTASSIUM,3.35,mg/L,0.0094,0,,
16018401202,2023-07-10T10:05:00,SILICON; REACTIVE SILICATE,1.46,mg/L,0.0087,0,,
16018401202,2023-07-10T10:05:00,SILVER,9.0,µg/L,0.0087,0,,
16018401202,2023-07-10T10:05:00,SODIUM,56.2,mg/L,0.0978,0,,
16018401202,2023-07-10T10:05:00,SOLIDS; SUSPENDED,6.14,mg/L,0.1656,0,,
16018401202,2023-07-10T10:05:00,STRONTIUM,354.0,µg/L,0.4726,0,,
16018401202,2023-07-10T10:05:00,TIN,9.0,µg/L,0.0087,0,,
16018401202,2023-07-10T10:05:00,TITANIUM,1.21,µg/L,0.0532,0,,
16018401202,2023-07-10T10:05:00,URANIUM,3.0,µg/L,0.0284,0,,
16018401202,2023-07-10T10:05:00,VANADIUM,0.5,µg/L,0.0185,0,,
16018401202,2023-07-10T10:05:00,ZINC,8.17,µg/L,0.0868,0,,
16018401202,2023-07-10T10:05:00,ZIRCONIUM,1.0,µg/L,0.0009,0,,
16018401202,2023-08-14T09:39:00,ALKALINITY,189.0,mg/L as CaCO3,0.2294,0,,
16018401202,2023-08-14T09:39:00,ALUMINUM,40.2,µg/L,0.3147,0,,
16018401202,2023-08-14T09:39:00,BARIUM,25.8,µg/L,0.0525,0,,
16018401202,2023-08-14T09:39:00,BERYLLIUM,0.1,µg/L,0.0139,0,,
16018401202,2023-08-14T09:39:00,BISMUTH,5.0,µg/L,0.0127,0,,
16018401202,2023-08-14T09:39:00,CADMIUM,0.9,µg/L,0.0113,0,,
16018401202,2023-08-14T09:39:00,CALCIUM,61.8,mg/L,0.1136,0,,
16018401202,2023-08-14T09:39:00,CARBON; DISSOLVED INORGANIC,44.9,mg/L,0.0898,0,,
16018401202,2023-08-14T09:39:00,CARBON; DISSOLVED ORGANIC,6.16,mg/L,0.0225,0,,
16018401202,2023-08-14T09:39:00,CHLORIDE,87.2,mg/L,0.1735,0,,
16018401202,2023-08-14T09:39:00,CHROMIUM,1.0,µg/L,0.0093,0,,
16018401202,2023-08-14T09:39:00,COBALT,1.0,µg/L,0.0136,0,,
16018401202,2023-08-14T09:39:00,CONDUCTIVITY,721.0,µS/cm,0.5047,0,,
16018401202,2023-08-14T09:39:00,COPPER,3.34,µg/L,0.0281,0,,
16018401202,2023-08-14T09:39:00,HARDNESS,249.0,mg/L,0.2776,0,,
16018401202,2023-08-14T09:39:00,IRON,83.5,µg/L,0.3233,0,,
16018401202,2023-08-14T09:39:00,LEAD,7.0,µg/L,0.0154,0,,
16018401202,2023-08-14T09:39:00,LITHIUM,5.0,µg/L,0.0146,0,,
16018401202,2023-08-14T09:39:00,MAGNESIUM,23.1,mg/L,0.0626,0,,
16018401202,2023-08-14T09:39:00,MANGANESE,17.2,µg/L,0.1141,0,,
16018401202,2023-08-14T09:39:00,MOLYBDENUM,2.0,µg/L,0.0103,0,,
16018401202,2023-08-14T09:39:00,NICKEL,2.01,µg/L,0.0121,0,,
16018401202,2023-08-14T09:39:00,NITRATE,3.33,mg/L,0.0234,0,,
16018401202,2023-08-14T09:39:00,NITROGEN; AMMONIA+AMMONIUM,0.04,mg/L,0.0157,0,,
16018401202,2023-08-14T09:39:00,NITROGEN; NITRATE+NITRITE,3.35,mg/L,0.0234,0,,
16018401202,2023-08-14T09:39:00,NITROGEN; NITRITE,0.013,mg/L,0.0232,0,,
16018401202,2023-08-14T09:39:00,NITROGEN; TOTAL,4.39,mg/L,0.0269,0,,
16018401202,2023-08-14T09:39:00,PH,8.44,,0.0441,0,,
16018401202,2023-08-14T09:39:00,PHOSPHORUS; PHOSPHATE,0.006,mg/L,0.0227,0,,
16018401202,2023-08-14T09:39:00,PHOSPHORUS; TOTAL,32.4,µg/L,0.1413,0,,
16018401202,2023-08-14T09:39:00,POTASSIUM,3.6,mg/L,0.0164,0,,
16018401202,2023-08-14T09:39:00,SILICON; REACTIVE SILICATE,1.22,mg/L,0.0187,0,,
16018401202,2023-08-14T09:39:00,SILVER,9.0,µg/L,0.0173,0,,
16018401202,2023-08-14T09:39:00,SODIUM,51.4,mg/L,0.1181,0,,
16018401202,2023-08-14T09:39:00,SOLIDS; SUSPENDED,6.59,mg/L,0.0775,0,,
16018401202,2023-08-14T09:39:00,STRONTIUM,334.0,µg/L,0.4231,0,,
16018401202,2023-08-14T09:39:00,TIN,9.0,µg/L,0.0173,0,,
16018401202,2023-08-14T09:39:00,TITANIUM,1.52,µg/L,0.0288,0,,
16018401202,2023-08-14T09:39:00,URANIUM,3.0,µg/L,0.036,0,,
16018401202,2023-08-14T09:39:00,VANADIUM,0.5,µg/L,0.0258,0,,
16018401202,2023-08-14T09:39:00,ZINC,9.04,µg/L,0.0471,0,,
16018401202,2023-08-14T09:39:00,ZIRCONIUM,1.0,µg/L,0.0112,0,,
16018401202,2023-09-27T10:19:00,ALKALINITY,207.9,mg/L as CaCO3,0.3221,0,,
16018401202,2023-09-27T10:19:00,ALUMINUM,17.3,µg/L,0.4008,0,,
16018401202,2023-09-27T10:19:00,BARIUM,22.3,µg/L,0.1611,0,,
16018401202,2023-09-27T10:19:00,BERYLLIUM,0.1,µg/L,0.0621,0,,
16018401202,2023-09-27T10:19:00,BISMUTH,5.0,µg/L,0.0626,0,,
16018401202,2023-09-27T10:19:00,CADMIUM,0.9,µg/L,0.0592,0,,
16018401202,2023-09-27T10:19:00,CALCIUM,51.4,mg/L,0.1964,0,,
16018401202,2023-09-27T10:19:00,CARBON; DISSOLVED INORGANIC,39.0,mg/L,0.161,0,,
16018401202,2023-09-27T10:19:00,CARBON; DISSOLVED ORGANIC,6.02,mg/L,0.0669,0,,
16018401202,2023-09-27T10:19:00,CHLORIDE,98.0,mg/L,0.2363,0,,
16018401202,2023-09-27T10:19:00,CHROMIUM,1.0,µg/L,0.0589,0,,
16018401202,2023-09-27T10:19:00,COBALT,1.0,µg/L,0.0601,0,,
16018401202,2023-09-27T10:19:00,CONDUCTIVITY,714.0,µS/cm,0.5565,0,,
16018401202,2023-09-27T10:19:00,COPPER,2.36,µg/L,0.0686,0,,
16018401202,2023-09-27T10:19:00,HARDNESS,227.0,mg/L,0.3574,0,,
16018401202,2023-09-27T10:19:00,IRON,51.3,µg/L,0.4199,0,,
16018401202,2023-09-27T10:19:00,LEAD,7.0,µg/L,0.0626,0,,
16018401202,2023-09-27T10:19:00,LITHIUM,5.0,µg/L,0.062,0,,
16018401202,2023-09-27T10:19:00,MAGNESIUM,24.0,mg/L,0.0993,0,,
16018401202,2023-09-27T10:19:00,MANGANESE,10.3,µg/L,0.2074,0,,
16018401202,2023-09-27T10:19:00,MOLYBDENUM,2.0,µg/L,0.0601,0,,
16018401202,2023-09-27T10:19:00,NICKEL,2.0,µg/L,0.0603,0,,
16018401202,2023-09-27T10:19:00,NITRATE,3.59,mg/L,0.0657,0,,
16018401202,2023-09-27T10:19:00,NITROGEN; AMMONIA+AMMONIUM,0.05,mg/L,0.0609,0,,
16018401202,2023-09-27T10:19:00,NITROGEN; NITRATE+NITRITE,3.62,mg/L,0.0657,0,,
16018401202,2023-09-27T10:19:00,NITROGEN; NITRITE,0.023,mg/L,0.0602,0,,
16018401202,2023-09-27T10:19:00,NITROGEN; TOTAL,4.35,mg/L,0.0707,0,,
16018401202,2023-09-27T10:19:00,PH,8.29,,0.0722,0,,
16018401202,2023-09-27T10:19:00,PHOSPHORUS; PHOSPHATE,0.009,mg/L,0.0601,0,,
16018401202,2023-09-27T10:19:00,PHOSPHORUS; TOTAL,27.8,µg/L,0.2236,0,,
16018401202,2023-09-27T10:19:00,POTASSIUM,3.67,mg/L,0.0632,0,,
16018401202,2023-09-27T10:19:00,SILICON; REACTIVE SILICATE,0.394,mg/L,0.0808,0,,
16018401202,2023-09-27T10:19:00,SILVER,9.0,µg/L,0.0662,0,,
16018401202,2023-09-27T10:19:00,SODIUM,58.5,mg/L,0.1775,0,,
16018401202,2023-09-27T10:19:00,SOLIDS; SUSPENDED,3.97,mg/L,0.1477,0,,
16018401202,2023-09-27T10:19:00,STRONTIUM,366.0,µg/L,0.4747,0,,
16018401202,2023-09-27T10:19:00,TIN,9.0,µg/L,0.0662,0,,
16018401202,2023-09-27T10:19:00,TITANIUM,0.54,µg/L,0.0856,0,,
16018401202,2023-09-27T10:19:00,URANIUM,3.0,µg/L,0.0755,0,,
16018401202,2023-09-27T10:19:00,VANADIUM,0.5,µg/L,0.0677,0,,
16018401202,2023-09-27T10:19:00,ZINC,6.37,µg/L,0.1011,0,,
16018401202,2023-09-27T10:19:00,ZIRCONIUM,1.0,µg/L,0.0602,0,,
16018401202,2023-10-11T10:10:00,ALKALINITY,202.3,mg/L as CaCO3,0.2188,0,,
16018401202,2023-10-11T10:10:00,ALUMINUM,16.5,µg/L,0.3141,0,,
16018401202,2023-10-11T10:10:00,BARIUM,22.4,µg/L,0.0903,0,,
16018401202,2023-10-11T10:10:00,BERYLLIUM,0.1,µg/L,0.0116,0,,
16018401202,2023-10-11T10:10:00,BISMUTH,5.0,µg/L,0.0118,0,,
16018401202,2023-10-11T10:10:00,CADMIUM,0.9,µg/L,0.0111,0,,
16018401202,2023-10-11T10:10:00,CALCIUM,55.8,mg/L,0.0985,0,,
16018401202,2023-10-11T10:10:00,CARBON; DISSOLVED INORGANIC,43.1,mg/L,0.0804,0,,
16018401202,2023-10-11T10:10:00,CARBON; DISSOLVED ORGANIC,6.02,mg/L,0.018,0,,
16018401202,2023-10-11T10:10:00,CHLORIDE,101.0,mg/L,0.1533,0,,
16018401202,2023-10-11T10:10:00,CHROMIUM,1.0,µg/L,0.0127,0,,
16018401202,2023-10-11T10:10:00,COBALT,1.0,µg/L,0.0122,0,,
16018401202,2023-10-11T10:10:00,CONDUCTIVITY,729.0,µS/cm,0.5114,0,,
16018401202,2023-10-11T10:10:00,COPPER,1.99,µg/L,0.0174,0,,
16018401202,2023-10-11T10:10:00,HARDNESS,235.0,mg/L,0.2615,0,,
16018401202,2023-10-11T10:10:00,IRON,45.3,µg/L,0.3356,0,,
16018401202,2023-10-11T10:10:00,LEAD,7.0,µg/L,0.0145,0,,
16018401202,2023-10-11T10:10:00,LITHIUM,5.0,µg/L,0.0135,0,,
16018401202,2023-10-11T10:10:00,MAGNESIUM,23.2,mg/L,0.0591,0,,
16018401202,2023-10-11T10:10:00,MANGANESE,7.76,µg/L,0.1445,0,,
16018401202,2023-10-11T10:10:00,MOLYBDENUM,2.0,µg/L,0.0102,0,,
16018401202,2023-10-11T10:10:00,NICKEL,2.0,µg/L,0.0122,0,,
16018401202,2023-10-11T10:10:00,NITRATE,3.28,mg/L,0.0229,0,,
16018401202,2023-10-11T10:10:00,NITROGEN; AMMONIA+AMMONIUM,0.03,mg/L,0.0221,0,,
16018401202,2023-10-11T10:10:00,NITROGEN; NITRATE+NITRITE,3.29,mg/L,0.0229,0,,
16018401202,2023-10-11T10:10:00,NITROGEN; NITRITE,0.012,mg/L,0.024,0,,
16018401202,2023-10-11T10:10:00,NITROGEN; TOTAL,4.1,mg/L,0.0284,0,,
16018401202,2023-10-11T10:10:00,PH,8.41,,0.0364,0,,
16018401202,2023-10-11T10:10:00,PHOSPHORUS; PHOSPHATE,0.009,mg/L,0.013,0,,
16018401202,2023-10-11T10:10:00,PHOSPHORUS; TOTAL,25.3,µg/L,0.1527,0,,
16018401202,2023-10-11T10:10:00,POTASSIUM,3.87,mg/L,0.0197,0,,
16018401202,2023-10-11T10:10:00,SILICON; REACTIVE SILICATE,0.742,mg/L,0.0188,0,,
16018401202,2023-10-11T10:10:00,SILVER,9.0,µg/L,0.0164,0,,
16018401202,2023-10-11T10:10:00,SODIUM,57.9,mg/L,0.0954,0,,
16018401202,2023-10-11T10:10:00,SOLIDS; SUSPENDED,2.87,mg/L,0.0922,0,,
16018401202,2023-10-11T10:10:00,STRONTIUM,385.0,µg/L,0.4127,0,,
16018401202,2023-10-11T10:10:00,TIN,9.0,µg/L,0.0164,0,,
16018401202,2023-10-11T10:10:00,TITANIUM,0.54,µg/L,0.0389,0,,
16018401202,2023-10-11T10:10:00,URANIUM,3.0,µg/L,0.0314,0,,
16018401202,2023-10-11T10:10:00,VANADIUM,0.5,µg/L,0.0256,0,,
16018401202,2023-10-11T10:10:00,ZINC,7.44,µg/L,0.0489,0,,
16018401202,2023-10-11T10:10:00,ZIRCONIUM,1.0,µg/L,0.0103,0,,
16018401202,2023-11-15T10:51:00,ALKALINITY,258.4,mg/L as CaCO3,0.4108,0,,
16018401202,2023-11-15T10:51:00,ALUMINUM,40.9,µg/L,0.372,0,,
16018401202,2023-11-15T10:51:00,BARIUM,26.6,µg/L,0.1246,0,,
16018401202,2023-11-15T10:51:00,BERYLLIUM,0.1,µg/L,0.0641,0,,
16018401202,2023-11-15T10:51:00,BISMUTH,5.0,µg/L,0.0637,0,,
16018401202,2023-11-15T10:51:00,CADMIUM,1.19,µg/L,0.1343,0,,
16018401202,2023-11-15T10:51:00,CALCIUM,68.8,mg/L,0.2111,0,,
16018401202,2023-11-15T10:51:00,CARBON; DISSOLVED INORGANIC,51.8,mg/L,0.1874,0,,
16018401202,2023-11-15T10:51:00,CARBON; DISSOLVED ORGANIC,5.87,mg/L,0.0667,0,,
16018401202,2023-11-15T10:51:00,CHLORIDE,108.0,mg/L,0.2382,0,,
16018401202,2023-11-15T10:51:00,CHROMIUM,1.0,µg/L,0.0611,0,,
16018401202,2023-11-15T10:51:00,COBALT,1.0,µg/L,0.061,0,,
16018401202,2023-11-15T10:51:00,CONDUCTIVITY,857.0,µS/cm,0.5975,1,"rolling_mean_14, rolling_mean_30, rolling_mean_7","3.50, 3.44, 3.21"
16018401202,2023-11-15T10:51:00,COPPER,2.03,µg/L,0.0623,0,,
16018401202,2023-11-15T10:51:00,HARDNESS,285.0,mg/L,0.408,0,,
16018401202,2023-11-15T10:51:00,IRON,77.6,µg/L,0.4017,0,,
16018401202,2023-11-15T10:51:00,LEAD,7.0,µg/L,0.0637,0,,
16018401202,2023-11-15T10:51:00,LITHIUM,5.0,µg/L,0.0619,0,,
16018401202,2023-11-15T10:51:00,MAGNESIUM,27.4,mg/L,0.1557,0,,
16018401202,2023-11-15T10:51:00,MANGANESE,8.49,µg/L,0.1889,0,,
16018401202,2023-11-15T10:51:00,MOLYBDENUM,2.0,µg/L,0.0614,0,,
16018401202,2023-11-15T10:51:00,NICKEL,2.0,µg/L,0.0591,0,,
16018401202,2023-11-15T10:51:00,NITRATE,5.5,mg/L,0.0878,0,,
16018401202,2023-11-15T10:51:00,NITROGEN; AMMONIA+AMMONIUM,0.02,mg/L,0.0725,0,,
16018401202,2023-11-15T10:51:00,NITROGEN; NITRATE+NITRITE,5.52,mg/L,0.0856,0,,
16018401202,2023-11-15T10:51:00,NITROGEN; NITRITE,0.019,mg/L,0.0612,0,,
16018401202,2023-11-15T10:51:00,PH,8.32,,0.0735,0,,
16018401202,2023-11-15T10:51:00,PHOSPHORUS; PHOSPHATE,0.008,mg/L,0.0618,0,,
16018401202,2023-11-15T10:51:00,PHOSPHORUS; TOTAL,20.8,µg/L,0.2169,0,,
16018401202,2023-11-15T10:51:00,POTASSIUM,4.21,mg/L,0.0804,0,,
16018401202,2023-11-15T10:51:00,SILICON; REACTIVE SILICATE,1.02,mg/L,0.0641,0,,
16018401202,2023-11-15T10:51:00,SILVER,9.0,µg/L,0.0673,0,,
16018401202,2023-11-15T10:51:00,SODIUM,62.9,mg/L,0.1801,0,,
16018401202,2023-11-15T10:51:00,SOLIDS; SUSPENDED,3.08,mg/L,0.1355,0,,
16018401202,2023-11-15T10:51:00,STRONTIUM,444.0,µg/L,0.4923,0,,
16018401202,2023-11-15T10:51:00,TIN,9.0,µg/L,0.0673,0,,
16018401202,2023-11-15T10:51:00,TITANIUM,1.24,µg/L,0.0796,0,,
16018401202,2023-11-15T10:51:00,URANIUM,3.0,µg/L,0.0765,0,,
16018401202,2023-11-15T10:51:00,VANADIUM,0.5,µg/L,0.0686,0,,
16018401202,2023-11-15T10:51:00,ZINC,11.3,µg/L,0.1135,0,,
16018401202,2023-11-15T10:51:00,ZIRCONIUM,1.0,µg/L,0.0622,0,,
16018401202,2024-01-10T14:35:00,ALKALINITY,200.9,mg/L as CaCO3,0.3798,0,,
16018401202,2024-01-10T14:35:00,CHLORIDE,184.0,mg/L,0.4138,0,,
16018401202,2024-01-10T14:35:00,CONDUCTIVITY,999.0,µS/cm,0.6549,1,"rolling_mean_14, rolling_mean_30, rolling_mean_7","3.61, 3.48, 3.43"
16018401202,2024-01-10T14:35:00,NITRATE,5.56,mg/L,0.0818,0,,
16018401202,2024-01-10T14:35:00,NITROGEN; AMMONIA+AMMONIUM,0.11,mg/L,0.0867,0,,
16018401202,2024-01-10T14:35:00,NITROGEN; NITRATE+NITRITE,5.62,mg/L,0.0818,0,,
16018401202,2024-01-10T14:35:00,NITROGEN; NITRITE,0.056,mg/L,0.0898,0,,
16018401202,2024-01-10T14:35:00,NITROGEN; TOTAL,8.39,mg/L,0.1485,0,,
16018401202,2024-01-10T14:35:00,PH,8.25,,0.0734,0,,
16018401202,2024-01-10T14:35:00,PHOSPHORUS; PHOSPHATE,0.023,mg/L,0.079,0,,
16018401202,2024-01-10T14:35:00,PHOSPHORUS; TOTAL,111.0,µg/L,0.3919,0,,
16018401202,2024-01-10T14:35:00,SOLIDS; SUSPENDED,32.5,mg/L,0.2606,0,,
16018401202,2024-02-13T13:10:00,ALKALINITY,214.0,mg/L as CaCO3,0.2388,0,,
16018401202,2024-02-13T13:10:00,CHLORIDE,59.1,mg/L,0.3493,0,,
16018401202,2024-02-13T13:10:00,CONDUCTIVITY,668.0,µS/cm,0.6173,1,"rolling_mean_14, rolling_mean_30, rolling_mean_7","3.59, 3.46, 3.42"
16018401202,2024-02-13T13:10:00,NITRATE,7.55,mg/L,0.0649,0,,
16018401202,2024-02-13T13:10:00,NITROGEN; AMMONIA+AMMONIUM,0.02,mg/L,0.0214,0,,
16018401202,2024-02-13T13:10:00,NITROGEN; NITRATE+NITRITE,7.58,mg/L,0.0649,0,,
16018401202,2024-02-13T13:10:00,NITROGEN; NITRITE,0.034,mg/L,0.0127,0,,
16018401202,2024-02-13T13:10:00,NITROGEN; TOTAL,7.73,mg/L,0.0416,0,,
16018401202,2024-02-13T13:10:00,PH,8.27,,0.0175,0,,
16018401202,2024-02-13T13:10:00,PHOSPHORUS; PHOSPHATE,0.035,mg/L,0.0522,0,,
16018401202,2024-02-13T13:10:00,PHOSPHORUS; TOTAL,184.0,µg/L,0.4274,0,,
16018401202,2024-02-13T13:10:00,SOLIDS; SUSPENDED,9.35,mg/L,0.1299,0,,
16018401202,2024-03-12T15:30:00,ALKALINITY,210.3,mg/L as CaCO3,0.2165,0,,
16018401202,2024-03-12T15:30:00,CHLORIDE,88.2,mg/L,0.2206,0,,
16018401202,2024-03-12T15:30:00,CONDUCTIVITY,765.0,µS/cm,0.5338,0,,
16018401202,2024-03-12T15:30:00,NITROGEN; NITRITE,0.031,mg/L,0.0052,0,,
16018401202,2024-03-12T15:30:00,PH,8.47,,0.0394,0,,
16018401202,2024-03-12T15:30:00,PHOSPHORUS; PHOSPHATE,0.01,mg/L,0.0053,0,,
16018401202,2024-03-12T15:30:00,PHOSPHORUS; TOTAL,29.0,µg/L,0.3813,0,,
16018401202,2024-03-12T15:30:00,SOLIDS; SUSPENDED,4.74,mg/L,0.0888,0,,
16018401202,2024-04-15T10:05:00,ALKALINITY,222.4,mg/L as CaCO3,0.2477,0,,
16018401202,2024-04-15T10:05:00,ALUMINUM,263.0,µg/L,0.5758,0,,
16018401202,2024-04-15T10:05:00,BARIUM,25.2,µg/L,0.182,0,,
16018401202,2024-04-15T10:05:00,BERYLLIUM,0.1,µg/L,0.1355,0,,
16018401202,2024-04-15T10:05:00,BISMUTH,5.0,µg/L,0.1326,0,,
16018401202,2024-04-15T10:05:00,CADMIUM,0.9,µg/L,0.1356,0,,
16018401202,2024-04-15T10:05:00,CALCIUM,70.3,mg/L,0.2528,0,,
16018401202,2024-04-15T10:05:00,CARBON; DISSOLVED INORGANIC,52.0,mg/L,0.2456,0,,
16018401202,2024-04-15T10:05:00,CARBON; DISSOLVED ORGANIC,5.84,mg/L,0.1322,0,,
16018401202,2024-04-15T10:05:00,CHLORIDE,34.6,mg/L,0.2981,0,,
16018401202,2024-04-15T10:05:00,CHROMIUM,1.0,µg/L,0.1349,0,,
16018401202,2024-04-15T10:05:00,COBALT,1.0,µg/L,0.1349,0,,
16018401202,2024-04-15T10:05:00,CONDUCTIVITY,552.0,µS/cm,0.5995,1,"rolling_mean_30, rolling_mean_14, rolling_mean_7","3.43, 3.34, 3.32"
16018401202,2024-04-15T10:05:00,COPPER,2.49,µg/L,0.1389,0,,
16018401202,2024-04-15T10:05:00,HARDNESS,263.0,mg/L,0.4282,0,,
16018401202,2024-04-15T10:05:00,IRON,233.0,µg/L,0.5557,0,,
16018401202,2024-04-15T10:05:00,LEAD,7.0,µg/L,0.1323,0,,
16018401202,2024-04-15T10:05:00,LITHIUM,5.0,µg/L,0.1294,0,,
16018401202,2024-04-15T10:05:00,MAGNESIUM,21.3,mg/L,0.2002,0,,
16018401202,2024-04-15T10:05:00,MANGANESE,36.9,µg/L,0.3063,0,,
16018401202,2024-04-15T10:05:00,MOLYBDENUM,2.0,µg/L,0.1354,0,,
16018401202,2024-04-15T10:05:00,NICKEL,2.0,µg/L,0.1342,0,,
16018401202,2024-04-15T10:05:00,NITRATE,5.95,mg/L,0.0911,0,,
16018401202,2024-04-15T10:05:00,NITROGEN; AMMONIA+AMMONIUM,0.03,mg/L,0.0741,0,,
16018401202,2024-04-15T10:05:00,NITROGEN; NITRATE+NITRITE,5.97,mg/L,0.0911,0,,
16018401202,2024-04-15T10:05:00,NITROGEN; NITRITE,0.024,mg/L,0.0067,0,,
16018401202,2024-04-15T10:05:00,NITROGEN; TOTAL,7.11,mg/L,0.0868,0,,
16018401202,2024-04-15T10:05:00,PH,8.39,,0.027,0,,
16018401202,2024-04-15T10:05:00,PHOSPHORUS; PHOSPHATE,0.01,mg/L,0.0057,0,,
16018401202,2024-04-15T10:05:00,PHOSPHORUS; TOTAL,45.4,µg/L,0.2251,0,,
16018401202,2024-04-15T10:05:00,POTASSIUM,2.38,mg/L,0.2013,0,,
16018401202,2024-04-15T10:05:00,SILICON; REACTIVE SILICATE,1.68,mg/L,0.1476,0,,
16018401202,2024-04-15T10:05:00,SILVER,9.0,µg/L,0.1393,0,,
16018401202,2024-04-15T10:05:00,SODIUM,19.9,mg/L,0.3676,0,,
16018401202,2024-04-15T10:05:00,SOLIDS; SUSPENDED,32.0,mg/L,0.199,0,,
16018401202,2024-04-15T10:05:00,STRONTIUM,168.0,µg/L,0.6279,1,"zscore, time_gap_days, delta","-2.87, 2.77, -1.85"
16018401202,2024-04-15T10:05:00,TIN,9.0,µg/L,0.1393,0,,
16018401202,2024-04-15T10:05:00,TITANIUM,6.18,µg/L,0.1807,0,,
16018401202,2024-04-15T10:05:00,URANIUM,3.0,µg/L,0.1487,0,,
16018401202,2024-04-15T10:05:00,VANADIUM,0.5,µg/L,0.1435,0,,
16018401202,2024-04-15T10:05:00,ZINC,6.82,µg/L,0.1863,0,,
16018401202,2024-04-15T10:05:00,ZIRCONIUM,1.0,µg/L,0.1353,0,,
16018401202,2024-05-13T10:30:00,ALKALINITY,218.0,mg/L as CaCO3,0.2359,0,,
16018401202,2024-05-13T10:30:00,ALUMINUM,25.0,µg/L,0.453,0,,
16018401202,2024-05-13T10:30:00,BARIUM,26.5,µg/L,0.0487,0,,
16018401202,2024-05-13T10:30:00,BERYLLIUM,0.1,µg/L,0.0032,0,,
16018401202,2024-05-13T10:30:00,BISMUTH,5.0,µg/L,0.0035,0,,
16018401202,2024-05-13T10:30:00,CADMIUM,0.9,µg/L,0.0027,0,,
16018401202,2024-05-13T10:30:00,CALCIUM,67.3,mg/L,0.0968,0,,
16018401202,2024-05-13T10:30:00,CARBON; DISSOLVED INORGANIC,52.4,mg/L,0.0897,0,,
16018401202,2024-05-13T10:30:00,CARBON; DISSOLVED ORGANIC,5.64,mg/L,0.0057,0,,
16018401202,2024-05-13T10:30:00,CHLORIDE,92.0,mg/L,0.256,0,,
16018401202,2024-05-13T10:30:00,CHROMIUM,1.0,µg/L,0.0026,0,,
16018401202,2024-05-13T10:30:00,COBALT,1.0,µg/L,0.0026,0,,
16018401202,2024-05-13T10:30:00,CONDUCTIVITY,804.0,µS/cm,0.5999,1,"rolling_mean_30, rolling_mean_7, rolling_mean_14","3.42, 3.39, 3.27"
16018401202,2024-05-13T10:30:00,COPPER,2.12,µg/L,0.0037,0,,
16018401202,2024-05-13T10:30:00,HARDNESS,268.0,mg/L,0.2563,0,,
16018401202,2024-05-13T10:30:00,IRON,48.6,µg/L,0.4208,0,,
16018401202,2024-05-13T10:30:00,LEAD,7.0,µg/L,0.0061,0,,
16018401202,2024-05-13T10:30:00,LITHIUM,5.0,µg/L,0.0052,0,,
16018401202,2024-05-13T10:30:00,MAGNESIUM,24.3,mg/L,0.0575,0,,
16018401202,2024-05-13T10:30:00,MANGANESE,4.38,µg/L,0.1925,0,,
16018401202,2024-05-13T10:30:00,MOLYBDENUM,2.0,µg/L,0.0013,0,,
16018401202,2024-05-13T10:30:00,NICKEL,2.0,µg/L,0.0029,0,,
16018401202,2024-05-13T10:30:00,NITRATE,5.29,mg/L,0.0206,0,,
16018401202,2024-05-13T10:30:00,NITROGEN; AMMONIA+AMMONIUM,0.02,mg/L,0.0139,0,,
16018401202,2024-05-13T10:30:00,NITROGEN; NITRATE+NITRITE,5.33,mg/L,0.0206,0,,
16018401202,2024-05-13T10:30:00,NITROGEN; NITRITE,0.035,mg/L,0.0079,0,,
16018401202,2024-05-13T10:30:00,NITROGEN; TOTAL,5.98,mg/L,0.0212,0,,
16018401202,2024-05-13T10:30:00,PH,8.41,,0.024,0,,
16018401202,2024-05-13T10:30:00,PHOSPHORUS; PHOSPHATE,0.003,mg/L,0.0156,0,,
16018401202,2024-05-13T10:30:00,PHOSPHORUS; TOTAL,25.0,µg/L,0.2379,0,,
16018401202,2024-05-13T10:30:00,POTASSIUM,3.09,mg/L,0.0183,0,,
16018401202,2024-05-13T10:30:00,SILICON; REACTIVE SILICATE,0.232,mg/L,0.0419,0,,
16018401202,2024-05-13T10:30:00,SILVER,9.0,µg/L,0.0087,0,,
16018401202,2024-05-13T10:30:00,SODIUM,53.5,mg/L,0.1685,0,,
16018401202,2024-05-13T10:30:00,SOLIDS; SUSPENDED,2.98,mg/L,0.1584,0,,
16018401202,2024-05-13T10:30:00,STRONTIUM,338.0,µg/L,0.4958,0,,
16018401202,2024-05-13T10:30:00,TIN,9.0,µg/L,0.0087,0,,
16018401202,2024-05-13T10:30:00,TITANIUM,1.2,µg/L,0.0538,0,,
16018401202,2024-05-13T10:30:00,URANIUM,3.0,µg/L,0.0198,0,,
16018401202,2024-05-13T10:30:00,VANADIUM,0.5,µg/L,0.0102,0,,
16018401202,2024-05-13T10:30:00,ZINC,4.86,µg/L,0.0468,0,,
16018401202,2024-05-13T10:30:00,ZIRCONIUM,1.0,µg/L,0.0009,0,,
16018401202,2024-06-13T10:00:00,ALKALINITY,183.7,mg/L as CaCO3,0.2746,0,,
16018401202,2024-06-13T10:00:00,ALUMINUM,11.5,µg/L,0.3267,0,,
16018401202,2024-06-13T10:00:00,BARIUM,24.5,µg/L,0.0622,0,,
16018401202,2024-06-13T10:00:00,BERYLLIUM,0.1,µg/L,0.0053,0,,
16018401202,2024-06-13T10:00:00,BISMUTH,5.0,µg/L,0.0055,0,,
16018401202,2024-06-13T10:00:00,CADMIUM,0.9,µg/L,0.005,0,,
16018401202,2024-06-13T10:00:00,CALCIUM,59.5,mg/L,0.1081,0,,
16018401202,2024-06-13T10:00:00,CARBON; DISSOLVED INORGANIC,44.7,mg/L,0.0997,0,,
16018401202,2024-06-13T10:00:00,CARBON; DISSOLVED ORGANIC,5.89,mg/L,0.0103,0,,
16018401202,2024-06-13T10:00:00,CHLORIDE,110.0,mg/L,0.2065,0,,
16018401202,2024-06-13T10:00:00,CHROMIUM,1.0,µg/L,0.005,0,,
16018401202,2024-06-13T10:00:00,COBALT,1.0,µg/L,0.005,0,,
16018401202,2024-06-13T10:00:00,CONDUCTIVITY,795.0,µS/cm,0.4953,0,,
16018401202,2024-06-13T10:00:00,COPPER,2.73,µg/L,0.0125,0,,
16018401202,2024-06-13T10:00:00,HARDNESS,249.0,mg/L,0.2747,0,,
16018401202,2024-06-13T10:00:00,IRON,37.2,µg/L,0.306,0,,
16018401202,2024-06-13T10:00:00,LEAD,7.0,µg/L,0.0082,0,,
16018401202,2024-06-13T10:00:00,LITHIUM,5.0,µg/L,0.0076,0,,
16018401202,2024-06-13T10:00:00,MAGNESIUM,24.5,mg/L,0.0517,0,,
16018401202,2024-06-13T10:00:00,MANGANESE,2.9,µg/L,0.1158,0,,
16018401202,2024-06-13T10:00:00,MOLYBDENUM,2.0,µg/L,0.0034,0,,
16018401202,2024-06-13T10:00:00,NICKEL,2.0,µg/L,0.0047,0,,
16018401202,2024-06-13T10:00:00,NITRATE,5.44,mg/L,0.0211,0,,
16018401202,2024-06-13T10:00:00,NITROGEN; AMMONIA+AMMONIUM,0.04,mg/L,0.0062,0,,
16018401202,2024-06-13T10:00:00,NITROGEN; NITRATE+NITRITE,5.46,mg/L,0.0212,0,,
16018401202,2024-06-13T10:00:00,NITROGEN; NITRITE,0.017,mg/L,0.0133,0,,
16018401202,2024-06-13T10:00:00,NITROGEN; TOTAL,6.12,mg/L,0.0207,0,,
16018401202,2024-06-13T10:00:00,PH,8.43,,0.0263,0,,
16018401202,2024-06-13T10:00:00,PHOSPHORUS; PHOSPHATE,0.006,mg/L,0.0147,0,,
16018401202,2024-06-13T10:00:00,PHOSPHORUS; TOTAL,20.7,µg/L,0.2334,0,,
16018401202,2024-06-13T10:00:00,POTASSIUM,3.61,mg/L,0.0147,0,,
16018401202,2024-06-13T10:00:00,SILICON; REACTIVE SILICATE,0.297,mg/L,0.021,0,,
16018401202,2024-06-13T10:00:00,SILVER,9.0,µg/L,0.0105,0,,
16018401202,2024-06-13T10:00:00,SODIUM,63.4,mg/L,0.1172,0,,
16018401202,2024-06-13T10:00:00,SOLIDS; SUSPENDED,1.69,mg/L,0.0888,0,,
16018401202,2024-06-13T10:00:00,STRONTIUM,385.0,µg/L,0.4196,0,,
16018401202,2024-06-13T10:00:00,TIN,9.0,µg/L,0.0105,0,,
16018401202,2024-06-13T10:00:00,TITANIUM,0.7,µg/L,0.0292,0,,
16018401202,2024-06-13T10:00:00,URANIUM,3.0,µg/L,0.0208,0,,
16018401202,2024-06-13T10:00:00,VANADIUM,0.5,µg/L,0.012,0,,
16018401202,2024-06-13T10:00:00,ZINC,5.82,µg/L,0.0434,0,,
16018401202,2024-06-13T10:00:00,ZIRCONIUM,1.0,µg/L,0.003,0,,
16018401202,2024-07-15T16:05:00,ALKALINITY,199.2,mg/L as CaCO3,0.2358,0,,
16018401202,2024-07-15T16:05:00,ALUMINUM,194.0,µg/L,0.4741,0,,
16018401202,2024-07-15T16:05:00,BARIUM,30.6,µg/L,0.0908,0,,
16018401202,2024-07-15T16:05:00,BERYLLIUM,0.1,µg/L,0.0062,0,,
16018401202,2024-07-15T16:05:00,BISMUTH,5.0,µg/L,0.0065,0,,
16018401202,2024-07-15T16:05:00,CADMIUM,0.9,µg/L,0.0048,0,,
16018401202,2024-07-15T16:05:00,CALCIUM,64.7,mg/L,0.1039,0,,
16018401202,2024-07-15T16:05:00,CARBON; DISSOLVED INORGANIC,49.6,mg/L,0.0875,0,,
16018401202,2024-07-15T16:05:00,CARBON; DISSOLVED ORGANIC,5.3,mg/L,0.0177,0,,
16018401202,2024-07-15T16:05:00,CHLORIDE,72.4,mg/L,0.2427,0,,
16018401202,2024-07-15T16:05:00,CHROMIUM,1.0,µg/L,0.0047,0,,
16018401202,2024-07-15T16:05:00,COBALT,1.0,µg/L,0.0047,0,,
16018401202,2024-07-15T16:05:00,CONDUCTIVITY,662.0,µS/cm,0.5568,0,,
16018401202,2024-07-15T16:05:00,COPPER,3.56,µg/L,0.0272,0,,
16018401202,2024-07-15T16:05:00,HARDNESS,253.0,mg/L,0.2647,0,,
16018401202,2024-07-15T16:05:00,IRON,309.0,µg/L,0.5737,0,,
16018401202,2024-07-15T16:05:00,LEAD,7.0,µg/L,0.0092,0,,
16018401202,2024-07-15T16:05:00,LITHIUM,5.0,µg/L,0.0068,0,,
16018401202,2024-07-15T16:05:00,MAGNESIUM,22.1,mg/L,0.0584,0,,
16018401202,2024-07-15T16:05:00,MANGANESE,48.2,µg/L,0.2384,0,,
16018401202,2024-07-15T16:05:00,MOLYBDENUM,2.0,µg/L,0.0044,0,,
16018401202,2024-07-15T16:05:00,NICKEL,2.0,µg/L,0.0045,0,,
16018401202,2024-07-15T16:05:00,NITRATE,3.79,mg/L,0.0221,0,,
16018401202,2024-07-15T16:05:00,NITROGEN; AMMONIA+AMMONIUM,0.02,mg/L,0.015,0,,
16018401202,2024-07-15T16:05:00,NITROGEN; NITRATE+NITRITE,3.82,mg/L,0.0221,0,,
16018401202,2024-07-15T16:05:00,NITROGEN; NITRITE,0.023,mg/L,0.0049,0,,
16018401202,2024-07-15T16:05:00,NITROGEN; TOTAL,4.58,mg/L,0.0228,0,,
16018401202,2024-07-15T16:05:00,PH,8.37,,0.0222,0,,
16018401202,2024-07-15T16:05:00,PHOSPHORUS; PHOSPHATE,0.013,mg/L,0.0056,0,,
16018401202,2024-07-15T16:05:00,PHOSPHORUS; TOTAL,68.4,µg/L,0.2952,0,,
16018401202,2024-07-15T16:05:00,POTASSIUM,3.45,mg/L,0.0101,0,,
16018401202,2024-07-15T16:05:00,SILICON; REACTIVE SILICATE,2.07,mg/L,0.0491,0,,
16018401202,2024-07-15T16:05:00,SILVER,9.0,µg/L,0.0111,0,,
16018401202,2024-07-15T16:05:00,SODIUM,44.7,mg/L,0.1406,0,,
16018401202,2024-07-15T16:05:00,SOLIDS; SUSPENDED,27.1,mg/L,0.1847,0,,
16018401202,2024-07-15T16:05:00,STRONTIUM,322.0,µg/L,0.4244,0,,
16018401202,2024-07-15T16:05:00,TIN,9.0,µg/L,0.0111,0,,
16018401202,2024-07-15T16:05:00,TITANIUM,3.1,µg/L,0.0349,0,,
16018401202,2024-07-15T16:05:00,URANIUM,3.0,µg/L,0.0194,0,,
16018401202,2024-07-15T16:05:00,ZINC,10.3,µg/L,0.0535,0,,
16018401202,2024-07-15T16:05:00,ZIRCONIUM,1.0,µg/L,0.004,0,,
16018401202,2024-08-15T09:50:00,ALKALINITY,177.8,mg/L as CaCO3,0.2392,0,,
16018401202,2024-08-15T09:50:00,ALUMINUM,46.3,µg/L,0.4148,0,,
16018401202,2024-08-15T09:50:00,BARIUM,27.3,µg/L,0.0658,0,,
16018401202,2024-08-15T09:50:00,BERYLLIUM,0.1,µg/L,0.0053,0,,
16018401202,2024-08-15T09:50:00,BISMUTH,5.0,µg/L,0.0055,0,,
16018401202,2024-08-15T09:50:00,CADMIUM,0.9,µg/L,0.005,0,,
16018401202,2024-08-15T09:50:00,CALCIUM,58.7,mg/L,0.0992,0,,
16018401202,2024-08-15T09:50:00,CARBON; DISSOLVED INORGANIC,44.4,mg/L,0.0916,0,,
16018401202,2024-08-15T09:50:00,CARBON; DISSOLVED ORGANIC,6.49,mg/L,0.0442,0,,
16018401202,2024-08-15T09:50:00,CHLORIDE,107.0,mg/L,0.2055,0,,
16018401202,2024-08-15T09:50:00,CHROMIUM,1.0,µg/L,0.005,0,,
16018401202,2024-08-15T09:50:00,COBALT,1.0,µg/L,0.005,0,,
16018401202,2024-08-15T09:50:00,CONDUCTIVITY,658.0,µS/cm,0.4847,0,,
16018401202,2024-08-15T09:50:00,COPPER,2.79,µg/L,0.0116,0,,
16018401202,2024-08-15T09:50:00,HARDNESS,246.0,mg/L,0.2674,0,,
16018401202,2024-08-15T09:50:00,IRON,93.7,µg/L,0.4502,0,,
16018401202,2024-08-15T09:50:00,LEAD,7.0,µg/L,0.0082,0,,
16018401202,2024-08-15T09:50:00,LITHIUM,5.0,µg/L,0.007,0,,
16018401202,2024-08-15T09:50:00,MAGNESIUM,24.1,mg/L,0.0562,0,,
16018401202,2024-08-15T09:50:00,MANGANESE,18.0,µg/L,0.1743,0,,
16018401202,2024-08-15T09:50:00,MOLYBDENUM,2.0,µg/L,0.0034,0,,
16018401202,2024-08-15T09:50:00,NICKEL,2.14,µg/L,0.0062,0,,
16018401202,2024-08-15T09:50:00,NITRATE,2.8,mg/L,0.0229,0,,
16018401202,2024-08-15T09:50:00,NITROGEN; AMMONIA+AMMONIUM,0.11,mg/L,0.0372,0,,
16018401202,2024-08-15T09:50:00,NITROGEN; NITRATE+NITRITE,2.83,mg/L,0.0224,0,,
16018401202,2024-08-15T09:50:00,NITROGEN; NITRITE,0.022,mg/L,0.0051,0,,
16018401202,2024-08-15T09:50:00,NITROGEN; TOTAL,4.24,mg/L,0.0186,0,,
16018401202,2024-08-15T09:50:00,PH,8.34,,0.0184,0,,
16018401202,2024-08-15T09:50:00,PHOSPHORUS; PHOSPHATE,0.014,mg/L,0.0064,0,,
16018401202,2024-08-15T09:50:00,PHOSPHORUS; TOTAL,29.1,µg/L,0.2637,0,,
16018401202,2024-08-15T09:50:00,POTASSIUM,3.68,mg/L,0.0124,0,,
16018401202,2024-08-15T09:50:00,SILICON; REACTIVE SILICATE,1.12,mg/L,0.0139,0,,
16018401202,2024-08-15T09:50:00,SILVER,9.0,µg/L,0.0105,0,,
16018401202,2024-08-15T09:50:00,SODIUM,59.0,mg/L,0.1246,0,,
16018401202,2024-08-15T09:50:00,SOLIDS; SUSPENDED,6.73,mg/L,0.126,0,,
16018401202,2024-08-15T09:50:00,STRONTIUM,436.0,µg/L,0.4678,0,,
16018401202,2024-08-15T09:50:00,TIN,9.0,µg/L,0.0105,0,,
16018401202,2024-08-15T09:50:00,TITANIUM,1.43,µg/L,0.0333,0,,
16018401202,2024-08-15T09:50:00,URANIUM,5.35,µg/L,0.0278,0,,
16018401202,2024-08-15T09:50:00,VANADIUM,0.5,µg/L,0.0741,0,,
16018401202,2024-08-15T09:50:00,ZINC,6.12,µg/L,0.055,0,,
16018401202,2024-08-15T09:50:00,ZIRCONIUM,1.0,µg/L,0.003,0,,
16018401202,2024-09-11T09:50:00,ALKALINITY,175.3,mg/L as CaCO3,0.2179,0,,
16018401202,2024-09-11T09:50:00,ALUMINUM,28.5,µg/L,0.3104,0,,
16018401202,2024-09-11T09:50:00,BARIUM,22.6,µg/L,0.0958,0,,
16018401202,2024-09-11T09:50:00,BERYLLIUM,0.1,µg/L,0.0038,0,,
16018401202,2024-09-11T09:50:00,BISMUTH,5.0,µg/L,0.0041,0,,
16018401202,2024-09-11T09:50:00,CADMIUM,0.9,µg/L,0.0033,0,,
16018401202,2024-09-11T09:50:00,CALCIUM,50.5,mg/L,0.1176,0,,
16018401202,2024-09-11T09:50:00,CARBON; DISSOLVED INORGANIC,42.8,mg/L,0.0741,0,,
16018401202,2024-09-11T09:50:00,CHLORIDE,75.9,mg/L,0.2088,0,,
16018401202,2024-09-11T09:50:00,CHROMIUM,1.0,µg/L,0.0034,0,,
16018401202,2024-09-11T09:50:00,COBALT,1.0,µg/L,0.0033,0,,
16018401202,2024-09-11T09:50:00,CONDUCTIVITY,647.0,µS/cm,0.4871,0,,
16018401202,2024-09-11T09:50:00,COPPER,2.2,µg/L,0.0062,0,,
16018401202,2024-09-11T09:50:00,HARDNESS,228.0,mg/L,0.2794,0,,
16018401202,2024-09-11T09:50:00,IRON,58.5,µg/L,0.3484,0,,
16018401202,2024-09-11T09:50:00,LEAD,7.0,µg/L,0.0068,0,,
16018401202,2024-09-11T09:50:00,LITHIUM,5.0,µg/L,0.0043,0,,
16018401202,2024-09-11T09:50:00,MAGNESIUM,24.7,mg/L,0.0522,0,,
16018401202,2024-09-11T09:50:00,MANGANESE,9.21,µg/L,0.125,0,,
16018401202,2024-09-11T09:50:00,MOLYBDENUM,2.0,µg/L,0.002,0,,
16018401202,2024-09-11T09:50:00,NICKEL,2.0,µg/L,0.0062,0,,
16018401202,2024-09-11T09:50:00,NITROGEN; TOTAL,4.01,mg/L,0.0187,0,,
16018401202,2024-09-11T09:50:00,PH,8.55,,0.0535,0,,
16018401202,2024-09-11T09:50:00,PHOSPHORUS; TOTAL,19.7,µg/L,0.1841,0,,
16018401202,2024-09-11T09:50:00,POTASSIUM,3.71,mg/L,0.0101,0,,
16018401202,2024-09-11T09:50:00,SILICON; REACTIVE SILICATE,0.878,mg/L,0.0094,0,,
16018401202,2024-09-11T09:50:00,SILVER,9.0,µg/L,0.0094,0,,
16018401202,2024-09-11T09:50:00,SODIUM,44.4,mg/L,0.1326,0,,
16018401202,2024-09-11T09:50:00,SOLIDS; SUSPENDED,24.7,mg/L,0.1661,0,,
16018401202,2024-09-11T09:50:00,STRONTIUM,313.0,µg/L,0.4935,0,,
16018401202,2024-09-11T09:50:00,SULPHATE,24.9,mg/L,0.067,0,,
16018401202,2024-09-11T09:50:00,TIN,9.0,µg/L,0.0094,0,,
16018401202,2024-09-11T09:50:00,TITANIUM,1.01,µg/L,0.0222,0,,
16018401202,2024-09-11T09:50:00,URANIUM,3.0,µg/L,0.0379,0,,
16018401202,2024-09-11T09:50:00,VANADIUM,0.66,µg/L,0.006,0,,
16018401202,2024-09-11T09:50:00,ZINC,8.02,µg/L,0.0354,0,,
16018401202,2024-09-11T09:50:00,ZIRCONIUM,1.0,µg/L,0.0016,0,,
16018401202,2024-10-22T09:44:00,ALKALINITY,176.5,mg/L as CaCO3,0.3224,0,,
16018401202,2024-10-22T09:44:00,ALUMINUM,15.2,µg/L,0.3855,0,,
16018401202,2024-10-22T09:44:00,BARIUM,24.1,µg/L,0.1167,0,,
16018401202,2024-10-22T09:44:00,BERYLLIUM,0.1,µg/L,0.0638,0,,
16018401202,2024-10-22T09:44:00,BISMUTH,5.0,µg/L,0.0642,0,,
16018401202,2024-10-22T09:44:00,CADMIUM,0.9,µg/L,0.0598,0,,
16018401202,2024-10-22T09:44:00,CALCIUM,55.2,mg/L,0.1859,0,,
16018401202,2024-10-22T09:44:00,CARBON; DISSOLVED INORGANIC,43.3,mg/L,0.1417,0,,
16018401202,2024-10-22T09:44:00,CARBON; DISSOLVED ORGANIC,6.78,mg/L,0.1117,0,,
16018401202,2024-10-22T09:44:00,CHLORIDE,92.3,mg/L,0.2509,0,,
16018401202,2024-10-22T09:44:00,CHROMIUM,1.0,µg/L,0.0615,0,,
16018401202,2024-10-22T09:44:00,COBALT,1.0,µg/L,0.0598,0,,
16018401202,2024-10-22T09:44:00,CONDUCTIVITY,750.0,µS/cm,0.566,0,,
16018401202,2024-10-22T09:44:00,COPPER,2.1,µg/L,0.0589,0,,
16018401202,2024-10-22T09:44:00,HARDNESS,236.0,mg/L,0.3486,0,,
16018401202,2024-10-22T09:44:00,IRON,41.1,µg/L,0.412,0,,
16018401202,2024-10-22T09:44:00,LEAD,7.0,µg/L,0.0642,0,,
16018401202,2024-10-22T09:44:00,LITHIUM,5.0,µg/L,0.062,0,,
16018401202,2024-10-22T09:44:00,MAGNESIUM,23.8,mg/L,0.0998,0,,
16018401202,2024-10-22T09:44:00,MANGANESE,4.72,µg/L,0.1918,0,,
16018401202,2024-10-22T09:44:00,MOLYBDENUM,2.0,µg/L,0.0617,0,,
16018401202,2024-10-22T09:44:00,NICKEL,2.68,µg/L,0.0704,0,,
16018401202,2024-10-22T09:44:00,NITRATE,2.41,mg/L,0.0901,0,,
16018401202,2024-10-22T09:44:00,NITROGEN; AMMONIA+AMMONIUM,0.03,mg/L,0.0783,0,,
16018401202,2024-10-22T09:44:00,NITROGEN; NITRATE+NITRITE,2.42,mg/L,0.0901,0,,
16018401202,2024-10-22T09:44:00,NITROGEN; NITRITE,0.01,mg/L,0.082,0,,
16018401202,2024-10-22T09:44:00,NITROGEN; TOTAL,3.25,mg/L,0.0915,0,,
16018401202,2024-10-22T09:44:00,PH,8.27,,0.0679,0,,
16018401202,2024-10-22T09:44:00,PHOSPHORUS; PHOSPHATE,0.005,mg/L,0.0801,0,,
16018401202,2024-10-22T09:44:00,PHOSPHORUS; TOTAL,17.6,µg/L,0.2462,0,,
16018401202,2024-10-22T09:44:00,POTASSIUM,3.82,mg/L,0.0664,0,,
16018401202,2024-10-22T09:44:00,SILICON; REACTIVE SILICATE,0.496,mg/L,0.0791,0,,
16018401202,2024-10-22T09:44:00,SILVER,9.0,µg/L,0.0679,0,,
16018401202,2024-10-22T09:44:00,SODIUM,55.8,mg/L,0.1858,0,,
16018401202,2024-10-22T09:44:00,SOLIDS; SUSPENDED,2.5,mg/L,0.211,0,,
16018401202,2024-10-22T09:44:00,STRONTIUM,458.0,µg/L,0.5396,0,,
16018401202,2024-10-22T09:44:00,SULPHATE,34.4,mg/L,0.1553,0,,
16018401202,2024-10-22T09:44:00,TITANIUM,1.45,µg/L,0.071,0,,
16018401202,2024-10-22T09:44:00,URANIUM,3.0,µg/L,0.0671,0,,
16018401202,2024-10-22T09:44:00,VANADIUM,0.5,µg/L,0.0683,0,,
16018401202,2024-10-22T09:44:00,ZINC,9.77,µg/L,0.0914,0,,
16018401202,2024-10-22T09:44:00,ZIRCONIUM,1.0,µg/L,0.0618,0,,
16018401202,2024-11-13T10:25:00,ALKALINITY,189.3,mg/L as CaCO3,0.2199,0,,
16018401202,2024-11-13T10:25:00,CARBON; DISSOLVED INORGANIC,44.7,mg/L,0.0761,0,,
16018401202,2024-11-13T10:25:00,CARBON; DISSOLVED ORGANIC,5.46,mg/L,0.0294,0,,
16018401202,2024-11-13T10:25:00,CHLORIDE,126.0,mg/L,0.2359,0,,
16018401202,2024-11-13T10:25:00,CONDUCTIVITY,840.0,µS/cm,0.5254,0,,
16018401202,2024-11-13T10:25:00,NITRATE,3.31,mg/L,0.0226,0,,
16018401202,2024-11-13T10:25:00,NITROGEN; AMMONIA+AMMONIUM,0.02,mg/L,0.0164,0,,
16018401202,2024-11-13T10:25:00,NITROGEN; NITRATE+NITRITE,3.31,mg/L,0.0221,0,,
16018401202,2024-11-13T10:25:00,NITROGEN; NITRITE,0.007,mg/L,0.0208,0,,
16018401202,2024-11-13T10:25:00,NITROGEN; TOTAL,3.93,mg/L,0.0226,0,,
16018401202,2024-11-13T10:25:00,PH,8.41,,0.0256,0,,
16018401202,2024-11-13T10:25:00,PHOSPHORUS; PHOSPHATE,0.004,mg/L,0.0163,0,,
16018401202,2024-11-13T10:25:00,PHOSPHORUS; TOTAL,17.7,µg/L,0.1681,0,,
16018401202,2024-11-13T10:25:00,SILICON; REACTIVE SILICATE,0.814,mg/L,0.0101,0,,
16018401202,2024-11-13T10:25:00,SOLIDS; SUSPENDED,2.22,mg/L,0.082,0,,
16018401202,2024-12-09T13:35:00,ALKALINITY,214.8,mg/L as CaCO3,0.2445,0,,
16018401202,2024-12-09T13:35:00,CHLORIDE,307.0,mg/L,0.5527,0,,
16018401202,2024-12-09T13:35:00,CONDUCTIVITY,1539.0,µS/cm,0.8061,1,"rate_of_change, delta, zscore","5.24, 4.69, 4.55"
16018401202,2024-12-09T13:35:00,NITRATE,4.92,mg/L,0.0212,0,,
16018401202,2024-12-09T13:35:00,NITROGEN; AMMONIA+AMMONIUM,0.05,mg/L,0.0067,0,,
16018401202,2024-12-09T13:35:00,NITROGEN; NITRATE+NITRITE,4.96,mg/L,0.0229,0,,
16018401202,2024-12-09T13:35:00,NITROGEN; NITRITE,0.034,mg/L,0.0113,0,,
16018401202,2024-12-09T13:35:00,NITROGEN; TOTAL,5.46,mg/L,0.0196,0,,
16018401202,2024-12-09T13:35:00,PH,8.22,,0.014,0,,
16018401202,2024-12-09T13:35:00,PHOSPHORUS; PHOSPHATE,0.008,mg/L,0.0074,0,,
16018401202,2024-12-09T13:35:00,PHOSPHORUS; TOTAL,21.4,µg/L,0.1661,0,,
16018401202,2024-12-09T13:35:00,SOLIDS; SUSPENDED,1.91,mg/L,0.0796,0,,
16018402702,2019-04-08T13:25:00,"ALKALINITY, TOTAL",198.0,mg/L,0.2235,0,,
16018402702,2019-04-08T13:25:00,"ALUMINIUM, UNFILTERED TOTAL",183.0,µg/L,0.2173,0,,
16018402702,2019-04-08T13:25:00,"AMMONIUM, TOTAL   UNFIL.REAC",0.039,mg/L,0.0389,0,,
16018402702,2019-04-08T13:25:00,"BARIUM,  UNFILTERED TOTAL",29.0,µg/L,0.0694,0,,
16018402702,2019-04-08T13:25:00,"BERYLIUM,UNFILTERED TOTAL",0.0291,µg/L,0.0388,0,,
16018402702,2019-04-08T13:25:00,"BISMUTH, UNFILTERED TOTAL",-5.38,µg/L,0.0736,0,,
16018402702,2019-04-08T13:25:00,"CADMIUM, UNFILTERED TOTAL",1.28,µg/L,0.0358,0,,
16018402702,2019-04-08T13:25:00,"CALCIUM, UNFILTERED TOTAL",73.3,mg/L,0.1215,0,,
16018402702,2019-04-08T13:25:00,"CARBON, DISSOLVED INORGANIC",48.7,mg/L,0.0995,0,,
16018402702,2019-04-08T13:25:00,"CARBON, DISSOLVED ORGANIC",4.7,mg/L,0.0378,0,,
16018402702,2019-04-08T13:25:00,"CHLORIDE,         UNFIL.REAC",63.2,mg/L,0.1115,0,,
16018402702,2019-04-08T13:25:00,"CHROMIUM, UNFILTERED TOTAL",0.465,µg/L,0.0384,0,,
16018402702,2019-04-08T13:25:00,"COBALT,   UNFILTERED TOTAL",0.517,µg/L,0.0375,0,,
16018402702,2019-04-08T13:25:00,"CONDUCTIVITY, 25C",648.0,MICRO SIEMENS PER CENTIMETER,0.4803,0,,
16018402702,2019-04-08T13:25:00,"CONDUCTIVITY, AMBIENT",669.0,MICROMHOS/CM (CONDUCTIVITY),0.4824,0,,
16018402702,2019-04-08T13:25:00,"COPPER,   UNFILTERED TOTAL",2.6,µg/L,0.0394,0,,
16018402702,2019-04-08T13:25:00,DISSOLVED OXYGEN,11.77,mg/L,0.0502,0,,
16018402702,2019-04-08T13:25:00,"HARDNESS,   TOTAL",262.0,mg/L,0.2959,0,,
16018402702,2019-04-08T13:25:00,"IRON,     UNFILTERED TOTAL",271.0,µg/L,0.2941,0,,
16018402702,2019-04-08T13:25:00,"LEAD,     UNFILTERED TOTAL",-6.69,µg/L,0.0789,0,,
16018402702,2019-04-08T13:25:00,"LITHIUM,  UNFILTERED TOTAL",2.41,µg/L,0.0382,0,,
16018402702,2019-04-08T13:25:00,"MAGNESIUM,UNFILTERED TOTAL",19.2,mg/L,0.0619,0,,
16018402702,2019-04-08T13:25:00,"MANGANESE,UNFILTERED TOTAL",20.4,µg/L,0.0661,0,,
16018402702,2019-04-08T13:25:00,"MOLYBDENUM,UNFILTERED TOTAL",-0.436,µg/L,0.0433,0,,
16018402702,2019-04-08T13:25:00,"NICKEL,   UNFILTERED TOTAL",0.125,µg/L,0.0389,0,,
16018402702,2019-04-08T13:25:00,"NITRATES TOTAL,   UNFIL.REAC",3.94,mg/L,0.0383,0,,
16018402702,2019-04-08T13:25:00,"NITRITE,  UNFILTERED REACTIVE",0.029,mg/L,0.0388,0,,
16018402702,2019-04-08T13:25:00,NITROGEN; TOTAL,3.98,mg/L,0.0402,0,,
16018402702,2019-04-08T13:25:00,PH (-LOG H+ CONCN),8.34,NO DIMENSION/SCALE,0.0419,0,,
16018402702,2019-04-08T13:25:00,PH FIELD,8.44,NO DIMENSION/SCALE,0.0419,0,,
16018402702,2019-04-08T13:25:00,"PHOSPHATE,FILTERED REACTIVE",0.0254,mg/L,0.0388,0,,
16018402702,2019-04-08T13:25:00,"PHOSPHORUS,UNFILTERED TOTAL",68.7,µg/L,0.1192,0,,
16018402702,2019-04-08T13:25:00,"POTASSIUM,UNFILTERED TOTAL",2.74,mg/L,0.0392,0,,
16018402702,2019-04-08T13:25:00,"RESIDUE,PARTICULATE",17.9,mg/L,0.0611,0,,
16018402702,2019-04-08T13:25:00,"SILICATES,UNFILTERED REACTIVE",1.62,mg/L,0.0375,0,,
16018402702,2019-04-08T13:25:00,"SILVER,   UNFILTERED TOTAL",-0.329,µg/L,0.0433,0,,
16018402702,2019-04-08T13:25:00,"SODIUM,   UNFILTERED TOTAL",36.9,mg/L,0.0752,0,,
16018402702,2019-04-08T13:25:00,STREAM CONDITION,8.0,NO DIMENSION/SCALE,0.0417,0,,
16018402702,2019-04-08T13:25:00,"STRONTIUM, UNFILTERED TOTAL",299.0,µg/L,0.3176,0,,
16018402702,2019-04-08T13:25:00,"TEMPERATURE, WATER",9.1,DEGREES CELSIUS,0.0426,0,,
16018402702,2019-04-08T13:25:00,TIN       UNFILTERED TOTAL,-2.32,µg/L,0.0532,0,,
16018402702,2019-04-08T13:25:00,"TITANIUM,  UNFILTERED TOTAL",2.06,µg/L,0.0361,0,,
16018402702,2019-04-08T13:25:00,"URANIUM,   UNFILTERED TOTAL",-0.433,µg/L,0.0433,0,,
16018402702,2019-04-08T13:25:00,"VANADIUM,  UNFILTERED TOTAL",0.621,µg/L,0.0375,0,,
16018402702,2019-04-08T13:25:00,"ZINC,  UNFILTERED TOTAL",9.59,µg/L,0.0427,0,,
16018402702,2019-04-08T13:25:00,"ZIRCONIUM,  UNFILTERED TOTAL",0.0258,µg/L,0.0388,0,,
16018402702,2019-05-16T13:45:00,"ALKALINITY, TOTAL",213.0,mg/L,0.3161,0,,
16018402702,2019-05-16T13:45:00,"AMMONIUM, TOTAL   UNFIL.REAC",0.026,mg/L,0.0706,0,,
16018402702,2019-05-16T13:45:00,"CARBON, DISSOLVED INORGANIC",52.7,mg/L,0.1555,0,,
16018402702,2019-05-16T13:45:00,"CARBON, DISSOLVED ORGANIC",5.2,mg/L,0.0707,0,,
16018402702,2019-05-16T13:45:00,"CHLORIDE,         UNFIL.REAC",56.1,mg/L,0.1761,0,,
16018402702,2019-05-16T13:45:00,"CONDUCTIVITY, 25C",670.0,MICRO SIEMENS PER CENTIMETER,0.5271,0,,
16018402702,2019-05-16T13:45:00,"CONDUCTIVITY, AMBIENT",666.0,MICROMHOS/CM (CONDUCTIVITY),0.5328,0,,
16018402702,2019-05-16T13:45:00,DISSOLVED OXYGEN,11.72,mg/L,0.0829,0,,
16018402702,2019-05-16T13:45:00,"HARDNESS,   TOTAL",289.0,mg/L,0.3676,0,,
16018402702,2019-05-16T13:45:00,"NITRATES TOTAL,   UNFIL.REAC",3.94,mg/L,0.0629,0,,
16018402702,2019-05-16T13:45:00,"NITRITE,  UNFILTERED REACTIVE",0.02,mg/L,0.0705,0,,
16018402702,2019-05-16T13:45:00,NITROGEN; TOTAL,4.14,mg/L,0.0717,0,,
16018402702,2019-05-16T13:45:00,PH (-LOG H+ CONCN),8.45,NO DIMENSION/SCALE,0.0757,0,,
16018402702,2019-05-16T13:45:00,PH FIELD,8.49,NO DIMENSION/SCALE,0.0756,0,,
16018402702,2019-05-16T13:45:00,"PHOSPHATE,FILTERED REACTIVE",0.0047,mg/L,0.0705,0,,
16018402702,2019-05-16T13:45:00,"PHOSPHORUS,UNFILTERED TOTAL",33.2,µg/L,0.2917,0,,
16018402702,2019-05-16T13:45:00,"RESIDUE,PARTICULATE",9.5,mg/L,0.1397,0,,
16018402702,2019-05-16T13:45:00,"SILICATES,UNFILTERED REACTIVE",0.52,mg/L,0.078,0,,
16018402702,2019-05-16T13:45:00,STREAM CONDITION,8.0,NO DIMENSION/SCALE,0.0669,0,,
16018402702,2019-05-16T13:45:00,"TEMPERATURE, WATER",13.9,DEGREES CELSIUS,0.1143,0,,
16018402702,2019-06-10T13:55:00,"ALKALINITY, TOTAL",205.0,mg/L,0.2038,0,,
16018402702,2019-06-10T13:55:00,"ALUMINIUM, UNFILTERED TOTAL",36.3,µg/L,0.4977,0,,
16018402702,2019-06-10T13:55:00,"AMMONIUM, TOTAL   UNFIL.REAC",0.029,mg/L,0.0041,0,,
16018402702,2019-06-10T13:55:00,"BARIUM,  UNFILTERED TOTAL",37.4,µg/L,0.1647,0,,
16018402702,2019-06-10T13:55:00,"BERYLIUM,UNFILTERED TOTAL",-0.0363,µg/L,0.0822,0,,
16018402702,2019-06-10T13:55:00,"BISMUTH, UNFILTERED TOTAL",-4.99,µg/L,0.1135,0,,
16018402702,2019-06-10T13:55:00,"CADMIUM, UNFILTERED TOTAL",0.865,µg/L,0.0809,0,,
16018402702,2019-06-10T13:55:00,"CALCIUM, UNFILTERED TOTAL",78.7,mg/L,0.2006,0,,
16018402702,2019-06-10T13:55:00,"CARBON, DISSOLVED INORGANIC",50.0,mg/L,0.0786,0,,
16018402702,2019-06-10T13:55:00,"CARBON, DISSOLVED ORGANIC",5.3,mg/L,0.0127,0,,
16018402702,2019-06-10T13:55:00,"CHLORIDE,         UNFIL.REAC",89.9,mg/L,0.2145,0,,
16018402702,2019-06-10T13:55:00,"CHROMIUM, UNFILTERED TOTAL",0.569,µg/L,0.0775,0,,
16018402702,2019-06-10T13:55:00,"COBALT,   UNFILTERED TOTAL",0.416,µg/L,0.0819,0,,
16018402702,2019-06-10T13:55:00,"CONDUCTIVITY, 25C",791.0,MICRO SIEMENS PER CENTIMETER,0.5361,0,,
16018402702,2019-06-10T13:55:00,"CONDUCTIVITY, AMBIENT",792.0,MICROMHOS/CM (CONDUCTIVITY),0.5451,0,,
16018402702,2019-06-10T13:55:00,"COPPER,   UNFILTERED TOTAL",2.2,µg/L,0.0789,0,,
16018402702,2019-06-10T13:55:00,DISSOLVED OXYGEN,11.13,mg/L,0.0466,0,,
16018402702,2019-06-10T13:55:00,"HARDNESS,   TOTAL",297.0,mg/L,0.2773,0,,
16018402702,2019-06-10T13:55:00,"IRON,     UNFILTERED TOTAL",102.0,µg/L,0.5381,0,,
16018402702,2019-06-10T13:55:00,"LEAD,     UNFILTERED TOTAL",-3.86,µg/L,0.1394,0,,
16018402702,2019-06-10T13:55:00,"LITHIUM,  UNFILTERED TOTAL",5.46,µg/L,0.0906,0,,
16018402702,2019-06-10T13:55:00,"MAGNESIUM,UNFILTERED TOTAL",24.4,mg/L,0.1386,0,,
16018402702,2019-06-10T13:55:00,"MANGANESE,UNFILTERED TOTAL",10.6,µg/L,0.156,0,,
16018402702,2019-06-10T13:55:00,"MOLYBDENUM,UNFILTERED TOTAL",-0.207,µg/L,0.0844,0,,
16018402702,2019-06-10T13:55:00,"NICKEL,   UNFILTERED TOTAL",1.3,µg/L,0.0835,0,,
16018402702,2019-06-10T13:55:00,"NITRATES TOTAL,   UNFIL.REAC",3.27,mg/L,0.0301,0,,
16018402702,2019-06-10T13:55:00,"NITRITE,  UNFILTERED REACTIVE",0.025,mg/L,0.0054,0,,
16018402702,2019-06-10T13:55:00,NITROGEN; TOTAL,3.52,mg/L,0.0257,0,,
16018402702,2019-06-10T13:55:00,PH (-LOG H+ CONCN),8.41,NO DIMENSION/SCALE,0.013,0,,
16018402702,2019-06-10T13:55:00,PH FIELD,8.01,NO DIMENSION/SCALE,0.03,0,,
16018402702,2019-06-10T13:55:00,"PHOSPHATE,FILTERED REACTIVE",0.0042,mg/L,0.0144,0,,
16018402702,2019-06-10T13:55:00,"PHOSPHORUS,UNFILTERED TOTAL",22.7,µg/L,0.1444,0,,
16018402702,2019-06-10T13:55:00,"POTASSIUM,UNFILTERED TOTAL",3.01,mg/L,0.0777,0,,
16018402702,2019-06-10T13:55:00,"RESIDUE,PARTICULATE",5.9,mg/L,0.0692,0,,
16018402702,2019-06-10T13:55:00,"SILICATES,UNFILTERED REACTIVE",0.12,mg/L,0.0228,0,,
16018402702,2019-06-10T13:55:00,"SILVER,   UNFILTERED TOTAL",-0.337,µg/L,0.0811,0,,
16018402702,2019-06-10T13:55:00,"SODIUM,   UNFILTERED TOTAL",53.9,mg/L,0.2132,0,,
16018402702,2019-06-10T13:55:00,STREAM CONDITION,8.0,NO DIMENSION/SCALE,0.0074,0,,
16018402702,2019-06-10T13:55:00,"STRONTIUM, UNFILTERED TOTAL",488.0,µg/L,0.5841,1,"rolling_std_30, rolling_mean_30, rolling_mean_14","1.54, 1.54, 1.54"
16018402702,2019-06-10T13:55:00,"TEMPERATURE, WATER",21.5,DEGREES CELSIUS,0.0916,0,,
16018402702,2019-06-10T13:55:00,TIN       UNFILTERED TOTAL,-0.585,µg/L,0.1066,0,,
16018402702,2019-06-10T13:55:00,"TITANIUM,  UNFILTERED TOTAL",0.876,µg/L,0.0868,0,,
16018402702,2019-06-10T13:55:00,"URANIUM,   UNFILTERED TOTAL",2.63,µg/L,0.0992,0,,
16018402702,2019-06-10T13:55:00,"VANADIUM,  UNFILTERED TOTAL",0.27,µg/L,0.0841,0,,
16018402702,2019-06-10T13:55:00,"ZINC,  UNFILTERED TOTAL",4.32,µg/L,0.1209,0,,
16018402702,2019-06-10T13:55:00,"ZIRCONIUM,  UNFILTERED TOTAL",-0.105,µg/L,0.0848,0,,
16018402702,2019-07-15T14:05:00,"ALKALINITY, TOTAL",171.0,mg/L,0.3755,0,,
16018402702,2019-07-15T14:05:00,"ALUMINIUM, UNFILTERED TOTAL",54.5,µg/L,0.3613,0,,
16018402702,2019-07-15T14:05:00,"AMMONIUM, TOTAL   UNFIL.REAC",0.042,mg/L,0.0802,0,,
16018402702,2019-07-15T14:05:00,"BARIUM,  UNFILTERED TOTAL",38.9,µg/L,0.1347,0,,
16018402702,2019-07-15T14:05:00,"BERYLIUM,UNFILTERED TOTAL",-0.0565,µg/L,0.0733,0,,
16018402702,2019-07-15T14:05:00,"BISMUTH, UNFILTERED TOTAL",-6.21,µg/L,0.1462,0,,
16018402702,2019-07-15T14:05:00,"CADMIUM, UNFILTERED TOTAL",0.984,µg/L,0.0646,0,,
16018402702,2019-07-15T14:05:00,"CALCIUM, UNFILTERED TOTAL",72.0,mg/L,0.1906,0,,
16018402702,2019-07-15T14:05:00,"CARBON, DISSOLVED INORGANIC",41.2,mg/L,0.199,0,,
16018402702,2019-07-15T14:05:00,"CARBON, DISSOLVED ORGANIC",4.4,mg/L,0.0969,0,,
16018402702,2019-07-15T14:05:00,"CHLORIDE,         UNFIL.REAC",109.0,mg/L,0.2618,0,,
16018402702,2019-07-15T14:05:00,"CHROMIUM, UNFILTERED TOTAL",0.473,µg/L,0.0674,0,,
16018402702,2019-07-15T14:05:00,"COBALT,   UNFILTERED TOTAL",0.699,µg/L,0.0823,0,,
16018402702,2019-07-15T14:05:00,"CONDUCTIVITY, 25C",813.0,MICRO SIEMENS PER CENTIMETER,0.5572,0,,
16018402702,2019-07-15T14:05:00,"CONDUCTIVITY, AMBIENT",831.0,MICROMHOS/CM (CONDUCTIVITY),0.5655,0,,
16018402702,2019-07-15T14:05:00,"COPPER,   UNFILTERED TOTAL",2.28,µg/L,0.0613,0,,
16018402702,2019-07-15T14:05:00,DISSOLVED OXYGEN,12.55,mg/L,0.1109,0,,
16018402702,2019-07-15T14:05:00,"HARDNESS,   TOTAL",285.0,mg/L,0.3583,0,,
16018402702,2019-07-15T14:05:00,"IRON,     UNFILTERED TOTAL",106.0,µg/L,0.4039,0,,
16018402702,2019-07-15T14:05:00,"LEAD,     UNFILTERED TOTAL",-3.17,µg/L,0.1153,0,,
16018402702,2019-07-15T14:05:00,"LITHIUM,  UNFILTERED TOTAL",5.89,µg/L,0.0732,0,,
16018402702,2019-07-15T14:05:00,"MAGNESIUM,UNFILTERED TOTAL",25.5,mg/L,0.1112,0,,
16018402702,2019-07-15T14:05:00,"MANGANESE,UNFILTERED TOTAL",9.89,µg/L,0.1043,0,,
16018402702,2019-07-15T14:05:00,"MOLYBDENUM,UNFILTERED TOTAL",0.102,µg/L,0.0924,0,,
16018402702,2019-07-15T14:05:00,"NICKEL,   UNFILTERED TOTAL",0.448,µg/L,0.0697,0,,
16018402702,2019-07-15T14:05:00,"NITRATES TOTAL,   UNFIL.REAC",2.76,mg/L,0.0964,0,,
16018402702,2019-07-15T14:05:00,"NITRITE,  UNFILTERED REACTIVE",0.016,mg/L,0.0878,0,,
16018402702,2019-07-15T14:05:00,NITROGEN; TOTAL,2.86,mg/L,0.0984,0,,
16018402702,2019-07-15T14:05:00,PH (-LOG H+ CONCN),8.46,NO DIMENSION/SCALE,0.0797,0,,
16018402702,2019-07-15T14:05:00,"PHOSPHATE,FILTERED REACTIVE",0.0048,mg/L,0.0645,0,,
16018402702,2019-07-15T14:05:00,"PHOSPHORUS,UNFILTERED TOTAL",23.4,µg/L,0.1905,0,,
16018402702,2019-07-15T14:05:00,"POTASSIUM,UNFILTERED TOTAL",3.37,mg/L,0.0795,0,,
16018402702,2019-07-15T14:05:00,"RESIDUE,PARTICULATE",8.0,mg/L,0.0989,0,,
16018402702,2019-07-15T14:05:00,"SILICATES,UNFILTERED REACTIVE",2.38,mg/L,0.1031,0,,
16018402702,2019-07-15T14:05:00,"SILVER,   UNFILTERED TOTAL",2.83,µg/L,0.1226,0,,
16018402702,2019-07-15T14:05:00,"SODIUM,   UNFILTERED TOTAL",63.5,mg/L,0.1938,0,,
16018402702,2019-07-15T14:05:00,STREAM CONDITION,8.0,NO DIMENSION/SCALE,0.0664,0,,
16018402702,2019-07-15T14:05:00,"STRONTIUM, UNFILTERED TOTAL",587.0,µg/L,0.5725,0,,
16018402702,2019-07-15T14:05:00,"TEMPERATURE, WATER",25.8,DEGREES CELSIUS,0.1594,0,,
16018402702,2019-07-15T14:05:00,TIN       UNFILTERED TOTAL,1.92,µg/L,0.1204,0,,
16018402702,2019-07-15T14:05:00,"TITANIUM,  UNFILTERED TOTAL",1.02,µg/L,0.0643,0,,
16018402702,2019-07-15T14:05:00,"URANIUM,   UNFILTERED TOTAL",3.51,µg/L,0.0819,0,,
16018402702,2019-07-15T14:05:00,"VANADIUM,  UNFILTERED TOTAL",0.491,µg/L,0.0648,0,,
16018402702,2019-07-15T14:05:00,"ZINC,  UNFILTERED TOTAL",3.87,µg/L,0.083,0,,
16018402702,2019-07-15T14:05:00,"ZIRCONIUM,  UNFILTERED TOTAL",-0.109,µg/L,0.0695,0,,
16018402702,2019-08-14T14:15:00,"ALKALINITY, TOTAL",175.0,mg/L,0.2087,0,,
16018402702,2019-08-14T14:15:00,"ALUMINIUM, UNFILTERED TOTAL",75.7,µg/L,0.2707,0,,
16018402702,2019-08-14T14:15:00,"AMMONIUM, TOTAL   UNFIL.REAC",0.028,mg/L,0.0181,0,,
16018402702,2019-08-14T14:15:00,"BARIUM,  UNFILTERED TOTAL",40.5,µg/L,0.0791,0,,
16018402702,2019-08-14T14:15:00,"BERYLIUM,UNFILTERED TOTAL",-0.0549,µg/L,0.0188,0,,
16018402702,2019-08-14T14:15:00,"BISMUTH, UNFILTERED TOTAL",-4.41,µg/L,0.0815,0,,
16018402702,2019-08-14T14:15:00,"CADMIUM, UNFILTERED TOTAL",0.426,µg/L,0.037,0,,
16018402702,2019-08-14T14:15:00,"CALCIUM, UNFILTERED TOTAL",72.6,mg/L,0.1017,0,,
16018402702,2019-08-14T14:15:00,"CARBON, DISSOLVED INORGANIC",41.8,mg/L,0.0809,0,,
16018402702,2019-08-14T14:15:00,"CARBON, DISSOLVED ORGANIC",4.0,mg/L,0.039,0,,
16018402702,2019-08-14T14:15:00,"CHLORIDE,         UNFIL.REAC",110.0,mg/L,0.1589,0,,
16018402702,2019-08-14T14:15:00,"CHROMIUM, UNFILTERED TOTAL",0.236,µg/L,0.0437,0,,
16018402702,2019-08-14T14:15:00,"COBALT,   UNFILTERED TOTAL",0.721,µg/L,0.0196,0,,
16018402702,2019-08-14T14:15:00,"CONDUCTIVITY, 25C",853.0,MICRO SIEMENS PER CENTIMETER,0.4901,0,,
16018402702,2019-08-14T14:15:00,"CONDUCTIVITY, AMBIENT",855.0,MICROMHOS/CM (CONDUCTIVITY),0.4873,0,,
16018402702,2019-08-14T14:15:00,"COPPER,   UNFILTERED TOTAL",2.12,µg/L,0.0187,0,,
16018402702,2019-08-14T14:15:00,DISSOLVED OXYGEN,10.0,mg/L,0.0762,0,,
16018402702,2019-08-14T14:15:00,"HARDNESS,   TOTAL",287.0,mg/L,0.2784,0,,
16018402702,2019-08-14T14:15:00,"IRON,     UNFILTERED TOTAL",142.0,µg/L,0.3392,0,,
16018402702,2019-08-14T14:15:00,"LEAD,     UNFILTERED TOTAL",-1.94,µg/L,0.0715,0,,
16018402702,2019-08-14T14:15:00,"LITHIUM,  UNFILTERED TOTAL",6.15,µg/L,0.0185,0,,
16018402702,2019-08-14T14:15:00,"MAGNESIUM,UNFILTERED TOTAL",25.6,mg/L,0.0521,0,,
16018402702,2019-08-14T14:15:00,"MANGANESE,UNFILTERED TOTAL",17.5,µg/L,0.0793,0,,
16018402702,2019-08-14T14:15:00,"MOLYBDENUM,UNFILTERED TOTAL",0.109,µg/L,0.0269,0,,
16018402702,2019-08-14T14:15:00,"NICKEL,   UNFILTERED TOTAL",0.894,µg/L,0.0144,0,,
16018402702,2019-08-14T14:15:00,"NITRATES TOTAL,   UNFIL.REAC",2.82,mg/L,0.0175,0,,
16018402702,2019-08-14T14:15:00,"NITRITE,  UNFILTERED REACTIVE",0.018,mg/L,0.0158,0,,
16018402702,2019-08-14T14:15:00,NITROGEN; TOTAL,3.41,mg/L,0.0112,0,,
16018402702,2019-08-14T14:15:00,PH (-LOG H+ CONCN),8.46,NO DIMENSION/SCALE,0.0202,0,,
16018402702,2019-08-14T14:15:00,PH FIELD,8.84,NO DIMENSION/SCALE,0.1004,0,,
16018402702,2019-08-14T14:15:00,"PHOSPHATE,FILTERED REACTIVE",0.0044,mg/L,0.0099,0,,
16018402702,2019-08-14T14:15:00,"PHOSPHORUS,UNFILTERED TOTAL",25.1,µg/L,0.1002,0,,
16018402702,2019-08-14T14:15:00,"POTASSIUM,UNFILTERED TOTAL",3.7,mg/L,0.0238,0,,
16018402702,2019-08-14T14:15:00,"RESIDUE,PARTICULATE",7.2,mg/L,0.0449,0,,
16018402702,2019-08-14T14:15:00,"SILICATES,UNFILTERED REACTIVE",1.56,mg/L,0.0167,0,,
16018402702,2019-08-14T14:15:00,"SILVER,   UNFILTERED TOTAL",-0.0331,µg/L,0.0417,0,,
16018402702,2019-08-14T14:15:00,"SODIUM,   UNFILTERED TOTAL",65.1,mg/L,0.1095,0,,
16018402702,2019-08-14T14:15:00,STREAM CONDITION,8.0,NO DIMENSION/SCALE,0.0092,0,,
16018402702,2019-08-14T14:15:00,"STRONTIUM, UNFILTERED TOTAL",609.0,µg/L,0.4742,0,,
16018402702,2019-08-14T14:15:00,"TEMPERATURE, WATER",23.9,DEGREES CELSIUS,0.0777,0,,
16018402702,2019-08-14T14:15:00,TIN       UNFILTERED TOTAL,2.65,µg/L,0.0463,0,,
16018402702,2019-08-14T14:15:00,"TITANIUM,  UNFILTERED TOTAL",1.47,µg/L,0.0124,0,,
16018402702,2019-08-14T14:15:00,"URANIUM,   UNFILTERED TOTAL",0.919,µg/L,0.0401,0,,
16018402702,2019-08-14T14:15:00,"VANADIUM,  UNFILTERED TOTAL",0.434,µg/L,0.0075,0,,
16018402702,2019-08-14T14:15:00,"ZINC,  UNFILTERED TOTAL",10.0,µg/L,0.0606,0,,
16018402702,2019-08-14T14:15:00,"ZIRCONIUM,  UNFILTERED TOTAL",-0.126,µg/L,0.022,0,,
16018402702,2019-09-11T14:05:00,"ALKALINITY, TOTAL",168.0,mg/L,0.2056,0,,
16018402702,2019-09-11T14:05:00,"ALUMINIUM, UNFILTERED TOTAL",39.8,µg/L,0.2801,0,,
16018402702,2019-09-11T14:05:00,"AMMONIUM, TOTAL   UNFIL.REAC",0.026,mg/L,0.0138,0,,
16018402702,2019-09-11T14:05:00,"BARIUM,  UNFILTERED TOTAL",37.3,µg/L,0.0772,0,,
16018402702,2019-09-11T14:05:00,"BERYLIUM,UNFILTERED TOTAL",-0.0713,µg/L,0.019,0,,
16018402702,2019-09-11T14:05:00,"BISMUTH, UNFILTERED TOTAL",-5.16,µg/L,0.0532,0,,
16018402702,2019-09-11T14:05:00,"CADMIUM, UNFILTERED TOTAL",1.49,µg/L,0.0317,0,,
16018402702,2019-09-11T14:05:00,"CALCIUM, UNFILTERED TOTAL",70.7,mg/L,0.1085,0,,
16018402702,2019-09-11T14:05:00,"CARBON, DISSOLVED INORGANIC",41.1,mg/L,0.079,0,,
16018402702,2019-09-11T14:05:00,"CARBON, DISSOLVED ORGANIC",3.8,mg/L,0.0327,0,,
16018402702,2019-09-11T14:05:00,"CHLORIDE,         UNFIL.REAC",108.0,mg/L,0.1515,0,,
16018402702,2019-09-11T14:05:00,"CHROMIUM, UNFILTERED TOTAL",0.455,µg/L,0.0062,0,,
16018402702,2019-09-11T14:05:00,"COBALT,   UNFILTERED TOTAL",1.01,µg/L,0.0397,0,,
16018402702,2019-09-11T14:05:00,"CONDUCTIVITY, 25C",836.0,MICRO SIEMENS PER CENTIMETER,0.488,0,,
16018402702,2019-09-11T14:05:00,"CONDUCTIVITY, AMBIENT",834.0,MICROMHOS/CM (CONDUCTIVITY),0.489,0,,
16018402702,2019-09-11T14:05:00,"COPPER,   UNFILTERED TOTAL",1.89,µg/L,0.0299,0,,
16018402702,2019-09-11T14:05:00,DISSOLVED OXYGEN,11.16,mg/L,0.0271,0,,
16018402702,2019-09-11T14:05:00,"HARDNESS,   TOTAL",282.0,mg/L,0.2747,0,,
16018402702,2019-09-11T14:05:00,"IRON,     UNFILTERED TOTAL",86.2,µg/L,0.3321,0,,
16018402702,2019-09-11T14:05:00,"LEAD,     UNFILTERED TOTAL",-4.46,µg/L,0.0674,0,,
16018402702,2019-09-11T14:05:00,"LITHIUM,  UNFILTERED TOTAL",6.46,µg/L,0.0174,0,,
16018402702,2019-09-11T14:05:00,"MAGNESIUM,UNFILTERED TOTAL",25.7,mg/L,0.0498,0,,
16018402702,2019-09-11T14:05:00,"MANGANESE,UNFILTERED TOTAL",8.17,µg/L,0.0914,0,,
16018402702,2019-09-11T14:05:00,"MOLYBDENUM,UNFILTERED TOTAL",-0.165,µg/L,0.0172,0,,
16018402702,2019-09-11T14:05:00,"NICKEL,   UNFILTERED TOTAL",0.773,µg/L,0.0093,0,,
16018402702,2019-09-11T14:05:00,"NITRATES TOTAL,   UNFIL.REAC",3.43,mg/L,0.009,0,,
16018402702,2019-09-11T14:05:00,"NITRITE,  UNFILTERED REACTIVE",0.015,mg/L,0.0172,0,,
16018402702,2019-09-11T14:05:00,NITROGEN; TOTAL,3.98,mg/L,0.0157,0,,
16018402702,2019-09-11T14:05:00,PH (-LOG H+ CONCN),8.44,NO DIMENSION/SCALE,0.0138,0,,
16018402702,2019-09-11T14:05:00,PH FIELD,8.57,NO DIMENSION/SCALE,0.0169,0,,
16018402702,2019-09-11T14:05:00,"PHOSPHATE,FILTERED REACTIVE",0.0018,mg/L,0.0166,0,,
16018402702,2019-09-11T14:05:00,"PHOSPHORUS,UNFILTERED TOTAL",21.2,µg/L,0.1085,0,,
16018402702,2019-09-11T14:05:00,"POTASSIUM,UNFILTERED TOTAL",3.78,mg/L,0.0188,0,,
16018402702,2019-09-11T14:05:00,"RESIDUE,PARTICULATE",5.2,mg/L,0.0487,0,,
16018402702,2019-09-11T14:05:00,"SILICATES,UNFILTERED REACTIVE",0.96,mg/L,0.0056,0,,
16018402702,2019-09-11T14:05:00,"SILVER,   UNFILTERED TOTAL",-0.715,µg/L,0.0279,0,,
16018402702,2019-09-11T14:05:00,"SODIUM,   UNFILTERED TOTAL",64.6,mg/L,0.1044,0,,
16018402702,2019-09-11T14:05:00,STREAM CONDITION,8.0,NO DIMENSION/SCALE,0.0074,0,,
16018402702,2019-09-11T14:05:00,"STRONTIUM, UNFILTERED TOTAL",650.0,µg/L,0.491,0,,
16018402702,2019-09-11T14:05:00,"TEMPERATURE, WATER",21.3,DEGREES CELSIUS,0.0705,0,,
16018402702,2019-09-11T14:05:00,TIN       UNFILTERED TOTAL,3.86,µg/L,0.0493,0,,
16018402702,2019-09-11T14:05:00,"TITANIUM,  UNFILTERED TOTAL",0.947,µg/L,0.0172,0,,
16018402702,2019-09-11T14:05:00,"URANIUM,   UNFILTERED TOTAL",3.36,µg/L,0.0385,0,,
16018402702,2019-09-11T14:05:00,"VANADIUM,  UNFILTERED TOTAL",0.411,µg/L,0.0028,0,,
16018402702,2019-09-11T14:05:00,"ZINC,  UNFILTERED TOTAL",13.6,µg/L,0.0729,0,,
16018402702,2019-09-11T14:05:00,"ZIRCONIUM,  UNFILTERED TOTAL",-0.137,µg/L,0.0177,0,,
16018402702,2019-10-09T14:05:00,"ALKALINITY, TOTAL",199.0,mg/L,0.2413,0,,
16018402702,2019-10-09T14:05:00,"ALUMINIUM, UNFILTERED TOTAL",30.7,µg/L,0.2499,0,,
16018402702,2019-10-09T14:05:00,"AMMONIUM, TOTAL   UNFIL.REAC",0.034,mg/L,0.0079,0,,
16018402702,2019-10-09T14:05:00,"BARIUM,  UNFILTERED TOTAL",40.9,µg/L,0.0806,0,,
16018402702,2019-10-09T14:05:00,"BERYLIUM,UNFILTERED TOTAL",-0.0613,µg/L,0.0137,0,,
16018402702,2019-10-09T14:05:00,"BISMUTH, UNFILTERED TOTAL",-4.99,µg/L,0.046,0,,
16018402702,2019-10-09T14:05:00,"CADMIUM, UNFILTERED TOTAL",1.45,µg/L,0.0156,0,,
16018402702,2019-10-09T14:05:00,"CALCIUM, UNFILTERED TOTAL",80.0,mg/L,0.1504,0,,
16018402702,2019-10-09T14:05:00,"CARBON, DISSOLVED INORGANIC",46.4,mg/L,0.0841,0,,
16018402702,2019-10-09T14:05:00,"CARBON, DISSOLVED ORGANIC",4.3,mg/L,0.0082,0,,
16018402702,2019-10-09T14:05:00,"CHLORIDE,         UNFIL.REAC",101.0,mg/L,0.1481,0,,
16018402702,2019-10-09T14:05:00,"CHROMIUM, UNFILTERED TOTAL",0.392,µg/L,0.0091,0,,
16018402702,2019-10-09T14:05:00,"COBALT,   UNFILTERED TOTAL",0.825,µg/L,0.0177,0,,
16018402702,2019-10-09T14:05:00,"CONDUCTIVITY, 25C",843.0,MICRO SIEMENS PER CENTIMETER,0.481,0,,
16018402702,2019-10-09T14:05:00,"CONDUCTIVITY, AMBIENT",848.0,MICROMHOS/CM (CONDUCTIVITY),0.49,0,,
16018402702,2019-10-09T14:05:00,"COPPER,   UNFILTERED TOTAL",2.07,µg/L,0.0051,0,,
16018402702,2019-10-09T14:05:00,DISSOLVED OXYGEN,12.71,mg/L,0.0536,0,,
16018402702,2019-10-09T14:05:00,"HARDNESS,   TOTAL",306.0,mg/L,0.3307,0,,
16018402702,2019-10-09T14:05:00,"IRON,     UNFILTERED TOTAL",70.3,µg/L,0.3062,0,,
16018402702,2019-10-09T14:05:00,"LEAD,     UNFILTERED TOTAL",-3.33,µg/L,0.0536,0,,
16018402702,2019-10-09T14:05:00,"LITHIUM,  UNFILTERED TOTAL",5.4,µg/L,0.0122,0,,
16018402702,2019-10-09T14:05:00,"MAGNESIUM,UNFILTERED TOTAL",25.8,mg/L,0.0475,0,,
16018402702,2019-10-09T14:05:00,"MANGANESE,UNFILTERED TOTAL",7.16,µg/L,0.0577,0,,
16018402702,2019-10-09T14:05:00,"MOLYBDENUM,UNFILTERED TOTAL",0.209,µg/L,0.0332,0,,
16018402702,2019-10-09T14:05:00,"NICKEL,   UNFILTERED TOTAL",0.797,µg/L,0.0064,0,,
16018402702,2019-10-09T14:05:00,"NITRATES TOTAL,   UNFIL.REAC",3.1,mg/L,0.008,0,,
16018402702,2019-10-09T14:05:00,"NITRITE,  UNFILTERED REACTIVE",0.008,mg/L,0.039,0,,
16018402702,2019-10-09T14:05:00,NITROGEN; TOTAL,3.77,mg/L,0.0112,0,,
16018402702,2019-10-09T14:05:00,PH (-LOG H+ CONCN),8.41,NO DIMENSION/SCALE,0.009,0,,
16018402702,2019-10-09T14:05:00,PH FIELD,8.62,NO DIMENSION/SCALE,0.0147,0,,
16018402702,2019-10-09T14:05:00,"PHOSPHATE,FILTERED REACTIVE",0.007,mg/L,0.005,0,,
16018402702,2019-10-09T14:05:00,"PHOSPHORUS,UNFILTERED TOTAL",18.5,µg/L,0.1054,0,,
16018402702,2019-10-09T14:05:00,"POTASSIUM,UNFILTERED TOTAL",4.08,mg/L,0.0309,0,,
16018402702,2019-10-09T14:05:00,"RESIDUE,PARTICULATE",4.4,mg/L,0.0431,0,,
16018402702,2019-10-09T14:05:00,"SILICATES,UNFILTERED REACTIVE",1.4,mg/L,0.0098,0,,
16018402702,2019-10-09T14:05:00,"SILVER,   UNFILTERED TOTAL",1.62,µg/L,0.0471,0,,
16018402702,2019-10-09T14:05:00,"SODIUM,   UNFILTERED TOTAL",60.7,mg/L,0.1045,0,,
16018402702,2019-10-09T14:05:00,STREAM CONDITION,8.0,NO DIMENSION/SCALE,0.0074,0,,
16018402702,2019-10-09T14:05:00,"STRONTIUM, UNFILTERED TOTAL",631.0,µg/L,0.4727,0,,
16018402702,2019-10-09T14:05:00,"TEMPERATURE, WATER",14.5,DEGREES CELSIUS,0.0867,0,,
16018402702,2019-10-09T14:05:00,TIN       UNFILTERED TOTAL,2.54,µg/L,0.0371,0,,
16018402702,2019-10-09T14:05:00,"TITANIUM,  UNFILTERED TOTAL",0.68,µg/L,0.017,0,,
16018402702,2019-10-09T14:05:00,"URANIUM,   UNFILTERED TOTAL",3.92,µg/L,0.0289,0,,
16018402702,2019-10-09T14:05:00,"VANADIUM,  UNFILTERED TOTAL",0.246,µg/L,0.0348,0,,
16018402702,2019-10-09T14:05:00,"ZINC,  UNFILTERED TOTAL",10.5,µg/L,0.0482,0,,
16018402702,2019-10-09T14:05:00,"ZIRCONIUM,  UNFILTERED TOTAL",-0.0838,µg/L,0.012,0,,
16018402702,2019-11-06T14:00:00,"ALKALINITY, TOTAL",230.0,mg/L,0.2779,0,,
16018402702,2019-11-06T14:00:00,"ALUMINIUM, UNFILTERED TOTAL",123.0,µg/L,0.3363,0,,
16018402702,2019-11-06T14:00:00,"AMMONIUM, TOTAL   UNFIL.REAC",0.032,mg/L,0.0032,0,,
16018402702,2019-11-06T14:00:00,"BARIUM,  UNFILTERED TOTAL",38.6,µg/L,0.0788,0,,
16018402702,2019-11-06T14:00:00,"BERYLIUM,UNFILTERED TOTAL",-0.0579,µg/L,0.0087,0,,
16018402702,2019-11-06T14:00:00,"BISMUTH, UNFILTERED TOTAL",-5.92,µg/L,0.0668,0,,
16018402702,2019-11-06T14:00:00,"CADMIUM, UNFILTERED TOTAL",0.357,µg/L,0.0364,0,,
16018402702,2019-11-06T14:00:00,"CALCIUM, UNFILTERED TOTAL",96.5,mg/L,0.1999,0,,
16018402702,2019-11-06T14:00:00,"CARBON, DISSOLVED INORGANIC",56.0,mg/L,0.1341,0,,
16018402702,2019-11-06T14:00:00,"CARBON, DISSOLVED ORGANIC",7.0,mg/L,0.0753,0,,
16018402702,2019-11-06T14:00:00,"CHLORIDE,         UNFIL.REAC",67.6,mg/L,0.1982,0,,
16018402702,2019-11-06T14:00:00,"CHROMIUM, UNFILTERED TOTAL",0.308,µg/L,0.0208,0,,
16018402702,2019-11-06T14:00:00,"COBALT,   UNFILTERED TOTAL",0.107,µg/L,0.0595,0,,
16018402702,2019-11-06T14:00:00,"CONDUCTIVITY, 25C",762.0,MICRO SIEMENS PER CENTIMETER,0.5333,0,,
16018402702,2019-11-06T14:00:00,"CONDUCTIVITY, AMBIENT",792.0,MICROMHOS/CM (CONDUCTIVITY),0.5215,0,,
16018402702,2019-11-06T14:00:00,"COPPER,   UNFILTERED TOTAL",8.3,µg/L,0.0979,0,,
16018402702,2019-11-06T14:00:00,DISSOLVED OXYGEN,13.05,mg/L,0.05,0,,
16018402702,2019-11-06T14:00:00,"HARDNESS,   TOTAL",331.0,mg/L,0.3486,0,,
16018402702,2019-11-06T14:00:00,"IRON,     UNFILTERED TOTAL",216.0,µg/L,0.433,0,,
16018402702,2019-11-06T14:00:00,"LEAD,     UNFILTERED TOTAL",-6.04,µg/L,0.0813,0,,
16018402702,2019-11-06T14:00:00,"LITHIUM,  UNFILTERED TOTAL",4.41,µg/L,0.0147,0,,
16018402702,2019-11-06T14:00:00,"MAGNESIUM,UNFILTERED TOTAL",21.8,mg/L,0.0743,0,,
16018402702,2019-11-06T14:00:00,"MANGANESE,UNFILTERED TOTAL",17.0,µg/L,0.0877,0,,
16018402702,2019-11-06T14:00:00,"MOLYBDENUM,UNFILTERED TOTAL",-0.216,µg/L,0.0245,0,,
16018402702,2019-11-06T14:00:00,"NICKEL,   UNFILTERED TOTAL",0.584,µg/L,0.0079,0,,
16018402702,2019-11-06T14:00:00,"NITRATES TOTAL,   UNFIL.REAC",5.56,mg/L,0.0759,0,,
16018402702,2019-11-06T14:00:00,"NITRITE,  UNFILTERED REACTIVE",0.03,mg/L,0.0338,0,,
16018402702,2019-11-06T14:00:00,NITROGEN; TOTAL,6.6,mg/L,0.0887,0,,
16018402702,2019-11-06T14:00:00,PH (-LOG H+ CONCN),8.34,NO DIMENSION/SCALE,0.0382,0,,
16018402702,2019-11-06T14:00:00,PH FIELD,8.42,NO DIMENSION/SCALE,0.0116,0,,
16018402702,2019-11-06T14:00:00,"PHOSPHATE,FILTERED REACTIVE",0.0265,mg/L,0.0494,0,,
16018402702,2019-11-06T14:00:00,"PHOSPHORUS,UNFILTERED TOTAL",58.8,µg/L,0.2154,0,,
16018402702,2019-11-06T14:00:00,"POTASSIUM,UNFILTERED TOTAL",3.54,mg/L,0.0106,0,,
16018402702,2019-11-06T14:00:00,"RESIDUE,PARTICULATE",9.8,mg/L,0.0602,0,,
16018402702,2019-11-06T14:00:00,"SILICATES,UNFILTERED REACTIVE",3.54,mg/L,0.0681,0,,
16018402702,2019-11-06T14:00:00,"SILVER,   UNFILTERED TOTAL",0.336,µg/L,0.0238,0,,
16018402702,2019-11-06T14:00:00,"SODIUM,   UNFILTERED TOTAL",37.4,mg/L,0.1628,0,,
16018402702,2019-11-06T14:00:00,STREAM CONDITION,8.0,NO DIMENSION/SCALE,0.0074,0,,
16018402702,2019-11-06T14:00:00,"STRONTIUM, UNFILTERED TOTAL",426.0,µg/L,0.5516,0,,
16018402702,2019-11-06T14:00:00,"TEMPERATURE, WATER",5.8,DEGREES CELSIUS,0.1137,0,,
16018402702,2019-11-06T14:00:00,TIN       UNFILTERED TOTAL,-5.52,µg/L,0.1213,0,,
16018402702,2019-11-06T14:00:00,"TITANIUM,  UNFILTERED TOTAL",2.37,µg/L,0.0575,0,,
16018402702,2019-11-06T14:00:00,"URANIUM,   UNFILTERED TOTAL",6.69,µg/L,0.068,0,,
16018402702,2019-11-06T14:00:00,"VANADIUM,  UNFILTERED TOTAL",0.813,µg/L,0.0567,0,,
16018402702,2019-11-06T14:00:00,"ZINC,  UNFILTERED TOTAL",8.27,µg/L,0.0381,0,,
16018402702,2019-11-06T14:00:00,"ZIRCONIUM,  UNFILTERED TOTAL",0.0128,µg/L,0.0424,0,,
16018402702,2020-01-13T14:20:00,"ALKALINITY, TOTAL",126.0,mg/L,0.4512,0,,
16018402702,2020-01-13T14:20:00,"ALUMINIUM, UNFILTERED TOTAL",1570.0,µg/L,0.8804,1,"delta, rolling_std_30, rolling_std_14","9.71, 7.11, 6.96"
16018402702,2020-01-13T14:20:00,"AMMONIUM, TOTAL   UNFIL.REAC",0.117,mg/L,0.1579,0,,
16018402702,2020-01-13T14:20:00,"BARIUM,  UNFILTERED TOTAL",51.2,µg/L,0.2193,0,,
16018402702,2020-01-13T14:20:00,"BERYLIUM,UNFILTERED TOTAL",0.128,µg/L,0.1289,0,,
16018402702,2020-01-13T14:20:00,"BISMUTH, UNFILTERED TOTAL",-6.1,µg/L,0.1419,0,,
16018402702,2020-01-13T14:20:00,"CADMIUM, UNFILTERED TOTAL",0.553,µg/L,0.0834,0,,
16018402702,2020-01-13T14:20:00,"CALCIUM, UNFILTERED TOTAL",71.5,mg/L,0.2477,0,,
16018402702,2020-01-13T14:20:00,"CARBON, DISSOLVED INORGANIC",30.0,mg/L,0.2719,0,,
16018402702,2020-01-13T14:20:00,"CARBON, DISSOLVED ORGANIC",5.5,mg/L,0.0837,0,,
16018402702,2020-01-13T14:20:00,"CHLORIDE,         UNFIL.REAC",27.2,mg/L,0.3442,0,,
16018402702,2020-01-13T14:20:00,"CHROMIUM, UNFILTERED TOTAL",1.79,µg/L,0.1457,0,,
16018402702,2020-01-13T14:20:00,"COBALT,   UNFILTERED TOTAL",0.712,µg/L,0.0744,0,,
16018402702,2020-01-13T14:20:00,"CONDUCTIVITY, 25C",384.0,MICRO SIEMENS PER CENTIMETER,0.7155,1,"rolling_mean_7, rolling_mean_30, rolling_mean_14","3.32, 3.26, 3.25"
16018402702,2020-01-13T14:20:00,"CONDUCTIVITY, AMBIENT",396.0,MICROMHOS/CM (CONDUCTIVITY),0.7146,1,"rolling_mean_7, rolling_mean_30, rolling_mean_14","3.37, 3.30, 3.30"
16018402702,2020-01-13T14:20:00,"COPPER,   UNFILTERED TOTAL",8.12,µg/L,0.1175,0,,
16018402702,2020-01-13T14:20:00,DISSOLVED OXYGEN,13.17,mg/L,0.105,0,,
16018402702,2020-01-13T14:20:00,"HARDNESS,   TOTAL",240.0,mg/L,0.4844,0,,
16018402702,2020-01-13T14:20:00,"IRON,     UNFILTERED TOTAL",1750.0,µg/L,0.9018,1,"delta, rolling_std_30, rolling_std_14","10.29, 7.70, 7.54"
16018402702,2020-01-13T14:20:00,"LEAD,     UNFILTERED TOTAL",-0.375,µg/L,0.1706,0,,
16018402702,2020-01-13T14:20:00,"LITHIUM,  UNFILTERED TOTAL",12.4,µg/L,0.1739,0,,
16018402702,2020-01-13T14:20:00,"MAGNESIUM,UNFILTERED TOTAL",14.9,mg/L,0.2124,0,,
16018402702,2020-01-13T14:20:00,"MANGANESE,UNFILTERED TOTAL",193.0,µg/L,0.5276,0,,
16018402702,2020-01-13T14:20:00,"MOLYBDENUM,UNFILTERED TOTAL",-0.278,µg/L,0.0915,0,,
16018402702,2020-01-13T14:20:00,"NICKEL,   UNFILTERED TOTAL",2.48,µg/L,0.1366,0,,
16018402702,2020-01-13T14:20:00,"NITRATES TOTAL,   UNFIL.REAC",4.26,mg/L,0.0863,0,,
16018402702,2020-01-13T14:20:00,"NITRITE,  UNFILTERED REACTIVE",0.034,mg/L,0.0975,0,,
16018402702,2020-01-13T14:20:00,NITROGEN; TOTAL,5.6,mg/L,0.0963,0,,
16018402702,2020-01-13T14:20:00,PH (-LOG H+ CONCN),8.18,NO DIMENSION/SCALE,0.1649,0,,
16018402702,2020-01-13T14:20:00,PH FIELD,8.04,NO DIMENSION/SCALE,0.1134,0,,
16018402702,2020-01-13T14:20:00,"PHOSPHATE,FILTERED REACTIVE",0.13,mg/L,0.1507,0,,
16018402702,2020-01-13T14:20:00,"PHOSPHORUS,UNFILTERED TOTAL",567.0,µg/L,0.724,1,"delta, zscore, rolling_std_30","3.41, 3.00, 2.17"
16018402702,2020-01-13T14:20:00,"POTASSIUM,UNFILTERED TOTAL",4.28,mg/L,0.0971,0,,
16018402702,2020-01-13T14:20:00,"RESIDUE,PARTICULATE",334.0,mg/L,0.6253,1,"zscore, delta, is_gap","3.02, 2.18, 1.53"
16018402702,2020-01-13T14:20:00,"SILICATES,UNFILTERED REACTIVE",2.3,mg/L,0.0858,0,,
16018402702,2020-01-13T14:20:00,"SILVER,   UNFILTERED TOTAL",-0.255,µg/L,0.0912,0,,
16018402702,2020-01-13T14:20:00,"SODIUM,   UNFILTERED TOTAL",15.9,mg/L,0.2843,0,,
16018402702,2020-01-13T14:20:00,STREAM CONDITION,3.0,NO DIMENSION/SCALE,0.1916,0,,
16018402702,2020-01-13T14:20:00,"STRONTIUM, UNFILTERED TOTAL",165.0,µg/L,0.6421,1,"rolling_std_30, rolling_mean_7, rolling_std_14","2.12, 2.09, 2.08"
16018402702,2020-01-13T14:20:00,"TEMPERATURE, WATER",3.1,DEGREES CELSIUS,0.1796,0,,
16018402702,2020-01-13T14:20:00,TIN       UNFILTERED TOTAL,2.67,µg/L,0.1463,0,,
16018402702,2020-01-13T14:20:00,"TITANIUM,  UNFILTERED TOTAL",6.74,µg/L,0.1648,0,,
16018402702,2020-01-13T14:20:00,"TURBIDITY, FIELD",219.0,FORMAZIN NEPHELOMETRIC UNIT,0.2463,0,,
16018402702,2020-01-13T14:20:00,"URANIUM,   UNFILTERED TOTAL",4.81,µg/L,0.0933,0,,
16018402702,2020-01-13T14:20:00,"VANADIUM,  UNFILTERED TOTAL",3.45,µg/L,0.1608,0,,
16018402702,2020-01-13T14:20:00,"ZINC,  UNFILTERED TOTAL",32.7,µg/L,0.2686,0,,
16018402702,2020-01-13T14:20:00,"ZIRCONIUM,  UNFILTERED TOTAL",0.508,µg/L,0.1458,0,,
16018402702,2020-03-11T15:00:00,"ALKALINITY, TOTAL",146.0,mg/L,0.3547,0,,
16018402702,2020-03-11T15:00:00,"ALUMINIUM, UNFILTERED TOTAL",932.0,µg/L,0.8381,1,"rolling_std_30, rolling_std_14, rolling_std_7","7.29, 7.14, 6.82"
16018402702,2020-03-11T15:00:00,"AMMONIUM, TOTAL   UNFIL.REAC",0.157,mg/L,0.1278,0,,
16018402702,2020-03-11T15:00:00,"BARIUM,  UNFILTERED TOTAL",35.4,µg/L,0.1819,0,,
16018402702,2020-03-11T15:00:00,"BERYLIUM,UNFILTERED TOTAL",0.162,µg/L,0.1085,0,,
16018402702,2020-03-11T15:00:00,"BISMUTH, UNFILTERED TOTAL",-6.27,µg/L,0.1431,0,,
16018402702,2020-03-11T15:00:00,"CADMIUM, UNFILTERED TOTAL",1.44,µg/L,0.085,0,,
16018402702,2020-03-11T15:00:00,"CALCIUM, UNFILTERED TOTAL",67.1,mg/L,0.2129,0,,
16018402702,2020-03-11T15:00:00,"CARBON, DISSOLVED INORGANIC",35.2,mg/L,0.1884,0,,
16018402702,2020-03-11T15:00:00,"CARBON, DISSOLVED ORGANIC",4.6,mg/L,0.0709,0,,
16018402702,2020-03-11T15:00:00,"CHLORIDE,         UNFIL.REAC",30.7,mg/L,0.2782,0,,
16018402702,2020-03-11T15:00:00,"CHROMIUM, UNFILTERED TOTAL",1.87,µg/L,0.1047,0,,
16018402702,2020-03-11T15:00:00,"COBALT,   UNFILTERED TOTAL",1.34,µg/L,0.1031,0,,
16018402702,2020-03-11T15:00:00,"CONDUCTIVITY, 25C",439.0,MICRO SIEMENS PER CENTIMETER,0.6196,1,"rolling_mean_30, rolling_mean_14, rolling_mean_7","3.11, 3.10, 3.07"
16018402702,2020-03-11T15:00:00,"CONDUCTIVITY, AMBIENT",441.0,MICROMHOS/CM (CONDUCTIVITY),0.6156,1,"rolling_mean_30, rolling_mean_14, rolling_mean_7","3.15, 3.15, 3.12"
16018402702,2020-03-11T15:00:00,"COPPER,   UNFILTERED TOTAL",4.9,µg/L,0.0958,0,,
16018402702,2020-03-11T15:00:00,DISSOLVED OXYGEN,13.8,mg/L,0.1071,0,,
16018402702,2020-03-11T15:00:00,"HARDNESS,   TOTAL",231.0,mg/L,0.4206,0,,
16018402702,2020-03-11T15:00:00,"IRON,     UNFILTERED TOTAL",889.0,µg/L,0.8517,1,"rolling_std_30, rolling_std_14, rolling_std_7","7.61, 7.45, 7.14"
16018402702,2020-03-11T15:00:00,"LEAD,     UNFILTERED TOTAL",-3.26,µg/L,0.1153,0,,
16018402702,2020-03-11T15:00:00,"LITHIUM,  UNFILTERED TOTAL",5.36,µg/L,0.1032,0,,
16018402702,2020-03-11T15:00:00,"MAGNESIUM,UNFILTERED TOTAL",15.3,mg/L,0.1546,0,,
16018402702,2020-03-11T15:00:00,"MANGANESE,UNFILTERED TOTAL",113.0,µg/L,0.4462,0,,
16018402702,2020-03-11T15:00:00,"MOLYBDENUM,UNFILTERED TOTAL",-1.2,µg/L,0.1644,0,,
16018402702,2020-03-11T15:00:00,"NICKEL,   UNFILTERED TOTAL",0.764,µg/L,0.074,0,,
16018402702,2020-03-11T15:00:00,"NITRATES TOTAL,   UNFIL.REAC",4.89,mg/L,0.0882,0,,
16018402702,2020-03-11T15:00:00,"NITRITE,  UNFILTERED REACTIVE",0.032,mg/L,0.0805,0,,
16018402702,2020-03-11T15:00:00,NITROGEN; TOTAL,6.22,mg/L,0.0946,0,,
16018402702,2020-03-11T15:00:00,PH (-LOG H+ CONCN),8.15,NO DIMENSION/SCALE,0.145,0,,
16018402702,2020-03-11T15:00:00,PH FIELD,8.0,NO DIMENSION/SCALE,0.1048,0,,
16018402702,2020-03-11T15:00:00,"PHOSPHATE,FILTERED REACTIVE",0.108,mg/L,0.0993,0,,
16018402702,2020-03-11T15:00:00,"PHOSPHORUS,UNFILTERED TOTAL",334.0,µg/L,0.6516,1,"rolling_std_30, rolling_std_7, rolling_std_14","2.26, 2.25, 2.21"
16018402702,2020-03-11T15:00:00,"POTASSIUM,UNFILTERED TOTAL",3.32,mg/L,0.0704,0,,
16018402702,2020-03-11T15:00:00,"RESIDUE,PARTICULATE",157.0,mg/L,0.5728,0,,
16018402702,2020-03-11T15:00:00,"SILICATES,UNFILTERED REACTIVE",2.24,mg/L,0.0757,0,,
16018402702,2020-03-11T15:00:00,"SILVER,   UNFILTERED TOTAL",0.236,µg/L,0.0763,0,,
16018402702,2020-03-11T15:00:00,"SODIUM,   UNFILTERED TOTAL",18.5,mg/L,0.2245,0,,
16018402702,2020-03-11T15:00:00,STREAM CONDITION,3.0,NO DIMENSION/SCALE,0.1418,0,,
16018402702,2020-03-11T15:00:00,"STRONTIUM, UNFILTERED TOTAL",167.0,µg/L,0.5911,1,"rolling_std_30, rolling_std_14, rolling_std_7","2.40, 2.35, 2.24"
16018402702,2020-03-11T15:00:00,"TEMPERATURE, WATER",2.3,DEGREES CELSIUS,0.1675,0,,
16018402702,2020-03-11T15:00:00,TIN       UNFILTERED TOTAL,-2.8,µg/L,0.1396,0,,
16018402702,2020-03-11T15:00:00,"TITANIUM,  UNFILTERED TOTAL",10.5,µg/L,0.1466,0,,
16018402702,2020-03-11T15:00:00,"TURBIDITY, FIELD",102.0,FORMAZIN NEPHELOMETRIC UNIT,0.4721,0,,
16018402702,2020-03-11T15:00:00,"URANIUM,   UNFILTERED TOTAL",5.06,µg/L,0.0821,0,,
16018402702,2020-03-11T15:00:00,"VANADIUM,  UNFILTERED TOTAL",2.37,µg/L,0.099,0,,
16018402702,2020-03-11T15:00:00,"ZINC,  UNFILTERED TOTAL",29.6,µg/L,0.188,0,,
16018402702,2020-03-11T15:00:00,"ZIRCONIUM,  UNFILTERED TOTAL",0.44,µg/L,0.1073,0,,
16018402702,2020-10-08T14:30:00,"ALKALINITY, TOTAL",180.0,mg/L,0.4512,0,,
16018402702,2020-10-08T14:30:00,"ALUMINIUM, UNFILTERED TOTAL",22.3,µg/L,0.8722,1,"rolling_std_30, rolling_std_7, rolling_std_14","6.99, 6.86, 6.85"
16018402702,2020-10-08T14:30:00,"AMMONIUM, TOTAL   UNFIL.REAC",0.02,mg/L,0.2095,0,,
16018402702,2020-10-08T14:30:00,"BARIUM,  UNFILTERED TOTAL",35.9,µg/L,0.276,0,,
16018402702,2020-10-08T14:30:00,"BERYLIUM,UNFILTERED TOTAL",-0.0349,µg/L,0.197,0,,
16018402702,2020-10-08T14:30:00,"BISMUTH, UNFILTERED TOTAL",-5.4,µg/L,0.2375,0,,
16018402702,2020-10-08T14:30:00,"CADMIUM, UNFILTERED TOTAL",0.363,µg/L,0.2353,0,,
16018402702,2020-10-08T14:30:00,"CALCIUM, UNFILTERED TOTAL",62.3,mg/L,0.3352,0,,
16018402702,2020-10-08T14:30:00,"CARBON, DISSOLVED INORGANIC",42.0,mg/L,0.2838,0,,
16018402702,2020-10-08T14:30:00,"CARBON, DISSOLVED ORGANIC",4.1,mg/L,0.2092,0,,
16018402702,2020-10-08T14:30:00,"CHLORIDE,         UNFIL.REAC",94.8,mg/L,0.4165,0,,
16018402702,2020-10-08T14:30:00,"CHROMIUM, UNFILTERED TOTAL",0.222,µg/L,0.2195,0,,
16018402702,2020-10-08T14:30:00,"COBALT,   UNFILTERED TOTAL",0.115,µg/L,0.2393,0,,
16018402702,2020-10-08T14:30:00,"CONDUCTIVITY, 25C",785.0,MICRO SIEMENS PER CENTIMETER,0.7054,1,"time_gap_days, rolling_mean_30, rolling_mean_14","4.21, 3.15, 3.14"
16018402702,2020-10-08T14:30:00,"CONDUCTIVITY, AMBIENT",776.0,MICROMHOS/CM (CONDUCTIVITY),0.6988,1,"time_gap_days, rolling_mean_30, rolling_mean_14","4.21, 3.18, 3.18"
16018402702,2020-10-08T14:30:00,"COPPER,   UNFILTERED TOTAL",0.981,µg/L,0.2464,0,,
16018402702,2020-10-08T14:30:00,DISSOLVED OXYGEN,11.95,mg/L,0.2146,0,,
16018402702,2020-10-08T14:30:00,"HARDNESS,   TOTAL",255.0,mg/L,0.4996,0,,
16018402702,2020-10-08T14:30:00,"IRON,     UNFILTERED TOTAL",56.6,µg/L,0.8792,1,"rolling_std_30, rolling_std_7, rolling_std_14","7.31, 7.20, 7.16"
16018402702,2020-10-08T14:30:00,"LEAD,     UNFILTERED TOTAL",-10.3,µg/L,0.3311,0,,
16018402702,2020-10-08T14:30:00,"LITHIUM,  UNFILTERED TOTAL",5.55,µg/L,0.2133,0,,
16018402702,2020-10-08T14:30:00,"MAGNESIUM,UNFILTERED TOTAL",24.1,mg/L,0.2671,0,,
16018402702,2020-10-08T14:30:00,"MANGANESE,UNFILTERED TOTAL",4.58,µg/L,0.5084,0,,
16018402702,2020-10-08T14:30:00,"MOLYBDENUM,UNFILTERED TOTAL",0.489,µg/L,0.2391,0,,
16018402702,2020-10-08T14:30:00,"NICKEL,   UNFILTERED TOTAL",0.293,µg/L,0.2151,0,,
16018402702,2020-10-08T14:30:00,"NITRATES TOTAL,   UNFIL.REAC",2.78,mg/L,0.2234,0,,
16018402702,2020-10-08T14:30:00,"NITRITE,  UNFILTERED REACTIVE",0.008,mg/L,0.2287,0,,
16018402702,2020-10-08T14:30:00,NTOT,3.37,mg/L,0.0397,0,,
16018402702,2020-10-08T14:30:00,PH (-LOG H+ CONCN),8.52,NO DIMENSION/SCALE,0.2201,0,,
16018402702,2020-10-08T14:30:00,PH FIELD,8.37,NO DIMENSION/SCALE,0.1991,0,,
16018402702,2020-10-08T14:30:00,"PHOSPHATE,FILTERED REACTIVE",0.007,mg/L,0.1964,0,,
16018402702,2020-10-08T14:30:00,"PHOSPHORUS,UNFILTERED TOTAL",17.8,µg/L,0.6707,1,"time_gap_days, rolling_std_7, rolling_std_30","4.21, 2.26, 2.16"
16018402702,2020-10-08T14:30:00,"POTASSIUM,UNFILTERED TOTAL",3.64,mg/L,0.2014,0,,
16018402702,2020-10-08T14:30:00,"RESIDUE,PARTICULATE",3.4,mg/L,0.5842,1,"time_gap_days, is_gap, rolling_std_7","4.21, 1.53, 1.21"
16018402702,2020-10-08T14:30:00,"SILICATES,UNFILTERED REACTIVE",0.6,mg/L,0.2252,0,,
16018402702,2020-10-08T14:30:00,"SILVER,   UNFILTERED TOTAL",-0.749,µg/L,0.2278,0,,
16018402702,2020-10-08T14:30:00,"SODIUM,   UNFILTERED TOTAL",55.9,mg/L,0.3587,0,,
16018402702,2020-10-08T14:30:00,STREAM CONDITION,8.0,NO DIMENSION/SCALE,0.2267,0,,
16018402702,2020-10-08T14:30:00,"STRONTIUM, UNFILTERED TOTAL",592.0,µg/L,0.7113,1,"time_gap_days, delta, rolling_std_30","4.21, 2.85, 2.32"
16018402702,2020-10-08T14:30:00,"TEMPERATURE, WATER",13.1,DEGREES CELSIUS,0.2662,0,,
16018402702,2020-10-08T14:30:00,TIN       UNFILTERED TOTAL,-0.277,µg/L,0.2424,0,,
16018402702,2020-10-08T14:30:00,"TITANIUM,  UNFILTERED TOTAL",1.06,µg/L,0.2528,0,,
16018402702,2020-10-08T14:30:00,"TURBIDITY, FIELD",2.1,FORMAZIN NEPHELOMETRIC UNIT,0.5526,0,,
16018402702,2020-10-08T14:30:00,"URANIUM,   UNFILTERED TOTAL",4.2,µg/L,0.224,0,,
16018402702,2020-10-08T14:30:00,"VANADIUM,  UNFILTERED TOTAL",0.587,µg/L,0.2104,0,,
16018402702,2020-10-08T14:30:00,"ZINC,  UNFILTERED TOTAL",4.13,µg/L,0.3265,0,,
16018402702,2020-10-08T14:30:00,"ZIRCONIUM,  UNFILTERED TOTAL",-0.0562,µg/L,0.2032,0,,
16018402702,2020-11-24T14:10:00,"ALKALINITY, TOTAL",229.0,mg/L,0.3805,0,,
16018402702,2020-11-24T14:10:00,"ALUMINIUM, UNFILTERED TOTAL",29.2,µg/L,0.763,1,"rolling_std_7, rolling_std_30, rolling_std_14","6.91, 6.72, 6.58"
16018402702,2020-11-24T14:10:00,"AMMONIUM, TOTAL   UNFIL.REAC",0.02,mg/L,0.0657,0,,
16018402702,2020-11-24T14:10:00,"BARIUM,  UNFILTERED TOTAL",36.3,µg/L,0.125,0,,
16018402702,2020-11-24T14:10:00,"BERYLIUM,UNFILTERED TOTAL",0.0459,µg/L,0.0755,0,,
16018402702,2020-11-24T14:10:00,"BISMUTH, UNFILTERED TOTAL",-7.5,µg/L,0.2043,0,,
16018402702,2020-11-24T14:10:00,"CADMIUM, UNFILTERED TOTAL",0.165,µg/L,0.0968,0,,
16018402702,2020-11-24T14:10:00,"CALCIUM, UNFILTERED TOTAL",83.9,mg/L,0.2337,0,,
16018402702,2020-11-24T14:10:00,"CARBON, DISSOLVED INORGANIC",54.4,mg/L,0.1978,0,,
16018402702,2020-11-24T14:10:00,"CARBON, DISSOLVED ORGANIC",5.1,mg/L,0.0701,0,,
16018402702,2020-11-24T14:10:00,"CHLORIDE,         UNFIL.REAC",91.7,mg/L,0.2334,0,,
16018402702,2020-11-24T14:10:00,"CHROMIUM, UNFILTERED TOTAL",0.771,µg/L,0.0656,0,,
16018402702,2020-11-24T14:10:00,"COBALT,   UNFILTERED TOTAL",-0.135,µg/L,0.1125,0,,
16018402702,2020-11-24T14:10:00,"CONDUCTIVITY, 25C",871.0,MICRO SIEMENS PER CENTIMETER,0.6058,1,"rolling_mean_30, rolling_mean_14, rolling_mean_7","3.21, 3.21, 3.06"
16018402702,2020-11-24T14:10:00,"CONDUCTIVITY, AMBIENT",904.0,MICROMHOS/CM (CONDUCTIVITY),0.6316,1,"rolling_mean_30, rolling_mean_14, rolling_mean_7","3.26, 3.25, 3.11"
16018402702,2020-11-24T14:10:00,"COPPER,   UNFILTERED TOTAL",3.63,µg/L,0.0834,0,,
16018402702,2020-11-24T14:10:00,DISSOLVED OXYGEN,14.9,mg/L,0.1262,0,,
16018402702,2020-11-24T14:10:00,"HARDNESS,   TOTAL",313.0,mg/L,0.427,0,,
16018402702,2020-11-24T14:10:00,"IRON,     UNFILTERED TOTAL",69.6,µg/L,0.7811,1,"rolling_std_7, rolling_std_30, rolling_std_14","7.27, 7.03, 6.88"
16018402702,2020-11-24T14:10:00,"LEAD,     UNFILTERED TOTAL",-5.66,µg/L,0.1418,0,,
16018402702,2020-11-24T14:10:00,"LITHIUM,  UNFILTERED TOTAL",2.34,µg/L,0.1124,0,,
16018402702,2020-11-24T14:10:00,"MAGNESIUM,UNFILTERED TOTAL",25.2,mg/L,0.1117,0,,
16018402702,2020-11-24T14:10:00,"MANGANESE,UNFILTERED TOTAL",4.83,µg/L,0.3236,0,,
16018402702,2020-11-24T14:10:00,"MOLYBDENUM,UNFILTERED TOTAL",0.373,µg/L,0.091,0,,
16018402702,2020-11-24T14:10:00,"NICKEL,   UNFILTERED TOTAL",2.85,µg/L,0.13,0,,
16018402702,2020-11-24T14:10:00,"NITRATES TOTAL,   UNFIL.REAC",3.91,mg/L,0.0683,0,,
16018402702,2020-11-24T14:10:00,"NITRITE,  UNFILTERED REACTIVE",0.009,mg/L,0.0913,0,,
16018402702,2020-11-24T14:10:00,NTOT,4.69,mg/L,0.0761,0,,
16018402702,2020-11-24T14:10:00,PH (-LOG H+ CONCN),8.44,NO DIMENSION/SCALE,0.0743,0,,
16018402702,2020-11-24T14:10:00,PH FIELD,8.43,NO DIMENSION/SCALE,0.0696,0,,
16018402702,2020-11-24T14:10:00,"PHOSPHATE,FILTERED REACTIVE",0.0063,mg/L,0.0618,0,,
16018402702,2020-11-24T14:10:00,"PHOSPHORUS,UNFILTERED TOTAL",15.2,µg/L,0.5351,0,,
16018402702,2020-11-24T14:10:00,"POTASSIUM,UNFILTERED TOTAL",3.38,mg/L,0.061,0,,
16018402702,2020-11-24T14:10:00,"RESIDUE,PARTICULATE",4.0,mg/L,0.413,0,,
16018402702,2020-11-24T14:10:00,"SILICATES,UNFILTERED REACTIVE",1.54,mg/L,0.0686,0,,
16018402702,2020-11-24T14:10:00,"SILVER,   UNFILTERED TOTAL",0.168,µg/L,0.0735,0,,
16018402702,2020-11-24T14:10:00,"SODIUM,   UNFILTERED TOTAL",56.8,mg/L,0.1861,0,,
16018402702,2020-11-24T14:10:00,STREAM CONDITION,8.0,NO DIMENSION/SCALE,0.069,0,,
16018402702,2020-11-24T14:10:00,"STRONTIUM, UNFILTERED TOTAL",501.0,µg/L,0.5724,0,,
16018402702,2020-11-24T14:10:00,"TEMPERATURE, WATER",3.7,DEGREES CELSIUS,0.1584,0,,
16018402702,2020-11-24T14:10:00,TIN       UNFILTERED TOTAL,-12.7,µg/L,0.224,0,,
16018402702,2020-11-24T14:10:00,"TITANIUM,  UNFILTERED TOTAL",1.49,µg/L,0.0779,0,,
16018402702,2020-11-24T14:10:00,"TURBIDITY, FIELD",2.7,FORMAZIN NEPHELOMETRIC UNIT,0.398,0,,
16018402702,2020-11-24T14:10:00,"URANIUM,   UNFILTERED TOTAL",5.87,µg/L,0.0907,0,,
16018402702,2020-11-24T14:10:00,"VANADIUM,  UNFILTERED TOTAL",0.206,µg/L,0.0796,0,,
16018402702,2020-11-24T14:10:00,"ZINC,  UNFILTERED TOTAL",13.5,µg/L,0.1506,0,,
16018402702,2020-11-24T14:10:00,"ZIRCONIUM,  UNFILTERED TOTAL",-0.121,µg/L,0.0722,0,,
16018402702,2020-12-10T13:25:00,"ALKALINITY, TOTAL",245.0,mg/L,0.3036,0,,
16018402702,2020-12-10T13:25:00,"AMMONIUM, TOTAL   UNFIL.REAC",0.029,mg/L,0.0124,0,,
16018402702,2020-12-10T13:25:00,"CHLORIDE,         UNFIL.REAC",101.0,mg/L,0.1742,0,,
16018402702,2020-12-10T13:25:00,"CONDUCTIVITY, 25C",950.0,MICRO SIEMENS PER CENTIMETER,0.5934,1,"rolling_mean_30, rolling_mean_14, rolling_mean_7","3.30, 3.30, 3.14"
16018402702,2020-12-10T13:25:00,"CONDUCTIVITY, AMBIENT",992.0,MICROMHOS/CM (CONDUCTIVITY),0.6122,1,"rolling_mean_30, rolling_mean_14, rolling_mean_7","3.36, 3.35, 3.23"
16018402702,2020-12-10T13:25:00,DISSOLVED OXYGEN,14.88,mg/L,0.075,0,,
16018402702,2020-12-10T13:25:00,"NITRATES TOTAL,   UNFIL.REAC",5.47,mg/L,0.0698,0,,
16018402702,2020-12-10T13:25:00,"NITRITE,  UNFILTERED REACTIVE",0.044,mg/L,0.0657,0,,
16018402702,2020-12-10T13:25:00,NTOT,6.18,mg/L,0.0421,0,,
16018402702,2020-12-10T13:25:00,PH (-LOG H+ CONCN),8.41,NO DIMENSION/SCALE,0.0216,0,,
16018402702,2020-12-10T13:25:00,PH FIELD,8.28,NO DIMENSION/SCALE,0.0191,0,,
16018402702,2020-12-10T13:25:00,"PHOSPHATE,FILTERED REACTIVE",0.0064,mg/L,0.0131,0,,
16018402702,2020-12-10T13:25:00,"PHOSPHORUS,UNFILTERED TOTAL",17.6,µg/L,0.488,0,,
16018402702,2020-12-10T13:25:00,"RESIDUE,PARTICULATE",2.4,mg/L,0.3594,0,,
16018402702,2020-12-10T13:25:00,STREAM CONDITION,8.0,NO DIMENSION/SCALE,0.0253,0,,
16018402702,2020-12-10T13:25:00,"TEMPERATURE, WATER",3.2,DEGREES CELSIUS,0.0678,0,,
16018402702,2020-12-10T13:25:00,"TURBIDITY, FIELD",2.0,FORMAZIN NEPHELOMETRIC UNIT,0.3232,0,,
16018402702,2021-01-27T13:10:00,"ALKALINITY, TOTAL",255.0,mg/L,0.3677,0,,
16018402702,2021-01-27T13:10:00,"AMMONIUM, TOTAL   UNFIL.REAC",0.022,mg/L,0.0665,0,,
16018402702,2021-01-27T13:10:00,"CHLORIDE,         UNFIL.REAC",113.0,mg/L,0.2618,0,,
16018402702,2021-01-27T13:10:00,"CONDUCTIVITY, 25C",999.0,MICRO SIEMENS PER CENTIMETER,0.6435,1,"rolling_mean_30, rolling_mean_14, rolling_mean_7","3.39, 3.39, 3.26"
16018402702,2021-01-27T13:10:00,"CONDUCTIVITY, AMBIENT",1018.0,MICROMHOS/CM (CONDUCTIVITY),0.6559,1,"rolling_mean_30, rolling_mean_14, rolling_mean_7","3.46, 3.45, 3.35"
16018402702,2021-01-27T13:10:00,DISSOLVED OXYGEN,14.14,mg/L,0.0963,0,,
16018402702,2021-01-27T13:10:00,"NITRATES TOTAL,   UNFIL.REAC",6.28,mg/L,0.1055,0,,
16018402702,2021-01-27T13:10:00,"NITRITE,  UNFILTERED REACTIVE",0.032,mg/L,0.0734,0,,
16018402702,2021-01-27T13:10:00,NITROGEN; TOTAL,7.13,mg/L,0.3163,0,,
16018402702,2021-01-27T13:10:00,PH (-LOG H+ CONCN),8.46,NO DIMENSION/SCALE,0.0762,0,,
16018402702,2021-01-27T13:10:00,PH FIELD,8.12,NO DIMENSION/SCALE,0.0787,0,,
16018402702,2021-01-27T13:10:00,"PHOSPHATE,FILTERED REACTIVE",0.0066,mg/L,0.064,0,,
16018402702,2021-01-27T13:10:00,"PHOSPHORUS,UNFILTERED TOTAL",17.5,µg/L,0.523,0,,
16018402702,2021-01-27T13:10:00,"RESIDUE,PARTICULATE",4.9,mg/L,0.4002,0,,
16018402702,2021-01-27T13:10:00,STREAM CONDITION,8.0,NO DIMENSION/SCALE,0.0684,0,,
16018402702,2021-01-27T13:10:00,"TEMPERATURE, WATER",2.3,DEGREES CELSIUS,0.1326,0,,
16018402702,2021-01-27T13:10:00,"TURBIDITY, FIELD",1.7,FORMAZIN NEPHELOMETRIC UNIT,0.3636,0,,
16018402702,2021-03-09T13:40:00,"ALKALINITY, TOTAL",238.0,mg/L,0.3586,0,,
16018402702,2021-03-09T13:40:00,"AMMONIUM, TOTAL   UNFIL.REAC",0.026,mg/L,0.0624,0,,
16018402702,2021-03-09T13:40:00,"CHLORIDE,         UNFIL.REAC",112.0,mg/L,0.2497,0,,
16018402702,2021-03-09T13:40:00,"CONDUCTIVITY, 25C",966.0,MICRO SIEMENS PER CENTIMETER,0.6643,1,"rolling_mean_14, rolling_mean_30, rolling_mean_7","3.50, 3.46, 3.40"
16018402702,2021-03-09T13:40:00,"CONDUCTIVITY, AMBIENT",985.0,MICROMHOS/CM (CONDUCTIVITY),0.6792,1,"rolling_mean_14, rolling_mean_30, rolling_mean_7","3.56, 3.53, 3.49"
16018402702,2021-03-09T13:40:00,DISSOLVED OXYGEN,15.1,mg/L,0.1138,0,,
16018402702,2021-03-09T13:40:00,"NITRATES TOTAL,   UNFIL.REAC",5.9,mg/L,0.0917,0,,
16018402702,2021-03-09T13:40:00,"NITRITE,  UNFILTERED REACTIVE",0.039,mg/L,0.0873,0,,
16018402702,2021-03-09T13:40:00,NITROGEN; TOTAL,6.25,mg/L,0.0802,0,,
16018402702,2021-03-09T13:40:00,PH (-LOG H+ CONCN),8.45,NO DIMENSION/SCALE,0.0746,0,,
16018402702,2021-03-09T13:40:00,PH FIELD,8.32,NO DIMENSION/SCALE,0.0692,0,,
16018402702,2021-03-09T13:40:00,"PHOSPHATE,FILTERED REACTIVE",0.0066,mg/L,0.0617,0,,
16018402702,2021-03-09T13:40:00,"PHOSPHORUS,UNFILTERED TOTAL",22.4,µg/L,0.5204,0,,
16018402702,2021-03-09T13:40:00,"RESIDUE,PARTICULATE",4.4,mg/L,0.3922,0,,
16018402702,2021-03-09T13:40:00,STREAM CONDITION,8.0,NO DIMENSION/SCALE,0.0678,0,,
16018402702,2021-03-09T13:40:00,"TEMPERATURE, WATER",5.5,DEGREES CELSIUS,0.1281,0,,
16018402702,2021-03-09T13:40:00,"TURBIDITY, FIELD",2.1,FORMAZIN NEPHELOMETRIC UNIT,0.3486,0,,
16018402702,2021-04-14T14:15:00,ALKALINITY,200.2,mg/L as CaCO3,0.2283,0,,
16018402702,2021-04-14T14:15:00,ALUMINUM,472.0,µg/L,0.4087,0,,
16018402702,2021-04-14T14:15:00,BARIUM,38.3,µg/L,0.0779,0,,
16018402702,2021-04-14T14:15:00,BERYLLIUM,0.1,µg/L,0.0386,0,,
16018402702,2021-04-14T14:15:00,BISMUTH,5.0,µg/L,0.0379,0,,
16018402702,2021-04-14T14:15:00,CADMIUM,0.9,µg/L,0.0368,0,,
16018402702,2021-04-14T14:15:00,CALCIUM,77.2,mg/L,0.1285,0,,
16018402702,2021-04-14T14:15:00,CARBON; DISSOLVED INORGANIC,49.2,mg/L,0.0995,0,,
16018402702,2021-04-14T14:15:00,CARBON; DISSOLVED ORGANIC,6.78,mg/L,0.0413,0,,
16018402702,2021-04-14T14:15:00,CHLORIDE,62.4,mg/L,0.1114,0,,
16018402702,2021-04-14T14:15:00,CHROMIUM,1.0,µg/L,0.0368,0,,
16018402702,2021-04-14T14:15:00,COBALT,1.37,µg/L,0.0375,0,,
16018402702,2021-04-14T14:15:00,CONDUCTIVITY,684.0,µS/cm,0.4938,0,,
16018402702,2021-04-14T14:15:00,COPPER,4.29,µg/L,0.0387,0,,
16018402702,2021-04-14T14:15:00,HARDNESS,276.0,mg/L,0.2961,0,,
16018402702,2021-04-14T14:15:00,IRON,446.0,µg/L,0.3983,0,,
16018402702,2021-04-14T14:15:00,LEAD,7.0,µg/L,0.0416,0,,
16018402702,2021-04-14T14:15:00,LITHIUM,5.0,µg/L,0.0379,0,,
16018402702,2021-04-14T14:15:00,MAGNESIUM,20.3,mg/L,0.0661,0,,
16018402702,2021-04-14T14:15:00,MANGANESE,45.3,µg/L,0.0945,0,,
16018402702,2021-04-14T14:15:00,MOLYBDENUM,2.0,µg/L,0.0361,0,,
16018402702,2021-04-14T14:15:00,NICKEL,3.28,µg/L,0.0394,0,,
16018402702,2021-04-14T14:15:00,NITRATE,7.9,mg/L,0.0417,0,,
16018402702,2021-04-14T14:15:00,NITROGEN; AMMONIA+AMMONIUM,0.13,mg/L,0.0389,0,,
16018402702,2021-04-14T14:15:00,NITROGEN; NITRATE+NITRITE,8.0,mg/L,0.0417,0,,
16018402702,2021-04-14T14:15:00,NITROGEN; NITRITE,0.062,mg/L,0.0389,0,,
16018402702,2021-04-14T14:15:00,NITROGEN; TOTAL,8.47,mg/L,0.1163,0,,
16018402702,2021-04-14T14:15:00,PH,8.34,,0.0419,0,,
16018402702,2021-04-14T14:15:00,PHOSPHORUS; PHOSPHATE,0.052,mg/L,0.0389,0,,
16018402702,2021-04-14T14:15:00,PHOSPHORUS; TOTAL,139.0,µg/L,0.1935,0,,
16018402702,2021-04-14T14:15:00,POTASSIUM,3.48,mg/L,0.0402,0,,
16018402702,2021-04-14T14:15:00,SILICON; REACTIVE SILICATE,2.56,mg/L,0.0394,0,,
16018402702,2021-04-14T14:15:00,SILVER,9.0,µg/L,0.0426,0,,
16018402702,2021-04-14T14:15:00,SODIUM,33.6,mg/L,0.0725,0,,
16018402702,2021-04-14T14:15:00,SOLIDS; DISSOLVED,498.0,mg/L,0.4146,0,,
16018402702,2021-04-14T14:15:00,SOLIDS; SUSPENDED,50.7,mg/L,0.099,0,,
16018402702,2021-04-14T14:15:00,SOLIDS; TOTAL,549.0,mg/L,0.4418,0,,
16018402702,2021-04-14T14:15:00,STRONTIUM,312.0,µg/L,0.3284,0,,
16018402702,2021-04-14T14:15:00,TIN,9.0,µg/L,0.0426,0,,
16018402702,2021-04-14T14:15:00,TITANIUM,9.23,µg/L,0.0427,0,,
16018402702,2021-04-14T14:15:00,URANIUM,6.4,µg/L,0.0401,0,,
16018402702,2021-04-14T14:15:00,VANADIUM,1.65,µg/L,0.0375,0,,
16018402702,2021-04-14T14:15:00,ZINC,10.8,µg/L,0.0488,0,,
16018402702,2021-04-14T14:15:00,ZIRCONIUM,1.0,µg/L,0.0368,0,,
16018402702,2021-05-12T14:15:00,ALKALINITY,196.6,mg/L as CaCO3,0.2011,0,,
16018402702,2021-05-12T14:15:00,ALUMINUM,26.3,µg/L,0.7383,1,"rolling_std_30, rolling_std_14, rolling_std_7","4.09, 4.00, 3.40"
16018402702,2021-05-12T14:15:00,BARIUM,38.7,µg/L,0.0569,0,,
16018402702,2021-05-12T14:15:00,BERYLLIUM,0.1,µg/L,0.0032,0,,
16018402702,2021-05-12T14:15:00,BISMUTH,5.0,µg/L,0.0035,0,,
16018402702,2021-05-12T14:15:00,CADMIUM,0.9,µg/L,0.0009,0,,
16018402702,2021-05-12T14:15:00,CALCIUM,77.9,mg/L,0.1065,0,,
16018402702,2021-05-12T14:15:00,CARBON; DISSOLVED INORGANIC,48.1,mg/L,0.0757,0,,
16018402702,2021-05-12T14:15:00,CARBON; DISSOLVED ORGANIC,4.83,mg/L,0.0237,0,,
16018402702,2021-05-12T14:15:00,CHLORIDE,109.0,mg/L,0.2325,0,,
16018402702,2021-05-12T14:15:00,CHROMIUM,1.0,µg/L,0.0009,0,,
16018402702,2021-05-12T14:15:00,COBALT,1.0,µg/L,0.0129,0,,
16018402702,2021-05-12T14:15:00,CONDUCTIVITY,886.0,µS/cm,0.6056,1,"rolling_mean_30, rolling_mean_14, rolling_mean_7","3.52, 3.51, 3.47"
16018402702,2021-05-12T14:15:00,COPPER,3.0,µg/L,0.0235,0,,
16018402702,2021-05-12T14:15:00,HARDNESS,300.0,mg/L,0.2982,0,,
16018402702,2021-05-12T14:15:00,IRON,31.8,µg/L,0.7309,1,"rolling_std_30, rolling_std_14, rolling_std_7","3.78, 3.70, 3.14"
16018402702,2021-05-12T14:15:00,LEAD,7.0,µg/L,0.0061,0,,
16018402702,2021-05-12T14:15:00,LITHIUM,5.0,µg/L,0.0035,0,,
16018402702,2021-05-12T14:15:00,MAGNESIUM,25.6,mg/L,0.0741,0,,
16018402702,2021-05-12T14:15:00,MANGANESE,7.0,µg/L,0.2142,0,,
16018402702,2021-05-12T14:15:00,MOLYBDENUM,2.0,µg/L,0.0013,0,,
16018402702,2021-05-12T14:15:00,NICKEL,4.0,µg/L,0.0157,0,,
16018402702,2021-05-12T14:15:00,NITRATE,4.13,mg/L,0.0453,0,,
16018402702,2021-05-12T14:15:00,NITROGEN; AMMONIA+AMMONIUM,0.05,mg/L,0.0169,0,,
16018402702,2021-05-12T14:15:00,NITROGEN; NITRATE+NITRITE,4.15,mg/L,0.0453,0,,
16018402702,2021-05-12T14:15:00,NITROGEN; NITRITE,0.022,mg/L,0.016,0,,
16018402702,2021-05-12T14:15:00,NITROGEN; TOTAL,4.46,mg/L,0.0357,0,,
16018402702,2021-05-12T14:15:00,PH,8.45,,0.0183,0,,
16018402702,2021-05-12T14:15:00,PHOSPHORUS; PHOSPHATE,0.009,mg/L,0.016,0,,
16018402702,2021-05-12T14:15:00,PHOSPHORUS; TOTAL,25.7,µg/L,0.3852,0,,
16018402702,2021-05-12T14:15:00,POTASSIUM,3.0,mg/L,0.0144,0,,
16018402702,2021-05-12T14:15:00,SILICON; REACTIVE SILICATE,0.098,mg/L,0.0451,0,,
16018402702,2021-05-12T14:15:00,SILVER,9.0,µg/L,0.0087,0,,
16018402702,2021-05-12T14:15:00,SODIUM,59.3,mg/L,0.1629,0,,
16018402702,2021-05-12T14:15:00,SOLIDS; DISSOLVED,601.0,mg/L,0.4744,0,,
16018402702,2021-05-12T14:15:00,SOLIDS; SUSPENDED,5.82,mg/L,0.2268,0,,
16018402702,2021-05-12T14:15:00,SOLIDS; TOTAL,607.0,mg/L,0.4573,0,,
16018402702,2021-05-12T14:15:00,STRONTIUM,595.0,µg/L,0.6354,1,"rolling_std_30, rolling_std_14, rolling_std_7","2.47, 2.42, 2.06"
16018402702,2021-05-12T14:15:00,TIN,9.0,µg/L,0.0087,0,,
16018402702,2021-05-12T14:15:00,TITANIUM,1.0,µg/L,0.0761,0,,
16018402702,2021-05-12T14:15:00,URANIUM,3.0,µg/L,0.0449,0,,
16018402702,2021-05-12T14:15:00,VANADIUM,0.7,µg/L,0.0194,0,,
16018402702,2021-05-12T14:15:00,ZINC,9.0,µg/L,0.0332,0,,
16018402702,2021-05-12T14:15:00,ZIRCONIUM,1.0,µg/L,0.0009,0,,
16018402702,2021-06-07T16:43:00,ALKALINITY,161.0,mg/L as CaCO3,0.2606,0,,
16018402702,2021-06-07T16:43:00,ALUMINUM,45.2,µg/L,0.5946,1,"rolling_std_30, rolling_std_14, rolling_std_7","3.20, 3.14, 2.67"
16018402702,2021-06-07T16:43:00,BARIUM,39.4,µg/L,0.074,0,,
16018402702,2021-06-07T16:43:00,BERYLLIUM,0.1,µg/L,0.0042,0,,
16018402702,2021-06-07T16:43:00,BISMUTH,5.0,µg/L,0.0043,0,,
16018402702,2021-06-07T16:43:00,CADMIUM,0.9,µg/L,0.002,0,,
16018402702,2021-06-07T16:43:00,CALCIUM,65.3,mg/L,0.1426,0,,
16018402702,2021-06-07T16:43:00,CARBON; DISSOLVED INORGANIC,39.2,mg/L,0.1195,0,,
16018402702,2021-06-07T16:43:00,CARBON; DISSOLVED ORGANIC,4.54,mg/L,0.012,0,,
16018402702,2021-06-07T16:43:00,CHLORIDE,120.0,mg/L,0.1814,0,,
16018402702,2021-06-07T16:43:00,CHROMIUM,1.0,µg/L,0.002,0,,
16018402702,2021-06-07T16:43:00,COBALT,1.0,µg/L,0.0098,0,,
16018402702,2021-06-07T16:43:00,CONDUCTIVITY,874.0,µS/cm,0.5326,0,,
16018402702,2021-06-07T16:43:00,COPPER,3.0,µg/L,0.0125,0,,
16018402702,2021-06-07T16:43:00,HARDNESS,265.0,mg/L,0.3237,0,,
16018402702,2021-06-07T16:43:00,IRON,78.1,µg/L,0.5772,0,,
16018402702,2021-06-07T16:43:00,LEAD,7.0,µg/L,0.007,0,,
16018402702,2021-06-07T16:43:00,LITHIUM,7.0,µg/L,0.0394,0,,
16018402702,2021-06-07T16:43:00,MAGNESIUM,24.7,mg/L,0.0502,0,,
16018402702,2021-06-07T16:43:00,MANGANESE,10.8,µg/L,0.1213,0,,
16018402702,2021-06-07T16:43:00,MOLYBDENUM,2.0,µg/L,0.0024,0,,
16018402702,2021-06-07T16:43:00,NICKEL,4.0,µg/L,0.0111,0,,
16018402702,2021-06-07T16:43:00,NITRATE,2.76,mg/L,0.0333,0,,
16018402702,2021-06-07T16:43:00,NITROGEN; AMMONIA+AMMONIUM,0.06,mg/L,0.0067,0,,
16018402702,2021-06-07T16:43:00,NITROGEN; NITRATE+NITRITE,2.78,mg/L,0.0333,0,,
16018402702,2021-06-07T16:43:00,NITROGEN; NITRITE,0.022,mg/L,0.0116,0,,
16018402702,2021-06-07T16:43:00,NITROGEN; TOTAL,3.47,mg/L,0.0206,0,,
16018402702,2021-06-07T16:43:00,PH,8.39,,0.0097,0,,
16018402702,2021-06-07T16:43:00,PHOSPHORUS; PHOSPHATE,0.005,mg/L,0.0157,0,,
16018402702,2021-06-07T16:43:00,PHOSPHORUS; TOTAL,26.2,µg/L,0.2448,0,,
16018402702,2021-06-07T16:43:00,POTASSIUM,4.0,mg/L,0.0269,0,,
16018402702,2021-06-07T16:43:00,SILICON; REACTIVE SILICATE,1.71,mg/L,0.0244,0,,
16018402702,2021-06-07T16:43:00,SILVER,9.0,µg/L,0.0085,0,,
16018402702,2021-06-07T16:43:00,SODIUM,68.9,mg/L,0.1375,0,,
16018402702,2021-06-07T16:43:00,SOLIDS; DISSOLVED,562.0,mg/L,0.4443,0,,
16018402702,2021-06-07T16:43:00,SOLIDS; SUSPENDED,5.88,mg/L,0.1312,0,,
16018402702,2021-06-07T16:43:00,SOLIDS; TOTAL,568.0,mg/L,0.4537,0,,
16018402702,2021-06-07T16:43:00,STRONTIUM,695.0,µg/L,0.5717,0,,
16018402702,2021-06-07T16:43:00,TIN,9.0,µg/L,0.0085,0,,
16018402702,2021-06-07T16:43:00,TITANIUM,2.0,µg/L,0.0388,0,,
16018402702,2021-06-07T16:43:00,URANIUM,3.0,µg/L,0.0212,0,,
16018402702,2021-06-07T16:43:00,VANADIUM,1.0,µg/L,0.0025,0,,
16018402702,2021-06-07T16:43:00,ZINC,8.0,µg/L,0.026,0,,
16018402702,2021-06-07T16:43:00,ZIRCONIUM,1.0,µg/L,0.002,0,,
16018402702,2021-07-13T15:05:00,ALKALINITY,168.0,mg/L as CaCO3,0.3033,0,,
16018402702,2021-07-13T15:05:00,ALUMINUM,156.0,µg/L,0.6061,1,"rolling_std_30, rolling_std_14, rolling_std_7","2.56, 2.51, 2.13"
16018402702,2021-07-13T15:05:00,BARIUM,41.6,µg/L,0.1552,0,,
16018402702,2021-07-13T15:05:00,BERYLLIUM,0.1,µg/L,0.0641,0,,
16018402702,2021-07-13T15:05:00,BISMUTH,5.0,µg/L,0.0637,0,,
16018402702,2021-07-13T15:05:00,CADMIUM,0.9,µg/L,0.0622,0,,
16018402702,2021-07-13T15:05:00,CALCIUM,64.8,mg/L,0.1832,0,,
16018402702,2021-07-13T15:05:00,CARBON; DISSOLVED INORGANIC,41.8,mg/L,0.15,0,,
16018402702,2021-07-13T15:05:00,CARBON; DISSOLVED ORGANIC,4.5,mg/L,0.0681,0,,
16018402702,2021-07-13T15:05:00,CHLORIDE,111.0,mg/L,0.2518,0,,
16018402702,2021-07-13T15:05:00,CHROMIUM,1.14,µg/L,0.0975,0,,
16018402702,2021-07-13T15:05:00,COBALT,1.27,µg/L,0.0725,0,,
16018402702,2021-07-13T15:05:00,CONDUCTIVITY,850.0,µS/cm,0.5945,1,"rolling_mean_30, rolling_mean_14, rolling_mean_7","3.71, 3.71, 3.67"
16018402702,2021-07-13T15:05:00,COPPER,2.73,µg/L,0.0708,0,,
16018402702,2021-07-13T15:05:00,HARDNESS,265.0,mg/L,0.3576,0,,
16018402702,2021-07-13T15:05:00,IRON,143.0,µg/L,0.5563,0,,
16018402702,2021-07-13T15:05:00,LEAD,7.0,µg/L,0.0637,0,,
16018402702,2021-07-13T15:05:00,LITHIUM,5.03,µg/L,0.0799,0,,
16018402702,2021-07-13T15:05:00,MAGNESIUM,25.1,mg/L,0.1041,0,,
16018402702,2021-07-13T15:05:00,MANGANESE,12.8,µg/L,0.1658,0,,
16018402702,2021-07-13T15:05:00,MOLYBDENUM,2.0,µg/L,0.0614,0,,
16018402702,2021-07-13T15:05:00,NICKEL,2.0,µg/L,0.1127,0,,
16018402702,2021-07-13T15:05:00,NITRATE,3.01,mg/L,0.0749,0,,
16018402702,2021-07-13T15:05:00,NITROGEN; AMMONIA+AMMONIUM,0.04,mg/L,0.0706,0,,
16018402702,2021-07-13T15:05:00,NITROGEN; NITRATE+NITRITE,3.02,mg/L,0.0749,0,,
16018402702,2021-07-13T15:05:00,NITROGEN; NITRITE,0.015,mg/L,0.0706,0,,
16018402702,2021-07-13T15:05:00,NITROGEN; TOTAL,3.35,mg/L,0.0747,0,,
16018402702,2021-07-13T15:05:00,PH,8.43,,0.0753,0,,
16018402702,2021-07-13T15:05:00,PHOSPHORUS; PHOSPHATE,0.012,mg/L,0.0608,0,,
16018402702,2021-07-13T15:05:00,PHOSPHORUS; TOTAL,25.9,µg/L,0.2892,0,,
16018402702,2021-07-13T15:05:00,POTASSIUM,3.78,mg/L,0.0671,0,,
16018402702,2021-07-13T15:05:00,SILICON; REACTIVE SILICATE,1.39,mg/L,0.0717,0,,
16018402702,2021-07-13T15:05:00,SILVER,9.0,µg/L,0.0673,0,,
16018402702,2021-07-13T15:05:00,SODIUM,66.3,mg/L,0.188,0,,
16018402702,2021-07-13T15:05:00,SOLIDS; DISSOLVED,638.0,mg/L,0.5449,0,,
16018402702,2021-07-13T15:05:00,SOLIDS; SUSPENDED,10.1,mg/L,0.1889,0,,
16018402702,2021-07-13T15:05:00,SOLIDS; TOTAL,648.0,mg/L,0.5523,0,,
16018402702,2021-07-13T15:05:00,STRONTIUM,611.0,µg/L,0.5586,0,,
16018402702,2021-07-13T15:05:00,TIN,9.0,µg/L,0.0673,0,,
16018402702,2021-07-13T15:05:00,TITANIUM,6.5,µg/L,0.1146,0,,
16018402702,2021-07-13T15:05:00,URANIUM,3.0,µg/L,0.0684,0,,
16018402702,2021-07-13T15:05:00,VANADIUM,0.56,µg/L,0.0784,0,,
16018402702,2021-07-13T15:05:00,ZINC,113.0,µg/L,0.424,0,,
16018402702,2021-07-13T15:05:00,ZIRCONIUM,1.0,µg/L,0.0622,0,,
16018402702,2021-08-17T13:55:00,ALKALINITY,166.0,mg/L as CaCO3,0.2108,0,,
16018402702,2021-08-17T13:55:00,ALUMINUM,64.0,µg/L,0.5158,0,,
16018402702,2021-08-17T13:55:00,BARIUM,40.1,µg/L,0.0731,0,,
16018402702,2021-08-17T13:55:00,BERYLLIUM,0.1,µg/L,0.0139,0,,
16018402702,2021-08-17T13:55:00,BISMUTH,5.0,µg/L,0.0127,0,,
16018402702,2021-08-17T13:55:00,CADMIUM,0.9,µg/L,0.0112,0,,
16018402702,2021-08-17T13:55:00,CALCIUM,63.8,mg/L,0.1109,0,,
16018402702,2021-08-17T13:55:00,CARBON; DISSOLVED INORGANIC,43.1,mg/L,0.0766,0,,
16018402702,2021-08-17T13:55:00,CARBON; DISSOLVED ORGANIC,4.66,mg/L,0.0141,0,,
16018402702,2021-08-17T13:55:00,CHLORIDE,124.0,mg/L,0.1916,0,,
16018402702,2021-08-17T13:55:00,CHROMIUM,1.0,µg/L,0.0156,0,,
16018402702,2021-08-17T13:55:00,COBALT,1.53,µg/L,0.0388,0,,
16018402702,2021-08-17T13:55:00,CONDUCTIVITY,867.0,µS/cm,0.5356,0,,
16018402702,2021-08-17T13:55:00,COPPER,2.03,µg/L,0.0407,0,,
16018402702,2021-08-17T13:55:00,HARDNESS,272.0,mg/L,0.268,0,,
16018402702,2021-08-17T13:55:00,IRON,101.0,µg/L,0.4731,0,,
16018402702,2021-08-17T13:55:00,LEAD,7.0,µg/L,0.0154,0,,
16018402702,2021-08-17T13:55:00,LITHIUM,5.45,µg/L,0.0124,0,,
16018402702,2021-08-17T13:55:00,MAGNESIUM,27.4,mg/L,0.0781,0,,
16018402702,2021-08-17T13:55:00,MANGANESE,15.8,µg/L,0.1024,0,,
16018402702,2021-08-17T13:55:00,MOLYBDENUM,2.0,µg/L,0.0103,0,,
16018402702,2021-08-17T13:55:00,NICKEL,2.0,µg/L,0.0289,0,,
16018402702,2021-08-17T13:55:00,NITRATE,2.39,mg/L,0.0337,0,,
16018402702,2021-08-17T13:55:00,NITROGEN; AMMONIA+AMMONIUM,0.03,mg/L,0.0242,0,,
16018402702,2021-08-17T13:55:00,NITROGEN; NITRATE+NITRITE,2.4,mg/L,0.0347,0,,
16018402702,2021-08-17T13:55:00,NITROGEN; NITRITE,0.012,mg/L,0.0231,0,,
16018402702,2021-08-17T13:55:00,NITROGEN; TOTAL,3.09,mg/L,0.0275,0,,
16018402702,2021-08-17T13:55:00,PH,8.4,,0.0172,0,,
16018402702,2021-08-17T13:55:00,PHOSPHORUS; PHOSPHATE,0.013,mg/L,0.0125,0,,
16018402702,2021-08-17T13:55:00,PHOSPHORUS; TOTAL,28.0,µg/L,0.231,0,,
16018402702,2021-08-17T13:55:00,POTASSIUM,4.08,mg/L,0.028,0,,
16018402702,2021-08-17T13:55:00,SILICON; REACTIVE SILICATE,2.74,mg/L,0.0419,0,,
16018402702,2021-08-17T13:55:00,SILVER,9.0,µg/L,0.0173,0,,
16018402702,2021-08-17T13:55:00,SODIUM,74.1,mg/L,0.1296,0,,
16018402702,2021-08-17T13:55:00,SOLIDS; SUSPENDED,9.79,mg/L,0.1089,0,,
16018402702,2021-08-17T13:55:00,STRONTIUM,700.0,µg/L,0.5312,0,,
16018402702,2021-08-17T13:55:00,TIN,9.0,µg/L,0.0173,0,,
16018402702,2021-08-17T13:55:00,TITANIUM,1.47,µg/L,0.067,0,,
16018402702,2021-08-17T13:55:00,URANIUM,3.0,µg/L,0.0207,0,,
16018402702,2021-08-17T13:55:00,VANADIUM,1.06,µg/L,0.0178,0,,
16018402702,2021-08-17T13:55:00,ZINC,38.5,µg/L,0.3125,0,,
16018402702,2021-08-17T13:55:00,ZIRCONIUM,1.0,µg/L,0.0112,0,,
16018402702,2021-09-14T16:32:00,ALKALINITY,160.0,mg/L as CaCO3,0.2003,0,,
16018402702,2021-09-14T16:32:00,ALUMINUM,173.0,µg/L,0.5353,0,,
16018402702,2021-09-14T16:32:00,BARIUM,40.7,µg/L,0.0625,0,,
16018402702,2021-09-14T16:32:00,BERYLLIUM,0.1,µg/L,0.0032,0,,
16018402702,2021-09-14T16:32:00,BISMUTH,5.0,µg/L,0.0035,0,,
16018402702,2021-09-14T16:32:00,CADMIUM,0.9,µg/L,0.0009,0,,
16018402702,2021-09-14T16:32:00,CALCIUM,59.4,mg/L,0.1189,0,,
16018402702,2021-09-14T16:32:00,CARBON; DISSOLVED INORGANIC,39.6,mg/L,0.0895,0,,
16018402702,2021-09-14T16:32:00,CARBON; DISSOLVED ORGANIC,5.08,mg/L,0.0041,0,,
16018402702,2021-09-14T16:32:00,CHLORIDE,92.9,mg/L,0.2007,0,,
16018402702,2021-09-14T16:32:00,CHROMIUM,1.0,µg/L,0.0013,0,,
16018402702,2021-09-14T16:32:00,COBALT,1.44,µg/L,0.0144,0,,
16018402702,2021-09-14T16:32:00,CONDUCTIVITY,714.0,µS/cm,0.5928,1,"rolling_mean_30, rolling_mean_14, rolling_mean_7","3.66, 3.65, 3.61"
16018402702,2021-09-14T16:32:00,COPPER,2.44,µg/L,0.0142,0,,
16018402702,2021-09-14T16:32:00,HARDNESS,241.0,mg/L,0.322,0,,
16018402702,2021-09-14T16:32:00,IRON,189.0,µg/L,0.4913,0,,
16018402702,2021-09-14T16:32:00,LEAD,7.0,µg/L,0.0061,0,,
16018402702,2021-09-14T16:32:00,LITHIUM,5.0,µg/L,0.0094,0,,
16018402702,2021-09-14T16:32:00,MAGNESIUM,22.5,mg/L,0.072,0,,
16018402702,2021-09-14T16:32:00,MANGANESE,25.3,µg/L,0.1092,0,,
16018402702,2021-09-14T16:32:00,MOLYBDENUM,2.0,µg/L,0.0013,0,,
16018402702,2021-09-14T16:32:00,NICKEL,2.0,µg/L,0.0156,0,,
16018402702,2021-09-14T16:32:00,NITRATE,2.53,mg/L,0.0226,0,,
16018402702,2021-09-14T16:32:00,NITROGEN; AMMONIA+AMMONIUM,0.03,mg/L,0.0129,0,,
16018402702,2021-09-14T16:32:00,NITROGEN; NITRATE+NITRITE,2.54,mg/L,0.0226,0,,
16018402702,2021-09-14T16:32:00,NITROGEN; NITRITE,0.013,mg/L,0.0123,0,,
16018402702,2021-09-14T16:32:00,NITROGEN; TOTAL,3.06,mg/L,0.0175,0,,
16018402702,2021-09-14T16:32:00,PH,8.36,,0.019,0,,
16018402702,2021-09-14T16:32:00,PHOSPHORUS; PHOSPHATE,0.013,mg/L,0.0028,0,,
16018402702,2021-09-14T16:32:00,PHOSPHORUS; TOTAL,60.6,µg/L,0.2521,0,,
16018402702,2021-09-14T16:32:00,POTASSIUM,4.12,mg/L,0.0169,0,,
16018402702,2021-09-14T16:32:00,SILICON; REACTIVE SILICATE,1.9,mg/L,0.0119,0,,
16018402702,2021-09-14T16:32:00,SILVER,9.0,µg/L,0.0087,0,,
16018402702,2021-09-14T16:32:00,SODIUM,56.5,mg/L,0.1308,0,,
16018402702,2021-09-14T16:32:00,SOLIDS; SUSPENDED,23.8,mg/L,0.1282,0,,
16018402702,2021-09-14T16:32:00,STRONTIUM,512.0,µg/L,0.5613,0,,
16018402702,2021-09-14T16:32:00,TIN,9.0,µg/L,0.0087,0,,
16018402702,2021-09-14T16:32:00,TITANIUM,4.28,µg/L,0.0386,0,,
16018402702,2021-09-14T16:32:00,URANIUM,3.2,µg/L,0.0077,0,,
16018402702,2021-09-14T16:32:00,VANADIUM,0.75,µg/L,0.01,0,,
16018402702,2021-09-14T16:32:00,ZINC,104.0,µg/L,0.3338,0,,
16018402702,2021-09-14T16:32:00,ZIRCONIUM,1.0,µg/L,0.0009,0,,
16018402702,2021-10-18T08:52:00,ALKALINITY,226.0,mg/L as CaCO3,0.333,0,,
16018402702,2021-10-18T08:52:00,ALUMINUM,218.0,µg/L,0.4711,0,,
16018402702,2021-10-18T08:52:00,BARIUM,41.5,µg/L,0.0758,0,,
16018402702,2021-10-18T08:52:00,BERYLLIUM,0.1,µg/L,0.0071,0,,
16018402702,2021-10-18T08:52:00,BISMUTH,5.0,µg/L,0.0073,0,,
16018402702,2021-10-18T08:52:00,CADMIUM,0.9,µg/L,0.0048,0,,
16018402702,2021-10-18T08:52:00,CALCIUM,75.4,mg/L,0.1461,0,,
16018402702,2021-10-18T08:52:00,CARBON; DISSOLVED INORGANIC,56.0,mg/L,0.1616,0,,
16018402702,2021-10-18T08:52:00,CARBON; DISSOLVED ORGANIC,6.79,mg/L,0.0466,0,,
16018402702,2021-10-18T08:52:00,CHLORIDE,72.0,mg/L,0.1869,0,,
16018402702,2021-10-18T08:52:00,CHROMIUM,1.0,µg/L,0.0036,0,,
16018402702,2021-10-18T08:52:00,COBALT,1.02,µg/L,0.0198,0,,
16018402702,2021-10-18T08:52:00,CONDUCTIVITY,753.0,µS/cm,0.5142,0,,
16018402702,2021-10-18T08:52:00,COPPER,2.54,µg/L,0.0091,0,,
16018402702,2021-10-18T08:52:00,HARDNESS,288.0,mg/L,0.3269,0,,
16018402702,2021-10-18T08:52:00,IRON,178.0,µg/L,0.4076,0,,
16018402702,2021-10-18T08:52:00,LEAD,7.0,µg/L,0.01,0,,
16018402702,2021-10-18T08:52:00,LITHIUM,5.0,µg/L,0.0099,0,,
16018402702,2021-10-18T08:52:00,MAGNESIUM,24.3,mg/L,0.0499,0,,
16018402702,2021-10-18T08:52:00,MANGANESE,12.0,µg/L,0.1184,0,,
16018402702,2021-10-18T08:52:00,MOLYBDENUM,2.0,µg/L,0.0052,0,,
16018402702,2021-10-18T08:52:00,NICKEL,2.0,µg/L,0.018,0,,
16018402702,2021-10-18T08:52:00,NITRATE,3.26,mg/L,0.0164,0,,
16018402702,2021-10-18T08:52:00,NITROGEN; AMMONIA+AMMONIUM,0.02,mg/L,0.0177,0,,
16018402702,2021-10-18T08:52:00,NITROGEN; NITRATE+NITRITE,3.27,mg/L,0.0189,0,,
16018402702,2021-10-18T08:52:00,NITROGEN; NITRITE,0.012,mg/L,0.0153,0,,
16018402702,2021-10-18T08:52:00,NITROGEN; TOTAL,4.58,mg/L,0.0181,0,,
16018402702,2021-10-18T08:52:00,PH,8.0,,0.0897,0,,
16018402702,2021-10-18T08:52:00,PHOSPHORUS; PHOSPHATE,0.023,mg/L,0.0118,0,,
16018402702,2021-10-18T08:52:00,PHOSPHORUS; TOTAL,48.0,µg/L,0.1969,0,,
16018402702,2021-10-18T08:52:00,POTASSIUM,4.34,mg/L,0.0293,0,,
16018402702,2021-10-18T08:52:00,SILICON; REACTIVE SILICATE,2.71,mg/L,0.0283,0,,
16018402702,2021-10-18T08:52:00,SILVER,9.0,µg/L,0.0119,0,,
16018402702,2021-10-18T08:52:00,SODIUM,44.3,mg/L,0.1307,0,,
16018402702,2021-10-18T08:52:00,SOLIDS; DISSOLVED,490.0,mg/L,0.5783,0,,
16018402702,2021-10-18T08:52:00,SOLIDS; SUSPENDED,7.02,mg/L,0.1449,0,,
16018402702,2021-10-18T08:52:00,SOLIDS; TOTAL,497.0,mg/L,0.5959,1,"rolling_mean_30, rolling_mean_14, rolling_mean_7","2.45, 2.45, 2.42"
16018402702,2021-10-18T08:52:00,STRONTIUM,486.0,µg/L,0.4847,0,,
16018402702,2021-10-18T08:52:00,TIN,9.0,µg/L,0.0119,0,,
16018402702,2021-10-18T08:52:00,TITANIUM,7.06,µg/L,0.0504,0,,
16018402702,2021-10-18T08:52:00,URANIUM,3.0,µg/L,0.0109,0,,
16018402702,2021-10-18T08:52:00,VANADIUM,0.91,µg/L,0.0046,0,,
16018402702,2021-10-18T08:52:00,ZINC,4.06,µg/L,0.3439,0,,
16018402702,2021-10-18T08:52:00,ZIRCONIUM,1.0,µg/L,0.0048,0,,
16018402702,2021-11-18T16:20:00,ALKALINITY,258.0,mg/L as CaCO3,0.3114,0,,
16018402702,2021-11-18T16:20:00,ALUMINUM,95.7,µg/L,0.4635,0,,
16018402702,2021-11-18T16:20:00,BARIUM,39.4,µg/L,0.0624,0,,
16018402702,2021-11-18T16:20:00,BERYLLIUM,0.1,µg/L,0.006,0,,
16018402702,2021-11-18T16:20:00,BISMUTH,5.0,µg/L,0.0062,0,,
16018402702,2021-11-18T16:20:00,CADMIUM,0.9,µg/L,0.0037,0,,
16018402702,2021-11-18T16:20:00,CALCIUM,89.4,mg/L,0.1756,0,,
16018402702,2021-11-18T16:20:00,CARBON; DISSOLVED INORGANIC,62.0,mg/L,0.1291,0,,
16018402702,2021-11-18T16:20:00,CARBON; DISSOLVED ORGANIC,6.09,mg/L,0.0154,0,,
16018402702,2021-11-18T16:20:00,CHLORIDE,75.9,mg/L,0.1575,0,,
16018402702,2021-11-18T16:20:00,CHROMIUM,1.0,µg/L,0.0033,0,,
16018402702,2021-11-18T16:20:00,COBALT,1.0,µg/L,0.0158,0,,
16018402702,2021-11-18T16:20:00,CONDUCTIVITY,829.0,µS/cm,0.5442,0,,
16018402702,2021-11-18T16:20:00,COPPER,2.64,µg/L,0.0068,0,,
16018402702,2021-11-18T16:20:00,HARDNESS,333.0,mg/L,0.3752,0,,
16018402702,2021-11-18T16:20:00,IRON,138.0,µg/L,0.3862,0,,
16018402702,2021-11-18T16:20:00,LEAD,7.0,µg/L,0.0089,0,,
16018402702,2021-11-18T16:20:00,LITHIUM,5.0,µg/L,0.0099,0,,
16018402702,2021-11-18T16:20:00,MAGNESIUM,26.7,mg/L,0.0683,0,,
16018402702,2021-11-18T16:20:00,MANGANESE,8.31,µg/L,0.0948,0,,
16018402702,2021-11-18T16:20:00,MOLYBDENUM,2.0,µg/L,0.0041,0,,
16018402702,2021-11-18T16:20:00,NICKEL,2.0,µg/L,0.0182,0,,
16018402702,2021-11-18T16:20:00,NITRATE,4.75,mg/L,0.0238,0,,
16018402702,2021-11-18T16:20:00,NITROGEN; AMMONIA+AMMONIUM,0.02,mg/L,0.016,0,,
16018402702,2021-11-18T16:20:00,NITROGEN; NITRATE+NITRITE,4.77,mg/L,0.0238,0,,
16018402702,2021-11-18T16:20:00,NITROGEN; NITRITE,0.017,mg/L,0.0058,0,,
16018402702,2021-11-18T16:20:00,NITROGEN; TOTAL,5.78,mg/L,0.0224,0,,
16018402702,2021-11-18T16:20:00,PH,8.27,,0.0131,0,,
16018402702,2021-11-18T16:20:00,PHOSPHORUS; PHOSPHATE,0.006,mg/L,0.0169,0,,
16018402702,2021-11-18T16:20:00,PHOSPHORUS; TOTAL,26.4,µg/L,0.1986,0,,
16018402702,2021-11-18T16:20:00,POTASSIUM,3.67,mg/L,0.01,0,,
16018402702,2021-11-18T16:20:00,SILICON; REACTIVE SILICATE,1.31,mg/L,0.0291,0,,
16018402702,2021-11-18T16:20:00,SILVER,9.0,µg/L,0.0112,0,,
16018402702,2021-11-18T16:20:00,SODIUM,44.4,mg/L,0.1082,0,,
16018402702,2021-11-18T16:20:00,SOLIDS; DISSOLVED,526.0,mg/L,0.4314,0,,
16018402702,2021-11-18T16:20:00,SOLIDS; SUSPENDED,4.26,mg/L,0.0965,0,,
16018402702,2021-11-18T16:20:00,SOLIDS; TOTAL,530.0,mg/L,0.4391,0,,
16018402702,2021-11-18T16:20:00,STRONTIUM,480.0,µg/L,0.4645,0,,
16018402702,2021-11-18T16:20:00,TIN,9.0,µg/L,0.0112,0,,
16018402702,2021-11-18T16:20:00,TITANIUM,2.2,µg/L,0.0585,0,,
16018402702,2021-11-18T16:20:00,URANIUM,3.37,µg/L,0.0092,0,,
16018402702,2021-11-18T16:20:00,VANADIUM,0.5,µg/L,0.0261,0,,
16018402702,2021-11-18T16:20:00,ZINC,3.36,µg/L,0.2125,0,,
16018402702,2021-11-18T16:20:00,ZIRCONIUM,1.0,µg/L,0.0037,0,,
16018402702,2022-04-12T13:22:00,ALKALINITY,223.0,mg/L as CaCO3,0.4154,0,,
16018402702,2022-04-12T13:22:00,ALUMINUM,81.1,µg/L,0.5089,0,,
16018402702,2022-04-12T13:22:00,BARIUM,31.7,µg/L,0.2885,0,,
16018402702,2022-04-12T13:22:00,BERYLLIUM,0.1,µg/L,0.126,0,,
16018402702,2022-04-12T13:22:00,BISMUTH,5.0,µg/L,0.1245,0,,
16018402702,2022-04-12T13:22:00,CADMIUM,0.9,µg/L,0.1261,0,,
16018402702,2022-04-12T13:22:00,CALCIUM,76.8,mg/L,0.2658,0,,
16018402702,2022-04-12T13:22:00,CARBON; DISSOLVED INORGANIC,52.1,mg/L,0.2494,0,,
16018402702,2022-04-12T13:22:00,CARBON; DISSOLVED ORGANIC,4.49,mg/L,0.1413,0,,
16018402702,2022-04-12T13:22:00,CHLORIDE,75.7,mg/L,0.3215,0,,
16018402702,2022-04-12T13:22:00,CHROMIUM,1.0,µg/L,0.1218,0,,
16018402702,2022-04-12T13:22:00,COBALT,1.0,µg/L,0.1433,0,,
16018402702,2022-04-12T13:22:00,CONDUCTIVITY,729.0,µS/cm,0.6533,1,"rolling_mean_30, rolling_mean_14, rolling_mean_7","3.59, 3.58, 3.56"
16018402702,2022-04-12T13:22:00,COPPER,1.22,µg/L,0.1859,0,,
16018402702,2022-04-12T13:22:00,HARDNESS,284.0,mg/L,0.4449,0,,
16018402702,2022-04-12T13:22:00,IRON,106.0,µg/L,0.4864,0,,
16018402702,2022-04-12T13:22:00,LEAD,7.0,µg/L,0.1242,0,,
16018402702,2022-04-12T13:22:00,LITHIUM,5.0,µg/L,0.1248,0,,
16018402702,2022-04-12T13:22:00,MAGNESIUM,22.4,mg/L,0.1966,0,,
16018402702,2022-04-12T13:22:00,MANGANESE,12.8,µg/L,0.2037,0,,
16018402702,2022-04-12T13:22:00,MOLYBDENUM,2.0,µg/L,0.1255,0,,
16018402702,2022-04-12T13:22:00,NICKEL,2.0,µg/L,0.1371,0,,
16018402702,2022-04-12T13:22:00,NITRATE,4.19,mg/L,0.1325,0,,
16018402702,2022-04-12T13:22:00,NITROGEN; AMMONIA+AMMONIUM,0.03,mg/L,0.124,0,,
16018402702,2022-04-12T13:22:00,NITROGEN; NITRATE+NITRITE,4.21,mg/L,0.1325,0,,
16018402702,2022-04-12T13:22:00,NITROGEN; NITRITE,0.025,mg/L,0.1253,0,,
16018402702,2022-04-12T13:22:00,NITROGEN; TOTAL,4.86,mg/L,0.1348,0,,
16018402702,2022-04-12T13:22:00,PH,8.21,,0.1398,0,,
16018402702,2022-04-12T13:22:00,PHOSPHORUS; PHOSPHATE,0.012,mg/L,0.1208,0,,
16018402702,2022-04-12T13:22:00,PHOSPHORUS; TOTAL,27.4,µg/L,0.2944,0,,
16018402702,2022-04-12T13:22:00,POTASSIUM,2.74,mg/L,0.1853,0,,
16018402702,2022-04-12T13:22:00,SILICON; REACTIVE SILICATE,1.01,mg/L,0.1437,0,,
16018402702,2022-04-12T13:22:00,SILVER,9.0,µg/L,0.1309,0,,
16018402702,2022-04-12T13:22:00,SODIUM,42.7,mg/L,0.2569,0,,
16018402702,2022-04-12T13:22:00,SOLIDS; DISSOLVED,474.0,mg/L,0.5722,0,,
16018402702,2022-04-12T13:22:00,SOLIDS; SUSPENDED,6.63,mg/L,0.2139,0,,
16018402702,2022-04-12T13:22:00,SOLIDS; TOTAL,481.0,mg/L,0.5787,0,,
16018402702,2022-04-12T13:22:00,STRONTIUM,377.0,µg/L,0.5891,1,"time_gap_days, rolling_mean_7, rolling_mean_30","2.59, 2.31, 2.23"
16018402702,2022-04-12T13:22:00,TIN,9.0,µg/L,0.1309,0,,
16018402702,2022-04-12T13:22:00,TITANIUM,1.95,µg/L,0.1551,0,,
16018402702,2022-04-12T13:22:00,URANIUM,3.73,µg/L,0.13,0,,
16018402702,2022-04-12T13:22:00,VANADIUM,0.5,µg/L,0.1424,0,,
16018402702,2022-04-12T13:22:00,ZINC,9.39,µg/L,0.3479,0,,
16018402702,2022-04-12T13:22:00,ZIRCONIUM,1.0,µg/L,0.1261,0,,
16018402702,2022-05-10T16:32:00,ALKALINITY,232.0,mg/L as CaCO3,0.249,0,,
16018402702,2022-05-10T16:32:00,ALUMINUM,73.9,µg/L,0.3665,0,,
16018402702,2022-05-10T16:32:00,BARIUM,41.5,µg/L,0.09,0,,
16018402702,2022-05-10T16:32:00,BERYLLIUM,0.1,µg/L,0.0032,0,,
16018402702,2022-05-10T16:32:00,BISMUTH,5.0,µg/L,0.0035,0,,
16018402702,2022-05-10T16:32:00,CADMIUM,0.9,µg/L,0.0009,0,,
16018402702,2022-05-10T16:32:00,CALCIUM,78.5,mg/L,0.1042,0,,
16018402702,2022-05-10T16:32:00,CARBON; DISSOLVED INORGANIC,54.3,mg/L,0.0868,0,,
16018402702,2022-05-10T16:32:00,CARBON; DISSOLVED ORGANIC,5.56,mg/L,0.0125,0,,
16018402702,2022-05-10T16:32:00,CHLORIDE,88.0,mg/L,0.1447,0,,
16018402702,2022-05-10T16:32:00,CHROMIUM,1.0,µg/L,0.0006,0,,
16018402702,2022-05-10T16:32:00,COBALT,1.0,µg/L,0.0118,0,,
16018402702,2022-05-10T16:32:00,CONDUCTIVITY,794.0,µS/cm,0.5218,0,,
16018402702,2022-05-10T16:32:00,COPPER,0.73,µg/L,0.0616,0,,
16018402702,2022-05-10T16:32:00,HARDNESS,302.0,mg/L,0.2945,0,,
16018402702,2022-05-10T16:32:00,IRON,83.9,µg/L,0.3459,0,,
16018402702,2022-05-10T16:32:00,LEAD,7.0,µg/L,0.0061,0,,
16018402702,2022-05-10T16:32:00,LITHIUM,5.0,µg/L,0.0049,0,,
16018402702,2022-05-10T16:32:00,MAGNESIUM,25.7,mg/L,0.0554,0,,
16018402702,2022-05-10T16:32:00,MANGANESE,12.6,µg/L,0.06,0,,
16018402702,2022-05-10T16:32:00,MOLYBDENUM,2.0,µg/L,0.0013,0,,
16018402702,2022-05-10T16:32:00,NICKEL,2.0,µg/L,0.0113,0,,
16018402702,2022-05-10T16:32:00,NITRATE,3.67,mg/L,0.0062,0,,
16018402702,2022-05-10T16:32:00,NITROGEN; AMMONIA+AMMONIUM,0.04,mg/L,0.0028,0,,
16018402702,2022-05-10T16:32:00,NITROGEN; NITRATE+NITRITE,3.7,mg/L,0.0078,0,,
16018402702,2022-05-10T16:32:00,NITROGEN; NITRITE,0.025,mg/L,0.0063,0,,
16018402702,2022-05-10T16:32:00,NITROGEN; TOTAL,4.42,mg/L,0.0054,0,,
16018402702,2022-05-10T16:32:00,PH,8.16,,0.0205,0,,
16018402702,2022-05-10T16:32:00,PHOSPHORUS; PHOSPHATE,0.011,mg/L,0.0039,0,,
16018402702,2022-05-10T16:32:00,PHOSPHORUS; TOTAL,23.7,µg/L,0.1452,0,,
16018402702,2022-05-10T16:32:00,POTASSIUM,3.05,mg/L,0.0213,0,,
16018402702,2022-05-10T16:32:00,SILICON; REACTIVE SILICATE,0.15,mg/L,0.0374,0,,
16018402702,2022-05-10T16:32:00,SILVER,9.0,µg/L,0.0087,0,,
16018402702,2022-05-10T16:32:00,SODIUM,53.0,mg/L,0.1057,0,,
16018402702,2022-05-10T16:32:00,SOLIDS; DISSOLVED,516.0,mg/L,0.4311,0,,
16018402702,2022-05-10T16:32:00,SOLIDS; SUSPENDED,7.03,mg/L,0.0713,0,,
16018402702,2022-05-10T16:32:00,SOLIDS; TOTAL,523.0,mg/L,0.4395,0,,
16018402702,2022-05-10T16:32:00,STRONTIUM,511.0,µg/L,0.5072,0,,
16018402702,2022-05-10T16:32:00,TIN,9.0,µg/L,0.0087,0,,
16018402702,2022-05-10T16:32:00,TITANIUM,2.17,µg/L,0.0252,0,,
16018402702,2022-05-10T16:32:00,URANIUM,4.36,µg/L,0.0154,0,,
16018402702,2022-05-10T16:32:00,VANADIUM,0.5,µg/L,0.0141,0,,
16018402702,2022-05-10T16:32:00,ZINC,9.39,µg/L,0.1911,0,,
16018402702,2022-05-10T16:32:00,ZIRCONIUM,1.0,µg/L,0.0009,0,,
16018402702,2022-06-14T14:00:00,ALKALINITY,196.0,mg/L as CaCO3,0.2706,0,,
16018402702,2022-06-14T14:00:00,ALUMINUM,66.7,µg/L,0.3662,0,,
16018402702,2022-06-14T14:00:00,BARIUM,41.3,µg/L,0.073,0,,
16018402702,2022-06-14T14:00:00,BERYLLIUM,0.1,µg/L,0.0118,0,,
16018402702,2022-06-14T14:00:00,BISMUTH,5.0,µg/L,0.0109,0,,
16018402702,2022-06-14T14:00:00,CADMIUM,1.63,µg/L,0.1127,0,,
16018402702,2022-06-14T14:00:00,CALCIUM,75.6,mg/L,0.1094,0,,
16018402702,2022-06-14T14:00:00,CARBON; DISSOLVED INORGANIC,46.4,mg/L,0.0954,0,,
16018402702,2022-06-14T14:00:00,CARBON; DISSOLVED ORGANIC,5.06,mg/L,0.011,0,,
16018402702,2022-06-14T14:00:00,CHLORIDE,111.0,mg/L,0.1903,0,,
16018402702,2022-06-14T14:00:00,CHROMIUM,1.0,µg/L,0.0079,0,,
16018402702,2022-06-14T14:00:00,COBALT,1.0,µg/L,0.0197,0,,
16018402702,2022-06-14T14:00:00,CONDUCTIVITY,841.0,µS/cm,0.5234,0,,
16018402702,2022-06-14T14:00:00,COPPER,0.79,µg/L,0.0467,0,,
16018402702,2022-06-14T14:00:00,HARDNESS,295.0,mg/L,0.2875,0,,
16018402702,2022-06-14T14:00:00,IRON,62.4,µg/L,0.355,0,,
16018402702,2022-06-14T14:00:00,LEAD,7.0,µg/L,0.0136,0,,
16018402702,2022-06-14T14:00:00,LITHIUM,5.0,µg/L,0.0118,0,,
16018402702,2022-06-14T14:00:00,MAGNESIUM,25.9,mg/L,0.0557,0,,
16018402702,2022-06-14T14:00:00,MANGANESE,11.5,µg/L,0.0658,0,,
16018402702,2022-06-14T14:00:00,MOLYBDENUM,2.0,µg/L,0.0083,0,,
16018402702,2022-06-14T14:00:00,NICKEL,2.0,µg/L,0.0148,0,,
16018402702,2022-06-14T14:00:00,NITRATE,3.66,mg/L,0.0125,0,,
16018402702,2022-06-14T14:00:00,NITROGEN; AMMONIA+AMMONIUM,0.06,mg/L,0.0176,0,,
16018402702,2022-06-14T14:00:00,NITROGEN; NITRATE+NITRITE,3.69,mg/L,0.0125,0,,
16018402702,2022-06-14T14:00:00,NITROGEN; NITRITE,0.022,mg/L,0.0112,0,,
16018402702,2022-06-14T14:00:00,NITROGEN; TOTAL,4.87,mg/L,0.0152,0,,
16018402702,2022-06-14T14:00:00,PH,8.13,,0.0371,0,,
16018402702,2022-06-14T14:00:00,PHOSPHORUS; PHOSPHATE,0.014,mg/L,0.0108,0,,
16018402702,2022-06-14T14:00:00,PHOSPHORUS; TOTAL,31.1,µg/L,0.1368,0,,
16018402702,2022-06-14T14:00:00,POTASSIUM,3.64,mg/L,0.0159,0,,
16018402702,2022-06-14T14:00:00,SILICON; REACTIVE SILICATE,1.74,mg/L,0.028,0,,
16018402702,2022-06-14T14:00:00,SILVER,9.0,µg/L,0.0155,0,,
16018402702,2022-06-14T14:00:00,SODIUM,66.3,mg/L,0.1366,0,,
16018402702,2022-06-14T14:00:00,SOLIDS; DISSOLVED,586.0,mg/L,0.4531,0,,
16018402702,2022-06-14T14:00:00,SOLIDS; SUSPENDED,7.45,mg/L,0.0745,0,,
16018402702,2022-06-14T14:00:00,SOLIDS; TOTAL,593.0,mg/L,0.4498,0,,
16018402702,2022-06-14T14:00:00,STRONTIUM,585.0,µg/L,0.4799,0,,
16018402702,2022-06-14T14:00:00,TIN,9.0,µg/L,0.0155,0,,
16018402702,2022-06-14T14:00:00,TITANIUM,1.85,µg/L,0.0366,0,,
16018402702,2022-06-14T14:00:00,URANIUM,3.17,µg/L,0.0226,0,,
16018402702,2022-06-14T14:00:00,VANADIUM,0.5,µg/L,0.0215,0,,
16018402702,2022-06-14T14:00:00,ZINC,9.41,µg/L,0.1793,0,,
16018402702,2022-06-14T14:00:00,ZIRCONIUM,1.0,µg/L,0.0091,0,,
16018402702,2022-07-12T13:55:00,ALKALINITY,167.0,mg/L as CaCO3,0.2622,0,,
16018402702,2022-07-12T13:55:00,ALUMINUM,49.6,µg/L,0.3521,0,,
16018402702,2022-07-12T13:55:00,BARIUM,40.1,µg/L,0.0643,0,,
16018402702,2022-07-12T13:55:00,BERYLLIUM,0.1,µg/L,0.0032,0,,
16018402702,2022-07-12T13:55:00,BISMUTH,5.0,µg/L,0.0035,0,,
16018402702,2022-07-12T13:55:00,CADMIUM,0.9,µg/L,0.0081,0,,
16018402702,2022-07-12T13:55:00,CALCIUM,65.8,mg/L,0.1189,0,,
16018402702,2022-07-12T13:55:00,CARBON; DISSOLVED INORGANIC,39.4,mg/L,0.1068,0,,
16018402702,2022-07-12T13:55:00,CARBON; DISSOLVED ORGANIC,4.29,mg/L,0.0182,0,,
16018402702,2022-07-12T13:55:00,CHLORIDE,127.0,mg/L,0.1945,0,,
16018402702,2022-07-12T13:55:00,CHROMIUM,1.0,µg/L,0.0006,0,,
16018402702,2022-07-12T13:55:00,COBALT,1.0,µg/L,0.011,0,,
16018402702,2022-07-12T13:55:00,CONDUCTIVITY,880.0,µS/cm,0.5326,0,,
16018402702,2022-07-12T13:55:00,COPPER,0.83,µg/L,0.0325,0,,
16018402702,2022-07-12T13:55:00,HARDNESS,273.0,mg/L,0.2985,0,,
16018402702,2022-07-12T13:55:00,IRON,68.6,µg/L,0.3202,0,,
16018402702,2022-07-12T13:55:00,LEAD,7.0,µg/L,0.0061,0,,
16018402702,2022-07-12T13:55:00,LITHIUM,6.95,µg/L,0.0728,0,,
16018402702,2022-07-12T13:55:00,MAGNESIUM,26.5,mg/L,0.0561,0,,
16018402702,2022-07-12T13:55:00,MANGANESE,11.6,µg/L,0.055,0,,
16018402702,2022-07-12T13:55:00,MOLYBDENUM,2.0,µg/L,0.0013,0,,
16018402702,2022-07-12T13:55:00,NICKEL,2.0,µg/L,0.0076,0,,
16018402702,2022-07-12T13:55:00,NITRATE,2.73,mg/L,0.018,0,,
16018402702,2022-07-12T13:55:00,NITROGEN; AMMONIA+AMMONIUM,0.04,mg/L,0.0028,0,,
16018402702,2022-07-12T13:55:00,NITROGEN; NITRATE+NITRITE,2.75,mg/L,0.0194,0,,
16018402702,2022-07-12T13:55:00,NITROGEN; NITRITE,0.016,mg/L,0.0066,0,,
16018402702,2022-07-12T13:55:00,NITROGEN; TOTAL,3.66,mg/L,0.0209,0,,
16018402702,2022-07-12T13:55:00,PH,8.2,,0.0142,0,,
16018402702,2022-07-12T13:55:00,PHOSPHORUS; PHOSPHATE,0.013,mg/L,0.0028,0,,
16018402702,2022-07-12T13:55:00,PHOSPHORUS; TOTAL,19.9,µg/L,0.1521,0,,
16018402702,2022-07-12T13:55:00,POTASSIUM,4.17,mg/L,0.0243,0,,
16018402702,2022-07-12T13:55:00,SILICON; REACTIVE SILICATE,1.88,mg/L,0.0125,0,,
16018402702,2022-07-12T13:55:00,SILVER,9.0,µg/L,0.0087,0,,
16018402702,2022-07-12T13:55:00,SODIUM,72.4,mg/L,0.1205,0,,
16018402702,2022-07-12T13:55:00,SOLIDS; SUSPENDED,7.46,mg/L,0.0635,0,,
16018402702,2022-07-12T13:55:00,STRONTIUM,689.0,µg/L,0.5012,0,,
16018402702,2022-07-12T13:55:00,TIN,9.0,µg/L,0.0087,0,,
16018402702,2022-07-12T13:55:00,TITANIUM,1.18,µg/L,0.0288,0,,
16018402702,2022-07-12T13:55:00,URANIUM,3.37,µg/L,0.0068,0,,
16018402702,2022-07-12T13:55:00,VANADIUM,0.5,µg/L,0.0124,0,,
16018402702,2022-07-12T13:55:00,ZINC,10.2,µg/L,0.1694,0,,
16018402702,2022-07-12T13:55:00,ZIRCONIUM,1.0,µg/L,0.0009,0,,
16018402702,2022-08-24T14:48:00,ALKALINITY,167.0,mg/L as CaCO3,0.3251,0,,
16018402702,2022-08-24T14:48:00,ALUMINUM,39.6,µg/L,0.4298,0,,
16018402702,2022-08-24T14:48:00,BARIUM,37.7,µg/L,0.1381,0,,
16018402702,2022-08-24T14:48:00,BERYLLIUM,0.1,µg/L,0.0625,0,,
16018402702,2022-08-24T14:48:00,BISMUTH,5.0,µg/L,0.0629,0,,
16018402702,2022-08-24T14:48:00,CADMIUM,0.9,µg/L,0.0639,0,,
16018402702,2022-08-24T14:48:00,CALCIUM,60.2,mg/L,0.216,0,,
16018402702,2022-08-24T14:48:00,CARBON; DISSOLVED INORGANIC,37.4,mg/L,0.1881,0,,
16018402702,2022-08-24T14:48:00,CARBON; DISSOLVED ORGANIC,4.59,mg/L,0.0714,0,,
16018402702,2022-08-24T14:48:00,CHLORIDE,115.0,mg/L,0.2521,0,,
16018402702,2022-08-24T14:48:00,CHROMIUM,1.17,µg/L,0.1321,0,,
16018402702,2022-08-24T14:48:00,COBALT,1.0,µg/L,0.0656,0,,
16018402702,2022-08-24T14:48:00,CONDUCTIVITY,806.0,µS/cm,0.6051,1,"rolling_mean_30, rolling_mean_14, rolling_mean_7","3.64, 3.63, 3.57"
16018402702,2022-08-24T14:48:00,COPPER,0.87,µg/L,0.0876,0,,
16018402702,2022-08-24T14:48:00,HARDNESS,255.0,mg/L,0.3976,0,,
16018402702,2022-08-24T14:48:00,IRON,76.1,µg/L,0.4025,0,,
16018402702,2022-08-24T14:48:00,LEAD,7.0,µg/L,0.0629,0,,
16018402702,2022-08-24T14:48:00,LITHIUM,5.0,µg/L,0.0741,0,,
16018402702,2022-08-24T14:48:00,MAGNESIUM,25.3,mg/L,0.102,0,,
16018402702,2022-08-24T14:48:00,MANGANESE,12.8,µg/L,0.1178,0,,
16018402702,2022-08-24T14:48:00,MOLYBDENUM,2.0,µg/L,0.0604,0,,
16018402702,2022-08-24T14:48:00,NICKEL,2.0,µg/L,0.0634,0,,
16018402702,2022-08-24T14:48:00,NITRATE,1.99,mg/L,0.0882,0,,
16018402702,2022-08-24T14:48:00,NITROGEN; AMMONIA+AMMONIUM,0.02,mg/L,0.0708,0,,
16018402702,2022-08-24T14:48:00,NITROGEN; NITRATE+NITRITE,2.0,mg/L,0.0882,0,,
16018402702,2022-08-24T14:48:00,NITROGEN; NITRITE,0.012,mg/L,0.0694,0,,
16018402702,2022-08-24T14:48:00,NITROGEN; TOTAL,3.18,mg/L,0.0758,0,,
16018402702,2022-08-24T14:48:00,PH,8.17,,0.0738,0,,
16018402702,2022-08-24T14:48:00,PHOSPHORUS; PHOSPHATE,0.016,mg/L,0.0617,0,,
16018402702,2022-08-24T14:48:00,PHOSPHORUS; TOTAL,23.6,µg/L,0.2093,0,,
16018402702,2022-08-24T14:48:00,POTASSIUM,4.03,mg/L,0.0675,0,,
16018402702,2022-08-24T14:48:00,SILICON; REACTIVE SILICATE,1.57,mg/L,0.0639,0,,
16018402702,2022-08-24T14:48:00,SILVER,9.0,µg/L,0.0666,0,,
16018402702,2022-08-24T14:48:00,SODIUM,67.9,mg/L,0.1795,0,,
16018402702,2022-08-24T14:48:00,SOLIDS; SUSPENDED,8.66,mg/L,0.1266,0,,
16018402702,2022-08-24T14:48:00,STRONTIUM,627.0,µg/L,0.5302,0,,
16018402702,2022-08-24T14:48:00,TIN,9.0,µg/L,0.0666,0,,
16018402702,2022-08-24T14:48:00,TITANIUM,0.99,µg/L,0.0826,0,,
16018402702,2022-08-24T14:48:00,URANIUM,4.45,µg/L,0.079,0,,
16018402702,2022-08-24T14:48:00,VANADIUM,0.5,µg/L,0.0703,0,,
16018402702,2022-08-24T14:48:00,ZINC,9.69,µg/L,0.2063,0,,
16018402702,2022-08-24T14:48:00,ZIRCONIUM,1.0,µg/L,0.0605,0,,
16018402702,2022-09-26T13:30:00,ALKALINITY,184.0,mg/L as CaCO3,0.2341,0,,
16018402702,2022-09-26T13:30:00,ALUMINUM,42.4,µg/L,0.308,0,,
16018402702,2022-09-26T13:30:00,BARIUM,38.3,µg/L,0.0591,0,,
16018402702,2022-09-26T13:30:00,BERYLLIUM,0.1,µg/L,0.0062,0,,
16018402702,2022-09-26T13:30:00,BISMUTH,5.0,µg/L,0.0065,0,,
16018402702,2022-09-26T13:30:00,CADMIUM,0.9,µg/L,0.0055,0,,
16018402702,2022-09-26T13:30:00,CALCIUM,67.1,mg/L,0.1076,0,,
16018402702,2022-09-26T13:30:00,CARBON; DISSOLVED INORGANIC,42.9,mg/L,0.0834,0,,
16018402702,2022-09-26T13:30:00,CARBON; DISSOLVED ORGANIC,4.42,mg/L,0.0143,0,,
16018402702,2022-09-26T13:30:00,CHLORIDE,117.0,mg/L,0.1605,0,,
16018402702,2022-09-26T13:30:00,CHROMIUM,1.0,µg/L,0.0075,0,,
16018402702,2022-09-26T13:30:00,COBALT,1.0,µg/L,0.0108,0,,
16018402702,2022-09-26T13:30:00,CONDUCTIVITY,888.0,µS/cm,0.5714,0,,
16018402702,2022-09-26T13:30:00,COPPER,0.59,µg/L,0.038,0,,
16018402702,2022-09-26T13:30:00,HARDNESS,280.0,mg/L,0.2882,0,,
16018402702,2022-09-26T13:30:00,IRON,83.4,µg/L,0.2896,0,,
16018402702,2022-09-26T13:30:00,LEAD,7.0,µg/L,0.0092,0,,
16018402702,2022-09-26T13:30:00,LITHIUM,5.0,µg/L,0.0089,0,,
16018402702,2022-09-26T13:30:00,MAGNESIUM,27.2,mg/L,0.0687,0,,
16018402702,2022-09-26T13:30:00,MANGANESE,8.61,µg/L,0.0828,0,,
16018402702,2022-09-26T13:30:00,MOLYBDENUM,2.0,µg/L,0.0044,0,,
16018402702,2022-09-26T13:30:00,NICKEL,2.6,µg/L,0.0127,0,,
16018402702,2022-09-26T13:30:00,NITRATE,3.01,mg/L,0.0157,0,,
16018402702,2022-09-26T13:30:00,NITROGEN; AMMONIA+AMMONIUM,0.02,mg/L,0.016,0,,
16018402702,2022-09-26T13:30:00,NITROGEN; NITRATE+NITRITE,3.02,mg/L,0.0157,0,,
16018402702,2022-09-26T13:30:00,NITROGEN; NITRITE,0.009,mg/L,0.0167,0,,
16018402702,2022-09-26T13:30:00,NITROGEN; TOTAL,3.67,mg/L,0.017,0,,
16018402702,2022-09-26T13:30:00,PH,8.28,,0.014,0,,
16018402702,2022-09-26T13:30:00,PHOSPHORUS; PHOSPHATE,0.007,mg/L,0.0178,0,,
16018402702,2022-09-26T13:30:00,PHOSPHORUS; TOTAL,16.9,µg/L,0.1478,0,,
16018402702,2022-09-26T13:30:00,POTASSIUM,4.51,mg/L,0.0409,0,,
16018402702,2022-09-26T13:30:00,SILICON; REACTIVE SILICATE,1.08,mg/L,0.014,0,,
16018402702,2022-09-26T13:30:00,SILVER,9.0,µg/L,0.0111,0,,
16018402702,2022-09-26T13:30:00,SODIUM,69.3,mg/L,0.1121,0,,
16018402702,2022-09-26T13:30:00,SOLIDS; SUSPENDED,6.15,mg/L,0.0783,0,,
16018402702,2022-09-26T13:30:00,STRONTIUM,700.0,µg/L,0.5003,0,,
16018402702,2022-09-26T13:30:00,TIN,9.0,µg/L,0.0111,0,,
16018402702,2022-09-26T13:30:00,TITANIUM,0.99,µg/L,0.0313,0,,
16018402702,2022-09-26T13:30:00,URANIUM,9.73,µg/L,0.1299,0,,
16018402702,2022-09-26T13:30:00,VANADIUM,0.5,µg/L,0.0156,0,,
16018402702,2022-09-26T13:30:00,ZINC,67.9,µg/L,0.2686,0,,
16018402702,2022-09-26T13:30:00,ZIRCONIUM,1.0,µg/L,0.004,0,,
16018402702,2022-10-12T13:45:00,ALKALINITY,189.0,mg/L as CaCO3,0.2071,0,,
16018402702,2022-10-12T13:45:00,ALUMINUM,34.2,µg/L,0.282,0,,
16018402702,2022-10-12T13:45:00,BARIUM,40.6,µg/L,0.0765,0,,
16018402702,2022-10-12T13:45:00,BERYLLIUM,0.1,µg/L,0.0088,0,,
16018402702,2022-10-12T13:45:00,BISMUTH,5.0,µg/L,0.0088,0,,
16018402702,2022-10-12T13:45:00,CADMIUM,0.9,µg/L,0.0102,0,,
16018402702,2022-10-12T13:45:00,CALCIUM,79.8,mg/L,0.1628,0,,
16018402702,2022-10-12T13:45:00,CARBON; DISSOLVED INORGANIC,43.8,mg/L,0.0791,0,,
16018402702,2022-10-12T13:45:00,CARBON; DISSOLVED ORGANIC,4.24,mg/L,0.0237,0,,
16018402702,2022-10-12T13:45:00,CHLORIDE,132.0,mg/L,0.2354,0,,
16018402702,2022-10-12T13:45:00,CHROMIUM,1.0,µg/L,0.0081,0,,
16018402702,2022-10-12T13:45:00,COBALT,1.0,µg/L,0.0148,0,,
16018402702,2022-10-12T13:45:00,CONDUCTIVITY,956.0,µS/cm,0.6183,1,"rolling_mean_14, rolling_mean_7, rolling_mean_30","3.76, 3.76, 3.71"
16018402702,2022-10-12T13:45:00,COPPER,1.67,µg/L,0.0241,0,,
16018402702,2022-10-12T13:45:00,HARDNESS,313.0,mg/L,0.3641,0,,
16018402702,2022-10-12T13:45:00,IRON,57.2,µg/L,0.295,0,,
16018402702,2022-10-12T13:45:00,LEAD,7.0,µg/L,0.0115,0,,
16018402702,2022-10-12T13:45:00,LITHIUM,8.22,µg/L,0.125,0,,
16018402702,2022-10-12T13:45:00,MAGNESIUM,27.7,mg/L,0.0728,0,,
16018402702,2022-10-12T13:45:00,MANGANESE,6.58,µg/L,0.0746,0,,
16018402702,2022-10-12T13:45:00,MOLYBDENUM,2.0,µg/L,0.0072,0,,
16018402702,2022-10-12T13:45:00,NICKEL,2.97,µg/L,0.0201,0,,
16018402702,2022-10-12T13:45:00,NITRATE,3.38,mg/L,0.0149,0,,
16018402702,2022-10-12T13:45:00,NITROGEN; AMMONIA+AMMONIUM,0.03,mg/L,0.0118,0,,
16018402702,2022-10-12T13:45:00,NITROGEN; NITRATE+NITRITE,3.39,mg/L,0.0153,0,,
16018402702,2022-10-12T13:45:00,NITROGEN; NITRITE,0.008,mg/L,0.0233,0,,
16018402702,2022-10-12T13:45:00,NITROGEN; TOTAL,4.19,mg/L,0.0127,0,,
16018402702,2022-10-12T13:45:00,PH,8.22,,0.0162,0,,
16018402702,2022-10-12T13:45:00,PHOSPHORUS; PHOSPHATE,0.004,mg/L,0.0243,0,,
16018402702,2022-10-12T13:45:00,PHOSPHORUS; TOTAL,15.0,µg/L,0.1309,0,,
16018402702,2022-10-12T13:45:00,POTASSIUM,4.66,mg/L,0.0513,0,,
16018402702,2022-10-12T13:45:00,SILICON; REACTIVE SILICATE,0.5,mg/L,0.0401,0,,
16018402702,2022-10-12T13:45:00,SILVER,9.0,µg/L,0.0131,0,,
16018402702,2022-10-12T13:45:00,SODIUM,76.9,mg/L,0.1514,0,,
16018402702,2022-10-12T13:45:00,SOLIDS; SUSPENDED,4.31,mg/L,0.0758,0,,
16018402702,2022-10-12T13:45:00,STRONTIUM,816.0,µg/L,0.6046,1,"rolling_mean_7, rolling_mean_14, rolling_mean_30","2.62, 2.57, 2.48"
16018402702,2022-10-12T13:45:00,TIN,9.0,µg/L,0.0131,0,,
16018402702,2022-10-12T13:45:00,TITANIUM,0.99,µg/L,0.0355,0,,
16018402702,2022-10-12T13:45:00,URANIUM,12.0,µg/L,0.1296,0,,
16018402702,2022-10-12T13:45:00,VANADIUM,0.5,µg/L,0.0222,0,,
16018402702,2022-10-12T13:45:00,ZINC,13.7,µg/L,0.2957,0,,
16018402702,2022-10-12T13:45:00,ZIRCONIUM,1.0,µg/L,0.0076,0,,
16018402702,2022-11-15T13:50:00,ALKALINITY,214.0,mg/L as CaCO3,0.2367,0,,
16018402702,2022-11-15T13:50:00,ALUMINUM,15.5,µg/L,0.2853,0,,
16018402702,2022-11-15T13:50:00,BARIUM,44.7,µg/L,0.1125,0,,
16018402702,2022-11-15T13:50:00,BERYLLIUM,0.1,µg/L,0.0071,0,,
16018402702,2022-11-15T13:50:00,BISMUTH,5.0,µg/L,0.0073,0,,
16018402702,2022-11-15T13:50:00,CADMIUM,0.9,µg/L,0.0058,0,,
16018402702,2022-11-15T13:50:00,CALCIUM,90.6,mg/L,0.1716,0,,
16018402702,2022-11-15T13:50:00,CARBON; DISSOLVED INORGANIC,50.7,mg/L,0.0931,0,,
16018402702,2022-11-15T13:50:00,CARBON; DISSOLVED ORGANIC,3.68,mg/L,0.0391,0,,
16018402702,2022-11-15T13:50:00,CHLORIDE,146.0,mg/L,0.2286,0,,
16018402702,2022-11-15T13:50:00,CHROMIUM,1.0,µg/L,0.0041,0,,
16018402702,2022-11-15T13:50:00,COBALT,1.0,µg/L,0.0097,0,,
16018402702,2022-11-15T13:50:00,CONDUCTIVITY,1063.0,µS/cm,0.6321,1,"rolling_mean_7, rolling_mean_14, rolling_mean_30","4.00, 3.82, 3.79"
16018402702,2022-11-15T13:50:00,COPPER,0.88,µg/L,0.0194,0,,
16018402702,2022-11-15T13:50:00,HARDNESS,347.0,mg/L,0.3643,0,,
16018402702,2022-11-15T13:50:00,IRON,40.5,µg/L,0.2564,0,,
16018402702,2022-11-15T13:50:00,LEAD,7.0,µg/L,0.01,0,,
16018402702,2022-11-15T13:50:00,LITHIUM,5.0,µg/L,0.0299,0,,
16018402702,2022-11-15T13:50:00,MAGNESIUM,29.4,mg/L,0.0949,0,,
16018402702,2022-11-15T13:50:00,MANGANESE,3.16,µg/L,0.077,0,,
16018402702,2022-11-15T13:50:00,MOLYBDENUM,2.0,µg/L,0.0052,0,,
16018402702,2022-11-15T13:50:00,NICKEL,2.38,µg/L,0.0071,0,,
16018402702,2022-11-15T13:50:00,NITRATE,4.46,mg/L,0.0212,0,,
16018402702,2022-11-15T13:50:00,NITROGEN; AMMONIA+AMMONIUM,0.02,mg/L,0.0173,0,,
16018402702,2022-11-15T13:50:00,NITROGEN; NITRATE+NITRITE,4.47,mg/L,0.0212,0,,
16018402702,2022-11-15T13:50:00,NITROGEN; NITRITE,0.006,mg/L,0.0191,0,,
16018402702,2022-11-15T13:50:00,NITROGEN; TOTAL,5.43,mg/L,0.0185,0,,
16018402702,2022-11-15T13:50:00,PH,8.19,,0.0191,0,,
16018402702,2022-11-15T13:50:00,PHOSPHORUS; PHOSPHATE,0.007,mg/L,0.0149,0,,
16018402702,2022-11-15T13:50:00,PHOSPHORUS; TOTAL,10.6,µg/L,0.1323,0,,
16018402702,2022-11-15T13:50:00,POTASSIUM,4.74,mg/L,0.0421,0,,
16018402702,2022-11-15T13:50:00,SILICON; REACTIVE SILICATE,1.18,mg/L,0.0132,0,,
16018402702,2022-11-15T13:50:00,SILVER,9.0,µg/L,0.0119,0,,
16018402702,2022-11-15T13:50:00,SODIUM,87.1,mg/L,0.1671,0,,
16018402702,2022-11-15T13:50:00,SOLIDS; SUSPENDED,1.74,mg/L,0.0741,0,,
16018402702,2022-11-15T13:50:00,STRONTIUM,932.0,µg/L,0.5806,0,,
16018402702,2022-11-15T13:50:00,TIN,9.0,µg/L,0.0119,0,,
16018402702,2022-11-15T13:50:00,TITANIUM,0.5,µg/L,0.0301,0,,
16018402702,2022-11-15T13:50:00,URANIUM,9.86,µg/L,0.0751,0,,
16018402702,2022-11-15T13:50:00,VANADIUM,0.5,µg/L,0.0167,0,,
16018402702,2022-11-15T13:50:00,ZINC,12.4,µg/L,0.1531,0,,
16018402702,2022-11-15T13:50:00,ZIRCONIUM,1.0,µg/L,0.0048,0,,
16018402702,2023-04-03T13:48:00,ALKALINITY,144.3,mg/L as CaCO3,0.4511,0,,
16018402702,2023-04-03T13:48:00,ALUMINUM,954.0,µg/L,0.8207,1,"delta, zscore, rolling_std_7","6.30, 3.87, 3.75"
16018402702,2023-04-03T13:48:00,BARIUM,37.7,µg/L,0.2163,0,,
16018402702,2023-04-03T13:48:00,BERYLLIUM,0.19,µg/L,0.2463,0,,
16018402702,2023-04-03T13:48:00,BISMUTH,5.0,µg/L,0.1237,0,,
16018402702,2023-04-03T13:48:00,CADMIUM,0.9,µg/L,0.1273,0,,
16018402702,2023-04-03T13:48:00,CALCIUM,59.3,mg/L,0.3177,0,,
16018402702,2023-04-03T13:48:00,CARBON; DISSOLVED INORGANIC,36.5,mg/L,0.2754,0,,
16018402702,2023-04-03T13:48:00,CARBON; DISSOLVED ORGANIC,7.03,mg/L,0.1728,0,,
16018402702,2023-04-03T13:48:00,CHLORIDE,31.6,mg/L,0.468,0,,
16018402702,2023-04-03T13:48:00,CHROMIUM,1.21,µg/L,0.1964,0,,
16018402702,2023-04-03T13:48:00,COBALT,1.0,µg/L,0.1318,0,,
16018402702,2023-04-03T13:48:00,CONDUCTIVITY,461.0,µS/cm,0.7715,1,"delta, rolling_mean_7, rolling_mean_30","-4.04, 3.76, 3.68"
16018402702,2023-04-03T13:48:00,COPPER,4.28,µg/L,0.1786,0,,
16018402702,2023-04-03T13:48:00,HARDNESS,215.0,mg/L,0.5371,0,,
16018402702,2023-04-03T13:48:00,IRON,719.0,µg/L,0.7702,1,"delta, zscore, rolling_std_7","4.55, 3.67, 2.61"
16018402702,2023-04-03T13:48:00,LEAD,7.0,µg/L,0.1234,0,,
16018402702,2023-04-03T13:48:00,LITHIUM,5.0,µg/L,0.1274,0,,
16018402702,2023-04-03T13:48:00,MAGNESIUM,16.2,mg/L,0.2928,0,,
16018402702,2023-04-03T13:48:00,MANGANESE,71.5,µg/L,0.4042,0,,
16018402702,2023-04-03T13:48:00,MOLYBDENUM,2.0,µg/L,0.125,0,,
16018402702,2023-04-03T13:48:00,NICKEL,2.0,µg/L,0.1335,0,,
16018402702,2023-04-03T13:48:00,NITRATE,4.84,mg/L,0.1367,0,,
16018402702,2023-04-03T13:48:00,NITROGEN; AMMONIA+AMMONIUM,0.19,mg/L,0.2218,0,,
16018402702,2023-04-03T13:48:00,NITROGEN; NITRATE+NITRITE,4.9,mg/L,0.137,0,,
16018402702,2023-04-03T13:48:00,NITROGEN; NITRITE,0.063,mg/L,0.1873,0,,
16018402702,2023-04-03T13:48:00,NITROGEN; TOTAL,6.01,mg/L,0.1372,0,,
16018402702,2023-04-03T13:48:00,PH,8.16,,0.1396,0,,
16018402702,2023-04-03T13:48:00,PHOSPHORUS; PHOSPHATE,0.138,mg/L,0.2405,0,,
16018402702,2023-04-03T13:48:00,PHOSPHORUS; TOTAL,251.0,µg/L,0.5902,1,"zscore, time_gap_days, delta","3.82, 2.45, 1.61"
16018402702,2023-04-03T13:48:00,POTASSIUM,2.84,mg/L,0.1694,0,,
16018402702,2023-04-03T13:48:00,SILICON; REACTIVE SILICATE,2.59,mg/L,0.1573,0,,
16018402702,2023-04-03T13:48:00,SILVER,9.0,µg/L,0.1306,0,,
16018402702,2023-04-03T13:48:00,SODIUM,19.6,mg/L,0.3974,0,,
16018402702,2023-04-03T13:48:00,SOLIDS; SUSPENDED,112.0,mg/L,0.4682,0,,
16018402702,2023-04-03T13:48:00,STRONTIUM,167.0,µg/L,0.7411,1,"delta, rolling_mean_7, rolling_std_7","-5.13, 2.77, 2.54"
16018402702,2023-04-03T13:48:00,TIN,9.0,µg/L,0.1306,0,,
16018402702,2023-04-03T13:48:00,TITANIUM,5.02,µg/L,0.1646,0,,
16018402702,2023-04-03T13:48:00,URANIUM,3.0,µg/L,0.1693,0,,
16018402702,2023-04-03T13:48:00,VANADIUM,1.93,µg/L,0.2127,0,,
16018402702,2023-04-03T13:48:00,ZINC,18.2,µg/L,0.2944,0,,
16018402702,2023-05-10T14:38:00,ALKALINITY,202.3,mg/L as CaCO3,0.3589,0,,
16018402702,2023-05-10T14:38:00,ALUMINUM,64.7,µg/L,0.7432,1,"delta, rate_of_change, rolling_std_7","-5.97, -4.69, 3.75"
16018402702,2023-05-10T14:38:00,BARIUM,34.0,µg/L,0.1972,0,,
16018402702,2023-05-10T14:38:00,BERYLLIUM,0.1,µg/L,0.0663,0,,
16018402702,2023-05-10T14:38:00,BISMUTH,5.0,µg/L,0.0638,0,,
16018402702,2023-05-10T14:38:00,CADMIUM,1.04,µg/L,0.0697,0,,
16018402702,2023-05-10T14:38:00,CALCIUM,71.9,mg/L,0.1999,0,,
16018402702,2023-05-10T14:38:00,CARBON; DISSOLVED INORGANIC,51.1,mg/L,0.1926,0,,
16018402702,2023-05-10T14:38:00,CARBON; DISSOLVED ORGANIC,5.93,mg/L,0.0781,0,,
16018402702,2023-05-10T14:38:00,CHLORIDE,66.7,mg/L,0.3151,0,,
16018402702,2023-05-10T14:38:00,CHROMIUM,1.0,µg/L,0.0648,0,,
16018402702,2023-05-10T14:38:00,COBALT,1.0,µg/L,0.0636,0,,
16018402702,2023-05-10T14:38:00,CONDUCTIVITY,708.0,µS/cm,0.6762,1,"rolling_mean_7, rolling_mean_30, rolling_mean_14","3.66, 3.65, 3.62"
16018402702,2023-05-10T14:38:00,COPPER,1.84,µg/L,0.0837,0,,
16018402702,2023-05-10T14:38:00,HARDNESS,277.0,mg/L,0.4178,0,,
16018402702,2023-05-10T14:38:00,LEAD,7.0,µg/L,0.0638,0,,
16018402702,2023-05-10T14:38:00,LITHIUM,5.0,µg/L,0.0642,0,,
16018402702,2023-05-10T14:38:00,MAGNESIUM,23.7,mg/L,0.1361,0,,
16018402702,2023-05-10T14:38:00,MANGANESE,12.7,µg/L,0.2953,0,,
16018402702,2023-05-10T14:38:00,MOLYBDENUM,2.0,µg/L,0.0615,0,,
16018402702,2023-05-10T14:38:00,NICKEL,2.0,µg/L,0.0638,0,,
16018402702,2023-05-10T14:38:00,NITRATE,4.45,mg/L,0.0713,0,,
16018402702,2023-05-10T14:38:00,NITROGEN; AMMONIA+AMMONIUM,0.02,mg/L,0.0734,0,,
16018402702,2023-05-10T14:38:00,NITROGEN; NITRATE+NITRITE,4.47,mg/L,0.0702,0,,
16018402702,2023-05-10T14:38:00,NITROGEN; NITRITE,0.018,mg/L,0.0647,0,,
16018402702,2023-05-10T14:38:00,NITROGEN; TOTAL,5.27,mg/L,0.0695,0,,
16018402702,2023-05-10T14:38:00,PH,8.39,,0.0863,0,,
16018402702,2023-05-10T14:38:00,PHOSPHORUS; PHOSPHATE,0.006,mg/L,0.0665,0,,
16018402702,2023-05-10T14:38:00,PHOSPHORUS; TOTAL,24.7,µg/L,0.4942,0,,
16018402702,2023-05-10T14:38:00,POTASSIUM,2.68,mg/L,0.1086,0,,
16018402702,2023-05-10T14:38:00,SILICON; REACTIVE SILICATE,0.149,mg/L,0.1223,0,,
16018402702,2023-05-10T14:38:00,SILVER,9.0,µg/L,0.0674,0,,
16018402702,2023-05-10T14:38:00,SODIUM,43.6,mg/L,0.2393,0,,
16018402702,2023-05-10T14:38:00,SOLIDS; SUSPENDED,9.82,mg/L,0.3718,0,,
16018402702,2023-05-10T14:38:00,STRONTIUM,359.0,µg/L,0.6764,1,"rolling_std_7, rolling_mean_7, rolling_mean_14","2.81, 2.61, 2.41"
16018402702,2023-05-10T14:38:00,TIN,9.0,µg/L,0.0674,0,,
16018402702,2023-05-10T14:38:00,TITANIUM,2.19,µg/L,0.0844,0,,
16018402702,2023-05-10T14:38:00,URANIUM,3.0,µg/L,0.0788,0,,
16018402702,2023-05-10T14:38:00,VANADIUM,0.5,µg/L,0.085,0,,
16018402702,2023-05-10T14:38:00,ZINC,11.7,µg/L,0.2274,0,,
16018402702,2023-05-10T14:38:00,ZIRCONIUM,1.0,µg/L,0.1541,0,,
16018402702,2023-06-13T12:35:00,ALKALINITY,160.9,mg/L as CaCO3,0.2689,0,,
16018402702,2023-06-13T12:35:00,ALUMINUM,84.0,µg/L,0.5883,1,"rolling_std_7, rolling_std_14, rolling_std_30","3.73, 2.97, 2.78"
16018402702,2023-06-13T12:35:00,BARIUM,39.3,µg/L,0.0746,0,,
16018402702,2023-06-13T12:35:00,BERYLLIUM,0.1,µg/L,0.0057,0,,
16018402702,2023-06-13T12:35:00,BISMUTH,5.0,µg/L,0.0073,0,,
16018402702,2023-06-13T12:35:00,CADMIUM,0.9,µg/L,0.0057,0,,
16018402702,2023-06-13T12:35:00,CALCIUM,63.2,mg/L,0.1258,0,,
16018402702,2023-06-13T12:35:00,CARBON; DISSOLVED INORGANIC,40.0,mg/L,0.1035,0,,
16018402702,2023-06-13T12:35:00,CARBON; DISSOLVED ORGANIC,5.31,mg/L,0.0115,0,,
16018402702,2023-06-13T12:35:00,CHLORIDE,121.0,mg/L,0.2482,0,,
16018402702,2023-06-13T12:35:00,CHROMIUM,1.0,µg/L,0.0047,0,,
16018402702,2023-06-13T12:35:00,COBALT,1.0,µg/L,0.0081,0,,
16018402702,2023-06-13T12:35:00,CONDUCTIVITY,843.0,µS/cm,0.5881,1,"rolling_mean_30, rolling_mean_7, rolling_mean_14","3.66, 3.64, 3.61"
16018402702,2023-06-13T12:35:00,COPPER,2.63,µg/L,0.0201,0,,
16018402702,2023-06-13T12:35:00,HARDNESS,249.0,mg/L,0.3143,0,,
16018402702,2023-06-13T12:35:00,IRON,130.0,µg/L,0.6649,1,"delta, rolling_std_7, rolling_std_30","-3.95, 2.58, 2.04"
16018402702,2023-06-13T12:35:00,LEAD,7.0,µg/L,0.01,0,,
16018402702,2023-06-13T12:35:00,LITHIUM,5.0,µg/L,0.0103,0,,
16018402702,2023-06-13T12:35:00,MAGNESIUM,22.2,mg/L,0.0651,0,,
16018402702,2023-06-13T12:35:00,MANGANESE,17.8,µg/L,0.1234,0,,
16018402702,2023-06-13T12:35:00,MOLYBDENUM,2.0,µg/L,0.0052,0,,
16018402702,2023-06-13T12:35:00,NICKEL,2.0,µg/L,0.0106,0,,
16018402702,2023-06-13T12:35:00,NITRATE,3.05,mg/L,0.0208,0,,
16018402702,2023-06-13T12:35:00,NITROGEN; AMMONIA+AMMONIUM,0.03,mg/L,0.0079,0,,
16018402702,2023-06-13T12:35:00,NITROGEN; NITRATE+NITRITE,3.07,mg/L,0.0195,0,,
16018402702,2023-06-13T12:35:00,NITROGEN; NITRITE,0.023,mg/L,0.0091,0,,
16018402702,2023-06-13T12:35:00,NITROGEN; TOTAL,3.65,mg/L,0.0242,0,,
16018402702,2023-06-13T12:35:00,PH,8.27,,0.0153,0,,
16018402702,2023-06-13T12:35:00,PHOSPHORUS; PHOSPHATE,0.005,mg/L,0.009,0,,
16018402702,2023-06-13T12:35:00,PHOSPHORUS; TOTAL,27.1,µg/L,0.2738,0,,
16018402702,2023-06-13T12:35:00,POTASSIUM,3.41,mg/L,0.0173,0,,
16018402702,2023-06-13T12:35:00,SILICON; REACTIVE SILICATE,1.51,mg/L,0.0235,0,,
16018402702,2023-06-13T12:35:00,SILVER,9.0,µg/L,0.0119,0,,
16018402702,2023-06-13T12:35:00,SODIUM,69.5,mg/L,0.1718,0,,
16018402702,2023-06-13T12:35:00,SOLIDS; SUSPENDED,15.6,mg/L,0.1491,0,,
16018402702,2023-06-13T12:35:00,STRONTIUM,556.0,µg/L,0.6246,1,"rolling_std_7, rolling_mean_7, rolling_mean_30","2.79, 2.52, 2.40"
16018402702,2023-06-13T12:35:00,TIN,9.0,µg/L,0.0119,0,,
16018402702,2023-06-13T12:35:00,TITANIUM,2.68,µg/L,0.021,0,,
16018402702,2023-06-13T12:35:00,URANIUM,3.0,µg/L,0.0285,0,,
16018402702,2023-06-13T12:35:00,VANADIUM,0.5,µg/L,0.0146,0,,
16018402702,2023-06-13T12:35:00,ZINC,17.2,µg/L,0.1345,0,,
16018402702,2023-06-13T12:35:00,ZIRCONIUM,1.0,µg/L,0.0048,0,,
16018402702,2023-07-06T12:00:00,ALKALINITY,177.5,mg/L as CaCO3,0.2345,0,,
16018402702,2023-07-06T12:00:00,ALUMINUM,61.4,µg/L,0.5804,0,,
16018402702,2023-07-06T12:00:00,BARIUM,44.7,µg/L,0.1169,0,,
16018402702,2023-07-06T12:00:00,BERYLLIUM,0.1,µg/L,0.0049,0,,
16018402702,2023-07-06T12:00:00,BISMUTH,5.0,µg/L,0.0046,0,,
16018402702,2023-07-06T12:00:00,CADMIUM,0.9,µg/L,0.0034,0,,
16018402702,2023-07-06T12:00:00,CALCIUM,66.7,mg/L,0.1092,0,,
16018402702,2023-07-06T12:00:00,CARBON; DISSOLVED INORGANIC,43.3,mg/L,0.0815,0,,
16018402702,2023-07-06T12:00:00,CARBON; DISSOLVED ORGANIC,5.12,mg/L,0.005,0,,
16018402702,2023-07-06T12:00:00,CHLORIDE,103.0,mg/L,0.2006,0,,
16018402702,2023-07-06T12:00:00,CHROMIUM,1.0,µg/L,0.0036,0,,
16018402702,2023-07-06T12:00:00,COBALT,1.0,µg/L,0.0063,0,,
16018402702,2023-07-06T12:00:00,CONDUCTIVITY,814.0,µS/cm,0.5477,0,,
16018402702,2023-07-06T12:00:00,COPPER,2.17,µg/L,0.0121,0,,
16018402702,2023-07-06T12:00:00,HARDNESS,268.0,mg/L,0.3053,0,,
16018402702,2023-07-06T12:00:00,IRON,114.0,µg/L,0.4945,0,,
16018402702,2023-07-06T12:00:00,LEAD,7.0,µg/L,0.0073,0,,
16018402702,2023-07-06T12:00:00,LITHIUM,5.0,µg/L,0.0077,0,,
16018402702,2023-07-06T12:00:00,MAGNESIUM,24.6,mg/L,0.0548,0,,
16018402702,2023-07-06T12:00:00,MANGANESE,17.7,µg/L,0.1175,0,,
16018402702,2023-07-06T12:00:00,MOLYBDENUM,2.0,µg/L,0.003,0,,
16018402702,2023-07-06T12:00:00,NICKEL,2.0,µg/L,0.0101,0,,
16018402702,2023-07-06T12:00:00,NITRATE,3.14,mg/L,0.0086,0,,
16018402702,2023-07-06T12:00:00,NITROGEN; AMMONIA+AMMONIUM,0.03,mg/L,0.0066,0,,
16018402702,2023-07-06T12:00:00,NITROGEN; NITRATE+NITRITE,3.16,mg/L,0.009,0,,
16018402702,2023-07-06T12:00:00,NITROGEN; NITRITE,0.019,mg/L,0.0045,0,,
16018402702,2023-07-06T12:00:00,NITROGEN; TOTAL,3.88,mg/L,0.0103,0,,
16018402702,2023-07-06T12:00:00,PH,8.33,,0.0172,0,,
16018402702,2023-07-06T12:00:00,PHOSPHORUS; PHOSPHATE,0.003,mg/L,0.0096,0,,
16018402702,2023-07-06T12:00:00,PHOSPHORUS; TOTAL,16.3,µg/L,0.2943,0,,
16018402702,2023-07-06T12:00:00,POTASSIUM,3.29,mg/L,0.0203,0,,
16018402702,2023-07-06T12:00:00,SILICON; REACTIVE SILICATE,2.63,mg/L,0.0448,0,,
16018402702,2023-07-06T12:00:00,SILVER,9.0,µg/L,0.0088,0,,
16018402702,2023-07-06T12:00:00,SODIUM,59.7,mg/L,0.1464,0,,
16018402702,2023-07-06T12:00:00,SOLIDS; SUSPENDED,12.1,mg/L,0.1546,0,,
16018402702,2023-07-06T12:00:00,STRONTIUM,622.0,µg/L,0.5763,0,,
16018402702,2023-07-06T12:00:00,TIN,9.0,µg/L,0.0088,0,,
16018402702,2023-07-06T12:00:00,TITANIUM,1.67,µg/L,0.0245,0,,
16018402702,2023-07-06T12:00:00,URANIUM,3.0,µg/L,0.0263,0,,
16018402702,2023-07-06T12:00:00,VANADIUM,0.74,µg/L,0.0058,0,,
16018402702,2023-07-06T12:00:00,ZINC,9.45,µg/L,0.1554,0,,
16018402702,2023-07-06T12:00:00,ZIRCONIUM,1.0,µg/L,0.0026,0,,
16018402702,2023-08-15T12:58:00,ALKALINITY,177.3,mg/L as CaCO3,0.3068,0,,
16018402702,2023-08-15T12:58:00,ALUMINUM,50.2,µg/L,0.6192,1,"rolling_std_7, rolling_std_14, rolling_std_30","3.71, 2.98, 2.64"
16018402702,2023-08-15T12:58:00,BARIUM,37.9,µg/L,0.1489,0,,
16018402702,2023-08-15T12:58:00,BERYLLIUM,0.1,µg/L,0.0621,0,,
16018402702,2023-08-15T12:58:00,BISMUTH,5.0,µg/L,0.0642,0,,
16018402702,2023-08-15T12:58:00,CADMIUM,0.9,µg/L,0.061,0,,
16018402702,2023-08-15T12:58:00,CALCIUM,67.8,mg/L,0.173,0,,
16018402702,2023-08-15T12:58:00,CARBON; DISSOLVED INORGANIC,42.4,mg/L,0.1447,0,,
16018402702,2023-08-15T12:58:00,CARBON; DISSOLVED ORGANIC,5.35,mg/L,0.0653,0,,
16018402702,2023-08-15T12:58:00,CHLORIDE,96.9,mg/L,0.2552,0,,
16018402702,2023-08-15T12:58:00,CHROMIUM,1.0,µg/L,0.0599,0,,
16018402702,2023-08-15T12:58:00,COBALT,1.0,µg/L,0.0619,0,,
16018402702,2023-08-15T12:58:00,CONDUCTIVITY,794.0,µS/cm,0.6095,1,"rolling_mean_14, rolling_mean_30, rolling_mean_7","3.66, 3.65, 3.58"
16018402702,2023-08-15T12:58:00,COPPER,2.57,µg/L,0.0697,0,,
16018402702,2023-08-15T12:58:00,HARDNESS,272.0,mg/L,0.3606,0,,
16018402702,2023-08-15T12:58:00,IRON,80.5,µg/L,0.5463,0,,
16018402702,2023-08-15T12:58:00,LEAD,7.0,µg/L,0.0642,0,,
16018402702,2023-08-15T12:58:00,LITHIUM,5.0,µg/L,0.0646,0,,
16018402702,2023-08-15T12:58:00,MAGNESIUM,24.9,mg/L,0.1005,0,,
16018402702,2023-08-15T12:58:00,MANGANESE,11.1,µg/L,0.1926,0,,
16018402702,2023-08-15T12:58:00,MOLYBDENUM,2.0,µg/L,0.0617,0,,
16018402702,2023-08-15T12:58:00,NICKEL,2.0,µg/L,0.0634,0,,
16018402702,2023-08-15T12:58:00,NITRATE,2.72,mg/L,0.0764,0,,
16018402702,2023-08-15T12:58:00,NITROGEN; AMMONIA+AMMONIUM,0.03,mg/L,0.0611,0,,
16018402702,2023-08-15T12:58:00,NITROGEN; NITRATE+NITRITE,2.74,mg/L,0.0764,0,,
16018402702,2023-08-15T12:58:00,NITROGEN; NITRITE,0.014,mg/L,0.0627,0,,
16018402702,2023-08-15T12:58:00,NITROGEN; TOTAL,3.52,mg/L,0.0734,0,,
16018402702,2023-08-15T12:58:00,PH,8.41,,0.0889,0,,
16018402702,2023-08-15T12:58:00,PHOSPHORUS; PHOSPHATE,0.003,mg/L,0.0644,0,,
16018402702,2023-08-15T12:58:00,PHOSPHORUS; TOTAL,27.5,µg/L,0.3268,0,,
16018402702,2023-08-15T12:58:00,POTASSIUM,3.51,mg/L,0.0633,0,,
16018402702,2023-08-15T12:58:00,SILICON; REACTIVE SILICATE,1.13,mg/L,0.0775,0,,
16018402702,2023-08-15T12:58:00,SILVER,9.0,µg/L,0.0679,0,,
16018402702,2023-08-15T12:58:00,SODIUM,58.0,mg/L,0.1846,0,,
16018402702,2023-08-15T12:58:00,SOLIDS; SUSPENDED,7.11,mg/L,0.2172,0,,
16018402702,2023-08-15T12:58:00,STRONTIUM,555.0,µg/L,0.6004,1,"rolling_std_7, rolling_mean_14, rolling_mean_30","2.74, 2.43, 2.41"
16018402702,2023-08-15T12:58:00,TIN,9.0,µg/L,0.0679,0,,
16018402702,2023-08-15T12:58:00,TITANIUM,1.91,µg/L,0.0723,0,,
16018402702,2023-08-15T12:58:00,URANIUM,3.0,µg/L,0.0748,0,,
16018402702,2023-08-15T12:58:00,VANADIUM,0.5,µg/L,0.0702,0,,
16018402702,2023-08-15T12:58:00,ZINC,11.2,µg/L,0.1814,0,,
16018402702,2023-08-15T12:58:00,ZIRCONIUM,1.0,µg/L,0.0618,0,,
16018402702,2023-09-12T13:21:00,ALKALINITY,176.7,mg/L as CaCO3,0.1984,0,,
16018402702,2023-09-12T13:21:00,ALUMINUM,40.8,µg/L,0.5817,0,,
16018402702,2023-09-12T13:21:00,BARIUM,37.1,µg/L,0.0703,0,,
16018402702,2023-09-12T13:21:00,BERYLLIUM,0.1,µg/L,0.0028,0,,
16018402702,2023-09-12T13:21:00,BISMUTH,5.0,µg/L,0.0035,0,,
16018402702,2023-09-12T13:21:00,CADMIUM,0.9,µg/L,0.001,0,,
16018402702,2023-09-12T13:21:00,CALCIUM,65.7,mg/L,0.1039,0,,
16018402702,2023-09-12T13:21:00,CARBON; DISSOLVED INORGANIC,42.8,mg/L,0.0703,0,,
16018402702,2023-09-12T13:21:00,CARBON; DISSOLVED ORGANIC,4.81,mg/L,0.005,0,,
16018402702,2023-09-12T13:21:00,CHLORIDE,107.0,mg/L,0.1707,0,,
16018402702,2023-09-12T13:21:00,CHROMIUM,1.0,µg/L,0.0013,0,,
16018402702,2023-09-12T13:21:00,COBALT,1.0,µg/L,0.0038,0,,
16018402702,2023-09-12T13:21:00,CONDUCTIVITY,821.0,µS/cm,0.5279,0,,
16018402702,2023-09-12T13:21:00,COPPER,3.14,µg/L,0.0242,0,,
16018402702,2023-09-12T13:21:00,HARDNESS,269.0,mg/L,0.2707,0,,
16018402702,2023-09-12T13:21:00,IRON,76.4,µg/L,0.4924,0,,
16018402702,2023-09-12T13:21:00,LEAD,7.0,µg/L,0.0061,0,,
16018402702,2023-09-12T13:21:00,LITHIUM,5.0,µg/L,0.0037,0,,
16018402702,2023-09-12T13:21:00,MAGNESIUM,25.5,mg/L,0.0496,0,,
16018402702,2023-09-12T13:21:00,MANGANESE,8.23,µg/L,0.125,0,,
16018402702,2023-09-12T13:21:00,MOLYBDENUM,2.0,µg/L,0.0013,0,,
16018402702,2023-09-12T13:21:00,NICKEL,2.0,µg/L,0.0053,0,,
16018402702,2023-09-12T13:21:00,NITRATE,3.33,mg/L,0.0119,0,,
16018402702,2023-09-12T13:21:00,NITROGEN; AMMONIA+AMMONIUM,0.03,mg/L,0.004,0,,
16018402702,2023-09-12T13:21:00,NITROGEN; NITRATE+NITRITE,3.34,mg/L,0.0093,0,,
16018402702,2023-09-12T13:21:00,NITROGEN; NITRITE,0.012,mg/L,0.0099,0,,
16018402702,2023-09-12T13:21:00,NITROGEN; TOTAL,3.96,mg/L,0.0063,0,,
16018402702,2023-09-12T13:21:00,PH,8.32,,0.0148,0,,
16018402702,2023-09-12T13:21:00,PHOSPHORUS; PHOSPHATE,0.004,mg/L,0.0056,0,,
16018402702,2023-09-12T13:21:00,PHOSPHORUS; TOTAL,15.5,µg/L,0.2799,0,,
16018402702,2023-09-12T13:21:00,POTASSIUM,3.72,mg/L,0.0075,0,,
16018402702,2023-09-12T13:21:00,SILICON; REACTIVE SILICATE,1.81,mg/L,0.0164,0,,
16018402702,2023-09-12T13:21:00,SILVER,9.0,µg/L,0.0087,0,,
16018402702,2023-09-12T13:21:00,SODIUM,61.4,mg/L,0.1132,0,,
16018402702,2023-09-12T13:21:00,SOLIDS; SUSPENDED,7.01,mg/L,0.1319,0,,
16018402702,2023-09-12T13:21:00,STRONTIUM,584.0,µg/L,0.5338,0,,
16018402702,2023-09-12T13:21:00,TIN,9.0,µg/L,0.0087,0,,
16018402702,2023-09-12T13:21:00,TITANIUM,1.71,µg/L,0.0168,0,,
16018402702,2023-09-12T13:21:00,URANIUM,3.0,µg/L,0.023,0,,
16018402702,2023-09-12T13:21:00,VANADIUM,0.5,µg/L,0.0106,0,,
16018402702,2023-09-12T13:21:00,ZINC,13.8,µg/L,0.1129,0,,
16018402702,2023-09-12T13:21:00,ZIRCONIUM,1.0,µg/L,0.0009,0,,
16018402702,2023-10-12T12:41:00,ALKALINITY,217.3,mg/L as CaCO3,0.2752,0,,
16018402702,2023-10-12T12:41:00,ALUMINUM,32.1,µg/L,0.577,0,,
16018402702,2023-10-12T12:41:00,BARIUM,36.3,µg/L,0.0762,0,,
16018402702,2023-10-12T12:41:00,BERYLLIUM,0.1,µg/L,0.0052,0,,
16018402702,2023-10-12T12:41:00,BISMUTH,5.0,µg/L,0.0055,0,,
16018402702,2023-10-12T12:41:00,CADMIUM,0.9,µg/L,0.0034,0,,
16018402702,2023-10-12T12:41:00,CALCIUM,72.6,mg/L,0.112,0,,
16018402702,2023-10-12T12:41:00,CARBON; DISSOLVED INORGANIC,45.8,mg/L,0.0771,0,,
16018402702,2023-10-12T12:41:00,CARBON; DISSOLVED ORGANIC,4.82,mg/L,0.0062,0,,
16018402702,2023-10-12T12:41:00,CHLORIDE,111.0,mg/L,0.1488,0,,
16018402702,2023-10-12T12:41:00,CHROMIUM,1.0,µg/L,0.0036,0,,
16018402702,2023-10-12T12:41:00,COBALT,1.0,µg/L,0.0062,0,,
16018402702,2023-10-12T12:41:00,CONDUCTIVITY,852.0,µS/cm,0.5246,0,,
16018402702,2023-10-12T12:41:00,COPPER,1.61,µg/L,0.0256,0,,
16018402702,2023-10-12T12:41:00,HARDNESS,290.0,mg/L,0.2828,0,,
16018402702,2023-10-12T12:41:00,IRON,56.9,µg/L,0.4948,0,,
16018402702,2023-10-12T12:41:00,LEAD,7.0,µg/L,0.0082,0,,
16018402702,2023-10-12T12:41:00,LITHIUM,5.0,µg/L,0.006,0,,
16018402702,2023-10-12T12:41:00,MAGNESIUM,26.4,mg/L,0.0544,0,,
16018402702,2023-10-12T12:41:00,MANGANESE,4.15,µg/L,0.1322,0,,
16018402702,2023-10-12T12:41:00,MOLYBDENUM,2.0,µg/L,0.0034,0,,
16018402702,2023-10-12T12:41:00,NICKEL,2.0,µg/L,0.007,0,,
16018402702,2023-10-12T12:41:00,NITRATE,3.03,mg/L,0.0134,0,,
16018402702,2023-10-12T12:41:00,NITROGEN; AMMONIA+AMMONIUM,0.02,mg/L,0.013,0,,
16018402702,2023-10-12T12:41:00,NITROGEN; NITRATE+NITRITE,3.04,mg/L,0.0134,0,,
16018402702,2023-10-12T12:41:00,NITROGEN; NITRITE,0.01,mg/L,0.0158,0,,
16018402702,2023-10-12T12:41:00,NITROGEN; TOTAL,3.71,mg/L,0.0144,0,,
16018402702,2023-10-12T12:41:00,PH,8.44,,0.0411,0,,
16018402702,2023-10-12T12:41:00,PHOSPHORUS; PHOSPHATE,0.005,mg/L,0.0068,0,,
16018402702,2023-10-12T12:41:00,PHOSPHORUS; TOTAL,10.4,µg/L,0.2789,0,,
16018402702,2023-10-12T12:41:00,POTASSIUM,4.02,mg/L,0.0112,0,,
16018402702,2023-10-12T12:41:00,SILICON; REACTIVE SILICATE,1.24,mg/L,0.0111,0,,
16018402702,2023-10-12T12:41:00,SILVER,9.0,µg/L,0.0105,0,,
16018402702,2023-10-12T12:41:00,SODIUM,64.7,mg/L,0.111,0,,
16018402702,2023-10-12T12:41:00,SOLIDS; SUSPENDED,2.25,mg/L,0.1564,0,,
16018402702,2023-10-12T12:41:00,STRONTIUM,659.0,µg/L,0.5276,0,,
16018402702,2023-10-12T12:41:00,TIN,9.0,µg/L,0.0105,0,,
16018402702,2023-10-12T12:41:00,TITANIUM,0.66,µg/L,0.0293,0,,
16018402702,2023-10-12T12:41:00,URANIUM,3.0,µg/L,0.0257,0,,
16018402702,2023-10-12T12:41:00,VANADIUM,0.5,µg/L,0.013,0,,
16018402702,2023-10-12T12:41:00,ZINC,8.53,µg/L,0.1315,0,,
16018402702,2023-10-12T12:41:00,ZIRCONIUM,1.0,µg/L,0.003,0,,
16018402702,2023-11-14T13:35:00,ALKALINITY,274.6,mg/L as CaCO3,0.355,0,,
16018402702,2023-11-14T13:35:00,ALUMINUM,96.8,µg/L,0.5105,0,,
16018402702,2023-11-14T13:35:00,BARIUM,38.3,µg/L,0.0634,0,,
16018402702,2023-11-14T13:35:00,BERYLLIUM,0.1,µg/L,0.0049,0,,
16018402702,2023-11-14T13:35:00,BISMUTH,5.0,µg/L,0.0065,0,,
16018402702,2023-11-14T13:35:00,CADMIUM,1.17,µg/L,0.0373,0,,
16018402702,2023-11-14T13:35:00,CALCIUM,79.5,mg/L,0.1238,0,,
16018402702,2023-11-14T13:35:00,CARBON; DISSOLVED INORGANIC,53.1,mg/L,0.1067,0,,
16018402702,2023-11-14T13:35:00,CARBON; DISSOLVED ORGANIC,5.37,mg/L,0.0128,0,,
16018402702,2023-11-14T13:35:00,CHLORIDE,94.1,mg/L,0.1729,0,,
16018402702,2023-11-14T13:35:00,CHROMIUM,1.0,µg/L,0.0034,0,,
16018402702,2023-11-14T13:35:00,COBALT,1.0,µg/L,0.005,0,,
16018402702,2023-11-14T13:35:00,CONDUCTIVITY,878.0,µS/cm,0.5477,0,,
16018402702,2023-11-14T13:35:00,COPPER,2.04,µg/L,0.0078,0,,
16018402702,2023-11-14T13:35:00,HARDNESS,310.0,mg/L,0.3011,0,,
16018402702,2023-11-14T13:35:00,IRON,120.0,µg/L,0.5224,0,,
16018402702,2023-11-14T13:35:00,LEAD,7.0,µg/L,0.0092,0,,
16018402702,2023-11-14T13:35:00,LITHIUM,5.0,µg/L,0.0058,0,,
16018402702,2023-11-14T13:35:00,MAGNESIUM,27.1,mg/L,0.0631,0,,
16018402702,2023-11-14T13:35:00,MANGANESE,5.32,µg/L,0.0924,0,,
16018402702,2023-11-14T13:35:00,MOLYBDENUM,2.0,µg/L,0.0044,0,,
16018402702,2023-11-14T13:35:00,NICKEL,2.0,µg/L,0.006,0,,
16018402702,2023-11-14T13:35:00,NITRATE,5.76,mg/L,0.0632,0,,
16018402702,2023-11-14T13:35:00,NITROGEN; AMMONIA+AMMONIUM,0.02,mg/L,0.0121,0,,
16018402702,2023-11-14T13:35:00,NITROGEN; NITRATE+NITRITE,5.77,mg/L,0.063,0,,
16018402702,2023-11-14T13:35:00,NITROGEN; NITRITE,0.015,mg/L,0.006,0,,
16018402702,2023-11-14T13:35:00,PH,8.38,,0.0247,0,,
16018402702,2023-11-14T13:35:00,PHOSPHORUS; PHOSPHATE,0.009,mg/L,0.0049,0,,
16018402702,2023-11-14T13:35:00,PHOSPHORUS; TOTAL,23.7,µg/L,0.2221,0,,
16018402702,2023-11-14T13:35:00,POTASSIUM,4.59,mg/L,0.0403,0,,
16018402702,2023-11-14T13:35:00,SILICON; REACTIVE SILICATE,2.35,mg/L,0.0341,0,,
16018402702,2023-11-14T13:35:00,SILVER,9.0,µg/L,0.0111,0,,
16018402702,2023-11-14T13:35:00,SODIUM,54.2,mg/L,0.1191,0,,
16018402702,2023-11-14T13:35:00,SOLIDS; SUSPENDED,5.07,mg/L,0.1099,0,,
16018402702,2023-11-14T13:35:00,STRONTIUM,571.0,µg/L,0.5323,0,,
16018402702,2023-11-14T13:35:00,TIN,9.0,µg/L,0.0111,0,,
16018402702,2023-11-14T13:35:00,TITANIUM,2.24,µg/L,0.0265,0,,
16018402702,2023-11-14T13:35:00,URANIUM,3.0,µg/L,0.0254,0,,
16018402702,2023-11-14T13:35:00,VANADIUM,0.5,µg/L,0.0103,0,,
16018402702,2023-11-14T13:35:00,ZINC,9.15,µg/L,0.1157,0,,
16018402702,2023-11-14T13:35:00,ZIRCONIUM,1.0,µg/L,0.004,0,,
16018402702,2024-04-10T13:25:00,ALKALINITY,224.9,mg/L as CaCO3,0.4215,0,,
16018402702,2024-04-10T13:25:00,ALUMINUM,59.9,µg/L,0.5673,0,,
16018402702,2024-04-10T13:25:00,BARIUM,34.2,µg/L,0.2491,0,,
16018402702,2024-04-10T13:25:00,BERYLLIUM,0.1,µg/L,0.1291,0,,
16018402702,2024-04-10T13:25:00,BISMUTH,5.0,µg/L,0.128,0,,
16018402702,2024-04-10T13:25:00,CADMIUM,0.9,µg/L,0.1311,0,,
16018402702,2024-04-10T13:25:00,CALCIUM,75.8,mg/L,0.2528,0,,
16018402702,2024-04-10T13:25:00,CARBON; DISSOLVED INORGANIC,52.4,mg/L,0.241,0,,
16018402702,2024-04-10T13:25:00,CARBON; DISSOLVED ORGANIC,5.42,mg/L,0.1322,0,,
16018402702,2024-04-10T13:25:00,CHLORIDE,72.7,mg/L,0.3484,0,,
16018402702,2024-04-10T13:25:00,CHROMIUM,1.0,µg/L,0.1266,0,,
16018402702,2024-04-10T13:25:00,COBALT,1.0,µg/L,0.1312,0,,
16018402702,2024-04-10T13:25:00,CONDUCTIVITY,764.0,µS/cm,0.6754,1,"rolling_mean_14, rolling_mean_7, rolling_mean_30","3.71, 3.67, 3.67"
16018402702,2024-04-10T13:25:00,COPPER,2.18,µg/L,0.1337,0,,
16018402702,2024-04-10T13:25:00,HARDNESS,286.0,mg/L,0.44,0,,
16018402702,2024-04-10T13:25:00,IRON,77.3,µg/L,0.5149,0,,
16018402702,2024-04-10T13:25:00,LEAD,7.0,µg/L,0.1277,0,,
16018402702,2024-04-10T13:25:00,LITHIUM,5.0,µg/L,0.1257,0,,
16018402702,2024-04-10T13:25:00,MAGNESIUM,23.5,mg/L,0.1854,0,,
16018402702,2024-04-10T13:25:00,MANGANESE,8.8,µg/L,0.2187,0,,
16018402702,2024-04-10T13:25:00,MOLYBDENUM,2.0,µg/L,0.1308,0,,
16018402702,2024-04-10T13:25:00,NICKEL,2.0,µg/L,0.1328,0,,
16018402702,2024-04-10T13:25:00,NITRATE,4.75,mg/L,0.1428,0,,
16018402702,2024-04-10T13:25:00,NITROGEN; AMMONIA+AMMONIUM,0.02,mg/L,0.1336,0,,
16018402702,2024-04-10T13:25:00,NITROGEN; NITRATE+NITRITE,4.8,mg/L,0.142,0,,
16018402702,2024-04-10T13:25:00,NITROGEN; NITRITE,0.052,mg/L,0.1679,0,,
16018402702,2024-04-10T13:25:00,NITROGEN; TOTAL,5.42,mg/L,0.1683,0,,
16018402702,2024-04-10T13:25:00,PH,8.51,,0.1676,0,,
16018402702,2024-04-10T13:25:00,PHOSPHORUS; PHOSPHATE,0.005,mg/L,0.1257,0,,
16018402702,2024-04-10T13:25:00,PHOSPHORUS; TOTAL,30.7,µg/L,0.3461,0,,
16018402702,2024-04-10T13:25:00,POTASSIUM,2.63,mg/L,0.1816,0,,
16018402702,2024-04-10T13:25:00,SILICON; REACTIVE SILICATE,0.11,mg/L,0.1849,0,,
16018402702,2024-04-10T13:25:00,SILVER,9.0,µg/L,0.1347,0,,
16018402702,2024-04-10T13:25:00,SODIUM,42.2,mg/L,0.2793,0,,
16018402702,2024-04-10T13:25:00,SOLIDS; SUSPENDED,7.31,mg/L,0.235,0,,
16018402702,2024-04-10T13:25:00,STRONTIUM,417.0,µg/L,0.6426,1,"time_gap_days, rolling_mean_14, rolling_mean_30","2.67, 2.53, 2.41"
16018402702,2024-04-10T13:25:00,TIN,9.0,µg/L,0.1347,0,,
16018402702,2024-04-10T13:25:00,TITANIUM,2.27,µg/L,0.1424,0,,
16018402702,2024-04-10T13:25:00,URANIUM,3.31,µg/L,0.1443,0,,
16018402702,2024-04-10T13:25:00,VANADIUM,0.5,µg/L,0.1357,0,,
16018402702,2024-04-10T13:25:00,ZINC,6.9,µg/L,0.2556,0,,
16018402702,2024-04-10T13:25:00,ZIRCONIUM,1.0,µg/L,0.1307,0,,
16018402702,2024-05-14T11:35:00,ALKALINITY,220.6,mg/L as CaCO3,0.2406,0,,
16018402702,2024-05-14T11:35:00,ALUMINUM,55.9,µg/L,0.44,0,,
16018402702,2024-05-14T11:35:00,BARIUM,37.8,µg/L,0.0682,0,,
16018402702,2024-05-14T11:35:00,BERYLLIUM,0.1,µg/L,0.0057,0,,
16018402702,2024-05-14T11:35:00,BISMUTH,5.0,µg/L,0.0073,0,,
16018402702,2024-05-14T11:35:00,CADMIUM,0.9,µg/L,0.006,0,,
16018402702,2024-05-14T11:35:00,CALCIUM,71.1,mg/L,0.106,0,,
16018402702,2024-05-14T11:35:00,CHLORIDE,86.3,mg/L,0.1714,0,,
16018402702,2024-05-14T11:35:00,CHROMIUM,1.0,µg/L,0.0036,0,,
16018402702,2024-05-14T11:35:00,COBALT,1.0,µg/L,0.006,0,,
16018402702,2024-05-14T11:35:00,CONDUCTIVITY,770.0,µS/cm,0.5337,0,,
16018402702,2024-05-14T11:35:00,COPPER,1.93,µg/L,0.0066,0,,
16018402702,2024-05-14T11:35:00,HARDNESS,283.0,mg/L,0.2731,0,,
16018402702,2024-05-14T11:35:00,IRON,66.1,µg/L,0.3976,0,,
16018402702,2024-05-14T11:35:00,LEAD,7.0,µg/L,0.01,0,,
16018402702,2024-05-14T11:35:00,LITHIUM,5.0,µg/L,0.0071,0,,
16018402702,2024-05-14T11:35:00,MAGNESIUM,25.7,mg/L,0.0567,0,,
16018402702,2024-05-14T11:35:00,MANGANESE,5.32,µg/L,0.0936,0,,
16018402702,2024-05-14T11:35:00,MOLYBDENUM,2.0,µg/L,0.0052,0,,
16018402702,2024-05-14T11:35:00,NICKEL,2.0,µg/L,0.0072,0,,
16018402702,2024-05-14T11:35:00,NITRATE,4.37,mg/L,0.0145,0,,
16018402702,2024-05-14T11:35:00,NITROGEN; AMMONIA+AMMONIUM,0.05,mg/L,0.0119,0,,
16018402702,2024-05-14T11:35:00,NITROGEN; NITRATE+NITRITE,4.39,mg/L,0.0138,0,,
16018402702,2024-05-14T11:35:00,NITROGEN; NITRITE,0.02,mg/L,0.0086,0,,
16018402702,2024-05-14T11:35:00,NITROGEN; TOTAL,4.64,mg/L,0.0065,0,,
16018402702,2024-05-14T11:35:00,PH,8.4,,0.0284,0,,
16018402702,2024-05-14T11:35:00,PHOSPHORUS; PHOSPHATE,0.005,mg/L,0.0079,0,,
16018402702,2024-05-14T11:35:00,PHOSPHORUS; TOTAL,19.1,µg/L,0.2298,0,,
16018402702,2024-05-14T11:35:00,POTASSIUM,2.94,mg/L,0.0305,0,,
16018402702,2024-05-14T11:35:00,SILVER,9.0,µg/L,0.0119,0,,
16018402702,2024-05-14T11:35:00,SODIUM,51.7,mg/L,0.1181,0,,
16018402702,2024-05-14T11:35:00,SOLIDS; SUSPENDED,5.74,mg/L,0.1022,0,,
16018402702,2024-05-14T11:35:00,STRONTIUM,484.0,µg/L,0.5357,0,,
16018402702,2024-05-14T11:35:00,TIN,9.0,µg/L,0.0119,0,,
16018402702,2024-05-14T11:35:00,TITANIUM,2.46,µg/L,0.0187,0,,
16018402702,2024-05-14T11:35:00,URANIUM,3.0,µg/L,0.026,0,,
16018402702,2024-05-14T11:35:00,VANADIUM,0.5,µg/L,0.0097,0,,
16018402702,2024-05-14T11:35:00,ZINC,5.08,µg/L,0.1131,0,,
16018402702,2024-05-14T11:35:00,ZIRCONIUM,1.0,µg/L,0.0048,0,,
16018402702,2024-06-10T12:05:00,ALKALINITY,204.8,mg/L as CaCO3,0.2326,0,,
16018402702,2024-06-10T12:05:00,ALUMINUM,58.8,µg/L,0.4321,0,,
16018402702,2024-06-10T12:05:00,BARIUM,38.3,µg/L,0.0581,0,,
16018402702,2024-06-10T12:05:00,BERYLLIUM,0.1,µg/L,0.0035,0,,
16018402702,2024-06-10T12:05:00,BISMUTH,5.0,µg/L,0.0041,0,,
16018402702,2024-06-10T12:05:00,CADMIUM,0.9,µg/L,0.0037,0,,
16018402702,2024-06-10T12:05:00,CALCIUM,76.2,mg/L,0.1053,0,,
16018402702,2024-06-10T12:05:00,CARBON; DISSOLVED INORGANIC,48.2,mg/L,0.1662,0,,
16018402702,2024-06-10T12:05:00,CARBON; DISSOLVED ORGANIC,5.29,mg/L,0.0698,0,,
16018402702,2024-06-10T12:05:00,CHLORIDE,99.7,mg/L,0.1607,0,,
16018402702,2024-06-10T12:05:00,CHROMIUM,1.0,µg/L,0.0008,0,,
16018402702,2024-06-10T12:05:00,COBALT,1.0,µg/L,0.0033,0,,
16018402702,2024-06-10T12:05:00,CONDUCTIVITY,743.0,µS/cm,0.54,0,,
16018402702,2024-06-10T12:05:00,COPPER,3.24,µg/L,0.032,0,,
16018402702,2024-06-10T12:05:00,HARDNESS,293.0,mg/L,0.2791,0,,
16018402702,2024-06-10T12:05:00,IRON,90.5,µg/L,0.4061,0,,
16018402702,2024-06-10T12:05:00,LEAD,7.0,µg/L,0.0068,0,,
16018402702,2024-06-10T12:05:00,LITHIUM,5.0,µg/L,0.0043,0,,
16018402702,2024-06-10T12:05:00,MAGNESIUM,24.9,mg/L,0.043,0,,
16018402702,2024-06-10T12:05:00,MANGANESE,7.83,µg/L,0.0863,0,,
16018402702,2024-06-10T12:05:00,MOLYBDENUM,2.0,µg/L,0.002,0,,
16018402702,2024-06-10T12:05:00,NICKEL,2.67,µg/L,0.0112,0,,
16018402702,2024-06-10T12:05:00,NITRATE,3.88,mg/L,0.0082,0,,
16018402702,2024-06-10T12:05:00,NITROGEN; AMMONIA+AMMONIUM,0.03,mg/L,0.0034,0,,
16018402702,2024-06-10T12:05:00,NITROGEN; NITRATE+NITRITE,3.9,mg/L,0.0082,0,,
16018402702,2024-06-10T12:05:00,NITROGEN; NITRITE,0.013,mg/L,0.0091,0,,
16018402702,2024-06-10T12:05:00,NITROGEN; TOTAL,4.53,mg/L,0.004,0,,
16018402702,2024-06-10T12:05:00,PH,8.34,,0.0154,0,,
16018402702,2024-06-10T12:05:00,PHOSPHORUS; PHOSPHATE,0.006,mg/L,0.0046,0,,
16018402702,2024-06-10T12:05:00,PHOSPHORUS; TOTAL,26.2,µg/L,0.2039,0,,
16018402702,2024-06-10T12:05:00,POTASSIUM,3.24,mg/L,0.0165,0,,
16018402702,2024-06-10T12:05:00,SILICON; REACTIVE SILICATE,1.15,mg/L,0.0742,0,,
16018402702,2024-06-10T12:05:00,SILVER,9.0,µg/L,0.0094,0,,
16018402702,2024-06-10T12:05:00,SODIUM,58.6,mg/L,0.11,0,,
16018402702,2024-06-10T12:05:00,SOLIDS; SUSPENDED,7.0,mg/L,0.0996,0,,
16018402702,2024-06-10T12:05:00,STRONTIUM,519.0,µg/L,0.5176,0,,
16018402702,2024-06-10T12:05:00,TIN,9.0,µg/L,0.0094,0,,
16018402702,2024-06-10T12:05:00,TITANIUM,2.51,µg/L,0.0162,0,,
16018402702,2024-06-10T12:05:00,URANIUM,3.0,µg/L,0.0239,0,,
16018402702,2024-06-10T12:05:00,VANADIUM,0.5,µg/L,0.0055,0,,
16018402702,2024-06-10T12:05:00,ZINC,6.61,µg/L,0.1058,0,,
16018402702,2024-06-10T12:05:00,ZIRCONIUM,1.0,µg/L,0.0016,0,,
16018402702,2024-07-02T11:45:00,ALKALINITY,190.8,mg/L as CaCO3,0.2312,0,,
16018402702,2024-07-02T11:45:00,ALUMINUM,73.5,µg/L,0.459,0,,
16018402702,2024-07-02T11:45:00,BARIUM,38.1,µg/L,0.0594,0,,
16018402702,2024-07-02T11:45:00,BERYLLIUM,0.1,µg/L,0.0058,0,,
16018402702,2024-07-02T11:45:00,BISMUTH,5.0,µg/L,0.0055,0,,
16018402702,2024-07-02T11:45:00,CADMIUM,0.9,µg/L,0.0063,0,,
16018402702,2024-07-02T11:45:00,CALCIUM,67.3,mg/L,0.1238,0,,
16018402702,2024-07-02T11:45:00,CARBON; DISSOLVED INORGANIC,46.9,mg/L,0.0783,0,,
16018402702,2024-07-02T11:45:00,CARBON; DISSOLVED ORGANIC,5.17,mg/L,0.0066,0,,
16018402702,2024-07-02T11:45:00,CHLORIDE,96.2,mg/L,0.1452,0,,
16018402702,2024-07-02T11:45:00,CHROMIUM,1.0,µg/L,0.0035,0,,
16018402702,2024-07-02T11:45:00,COBALT,1.0,µg/L,0.0059,0,,
16018402702,2024-07-02T11:45:00,CONDUCTIVITY,788.0,µS/cm,0.5555,0,,
16018402702,2024-07-02T11:45:00,COPPER,2.79,µg/L,0.0129,0,,
16018402702,2024-07-02T11:45:00,HARDNESS,273.0,mg/L,0.3019,0,,
16018402702,2024-07-02T11:45:00,IRON,133.0,µg/L,0.4399,0,,
16018402702,2024-07-02T11:45:00,LEAD,7.0,µg/L,0.0082,0,,
16018402702,2024-07-02T11:45:00,LITHIUM,5.0,µg/L,0.0056,0,,
16018402702,2024-07-02T11:45:00,MAGNESIUM,25.4,mg/L,0.0507,0,,
16018402702,2024-07-02T11:45:00,MANGANESE,10.5,µg/L,0.0846,0,,
16018402702,2024-07-02T11:45:00,MOLYBDENUM,2.0,µg/L,0.0039,0,,
16018402702,2024-07-02T11:45:00,NICKEL,2.0,µg/L,0.0099,0,,
16018402702,2024-07-02T11:45:00,NITRATE,3.21,mg/L,0.0086,0,,
16018402702,2024-07-02T11:45:00,NITROGEN; AMMONIA+AMMONIUM,0.03,mg/L,0.0058,0,,
16018402702,2024-07-02T11:45:00,NITROGEN; NITRATE+NITRITE,3.22,mg/L,0.0094,0,,
16018402702,2024-07-02T11:45:00,NITROGEN; NITRITE,0.012,mg/L,0.014,0,,
16018402702,2024-07-02T11:45:00,NITROGEN; TOTAL,3.7,mg/L,0.0178,0,,
16018402702,2024-07-02T11:45:00,PH,8.4,,0.024,0,,
16018402702,2024-07-02T11:45:00,PHOSPHORUS; PHOSPHATE,0.008,mg/L,0.0058,0,,
16018402702,2024-07-02T11:45:00,PHOSPHORUS; TOTAL,22.3,µg/L,0.2115,0,,
16018402702,2024-07-02T11:45:00,POTASSIUM,3.32,mg/L,0.013,0,,
16018402702,2024-07-02T11:45:00,SILICON; REACTIVE SILICATE,2.32,mg/L,0.0352,0,,
16018402702,2024-07-02T11:45:00,SILVER,9.0,µg/L,0.0098,0,,
16018402702,2024-07-02T11:45:00,SODIUM,57.4,mg/L,0.1046,0,,
16018402702,2024-07-02T11:45:00,SOLIDS; SUSPENDED,9.08,mg/L,0.1096,0,,
16018402702,2024-07-02T11:45:00,STRONTIUM,544.0,µg/L,0.5164,0,,
16018402702,2024-07-02T11:45:00,TIN,9.0,µg/L,0.0098,0,,
16018402702,2024-07-02T11:45:00,TITANIUM,1.38,µg/L,0.0331,0,,
16018402702,2024-07-02T11:45:00,URANIUM,3.0,µg/L,0.0228,0,,
16018402702,2024-07-02T11:45:00,VANADIUM,0.5,µg/L,0.0087,0,,
16018402702,2024-07-02T11:45:00,ZINC,8.11,µg/L,0.0961,0,,
16018402702,2024-07-02T11:45:00,ZIRCONIUM,1.0,µg/L,0.0035,0,,
16018402702,2024-08-07T12:00:00,ALKALINITY,193.3,mg/L as CaCO3,0.3053,0,,
16018402702,2024-08-07T12:00:00,ALUMINUM,79.3,µg/L,0.472,0,,
16018402702,2024-08-07T12:00:00,BARIUM,39.6,µg/L,0.1305,0,,
16018402702,2024-08-07T12:00:00,BERYLLIUM,0.1,µg/L,0.0619,0,,
16018402702,2024-08-07T12:00:00,BISMUTH,5.0,µg/L,0.0637,0,,
16018402702,2024-08-07T12:00:00,CADMIUM,0.9,µg/L,0.0612,0,,
16018402702,2024-08-07T12:00:00,CALCIUM,67.6,mg/L,0.1751,0,,
16018402702,2024-08-07T12:00:00,CARBON; DISSOLVED INORGANIC,47.8,mg/L,0.1509,0,,
16018402702,2024-08-07T12:00:00,CARBON; DISSOLVED ORGANIC,5.31,mg/L,0.0672,0,,
16018402702,2024-08-07T12:00:00,CHLORIDE,92.7,mg/L,0.2234,0,,
16018402702,2024-08-07T12:00:00,CHROMIUM,1.0,µg/L,0.0586,0,,
16018402702,2024-08-07T12:00:00,COBALT,1.0,µg/L,0.0605,0,,
16018402702,2024-08-07T12:00:00,CONDUCTIVITY,746.0,µS/cm,0.5877,1,"rolling_mean_30, rolling_mean_14, rolling_mean_7","3.63, 3.53, 3.51"
16018402702,2024-08-07T12:00:00,COPPER,2.71,µg/L,0.0695,0,,
16018402702,2024-08-07T12:00:00,HARDNESS,273.0,mg/L,0.357,0,,
16018402702,2024-08-07T12:00:00,IRON,130.0,µg/L,0.439,0,,
16018402702,2024-08-07T12:00:00,LEAD,7.0,µg/L,0.0637,0,,
16018402702,2024-08-07T12:00:00,LITHIUM,5.0,µg/L,0.0615,0,,
16018402702,2024-08-07T12:00:00,MAGNESIUM,25.4,mg/L,0.1043,0,,
16018402702,2024-08-07T12:00:00,MANGANESE,8.55,µg/L,0.1414,0,,
16018402702,2024-08-07T12:00:00,MOLYBDENUM,2.0,µg/L,0.0614,0,,
16018402702,2024-08-07T12:00:00,NICKEL,2.0,µg/L,0.0618,0,,
16018402702,2024-08-07T12:00:00,NITRATE,2.99,mg/L,0.0689,0,,
16018402702,2024-08-07T12:00:00,NITROGEN; AMMONIA+AMMONIUM,0.05,mg/L,0.0648,0,,
16018402702,2024-08-07T12:00:00,NITROGEN; NITRATE+NITRITE,3.01,mg/L,0.0689,0,,
16018402702,2024-08-07T12:00:00,NITROGEN; NITRITE,0.012,mg/L,0.0659,0,,
16018402702,2024-08-07T12:00:00,NITROGEN; TOTAL,3.38,mg/L,0.0749,0,,
16018402702,2024-08-07T12:00:00,PH,8.48,,0.0973,0,,
16018402702,2024-08-07T12:00:00,PHOSPHORUS; PHOSPHATE,0.006,mg/L,0.0603,0,,
16018402702,2024-08-07T12:00:00,PHOSPHORUS; TOTAL,4.5,µg/L,0.3043,0,,
16018402702,2024-08-07T12:00:00,POTASSIUM,4.06,mg/L,0.0717,0,,
16018402702,2024-08-07T12:00:00,SILICON; REACTIVE SILICATE,0.759,mg/L,0.0883,0,,
16018402702,2024-08-07T12:00:00,SILVER,9.0,µg/L,0.0673,0,,
16018402702,2024-08-07T12:00:00,SODIUM,56.7,mg/L,0.1656,0,,
16018402702,2024-08-07T12:00:00,SOLIDS; SUSPENDED,13.7,mg/L,0.1777,0,,
16018402702,2024-08-07T12:00:00,STRONTIUM,524.0,µg/L,0.5344,0,,
16018402702,2024-08-07T12:00:00,TIN,9.0,µg/L,0.0673,0,,
16018402702,2024-08-07T12:00:00,TITANIUM,3.19,µg/L,0.0874,0,,
16018402702,2024-08-07T12:00:00,URANIUM,3.0,µg/L,0.0711,0,,
16018402702,2024-08-07T12:00:00,VANADIUM,0.5,µg/L,0.0625,0,,
16018402702,2024-08-07T12:00:00,ZINC,5.27,µg/L,0.1659,0,,
16018402702,2024-08-07T12:00:00,ZIRCONIUM,1.0,µg/L,0.0622,0,,
16018402702,2024-09-03T11:40:00,ALKALINITY,175.3,mg/L as CaCO3,0.2392,0,,
16018402702,2024-09-03T11:40:00,ALUMINUM,61.9,µg/L,0.4426,0,,
16018402702,2024-09-03T11:40:00,BARIUM,38.0,µg/L,0.0584,0,,
16018402702,2024-09-03T11:40:00,BERYLLIUM,0.1,µg/L,0.0035,0,,
16018402702,2024-09-03T11:40:00,BISMUTH,5.0,µg/L,0.0041,0,,
16018402702,2024-09-03T11:40:00,CADMIUM,0.9,µg/L,0.0037,0,,
16018402702,2024-09-03T11:40:00,CALCIUM,67.3,mg/L,0.0939,0,,
16018402702,2024-09-03T11:40:00,CARBON; DISSOLVED INORGANIC,43.7,mg/L,0.092,0,,
16018402702,2024-09-03T11:40:00,CARBON; DISSOLVED ORGANIC,5.39,mg/L,0.0087,0,,
16018402702,2024-09-03T11:40:00,CHLORIDE,100.0,mg/L,0.1417,0,,
16018402702,2024-09-03T11:40:00,CHROMIUM,1.0,µg/L,0.0004,0,,
16018402702,2024-09-03T11:40:00,COBALT,1.0,µg/L,0.0033,0,,
16018402702,2024-09-03T11:40:00,CONDUCTIVITY,801.0,µS/cm,0.5171,0,,
16018402702,2024-09-03T11:40:00,COPPER,2.17,µg/L,0.006,0,,
16018402702,2024-09-03T11:40:00,HARDNESS,267.0,mg/L,0.2736,0,,
16018402702,2024-09-03T11:40:00,IRON,110.0,µg/L,0.393,0,,
16018402702,2024-09-03T11:40:00,LEAD,7.0,µg/L,0.0068,0,,
16018402702,2024-09-03T11:40:00,LITHIUM,5.0,µg/L,0.0053,0,,
16018402702,2024-09-03T11:40:00,MAGNESIUM,24.0,mg/L,0.0475,0,,
16018402702,2024-09-03T11:40:00,MANGANESE,10.2,µg/L,0.0776,0,,
16018402702,2024-09-03T11:40:00,MOLYBDENUM,2.0,µg/L,0.002,0,,
16018402702,2024-09-03T11:40:00,NICKEL,2.29,µg/L,0.0041,0,,
16018402702,2024-09-03T11:40:00,NITRATE,2.3,mg/L,0.0237,0,,
16018402702,2024-09-03T11:40:00,NITROGEN; AMMONIA+AMMONIUM,0.03,mg/L,0.0035,0,,
16018402702,2024-09-03T11:40:00,NITROGEN; NITRATE+NITRITE,2.32,mg/L,0.0231,0,,
16018402702,2024-09-03T11:40:00,NITROGEN; NITRITE,0.012,mg/L,0.0105,0,,
16018402702,2024-09-03T11:40:00,NITROGEN; TOTAL,2.92,mg/L,0.0299,0,,
16018402702,2024-09-03T11:40:00,PH,8.45,,0.0329,0,,
16018402702,2024-09-03T11:40:00,PHOSPHORUS; PHOSPHATE,0.009,mg/L,0.0034,0,,
16018402702,2024-09-03T11:40:00,PHOSPHORUS; TOTAL,24.7,µg/L,0.2436,0,,
16018402702,2024-09-03T11:40:00,POTASSIUM,3.61,mg/L,0.0079,0,,
16018402702,2024-09-03T11:40:00,SILICON; REACTIVE SILICATE,2.44,mg/L,0.0368,0,,
16018402702,2024-09-03T11:40:00,SILVER,9.0,µg/L,0.0094,0,,
16018402702,2024-09-03T11:40:00,SODIUM,58.9,mg/L,0.098,0,,
16018402702,2024-09-03T11:40:00,SOLIDS; SUSPENDED,8.29,mg/L,0.1072,0,,
16018402702,2024-09-03T11:40:00,STRONTIUM,604.0,µg/L,0.5003,0,,
16018402702,2024-09-03T11:40:00,TIN,9.0,µg/L,0.0094,0,,
16018402702,2024-09-03T11:40:00,TITANIUM,1.21,µg/L,0.036,0,,
16018402702,2024-09-03T11:40:00,URANIUM,3.0,µg/L,0.0163,0,,
16018402702,2024-09-03T11:40:00,VANADIUM,0.5,µg/L,0.0054,0,,
16018402702,2024-09-03T11:40:00,ZINC,38.0,µg/L,0.1891,0,,
16018402702,2024-09-03T11:40:00,ZIRCONIUM,1.0,µg/L,0.0016,0,,
16018402702,2024-10-17T12:19:00,ALKALINITY,200.4,mg/L as CaCO3,0.3328,0,,
16018402702,2024-10-17T12:19:00,ALUMINUM,42.4,µg/L,0.3316,0,,
16018402702,2024-10-17T12:19:00,BARIUM,42.3,µg/L,0.1586,0,,
16018402702,2024-10-17T12:19:00,BERYLLIUM,0.1,µg/L,0.0612,0,,
16018402702,2024-10-17T12:19:00,BISMUTH,5.0,µg/L,0.0626,0,,
16018402702,2024-10-17T12:19:00,CADMIUM,0.9,µg/L,0.0589,0,,
16018402702,2024-10-17T12:19:00,CALCIUM,80.1,mg/L,0.222,0,,
16018402702,2024-10-17T12:19:00,CARBON; DISSOLVED INORGANIC,49.8,mg/L,0.176,0,,
16018402702,2024-10-17T12:19:00,CARBON; DISSOLVED ORGANIC,4.24,mg/L,0.0923,0,,
16018402702,2024-10-17T12:19:00,CHLORIDE,137.0,mg/L,0.3307,0,,
16018402702,2024-10-17T12:19:00,CHROMIUM,1.0,µg/L,0.0584,0,,
16018402702,2024-10-17T12:19:00,COBALT,1.0,µg/L,0.059,0,,
16018402702,2024-10-17T12:19:00,CONDUCTIVITY,946.0,µS/cm,0.6567,1,"rolling_mean_30, rolling_mean_14, rolling_mean_7","3.67, 3.61, 3.52"
16018402702,2024-10-17T12:19:00,COPPER,2.42,µg/L,0.0631,0,,
16018402702,2024-10-17T12:19:00,HARDNESS,319.0,mg/L,0.4417,0,,
16018402702,2024-10-17T12:19:00,IRON,51.2,µg/L,0.4754,0,,
16018402702,2024-10-17T12:19:00,LEAD,7.0,µg/L,0.0626,0,,
16018402702,2024-10-17T12:19:00,LITHIUM,5.0,µg/L,0.062,0,,
16018402702,2024-10-17T12:19:00,MAGNESIUM,29.0,mg/L,0.1542,0,,
16018402702,2024-10-17T12:19:00,MANGANESE,1.31,µg/L,0.1559,0,,
16018402702,2024-10-17T12:19:00,MOLYBDENUM,2.0,µg/L,0.0601,0,,
16018402702,2024-10-17T12:19:00,NICKEL,2.0,µg/L,0.0616,0,,
16018402702,2024-10-17T12:19:00,NITRATE,4.01,mg/L,0.0788,0,,
16018402702,2024-10-17T12:19:00,NITROGEN; AMMONIA+AMMONIUM,0.03,mg/L,0.0602,0,,
16018402702,2024-10-17T12:19:00,NITROGEN; NITRATE+NITRITE,4.02,mg/L,0.0777,0,,
16018402702,2024-10-17T12:19:00,NITROGEN; NITRITE,0.008,mg/L,0.0708,0,,
16018402702,2024-10-17T12:19:00,NITROGEN; TOTAL,4.68,mg/L,0.0752,0,,
16018402702,2024-10-17T12:19:00,PH,8.31,,0.0657,0,,
16018402702,2024-10-17T12:19:00,PHOSPHORUS; PHOSPHATE,0.004,mg/L,0.0602,0,,
16018402702,2024-10-17T12:19:00,PHOSPHORUS; TOTAL,12.3,µg/L,0.2191,0,,
16018402702,2024-10-17T12:19:00,POTASSIUM,4.69,mg/L,0.0984,0,,
16018402702,2024-10-17T12:19:00,SILICON; REACTIVE SILICATE,1.26,mg/L,0.0689,0,,
16018402702,2024-10-17T12:19:00,SILVER,9.0,µg/L,0.0662,0,,
16018402702,2024-10-17T12:19:00,SODIUM,81.2,mg/L,0.2469,0,,
16018402702,2024-10-17T12:19:00,SOLIDS; SUSPENDED,3.99,mg/L,0.1394,0,,
16018402702,2024-10-17T12:19:00,STRONTIUM,812.0,µg/L,0.6256,1,"rolling_mean_30, rolling_mean_14, rolling_mean_7","2.46, 2.37, 2.34"
16018402702,2024-10-17T12:19:00,SULPHATE,81.4,mg/L,0.133,0,,
16018402702,2024-10-17T12:19:00,TIN,9.0,µg/L,0.0662,0,,
16018402702,2024-10-17T12:19:00,TITANIUM,1.34,µg/L,0.0672,0,,
16018402702,2024-10-17T12:19:00,URANIUM,3.0,µg/L,0.0649,0,,
16018402702,2024-10-17T12:19:00,VANADIUM,0.5,µg/L,0.0603,0,,
16018402702,2024-10-17T12:19:00,ZINC,9.58,µg/L,0.2377,0,,
16018402702,2024-10-17T12:19:00,ZIRCONIUM,1.0,µg/L,0.0602,0,,
16018402702,2024-11-12T14:02:00,ALKALINITY,201.5,mg/L as CaCO3,0.2104,0,,
16018402702,2024-11-12T14:02:00,CARBON; DISSOLVED INORGANIC,48.4,mg/L,0.0852,0,,
16018402702,2024-11-12T14:02:00,CARBON; DISSOLVED ORGANIC,4.27,mg/L,0.0199,0,,
16018402702,2024-11-12T14:02:00,CHLORIDE,133.0,mg/L,0.1899,0,,
16018402702,2024-11-12T14:02:00,CONDUCTIVITY,967.0,µS/cm,0.5675,0,,
16018402702,2024-11-12T14:02:00,NITRATE,4.67,mg/L,0.0326,0,,
16018402702,2024-11-12T14:02:00,NITROGEN; AMMONIA+AMMONIUM,0.02,mg/L,0.0114,0,,
16018402702,2024-11-12T14:02:00,NITROGEN; NITRATE+NITRITE,4.68,mg/L,0.0301,0,,
16018402702,2024-11-12T14:02:00,NITROGEN; NITRITE,0.009,mg/L,0.0138,0,,
16018402702,2024-11-12T14:02:00,NITROGEN; TOTAL,5.07,mg/L,0.0242,0,,
16018402702,2024-11-12T14:02:00,PH,8.46,,0.0341,0,,
16018402702,2024-11-12T14:02:00,PHOSPHORUS; PHOSPHATE,0.003,mg/L,0.0055,0,,
16018402702,2024-11-12T14:02:00,PHOSPHORUS; TOTAL,8.8,µg/L,0.1479,0,,
16018402702,2024-11-12T14:02:00,SILICON; REACTIVE SILICATE,1.42,mg/L,0.0077,0,,
16018402702,2024-11-12T14:02:00,SOLIDS; SUSPENDED,4.27,mg/L,0.0652,0,,
16018403502,2019-01-15T14:58:00,"ALKALINITY, TOTAL",216.0,mg/L,0.2425,0,,
16018403502,2019-01-15T14:58:00,"ALUMINIUM, UNFILTERED TOTAL",125.0,µg/L,0.1842,0,,
16018403502,2019-01-15T14:58:00,"AMMONIUM, TOTAL   UNFIL.REAC",0.055,mg/L,0.0389,0,,
16018403502,2019-01-15T14:58:00,"BARIUM,  UNFILTERED TOTAL",33.9,µg/L,0.0725,0,,
16018403502,2019-01-15T14:58:00,"BERYLIUM,UNFILTERED TOTAL",0.0404,µg/L,0.0389,0,,
16018403502,2019-01-15T14:58:00,"BISMUTH, UNFILTERED TOTAL",3.42,µg/L,0.0402,0,,
16018403502,2019-01-15T14:58:00,"CADMIUM, UNFILTERED TOTAL",0.506,µg/L,0.0375,0,,
16018403502,2019-01-15T14:58:00,"CALCIUM, UNFILTERED TOTAL",102.0,mg/L,0.1674,0,,
16018403502,2019-01-15T14:58:00,"CHLORIDE,         UNFIL.REAC",93.4,mg/L,0.1547,0,,
16018403502,2019-01-15T14:58:00,"CHROMIUM, UNFILTERED TOTAL",0.965,µg/L,0.0368,0,,
16018403502,2019-01-15T14:58:00,"COBALT,   UNFILTERED TOTAL",0.153,µg/L,0.0389,0,,
16018403502,2019-01-15T14:58:00,"CONDUCTIVITY, 25C",902.0,MICRO SIEMENS PER CENTIMETER,0.5896,1,"rolling_mean_30, rolling_mean_14, rolling_mean_7","4.11, 4.10, 4.06"
16018403502,2019-01-15T14:58:00,"CONDUCTIVITY, AMBIENT",961.0,MICROMHOS/CM (CONDUCTIVITY),0.5991,1,"rolling_mean_30, rolling_mean_14, rolling_mean_7","4.41, 4.40, 4.35"
16018403502,2019-01-15T14:58:00,"COPPER,   UNFILTERED TOTAL",1.47,µg/L,0.0375,0,,
16018403502,2019-01-15T14:58:00,DISSOLVED OXYGEN,15.66,mg/L,0.0569,0,,
16018403502,2019-01-15T14:58:00,"HARDNESS,   TOTAL",351.0,mg/L,0.3619,0,,
16018403502,2019-01-15T14:58:00,"IRON,     UNFILTERED TOTAL",164.0,µg/L,0.2029,0,,
16018403502,2019-01-15T14:58:00,"LEAD,     UNFILTERED TOTAL",-5.62,µg/L,0.0757,0,,
16018403502,2019-01-15T14:58:00,"MAGNESIUM,UNFILTERED TOTAL",23.3,mg/L,0.0669,0,,
16018403502,2019-01-15T14:58:00,"MANGANESE,UNFILTERED TOTAL",14.0,µg/L,0.0545,0,,
16018403502,2019-01-15T14:58:00,"MERCURY,  UNFILTERED TOTAL",5.0,NANOGRAM PER LITER,0.0379,0,,
16018403502,2019-01-15T14:58:00,"MOLYBDENUM,UNFILTERED TOTAL",0.317,µg/L,0.0385,0,,
16018403502,2019-01-15T14:58:00,"NICKEL,   UNFILTERED TOTAL",0.201,µg/L,0.0389,0,,
16018403502,2019-01-15T14:58:00,"NITRATES TOTAL,   UNFIL.REAC",5.76,mg/L,0.0388,0,,
16018403502,2019-01-15T14:58:00,"NITRITE,  UNFILTERED REACTIVE",0.087,mg/L,0.0386,0,,
16018403502,2019-01-15T14:58:00,NITROGEN; TOTAL,6.09,mg/L,0.0396,0,,
16018403502,2019-01-15T14:58:00,PH (-LOG H+ CONCN),8.51,NO DIMENSION/SCALE,0.0419,0,,
16018403502,2019-01-15T14:58:00,PH FIELD,8.37,NO DIMENSION/SCALE,0.0419,0,,
16018403502,2019-01-15T14:58:00,"PHOSPHATE,FILTERED REACTIVE",0.0164,mg/L,0.0388,0,,
16018403502,2019-01-15T14:58:00,"PHOSPHORUS,UNFILTERED TOTAL",30.6,µg/L,0.0706,0,,
16018403502,2019-01-15T14:58:00,"POTASSIUM,UNFILTERED TOTAL",3.02,mg/L,0.039,0,,
16018403502,2019-01-15T14:58:00,"RESIDUE,PARTICULATE",5.9,mg/L,0.0399,0,,
16018403502,2019-01-15T14:58:00,"SILVER,   UNFILTERED TOTAL",0.311,µg/L,0.0385,0,,
16018403502,2019-01-15T14:58:00,"SODIUM,   UNFILTERED TOTAL",54.1,mg/L,0.1067,0,,
16018403502,2019-01-15T14:58:00,STREAM CONDITION,8.0,NO DIMENSION/SCALE,0.0417,0,,
16018403502,2019-01-15T14:58:00,"STRONTIUM, UNFILTERED TOTAL",690.0,µg/L,0.4946,0,,
16018403502,2019-01-15T14:58:00,"TEMPERATURE, WATER",0.9,DEGREES CELSIUS,0.0368,0,,
16018403502,2019-01-15T14:58:00,"TITANIUM,  UNFILTERED TOTAL",3.5,µg/L,0.0402,0,,
16018403502,2019-01-15T14:58:00,"URANIUM,   UNFILTERED TOTAL",5.77,µg/L,0.0388,0,,
16018403502,2019-01-15T14:58:00,"VANADIUM,  UNFILTERED TOTAL",0.609,µg/L,0.0375,0,,
16018403502,2019-01-15T14:58:00,"ZINC,  UNFILTERED TOTAL",17.8,µg/L,0.0611,0,,
16018403502,2019-01-15T14:58:00,"ZIRCONIUM,  UNFILTERED TOTAL",-0.121,µg/L,0.0433,0,,
16018403502,2019-02-04T15:21:00,"ALKALINITY, TOTAL",206.0,mg/L,0.2347,0,,
16018403502,2019-02-04T15:21:00,"ALUMINIUM, UNFILTERED TOTAL",137.0,µg/L,0.1776,0,,
16018403502,2019-02-04T15:21:00,"AMMONIUM, TOTAL   UNFIL.REAC",0.221,mg/L,0.0185,0,,
16018403502,2019-02-04T15:21:00,"BARIUM,  UNFILTERED TOTAL",35.5,µg/L,0.0648,0,,
16018403502,2019-02-04T15:21:00,"BERYLIUM,UNFILTERED TOTAL",0.088,µg/L,0.0207,0,,
16018403502,2019-02-04T15:21:00,"BISMUTH, UNFILTERED TOTAL",1.4,µg/L,0.035,0,,
16018403502,2019-02-04T15:21:00,"CADMIUM, UNFILTERED TOTAL",0.549,µg/L,0.0177,0,,
16018403502,2019-02-04T15:21:00,"CALCIUM, UNFILTERED TOTAL",102.0,mg/L,0.1306,0,,
16018403502,2019-02-04T15:21:00,"CHLORIDE,         UNFIL.REAC",129.0,mg/L,0.2442,0,,
16018403502,2019-02-04T15:21:00,"CHROMIUM, UNFILTERED TOTAL",1.32,µg/L,0.0162,0,,
16018403502,2019-02-04T15:21:00,"COBALT,   UNFILTERED TOTAL",0.353,µg/L,0.0189,0,,
16018403502,2019-02-04T15:21:00,"CONDUCTIVITY, 25C",971.0,MICRO SIEMENS PER CENTIMETER,0.6281,1,"rolling_mean_30, rolling_mean_14, rolling_mean_7","4.29, 4.28, 4.23"
16018403502,2019-02-04T15:21:00,"CONDUCTIVITY, AMBIENT",1029.0,MICROMHOS/CM (CONDUCTIVITY),0.6458,1,"rolling_mean_30, rolling_mean_14, rolling_mean_7","4.58, 4.57, 4.52"
16018403502,2019-02-04T15:21:00,"COPPER,   UNFILTERED TOTAL",4.67,µg/L,0.0446,0,,
16018403502,2019-02-04T15:21:00,DISSOLVED OXYGEN,12.13,mg/L,0.0589,0,,
16018403502,2019-02-04T15:21:00,"HARDNESS,   TOTAL",341.0,mg/L,0.3316,0,,
16018403502,2019-02-04T15:21:00,"IRON,     UNFILTERED TOTAL",176.0,µg/L,0.1953,0,,
16018403502,2019-02-04T15:21:00,"LEAD,     UNFILTERED TOTAL",-3.54,µg/L,0.0815,0,,
16018403502,2019-02-04T15:21:00,"LITHIUM,  UNFILTERED TOTAL",10.5,µg/L,0.0465,0,,
16018403502,2019-02-04T15:21:00,"MAGNESIUM,UNFILTERED TOTAL",20.9,mg/L,0.069,0,,
16018403502,2019-02-04T15:21:00,"MANGANESE,UNFILTERED TOTAL",18.1,µg/L,0.0624,0,,
16018403502,2019-02-04T15:21:00,"MERCURY,  UNFILTERED TOTAL",5.0,NANOGRAM PER LITER,0.0055,0,,
16018403502,2019-02-04T15:21:00,"MOLYBDENUM,UNFILTERED TOTAL",0.742,µg/L,0.0182,0,,
16018403502,2019-02-04T15:21:00,"NICKEL,   UNFILTERED TOTAL",-0.945,µg/L,0.0431,0,,
16018403502,2019-02-04T15:21:00,"NITRATES TOTAL,   UNFIL.REAC",5.23,mg/L,0.0199,0,,
16018403502,2019-02-04T15:21:00,"NITRITE,  UNFILTERED REACTIVE",0.059,mg/L,0.0189,0,,
16018403502,2019-02-04T15:21:00,NITROGEN; TOTAL,9.42,mg/L,0.0461,0,,
16018403502,2019-02-04T15:21:00,PH (-LOG H+ CONCN),8.18,NO DIMENSION/SCALE,0.0235,0,,
16018403502,2019-02-04T15:21:00,PH FIELD,8.55,NO DIMENSION/SCALE,0.0221,0,,
16018403502,2019-02-04T15:21:00,"PHOSPHATE,FILTERED REACTIVE",0.0227,mg/L,0.0157,0,,
16018403502,2019-02-04T15:21:00,"PHOSPHORUS,UNFILTERED TOTAL",42.1,µg/L,0.1125,0,,
16018403502,2019-02-04T15:21:00,"POTASSIUM,UNFILTERED TOTAL",4.13,mg/L,0.0268,0,,
16018403502,2019-02-04T15:21:00,"RESIDUE,PARTICULATE",8.1,mg/L,0.0377,0,,
16018403502,2019-02-04T15:21:00,"SILVER,   UNFILTERED TOTAL",4.16,µg/L,0.0539,0,,
16018403502,2019-02-04T15:21:00,"SODIUM,   UNFILTERED TOTAL",70.5,mg/L,0.1574,0,,
16018403502,2019-02-04T15:21:00,STREAM CONDITION,3.0,NO DIMENSION/SCALE,0.0657,0,,
16018403502,2019-02-04T15:21:00,"STRONTIUM, UNFILTERED TOTAL",794.0,µg/L,0.5441,0,,
16018403502,2019-02-04T15:21:00,"TEMPERATURE, WATER",4.6,DEGREES CELSIUS,0.0501,0,,
16018403502,2019-02-04T15:21:00,"TITANIUM,  UNFILTERED TOTAL",5.86,µg/L,0.0325,0,,
16018403502,2019-02-04T15:21:00,"URANIUM,   UNFILTERED TOTAL",0.868,µg/L,0.0673,0,,
16018403502,2019-02-04T15:21:00,"VANADIUM,  UNFILTERED TOTAL",0.428,µg/L,0.0254,0,,
16018403502,2019-02-04T15:21:00,"ZINC,  UNFILTERED TOTAL",21.9,µg/L,0.0665,0,,
16018403502,2019-02-04T15:21:00,"ZIRCONIUM,  UNFILTERED TOTAL",-0.0417,µg/L,0.025,0,,
16018403502,2019-03-26T13:15:00,"ALUMINIUM, UNFILTERED TOTAL",282.0,µg/L,0.5163,0,,
16018403502,2019-03-26T13:15:00,"AMMONIUM, TOTAL   UNFIL.REAC",0.211,mg/L,0.0703,0,,
16018403502,2019-03-26T13:15:00,"BARIUM,  UNFILTERED TOTAL",25.9,µg/L,0.1689,0,,
16018403502,2019-03-26T13:15:00,"BERYLIUM,UNFILTERED TOTAL",0.0652,µg/L,0.0661,0,,
16018403502,2019-03-26T13:15:00,"BISMUTH, UNFILTERED TOTAL",-2.37,µg/L,0.1381,0,,
16018403502,2019-03-26T13:15:00,"CADMIUM, UNFILTERED TOTAL",0.506,µg/L,0.0708,0,,
16018403502,2019-03-26T13:15:00,"CALCIUM, UNFILTERED TOTAL",59.8,mg/L,0.3266,0,,
16018403502,2019-03-26T13:15:00,"CHROMIUM, UNFILTERED TOTAL",1.06,µg/L,0.0659,0,,
16018403502,2019-03-26T13:15:00,"COBALT,   UNFILTERED TOTAL",0.214,µg/L,0.0704,0,,
16018403502,2019-03-26T13:15:00,"COPPER,   UNFILTERED TOTAL",2.24,µg/L,0.0839,0,,
16018403502,2019-03-26T13:15:00,"HARDNESS,   TOTAL",207.0,mg/L,0.5318,0,,
16018403502,2019-03-26T13:15:00,"IRON,     UNFILTERED TOTAL",215.0,µg/L,0.3504,0,,
16018403502,2019-03-26T13:15:00,"LEAD,     UNFILTERED TOTAL",-6.05,µg/L,0.1418,0,,
16018403502,2019-03-26T13:15:00,"LITHIUM,  UNFILTERED TOTAL",0.165,µg/L,0.1466,0,,
16018403502,2019-03-26T13:15:00,"MAGNESIUM,UNFILTERED TOTAL",14.0,mg/L,0.1563,0,,
16018403502,2019-03-26T13:15:00,"MANGANESE,UNFILTERED TOTAL",21.8,µg/L,0.1297,0,,
16018403502,2019-03-26T13:15:00,"MOLYBDENUM,UNFILTERED TOTAL",0.325,µg/L,0.0748,0,,
16018403502,2019-03-26T13:15:00,"NICKEL,   UNFILTERED TOTAL",-0.607,µg/L,0.0743,0,,
16018403502,2019-03-26T13:15:00,"NITRATES TOTAL,   UNFIL.REAC",2.54,mg/L,0.1092,0,,
16018403502,2019-03-26T13:15:00,"NITRITE,  UNFILTERED REACTIVE",0.031,mg/L,0.0828,0,,
16018403502,2019-03-26T13:15:00,NITROGEN; TOTAL,3.05,mg/L,0.1169,0,,
16018403502,2019-03-26T13:15:00,"PHOSPHATE,FILTERED REACTIVE",0.0671,mg/L,0.0811,0,,
16018403502,2019-03-26T13:15:00,"POTASSIUM,UNFILTERED TOTAL",3.47,mg/L,0.0672,0,,
16018403502,2019-03-26T13:15:00,"SILVER,   UNFILTERED TOTAL",-0.141,µg/L,0.1165,0,,
16018403502,2019-03-26T13:15:00,"SODIUM,   UNFILTERED TOTAL",29.1,mg/L,0.281,0,,
16018403502,2019-03-26T13:15:00,"STRONTIUM, UNFILTERED TOTAL",362.0,µg/L,0.7139,1,"delta, rolling_std_30, rolling_std_14","-2.90, 2.83, 2.77"
16018403502,2019-03-26T13:15:00,TIN       UNFILTERED TOTAL,0.276,µg/L,0.0389,0,,
16018403502,2019-03-26T13:15:00,"TITANIUM,  UNFILTERED TOTAL",9.66,µg/L,0.1071,0,,
16018403502,2019-03-26T13:15:00,"URANIUM,   UNFILTERED TOTAL",4.42,µg/L,0.0887,0,,
16018403502,2019-03-26T13:15:00,"VANADIUM,  UNFILTERED TOTAL",0.864,µg/L,0.0826,0,,
16018403502,2019-03-26T13:15:00,"ZINC,  UNFILTERED TOTAL",12.6,µg/L,0.1522,0,,
16018403502,2019-03-26T13:15:00,"ZIRCONIUM,  UNFILTERED TOTAL",0.202,µg/L,0.0865,0,,
16018403502,2019-04-08T12:20:00,"ALKALINITY, TOTAL",181.0,mg/L,0.3554,0,,
16018403502,2019-04-08T12:20:00,"ALUMINIUM, UNFILTERED TOTAL",224.0,µg/L,0.4032,0,,
16018403502,2019-04-08T12:20:00,"AMMONIUM, TOTAL   UNFIL.REAC",0.108,mg/L,0.0276,0,,
16018403502,2019-04-08T12:20:00,"BARIUM,  UNFILTERED TOTAL",26.6,µg/L,0.0775,0,,
16018403502,2019-04-08T12:20:00,"BERYLIUM,UNFILTERED TOTAL",0.0311,µg/L,0.0333,0,,
16018403502,2019-04-08T12:20:00,"BISMUTH, UNFILTERED TOTAL",-4.82,µg/L,0.095,0,,
16018403502,2019-04-08T12:20:00,"CADMIUM, UNFILTERED TOTAL",1.45,µg/L,0.0688,0,,
16018403502,2019-04-08T12:20:00,"CALCIUM, UNFILTERED TOTAL",73.9,mg/L,0.1945,0,,
16018403502,2019-04-08T12:20:00,"CHLORIDE,         UNFIL.REAC",54.0,mg/L,0.3757,0,,
16018403502,2019-04-08T12:20:00,"CHROMIUM, UNFILTERED TOTAL",0.63,µg/L,0.048,0,,
16018403502,2019-04-08T12:20:00,"COBALT,   UNFILTERED TOTAL",0.389,µg/L,0.0391,0,,
16018403502,2019-04-08T12:20:00,"CONDUCTIVITY, 25C",620.0,MICRO SIEMENS PER CENTIMETER,0.7243,1,"rolling_mean_30, rolling_mean_14, rolling_mean_7","3.75, 3.75, 3.70"
16018403502,2019-04-08T12:20:00,"CONDUCTIVITY, AMBIENT",641.0,MICROMHOS/CM (CONDUCTIVITY),0.7606,1,"rolling_mean_30, rolling_mean_14, rolling_mean_7","3.99, 3.98, 3.93"
16018403502,2019-04-08T12:20:00,"COPPER,   UNFILTERED TOTAL",2.56,µg/L,0.023,0,,
16018403502,2019-04-08T12:20:00,DISSOLVED OXYGEN,11.75,mg/L,0.1001,0,,
16018403502,2019-04-08T12:20:00,"HARDNESS,   TOTAL",257.0,mg/L,0.4311,0,,
16018403502,2019-04-08T12:20:00,"IRON,     UNFILTERED TOTAL",301.0,µg/L,0.4642,0,,
16018403502,2019-04-08T12:20:00,"LEAD,     UNFILTERED TOTAL",-5.01,µg/L,0.0778,0,,
16018403502,2019-04-08T12:20:00,"LITHIUM,  UNFILTERED TOTAL",3.51,µg/L,0.0629,0,,
16018403502,2019-04-08T12:20:00,"MAGNESIUM,UNFILTERED TOTAL",17.6,mg/L,0.0752,0,,
16018403502,2019-04-08T12:20:00,"MANGANESE,UNFILTERED TOTAL",24.8,µg/L,0.102,0,,
16018403502,2019-04-08T12:20:00,"MERCURY,  UNFILTERED TOTAL",5.0,NANOGRAM PER LITER,0.0712,0,,
16018403502,2019-04-08T12:20:00,"MOLYBDENUM,UNFILTERED TOTAL",-0.708,µg/L,0.0646,0,,
16018403502,2019-04-08T12:20:00,"NICKEL,   UNFILTERED TOTAL",0.531,µg/L,0.0721,0,,
16018403502,2019-04-08T12:20:00,"NITRATES TOTAL,   UNFIL.REAC",3.43,mg/L,0.035,0,,
16018403502,2019-04-08T12:20:00,"NITRITE,  UNFILTERED REACTIVE",0.032,mg/L,0.0263,0,,
16018403502,2019-04-08T12:20:00,NITROGEN; TOTAL,3.47,mg/L,0.0422,0,,
16018403502,2019-04-08T12:20:00,PH (-LOG H+ CONCN),8.27,NO DIMENSION/SCALE,0.0759,0,,
16018403502,2019-04-08T12:20:00,PH FIELD,8.3,NO DIMENSION/SCALE,0.0858,0,,
16018403502,2019-04-08T12:20:00,"PHENOLICS, UNFILERED REACTIVE",0.8,µg/L,0.0367,0,,
16018403502,2019-04-08T12:20:00,"PHOSPHATE,FILTERED REACTIVE",0.0383,mg/L,0.0203,0,,
16018403502,2019-04-08T12:20:00,"PHOSPHORUS,UNFILTERED TOTAL",77.0,µg/L,0.2913,0,,
16018403502,2019-04-08T12:20:00,"POTASSIUM,UNFILTERED TOTAL",2.92,mg/L,0.0339,0,,
16018403502,2019-04-08T12:20:00,"RESIDUE,PARTICULATE",16.9,mg/L,0.1573,0,,
16018403502,2019-04-08T12:20:00,"SILVER,   UNFILTERED TOTAL",-0.384,µg/L,0.0456,0,,
16018403502,2019-04-08T12:20:00,"SODIUM,   UNFILTERED TOTAL",31.4,mg/L,0.1253,0,,
16018403502,2019-04-08T12:20:00,STREAM CONDITION,8.0,NO DIMENSION/SCALE,0.113,0,,
16018403502,2019-04-08T12:20:00,"STRONTIUM, UNFILTERED TOTAL",447.0,µg/L,0.6131,1,"rolling_std_30, rolling_std_14, rolling_mean_30","2.51, 2.45, 2.45"
16018403502,2019-04-08T12:20:00,"TEMPERATURE, WATER",8.3,DEGREES CELSIUS,0.1125,0,,
16018403502,2019-04-08T12:20:00,TIN       UNFILTERED TOTAL,-4.93,µg/L,0.1121,0,,
16018403502,2019-04-08T12:20:00,"TITANIUM,  UNFILTERED TOTAL",2.27,µg/L,0.089,0,,
16018403502,2019-04-08T12:20:00,"URANIUM,   UNFILTERED TOTAL",-0.45,µg/L,0.0878,0,,
16018403502,2019-04-08T12:20:00,"VANADIUM,  UNFILTERED TOTAL",0.548,µg/L,0.0249,0,,
16018403502,2019-04-08T12:20:00,"ZINC,  UNFILTERED TOTAL",11.8,µg/L,0.0738,0,,
16018403502,2019-04-08T12:20:00,"ZIRCONIUM,  UNFILTERED TOTAL",0.0572,µg/L,0.0294,0,,
16018403502,2019-04-15T15:20:00,"ALKALINITY, TOTAL",172.0,mg/L,0.2656,0,,
16018403502,2019-04-15T15:20:00,"AMMONIUM, TOTAL   UNFIL.REAC",0.055,mg/L,0.0497,0,,
16018403502,2019-04-15T15:20:00,"CHLORIDE,         UNFIL.REAC",44.5,mg/L,0.2388,0,,
16018403502,2019-04-15T15:20:00,"CONDUCTIVITY, 25C",573.0,MICRO SIEMENS PER CENTIMETER,0.6183,1,"rolling_mean_30, rolling_mean_14, rolling_mean_7","3.43, 3.42, 3.38"
16018403502,2019-04-15T15:20:00,"CONDUCTIVITY, AMBIENT",585.0,MICROMHOS/CM (CONDUCTIVITY),0.6659,1,"rolling_mean_30, rolling_mean_14, rolling_mean_7","3.62, 3.61, 3.57"
16018403502,2019-04-15T15:20:00,DISSOLVED OXYGEN,11.75,mg/L,0.0593,0,,
16018403502,2019-04-15T15:20:00,"HARDNESS,   TOTAL",244.0,mg/L,0.3893,0,,
16018403502,2019-04-15T15:20:00,"MERCURY,  UNFILTERED TOTAL",7.0,NANOGRAM PER LITER,0.0954,0,,
16018403502,2019-04-15T15:20:00,"NITRATES TOTAL,   UNFIL.REAC",3.19,mg/L,0.0457,0,,
16018403502,2019-04-15T15:20:00,"NITRITE,  UNFILTERED REACTIVE",0.028,mg/L,0.041,0,,
16018403502,2019-04-15T15:20:00,NITROGEN; TOTAL,3.63,mg/L,0.0536,0,,
16018403502,2019-04-15T15:20:00,PH (-LOG H+ CONCN),8.3,NO DIMENSION/SCALE,0.0327,0,,
16018403502,2019-04-15T15:20:00,PH FIELD,8.49,NO DIMENSION/SCALE,0.0483,0,,
16018403502,2019-04-15T15:20:00,"PHENOLICS, UNFILERED REACTIVE",0.8,µg/L,0.0241,0,,
16018403502,2019-04-15T15:20:00,"PHOSPHATE,FILTERED REACTIVE",0.027,mg/L,0.028,0,,
16018403502,2019-04-15T15:20:00,"PHOSPHORUS,UNFILTERED TOTAL",172.0,µg/L,0.4828,0,,
16018403502,2019-04-15T15:20:00,"RESIDUE,PARTICULATE",87.2,mg/L,0.4148,0,,
16018403502,2019-04-15T15:20:00,STREAM CONDITION,3.0,NO DIMENSION/SCALE,0.1065,0,,
16018403502,2019-04-15T15:20:00,"TEMPERATURE, WATER",6.9,DEGREES CELSIUS,0.0745,0,,
16018403502,2019-05-16T12:10:00,"ALKALINITY, TOTAL",213.0,mg/L,0.2703,0,,
16018403502,2019-05-16T12:10:00,"AMMONIUM, TOTAL   UNFIL.REAC",0.033,mg/L,0.017,0,,
16018403502,2019-05-16T12:10:00,"CHLORIDE,         UNFIL.REAC",57.8,mg/L,0.1729,0,,
16018403502,2019-05-16T12:10:00,"CONDUCTIVITY, 25C",716.0,MICRO SIEMENS PER CENTIMETER,0.5724,0,,
16018403502,2019-05-16T12:10:00,"CONDUCTIVITY, AMBIENT",716.0,MICROMHOS/CM (CONDUCTIVITY),0.6043,1,"rolling_mean_30, rolling_mean_14, rolling_mean_7","3.53, 3.52, 3.48"
16018403502,2019-05-16T12:10:00,DISSOLVED OXYGEN,10.7,mg/L,0.0444,0,,
16018403502,2019-05-16T12:10:00,"HARDNESS,   TOTAL",317.0,mg/L,0.3926,0,,
16018403502,2019-05-16T12:10:00,"MERCURY,  UNFILTERED TOTAL",5.0,NANOGRAM PER LITER,0.0251,0,,
16018403502,2019-05-16T12:10:00,"NITRATES TOTAL,   UNFIL.REAC",3.09,mg/L,0.0157,0,,
16018403502,2019-05-16T12:10:00,"NITRITE,  UNFILTERED REACTIVE",0.022,mg/L,0.0181,0,,
16018403502,2019-05-16T12:10:00,NITROGEN; TOTAL,3.37,mg/L,0.0257,0,,
16018403502,2019-05-16T12:10:00,PH (-LOG H+ CONCN),8.36,NO DIMENSION/SCALE,0.0158,0,,
16018403502,2019-05-16T12:10:00,PH FIELD,8.56,NO DIMENSION/SCALE,0.0292,0,,
16018403502,2019-05-16T12:10:00,"PHENOLICS, UNFILERED REACTIVE",5.7,µg/L,0.0648,0,,
16018403502,2019-05-16T12:10:00,"PHOSPHATE,FILTERED REACTIVE",0.0094,mg/L,0.0207,0,,
16018403502,2019-05-16T12:10:00,"PHOSPHORUS,UNFILTERED TOTAL",85.9,µg/L,0.3341,0,,
16018403502,2019-05-16T12:10:00,"RESIDUE,PARTICULATE",40.6,mg/L,0.2377,0,,
16018403502,2019-05-16T12:10:00,STREAM CONDITION,8.0,NO DIMENSION/SCALE,0.0506,0,,
16018403502,2019-05-16T12:10:00,"TEMPERATURE, WATER",12.1,DEGREES CELSIUS,0.0781,0,,
16018403502,2019-05-27T15:00:00,"ALKALINITY, TOTAL",181.0,mg/L,0.3222,0,,
16018403502,2019-05-27T15:00:00,"AMMONIUM, TOTAL   UNFIL.REAC",0.137,mg/L,0.0328,0,,
16018403502,2019-05-27T15:00:00,"CHLORIDE,         UNFIL.REAC",72.1,mg/L,0.2118,0,,
16018403502,2019-05-27T15:00:00,"CONDUCTIVITY, 25C",704.0,MICRO SIEMENS PER CENTIMETER,0.5348,0,,
16018403502,2019-05-27T15:00:00,"CONDUCTIVITY, AMBIENT",698.0,MICROMHOS/CM (CONDUCTIVITY),0.5679,0,,
16018403502,2019-05-27T15:00:00,DISSOLVED OXYGEN,7.68,mg/L,0.1123,0,,
16018403502,2019-05-27T15:00:00,"HARDNESS,   TOTAL",271.0,mg/L,0.4129,0,,
16018403502,2019-05-27T15:00:00,"MERCURY,  UNFILTERED TOTAL",5.0,NANOGRAM PER LITER,0.0289,0,,
16018403502,2019-05-27T15:00:00,"NITRATES TOTAL,   UNFIL.REAC",2.87,mg/L,0.0395,0,,
16018403502,2019-05-27T15:00:00,"NITRITE,  UNFILTERED REACTIVE",0.049,mg/L,0.0335,0,,
16018403502,2019-05-27T15:00:00,NITROGEN; TOTAL,3.73,mg/L,0.0425,0,,
16018403502,2019-05-27T15:00:00,PH (-LOG H+ CONCN),8.27,NO DIMENSION/SCALE,0.0335,0,,
16018403502,2019-05-27T15:00:00,PH FIELD,9.15,NO DIMENSION/SCALE,0.0894,0,,
16018403502,2019-05-27T15:00:00,"PHOSPHATE,FILTERED REACTIVE",0.0403,mg/L,0.0346,0,,
16018403502,2019-05-27T15:00:00,"PHOSPHORUS,UNFILTERED TOTAL",123.0,µg/L,0.3245,0,,
16018403502,2019-05-27T15:00:00,"RESIDUE,PARTICULATE",63.7,mg/L,0.26,0,,
16018403502,2019-05-27T15:00:00,STREAM CONDITION,3.0,NO DIMENSION/SCALE,0.0933,0,,
16018403502,2019-05-27T15:00:00,"TEMPERATURE, WATER",20.9,DEGREES CELSIUS,0.1659,0,,
16018403502,2019-06-10T12:30:00,"ALKALINITY, TOTAL",205.0,mg/L,0.2702,0,,
16018403502,2019-06-10T12:30:00,"ALUMINIUM, UNFILTERED TOTAL",486.0,µg/L,0.6482,1,"zscore, delta, rolling_std_30","1.83, 1.76, 1.72"
16018403502,2019-06-10T12:30:00,"AMMONIUM, TOTAL   UNFIL.REAC",0.05,mg/L,0.0318,0,,
16018403502,2019-06-10T12:30:00,"BARIUM,  UNFILTERED TOTAL",40.6,µg/L,0.1941,0,,
16018403502,2019-06-10T12:30:00,"BERYLIUM,UNFILTERED TOTAL",-0.0112,µg/L,0.108,0,,
16018403502,2019-06-10T12:30:00,"BISMUTH, UNFILTERED TOTAL",-4.66,µg/L,0.1223,0,,
16018403502,2019-06-10T12:30:00,"CADMIUM, UNFILTERED TOTAL",0.735,µg/L,0.0769,0,,
16018403502,2019-06-10T12:30:00,"CALCIUM, UNFILTERED TOTAL",91.6,mg/L,0.2541,0,,
16018403502,2019-06-10T12:30:00,"CHLORIDE,         UNFIL.REAC",75.5,mg/L,0.1499,0,,
16018403502,2019-06-10T12:30:00,"CHROMIUM, UNFILTERED TOTAL",0.714,µg/L,0.0806,0,,
16018403502,2019-06-10T12:30:00,"COBALT,   UNFILTERED TOTAL",0.362,µg/L,0.08,0,,
16018403502,2019-06-10T12:30:00,"CONDUCTIVITY, 25C",796.0,MICRO SIEMENS PER CENTIMETER,0.5712,0,,
16018403502,2019-06-10T12:30:00,"CONDUCTIVITY, AMBIENT",797.0,MICROMHOS/CM (CONDUCTIVITY),0.584,1,"rolling_mean_30, rolling_mean_14, rolling_mean_7","3.47, 3.46, 3.42"
16018403502,2019-06-10T12:30:00,"COPPER,   UNFILTERED TOTAL",2.81,µg/L,0.0726,0,,
16018403502,2019-06-10T12:30:00,DISSOLVED OXYGEN,8.2,mg/L,0.0582,0,,
16018403502,2019-06-10T12:30:00,"HARDNESS,   TOTAL",323.0,mg/L,0.3913,0,,
16018403502,2019-06-10T12:30:00,"IRON,     UNFILTERED TOTAL",641.0,µg/L,0.6965,1,"rolling_std_30, rolling_std_14, delta","2.45, 2.40, 2.28"
16018403502,2019-06-10T12:30:00,"LEAD,     UNFILTERED TOTAL",-2.3,µg/L,0.1532,0,,
16018403502,2019-06-10T12:30:00,"LITHIUM,  UNFILTERED TOTAL",7.9,µg/L,0.1137,0,,
16018403502,2019-06-10T12:30:00,"MAGNESIUM,UNFILTERED TOTAL",23.0,mg/L,0.1461,0,,
16018403502,2019-06-10T12:30:00,"MANGANESE,UNFILTERED TOTAL",41.5,µg/L,0.2322,0,,
16018403502,2019-06-10T12:30:00,"MERCURY,  UNFILTERED TOTAL",5.0,NANOGRAM PER LITER,0.0149,0,,
16018403502,2019-06-10T12:30:00,"MOLYBDENUM,UNFILTERED TOTAL",-1.02,µg/L,0.1126,0,,
16018403502,2019-06-10T12:30:00,"NICKEL,   UNFILTERED TOTAL",1.46,µg/L,0.1098,0,,
16018403502,2019-06-10T12:30:00,"NITRATES TOTAL,   UNFIL.REAC",2.91,mg/L,0.0241,0,,
16018403502,2019-06-10T12:30:00,"NITRITE,  UNFILTERED REACTIVE",0.037,mg/L,0.0129,0,,
16018403502,2019-06-10T12:30:00,NITROGEN; TOTAL,3.1,mg/L,0.0377,0,,
16018403502,2019-06-10T12:30:00,PH (-LOG H+ CONCN),8.24,NO DIMENSION/SCALE,0.0292,0,,
16018403502,2019-06-10T12:30:00,PH FIELD,7.96,NO DIMENSION/SCALE,0.0603,0,,
16018403502,2019-06-10T12:30:00,"PHOSPHATE,FILTERED REACTIVE",0.0075,mg/L,0.0333,0,,
16018403502,2019-06-10T12:30:00,"PHOSPHORUS,UNFILTERED TOTAL",83.9,µg/L,0.3131,0,,
16018403502,2019-06-10T12:30:00,"POTASSIUM,UNFILTERED TOTAL",3.06,mg/L,0.0716,0,,
16018403502,2019-06-10T12:30:00,"RESIDUE,PARTICULATE",34.1,mg/L,0.2368,0,,
16018403502,2019-06-10T12:30:00,"SILVER,   UNFILTERED TOTAL",-0.228,µg/L,0.0854,0,,
16018403502,2019-06-10T12:30:00,"SODIUM,   UNFILTERED TOTAL",46.9,mg/L,0.2106,0,,
16018403502,2019-06-10T12:30:00,STREAM CONDITION,8.0,NO DIMENSION/SCALE,0.0698,0,,
16018403502,2019-06-10T12:30:00,"STRONTIUM, UNFILTERED TOTAL",734.0,µg/L,0.6575,1,"rolling_mean_30, rolling_mean_14, rolling_mean_7","2.61, 2.61, 2.58"
16018403502,2019-06-10T12:30:00,"TEMPERATURE, WATER",21.6,DEGREES CELSIUS,0.102,0,,
16018403502,2019-06-10T12:30:00,TIN       UNFILTERED TOTAL,-2.59,µg/L,0.1118,0,,
16018403502,2019-06-10T12:30:00,"TITANIUM,  UNFILTERED TOTAL",4.35,µg/L,0.0835,0,,
16018403502,2019-06-10T12:30:00,"URANIUM,   UNFILTERED TOTAL",1.63,µg/L,0.0896,0,,
16018403502,2019-06-10T12:30:00,"VANADIUM,  UNFILTERED TOTAL",1.06,µg/L,0.0985,0,,
16018403502,2019-06-10T12:30:00,"ZINC,  UNFILTERED TOTAL",7.2,µg/L,0.1554,0,,
16018403502,2019-06-10T12:30:00,"ZIRCONIUM,  UNFILTERED TOTAL",0.0126,µg/L,0.0758,0,,
16018403502,2019-06-24T13:35:00,"ALKALINITY, TOTAL",207.0,mg/L,0.2116,0,,
16018403502,2019-06-24T13:35:00,"ALUMINIUM, UNFILTERED TOTAL",560.0,µg/L,0.5851,1,"rolling_std_30, rolling_std_14, rolling_std_7","2.22, 2.17, 1.85"
16018403502,2019-06-24T13:35:00,"AMMONIUM, TOTAL   UNFIL.REAC",0.049,mg/L,0.0237,0,,
16018403502,2019-06-24T13:35:00,"BARIUM,  UNFILTERED TOTAL",44.7,µg/L,0.1124,0,,
16018403502,2019-06-24T13:35:00,"BERYLIUM,UNFILTERED TOTAL",-0.0626,µg/L,0.0568,0,,
16018403502,2019-06-24T13:35:00,"BISMUTH, UNFILTERED TOTAL",-5.27,µg/L,0.0755,0,,
16018403502,2019-06-24T13:35:00,"CADMIUM, UNFILTERED TOTAL",1.47,µg/L,0.0505,0,,
16018403502,2019-06-24T13:35:00,"CALCIUM, UNFILTERED TOTAL",89.0,mg/L,0.148,0,,
16018403502,2019-06-24T13:35:00,"CHLORIDE,         UNFIL.REAC",83.8,mg/L,0.1662,0,,
16018403502,2019-06-24T13:35:00,"CHROMIUM, UNFILTERED TOTAL",0.699,µg/L,0.0223,0,,
16018403502,2019-06-24T13:35:00,"COBALT,   UNFILTERED TOTAL",0.891,µg/L,0.0691,0,,
16018403502,2019-06-24T13:35:00,"CONDUCTIVITY, 25C",808.0,MICRO SIEMENS PER CENTIMETER,0.507,0,,
16018403502,2019-06-24T13:35:00,"CONDUCTIVITY, AMBIENT",833.0,MICROMHOS/CM (CONDUCTIVITY),0.541,0,,
16018403502,2019-06-24T13:35:00,"COPPER,   UNFILTERED TOTAL",2.75,µg/L,0.0155,0,,
16018403502,2019-06-24T13:35:00,DISSOLVED OXYGEN,9.06,mg/L,0.0494,0,,
16018403502,2019-06-24T13:35:00,"HARDNESS,   TOTAL",332.0,mg/L,0.3265,0,,
16018403502,2019-06-24T13:35:00,"IRON,     UNFILTERED TOTAL",660.0,µg/L,0.5997,1,"rolling_std_30, rolling_std_14, rolling_std_7","2.90, 2.84, 2.41"
16018403502,2019-06-24T13:35:00,"LEAD,     UNFILTERED TOTAL",-9.1,µg/L,0.152,0,,
16018403502,2019-06-24T13:35:00,"LITHIUM,  UNFILTERED TOTAL",8.79,µg/L,0.0536,0,,
16018403502,2019-06-24T13:35:00,"MAGNESIUM,UNFILTERED TOTAL",26.6,mg/L,0.106,0,,
16018403502,2019-06-24T13:35:00,"MANGANESE,UNFILTERED TOTAL",40.5,µg/L,0.1138,0,,
16018403502,2019-06-24T13:35:00,"MERCURY,  UNFILTERED TOTAL",5.0,NANOGRAM PER LITER,0.0153,0,,
16018403502,2019-06-24T13:35:00,"MOLYBDENUM,UNFILTERED TOTAL",-0.579,µg/L,0.0387,0,,
16018403502,2019-06-24T13:35:00,"NICKEL,   UNFILTERED TOTAL",1.02,µg/L,0.0398,0,,
16018403502,2019-06-24T13:35:00,"NITRATES TOTAL,   UNFIL.REAC",2.66,mg/L,0.0249,0,,
16018403502,2019-06-24T13:35:00,"NITRITE,  UNFILTERED REACTIVE",0.035,mg/L,0.0131,0,,
16018403502,2019-06-24T13:35:00,NITROGEN; TOTAL,3.19,mg/L,0.0272,0,,
16018403502,2019-06-24T13:35:00,PH (-LOG H+ CONCN),8.29,NO DIMENSION/SCALE,0.0178,0,,
16018403502,2019-06-24T13:35:00,PH FIELD,8.36,NO DIMENSION/SCALE,0.023,0,,
16018403502,2019-06-24T13:35:00,"PHOSPHATE,FILTERED REACTIVE",0.0162,mg/L,0.0221,0,,
16018403502,2019-06-24T13:35:00,"PHOSPHORUS,UNFILTERED TOTAL",93.3,µg/L,0.2182,0,,
16018403502,2019-06-24T13:35:00,"POTASSIUM,UNFILTERED TOTAL",3.28,mg/L,0.0144,0,,
16018403502,2019-06-24T13:35:00,"RESIDUE,PARTICULATE",36.6,mg/L,0.1327,0,,
16018403502,2019-06-24T13:35:00,"SILVER,   UNFILTERED TOTAL",-0.537,µg/L,0.039,0,,
16018403502,2019-06-24T13:35:00,"SODIUM,   UNFILTERED TOTAL",53.5,mg/L,0.1176,0,,
16018403502,2019-06-24T13:35:00,STREAM CONDITION,8.0,NO DIMENSION/SCALE,0.0378,0,,
16018403502,2019-06-24T13:35:00,"STRONTIUM, UNFILTERED TOTAL",819.0,µg/L,0.61,1,"rolling_mean_30, rolling_mean_14, rolling_mean_7","2.79, 2.79, 2.75"
16018403502,2019-06-24T13:35:00,"TEMPERATURE, WATER",23.1,DEGREES CELSIUS,0.1068,0,,
16018403502,2019-06-24T13:35:00,TIN       UNFILTERED TOTAL,1.91,µg/L,0.0965,0,,
16018403502,2019-06-24T13:35:00,"TITANIUM,  UNFILTERED TOTAL",4.43,µg/L,0.0232,0,,
16018403502,2019-06-24T13:35:00,"URANIUM,   UNFILTERED TOTAL",5.43,µg/L,0.0651,0,,
16018403502,2019-06-24T13:35:00,"VANADIUM,  UNFILTERED TOTAL",1.32,µg/L,0.0512,0,,
16018403502,2019-06-24T13:35:00,"ZINC,  UNFILTERED TOTAL",14.6,µg/L,0.0898,0,,
16018403502,2019-06-24T13:35:00,"ZIRCONIUM,  UNFILTERED TOTAL",0.0129,µg/L,0.0154,0,,
16018403502,2019-07-10T14:00:00,"ALKALINITY, TOTAL",180.0,mg/L,0.2765,0,,
16018403502,2019-07-10T14:00:00,"ALUMINIUM, UNFILTERED TOTAL",552.0,µg/L,0.5263,0,,
16018403502,2019-07-10T14:00:00,"AMMONIUM, TOTAL   UNFIL.REAC",0.052,mg/L,0.0245,0,,
16018403502,2019-07-10T14:00:00,"BARIUM,  UNFILTERED TOTAL",43.5,µg/L,0.0917,0,,
16018403502,2019-07-10T14:00:00,"BERYLIUM,UNFILTERED TOTAL",-0.0895,µg/L,0.0437,0,,
16018403502,2019-07-10T14:00:00,"BISMUTH, UNFILTERED TOTAL",-5.99,µg/L,0.075,0,,
16018403502,2019-07-10T14:00:00,"CADMIUM, UNFILTERED TOTAL",1.05,µg/L,0.0182,0,,
16018403502,2019-07-10T14:00:00,"CALCIUM, UNFILTERED TOTAL",76.4,mg/L,0.1672,0,,
16018403502,2019-07-10T14:00:00,"CHLORIDE,         UNFIL.REAC",89.2,mg/L,0.1459,0,,
16018403502,2019-07-10T14:00:00,"CHROMIUM, UNFILTERED TOTAL",0.531,µg/L,0.0344,0,,
16018403502,2019-07-10T14:00:00,"COBALT,   UNFILTERED TOTAL",0.54,µg/L,0.0219,0,,
16018403502,2019-07-10T14:00:00,"CONDUCTIVITY, 25C",781.0,MICRO SIEMENS PER CENTIMETER,0.5109,0,,
16018403502,2019-07-10T14:00:00,"CONDUCTIVITY, AMBIENT",745.0,MICROMHOS/CM (CONDUCTIVITY),0.5577,0,,
16018403502,2019-07-10T14:00:00,"COPPER,   UNFILTERED TOTAL",2.98,µg/L,0.0188,0,,
16018403502,2019-07-10T14:00:00,DISSOLVED OXYGEN,7.91,mg/L,0.0451,0,,
16018403502,2019-07-10T14:00:00,"HARDNESS,   TOTAL",286.0,mg/L,0.3697,0,,
16018403502,2019-07-10T14:00:00,"IRON,     UNFILTERED TOTAL",708.0,µg/L,0.6191,1,"rolling_std_30, rolling_std_14, rolling_std_7","3.15, 3.08, 2.62"
16018403502,2019-07-10T14:00:00,"LEAD,     UNFILTERED TOTAL",-7.32,µg/L,0.0889,0,,
16018403502,2019-07-10T14:00:00,"LITHIUM,  UNFILTERED TOTAL",8.59,µg/L,0.0394,0,,
16018403502,2019-07-10T14:00:00,"MAGNESIUM,UNFILTERED TOTAL",23.1,mg/L,0.0846,0,,
16018403502,2019-07-10T14:00:00,"MANGANESE,UNFILTERED TOTAL",48.3,µg/L,0.1382,0,,
16018403502,2019-07-10T14:00:00,"MERCURY,  UNFILTERED TOTAL",5.0,NANOGRAM PER LITER,0.0125,0,,
16018403502,2019-07-10T14:00:00,"MOLYBDENUM,UNFILTERED TOTAL",-0.628,µg/L,0.0376,0,,
16018403502,2019-07-10T14:00:00,"NICKEL,   UNFILTERED TOTAL",0.677,µg/L,0.0281,0,,
16018403502,2019-07-10T14:00:00,"NITRATES TOTAL,   UNFIL.REAC",2.4,mg/L,0.0239,0,,
16018403502,2019-07-10T14:00:00,"NITRITE,  UNFILTERED REACTIVE",0.05,mg/L,0.015,0,,
16018403502,2019-07-10T14:00:00,NITROGEN; TOTAL,2.68,mg/L,0.03,0,,
16018403502,2019-07-10T14:00:00,PH (-LOG H+ CONCN),8.18,NO DIMENSION/SCALE,0.0366,0,,
16018403502,2019-07-10T14:00:00,PH FIELD,7.61,NO DIMENSION/SCALE,0.0879,0,,
16018403502,2019-07-10T14:00:00,"PHENOLICS, UNFILERED REACTIVE",1.8,µg/L,0.0994,0,,
16018403502,2019-07-10T14:00:00,"PHOSPHATE,FILTERED REACTIVE",0.0358,mg/L,0.0165,0,,
16018403502,2019-07-10T14:00:00,"PHOSPHORUS,UNFILTERED TOTAL",114.0,µg/L,0.2393,0,,
16018403502,2019-07-10T14:00:00,"POTASSIUM,UNFILTERED TOTAL",3.56,mg/L,0.0173,0,,
16018403502,2019-07-10T14:00:00,"RESIDUE,PARTICULATE",40.3,mg/L,0.1325,0,,
16018403502,2019-07-10T14:00:00,"SILVER,   UNFILTERED TOTAL",0.789,µg/L,0.0385,0,,
16018403502,2019-07-10T14:00:00,"SODIUM,   UNFILTERED TOTAL",52.4,mg/L,0.1038,0,,
16018403502,2019-07-10T14:00:00,STREAM CONDITION,8.0,NO DIMENSION/SCALE,0.0323,0,,
16018403502,2019-07-10T14:00:00,"STRONTIUM, UNFILTERED TOTAL",769.0,µg/L,0.5708,0,,
16018403502,2019-07-10T14:00:00,"TEMPERATURE, WATER",26.6,DEGREES CELSIUS,0.114,0,,
16018403502,2019-07-10T14:00:00,TIN       UNFILTERED TOTAL,2.27,µg/L,0.0593,0,,
16018403502,2019-07-10T14:00:00,"TITANIUM,  UNFILTERED TOTAL",4.36,µg/L,0.0215,0,,
16018403502,2019-07-10T14:00:00,"URANIUM,   UNFILTERED TOTAL",3.33,µg/L,0.0453,0,,
16018403502,2019-07-10T14:00:00,"VANADIUM,  UNFILTERED TOTAL",1.8,µg/L,0.0621,0,,
16018403502,2019-07-10T14:00:00,"ZINC,  UNFILTERED TOTAL",7.06,µg/L,0.1109,0,,
16018403502,2019-07-10T14:00:00,"ZIRCONIUM,  UNFILTERED TOTAL",0.0658,µg/L,0.0184,0,,
16018403502,2019-07-15T12:55:00,"ALUMINIUM, UNFILTERED TOTAL",454.0,µg/L,0.6134,1,"rate_of_change, rolling_std_30, rolling_std_14","-3.86, 2.21, 2.17"
16018403502,2019-07-15T12:55:00,"BARIUM,  UNFILTERED TOTAL",45.8,µg/L,0.1326,0,,
16018403502,2019-07-15T12:55:00,"BERYLIUM,UNFILTERED TOTAL",-0.057,µg/L,0.0503,0,,
16018403502,2019-07-15T12:55:00,"BISMUTH, UNFILTERED TOTAL",-6.11,µg/L,0.1034,0,,
16018403502,2019-07-15T12:55:00,"CADMIUM, UNFILTERED TOTAL",1.43,µg/L,0.065,0,,
16018403502,2019-07-15T12:55:00,"CALCIUM, UNFILTERED TOTAL",90.4,mg/L,0.2487,0,,
16018403502,2019-07-15T12:55:00,"CHROMIUM, UNFILTERED TOTAL",0.84,µg/L,0.0377,0,,
16018403502,2019-07-15T12:55:00,"COBALT,   UNFILTERED TOTAL",0.509,µg/L,0.0393,0,,
16018403502,2019-07-15T12:55:00,"COPPER,   UNFILTERED TOTAL",3.0,µg/L,0.04,0,,
16018403502,2019-07-15T12:55:00,"HARDNESS,   TOTAL",320.0,mg/L,0.4422,0,,
16018403502,2019-07-15T12:55:00,"IRON,     UNFILTERED TOTAL",572.0,µg/L,0.6849,1,"rate_of_change, rolling_std_30, rolling_std_14","-5.36, 2.99, 2.93"
16018403502,2019-07-15T12:55:00,"LEAD,     UNFILTERED TOTAL",-4.3,µg/L,0.1353,0,,
16018403502,2019-07-15T12:55:00,"LITHIUM,  UNFILTERED TOTAL",7.06,µg/L,0.0803,0,,
16018403502,2019-07-15T12:55:00,"MAGNESIUM,UNFILTERED TOTAL",22.8,mg/L,0.0873,0,,
16018403502,2019-07-15T12:55:00,"MANGANESE,UNFILTERED TOTAL",41.7,µg/L,0.1823,0,,
16018403502,2019-07-15T12:55:00,"MERCURY,  UNFILTERED TOTAL",5.0,NANOGRAM PER LITER,0.034,0,,
16018403502,2019-07-15T12:55:00,"MOLYBDENUM,UNFILTERED TOTAL",-0.357,µg/L,0.0516,0,,
16018403502,2019-07-15T12:55:00,"NICKEL,   UNFILTERED TOTAL",0.15,µg/L,0.0575,0,,
16018403502,2019-07-15T12:55:00,NITROGEN; TOTAL,2.55,mg/L,0.0548,0,,
16018403502,2019-07-15T12:55:00,"PHENOLICS, UNFILERED REACTIVE",0.9,µg/L,0.0746,0,,
16018403502,2019-07-15T12:55:00,"PHOSPHORUS,UNFILTERED TOTAL",107.0,µg/L,0.2548,0,,
16018403502,2019-07-15T12:55:00,"POTASSIUM,UNFILTERED TOTAL",3.85,mg/L,0.0572,0,,
16018403502,2019-07-15T12:55:00,"RESIDUE,PARTICULATE",29.3,mg/L,0.2345,0,,
16018403502,2019-07-15T12:55:00,"SILVER,   UNFILTERED TOTAL",3.24,µg/L,0.1069,0,,
16018403502,2019-07-15T12:55:00,"SODIUM,   UNFILTERED TOTAL",46.1,mg/L,0.1718,0,,
16018403502,2019-07-15T12:55:00,"STRONTIUM, UNFILTERED TOTAL",913.0,µg/L,0.6723,1,"rate_of_change, rolling_mean_30, rolling_mean_14","5.70, 3.04, 3.04"
16018403502,2019-07-15T12:55:00,TIN       UNFILTERED TOTAL,0.735,µg/L,0.0997,0,,
16018403502,2019-07-15T12:55:00,"TITANIUM,  UNFILTERED TOTAL",3.23,µg/L,0.0748,0,,
16018403502,2019-07-15T12:55:00,"URANIUM,   UNFILTERED TOTAL",3.78,µg/L,0.0612,0,,
16018403502,2019-07-15T12:55:00,"VANADIUM,  UNFILTERED TOTAL",1.84,µg/L,0.0684,0,,
16018403502,2019-07-15T12:55:00,"ZINC,  UNFILTERED TOTAL",5.56,µg/L,0.1217,0,,
16018403502,2019-07-15T12:55:00,"ZIRCONIUM,  UNFILTERED TOTAL",-0.00286,µg/L,0.0363,0,,
16018403502,2019-08-14T12:30:00,"ALKALINITY, TOTAL",160.0,mg/L,0.2553,0,,
16018403502,2019-08-14T12:30:00,"ALUMINIUM, UNFILTERED TOTAL",296.0,µg/L,0.5164,0,,
16018403502,2019-08-14T12:30:00,"AMMONIUM, TOTAL   UNFIL.REAC",0.043,mg/L,0.0236,0,,
16018403502,2019-08-14T12:30:00,"BARIUM,  UNFILTERED TOTAL",44.6,µg/L,0.078,0,,
16018403502,2019-08-14T12:30:00,"BERYLIUM,UNFILTERED TOTAL",-0.0566,µg/L,0.0187,0,,
16018403502,2019-08-14T12:30:00,"BISMUTH, UNFILTERED TOTAL",-4.82,µg/L,0.0629,0,,
16018403502,2019-08-14T12:30:00,"CADMIUM, UNFILTERED TOTAL",0.839,µg/L,0.0084,0,,
16018403502,2019-08-14T12:30:00,"CALCIUM, UNFILTERED TOTAL",81.2,mg/L,0.1272,0,,
16018403502,2019-08-14T12:30:00,"CHLORIDE,         UNFIL.REAC",109.0,mg/L,0.1905,0,,
16018403502,2019-08-14T12:30:00,"CHROMIUM, UNFILTERED TOTAL",0.744,µg/L,0.0066,0,,
16018403502,2019-08-14T12:30:00,"COBALT,   UNFILTERED TOTAL",0.803,µg/L,0.0342,0,,
16018403502,2019-08-14T12:30:00,"CONDUCTIVITY, 25C",894.0,MICRO SIEMENS PER CENTIMETER,0.5303,0,,
16018403502,2019-08-14T12:30:00,"CONDUCTIVITY, AMBIENT",889.0,MICROMHOS/CM (CONDUCTIVITY),0.5568,0,,
16018403502,2019-08-14T12:30:00,"COPPER,   UNFILTERED TOTAL",2.41,µg/L,0.0073,0,,
16018403502,2019-08-14T12:30:00,DISSOLVED OXYGEN,9.34,mg/L,0.0387,0,,
16018403502,2019-08-14T12:30:00,"HARDNESS,   TOTAL",312.0,mg/L,0.2998,0,,
16018403502,2019-08-14T12:30:00,"IRON,     UNFILTERED TOTAL",400.0,µg/L,0.5836,1,"rolling_std_30, rolling_std_14, rolling_mean_7","2.78, 2.72, 2.05"
16018403502,2019-08-14T12:30:00,"LEAD,     UNFILTERED TOTAL",-3.69,µg/L,0.0693,0,,
16018403502,2019-08-14T12:30:00,"LITHIUM,  UNFILTERED TOTAL",9.24,µg/L,0.0395,0,,
16018403502,2019-08-14T12:30:00,"MAGNESIUM,UNFILTERED TOTAL",26.5,mg/L,0.0822,0,,
16018403502,2019-08-14T12:30:00,"MANGANESE,UNFILTERED TOTAL",38.4,µg/L,0.0934,0,,
16018403502,2019-08-14T12:30:00,"MERCURY,  UNFILTERED TOTAL",5.0,NANOGRAM PER LITER,0.0062,0,,
16018403502,2019-08-14T12:30:00,"MOLYBDENUM,UNFILTERED TOTAL",-0.0879,µg/L,0.0183,0,,
16018403502,2019-08-14T12:30:00,"NICKEL,   UNFILTERED TOTAL",1.75,µg/L,0.0533,0,,
16018403502,2019-08-14T12:30:00,"NITRATES TOTAL,   UNFIL.REAC",1.83,mg/L,0.0425,0,,
16018403502,2019-08-14T12:30:00,"NITRITE,  UNFILTERED REACTIVE",0.03,mg/L,0.0257,0,,
16018403502,2019-08-14T12:30:00,NITROGEN; TOTAL,2.33,mg/L,0.0224,0,,
16018403502,2019-08-14T12:30:00,PH (-LOG H+ CONCN),8.4,NO DIMENSION/SCALE,0.036,0,,
16018403502,2019-08-14T12:30:00,PH FIELD,8.56,NO DIMENSION/SCALE,0.0309,0,,
16018403502,2019-08-14T12:30:00,"PHENOLICS, UNFILERED REACTIVE",0.2,µg/L,0.0319,0,,
16018403502,2019-08-14T12:30:00,"PHOSPHATE,FILTERED REACTIVE",0.0041,mg/L,0.0437,0,,
16018403502,2019-08-14T12:30:00,"PHOSPHORUS,UNFILTERED TOTAL",71.6,µg/L,0.226,0,,
16018403502,2019-08-14T12:30:00,"POTASSIUM,UNFILTERED TOTAL",3.73,mg/L,0.0151,0,,
16018403502,2019-08-14T12:30:00,"RESIDUE,PARTICULATE",25.2,mg/L,0.1134,0,,
16018403502,2019-08-14T12:30:00,"SILVER,   UNFILTERED TOTAL",-0.0961,µg/L,0.0533,0,,
16018403502,2019-08-14T12:30:00,"SODIUM,   UNFILTERED TOTAL",65.2,mg/L,0.1522,0,,
16018403502,2019-08-14T12:30:00,STREAM CONDITION,8.0,NO DIMENSION/SCALE,0.0337,0,,
16018403502,2019-08-14T12:30:00,"STRONTIUM, UNFILTERED TOTAL",972.0,µg/L,0.5801,0,,
16018403502,2019-08-14T12:30:00,"TEMPERATURE, WATER",23.8,DEGREES CELSIUS,0.1061,0,,
16018403502,2019-08-14T12:30:00,TIN       UNFILTERED TOTAL,0.426,µg/L,0.0426,0,,
16018403502,2019-08-14T12:30:00,"TITANIUM,  UNFILTERED TOTAL",4.12,µg/L,0.0184,0,,
16018403502,2019-08-14T12:30:00,"URANIUM,   UNFILTERED TOTAL",-0.725,µg/L,0.0752,0,,
16018403502,2019-08-14T12:30:00,"VANADIUM,  UNFILTERED TOTAL",1.09,µg/L,0.0108,0,,
16018403502,2019-08-14T12:30:00,"ZINC,  UNFILTERED TOTAL",10.3,µg/L,0.0537,0,,
16018403502,2019-08-14T12:30:00,"ZIRCONIUM,  UNFILTERED TOTAL",-0.102,µg/L,0.0342,0,,
16018403502,2019-08-27T14:10:00,"ALKALINITY, TOTAL",169.0,mg/L,0.2411,0,,
16018403502,2019-08-27T14:10:00,"ALUMINIUM, UNFILTERED TOTAL",365.0,µg/L,0.5326,0,,
16018403502,2019-08-27T14:10:00,"AMMONIUM, TOTAL   UNFIL.REAC",0.028,mg/L,0.0288,0,,
16018403502,2019-08-27T14:10:00,"BARIUM,  UNFILTERED TOTAL",43.5,µg/L,0.0822,0,,
16018403502,2019-08-27T14:10:00,"BERYLIUM,UNFILTERED TOTAL",-0.0298,µg/L,0.0206,0,,
16018403502,2019-08-27T14:10:00,"BISMUTH, UNFILTERED TOTAL",-6.0,µg/L,0.0913,0,,
16018403502,2019-08-27T14:10:00,"CADMIUM, UNFILTERED TOTAL",1.21,µg/L,0.0267,0,,
16018403502,2019-08-27T14:10:00,"CALCIUM, UNFILTERED TOTAL",78.8,mg/L,0.1403,0,,
16018403502,2019-08-27T14:10:00,"CHLORIDE,         UNFIL.REAC",94.4,mg/L,0.1978,0,,
16018403502,2019-08-27T14:10:00,"CHROMIUM, UNFILTERED TOTAL",0.371,µg/L,0.0534,0,,
16018403502,2019-08-27T14:10:00,"COBALT,   UNFILTERED TOTAL",1.0,µg/L,0.0593,0,,
16018403502,2019-08-27T14:10:00,"CONDUCTIVITY, 25C",814.0,MICRO SIEMENS PER CENTIMETER,0.563,0,,
16018403502,2019-08-27T14:10:00,"CONDUCTIVITY, AMBIENT",810.0,MICROMHOS/CM (CONDUCTIVITY),0.5665,0,,
16018403502,2019-08-27T14:10:00,"COPPER,   UNFILTERED TOTAL",2.58,µg/L,0.0184,0,,
16018403502,2019-08-27T14:10:00,DISSOLVED OXYGEN,9.04,mg/L,0.0362,0,,
16018403502,2019-08-27T14:10:00,"HARDNESS,   TOTAL",296.0,mg/L,0.323,0,,
16018403502,2019-08-27T14:10:00,"IRON,     UNFILTERED TOTAL",503.0,µg/L,0.5945,1,"rolling_std_30, rolling_std_14, rolling_mean_7","2.62, 2.57, 2.25"
16018403502,2019-08-27T14:10:00,"LEAD,     UNFILTERED TOTAL",-3.4,µg/L,0.0865,0,,
16018403502,2019-08-27T14:10:00,"LITHIUM,  UNFILTERED TOTAL",8.09,µg/L,0.0438,0,,
16018403502,2019-08-27T14:10:00,"MAGNESIUM,UNFILTERED TOTAL",24.1,mg/L,0.0823,0,,
16018403502,2019-08-27T14:10:00,"MANGANESE,UNFILTERED TOTAL",45.8,µg/L,0.1145,0,,
16018403502,2019-08-27T14:10:00,"MERCURY,  UNFILTERED TOTAL",5.0,NANOGRAM PER LITER,0.0159,0,,
16018403502,2019-08-27T14:10:00,"MOLYBDENUM,UNFILTERED TOTAL",-0.205,µg/L,0.0298,0,,
16018403502,2019-08-27T14:10:00,"NICKEL,   UNFILTERED TOTAL",0.822,µg/L,0.0402,0,,
16018403502,2019-08-27T14:10:00,"NITRATES TOTAL,   UNFIL.REAC",1.73,mg/L,0.0404,0,,
16018403502,2019-08-27T14:10:00,"NITRITE,  UNFILTERED REACTIVE",0.027,mg/L,0.0274,0,,
16018403502,2019-08-27T14:10:00,NITROGEN; TOTAL,2.27,mg/L,0.0344,0,,
16018403502,2019-08-27T14:10:00,PH (-LOG H+ CONCN),8.51,NO DIMENSION/SCALE,0.0656,0,,
16018403502,2019-08-27T14:10:00,PH FIELD,8.81,NO DIMENSION/SCALE,0.0404,0,,
16018403502,2019-08-27T14:10:00,"PHENOLICS, UNFILERED REACTIVE",0.2,µg/L,0.0411,0,,
16018403502,2019-08-27T14:10:00,"PHOSPHATE,FILTERED REACTIVE",0.0052,mg/L,0.0308,0,,
16018403502,2019-08-27T14:10:00,"PHOSPHORUS,UNFILTERED TOTAL",94.6,µg/L,0.2416,0,,
16018403502,2019-08-27T14:10:00,"POTASSIUM,UNFILTERED TOTAL",3.87,mg/L,0.0324,0,,
16018403502,2019-08-27T14:10:00,"RESIDUE,PARTICULATE",38.9,mg/L,0.1677,0,,
16018403502,2019-08-27T14:10:00,"SILVER,   UNFILTERED TOTAL",-0.642,µg/L,0.0444,0,,
16018403502,2019-08-27T14:10:00,"SODIUM,   UNFILTERED TOTAL",58.3,mg/L,0.133,0,,
16018403502,2019-08-27T14:10:00,STREAM CONDITION,8.0,NO DIMENSION/SCALE,0.0367,0,,
16018403502,2019-08-27T14:10:00,"STRONTIUM, UNFILTERED TOTAL",863.0,µg/L,0.6164,1,"rolling_mean_7, rolling_mean_30, rolling_mean_14","3.49, 3.27, 3.27"
16018403502,2019-08-27T14:10:00,"TEMPERATURE, WATER",21.7,DEGREES CELSIUS,0.0914,0,,
16018403502,2019-08-27T14:10:00,TIN       UNFILTERED TOTAL,1.24,µg/L,0.0594,0,,
16018403502,2019-08-27T14:10:00,"TITANIUM,  UNFILTERED TOTAL",2.85,µg/L,0.0443,0,,
16018403502,2019-08-27T14:10:00,"URANIUM,   UNFILTERED TOTAL",3.89,µg/L,0.0615,0,,
16018403502,2019-08-27T14:10:00,"VANADIUM,  UNFILTERED TOTAL",1.44,µg/L,0.0277,0,,
16018403502,2019-08-27T14:10:00,"ZINC,  UNFILTERED TOTAL",9.58,µg/L,0.0507,0,,
16018403502,2019-08-27T14:10:00,"ZIRCONIUM,  UNFILTERED TOTAL",-0.0283,µg/L,0.0232,0,,
16018403502,2019-09-11T11:45:00,"ALKALINITY, TOTAL",171.0,mg/L,0.2129,0,,
16018403502,2019-09-11T11:45:00,"ALUMINIUM, UNFILTERED TOTAL",300.0,µg/L,0.5142,0,,
16018403502,2019-09-11T11:45:00,"AMMONIUM, TOTAL   UNFIL.REAC",0.046,mg/L,0.021,0,,
16018403502,2019-09-11T11:45:00,"BARIUM,  UNFILTERED TOTAL",44.0,µg/L,0.0849,0,,
16018403502,2019-09-11T11:45:00,"BERYLIUM,UNFILTERED TOTAL",-0.0823,µg/L,0.0397,0,,
16018403502,2019-09-11T11:45:00,"BISMUTH, UNFILTERED TOTAL",-4.87,µg/L,0.0742,0,,
16018403502,2019-09-11T11:45:00,"CADMIUM, UNFILTERED TOTAL",1.46,µg/L,0.0335,0,,
16018403502,2019-09-11T11:45:00,"CALCIUM, UNFILTERED TOTAL",83.5,mg/L,0.1299,0,,
16018403502,2019-09-11T11:45:00,"CHLORIDE,         UNFIL.REAC",106.0,mg/L,0.1949,0,,
16018403502,2019-09-11T11:45:00,"CHROMIUM, UNFILTERED TOTAL",0.889,µg/L,0.0201,0,,
16018403502,2019-09-11T11:45:00,"COBALT,   UNFILTERED TOTAL",0.724,µg/L,0.0231,0,,
16018403502,2019-09-11T11:45:00,"CONDUCTIVITY, 25C",881.0,MICRO SIEMENS PER CENTIMETER,0.559,0,,
16018403502,2019-09-11T11:45:00,"CONDUCTIVITY, AMBIENT",897.0,MICROMHOS/CM (CONDUCTIVITY),0.588,1,"rolling_mean_7, rolling_mean_30, rolling_mean_14","3.60, 3.60, 3.59"
16018403502,2019-09-11T11:45:00,"COPPER,   UNFILTERED TOTAL",2.3,µg/L,0.0183,0,,
16018403502,2019-09-11T11:45:00,DISSOLVED OXYGEN,10.16,mg/L,0.0375,0,,
16018403502,2019-09-11T11:45:00,"HARDNESS,   TOTAL",320.0,mg/L,0.3345,0,,
16018403502,2019-09-11T11:45:00,"IRON,     UNFILTERED TOTAL",427.0,µg/L,0.5562,0,,
16018403502,2019-09-11T11:45:00,"LEAD,     UNFILTERED TOTAL",-4.49,µg/L,0.0776,0,,
16018403502,2019-09-11T11:45:00,"LITHIUM,  UNFILTERED TOTAL",10.8,µg/L,0.0607,0,,
16018403502,2019-09-11T11:45:00,"MAGNESIUM,UNFILTERED TOTAL",27.0,mg/L,0.0895,0,,
16018403502,2019-09-11T11:45:00,"MANGANESE,UNFILTERED TOTAL",39.2,µg/L,0.1147,0,,
16018403502,2019-09-11T11:45:00,"MERCURY,  UNFILTERED TOTAL",5.0,NANOGRAM PER LITER,0.0109,0,,
16018403502,2019-09-11T11:45:00,"MOLYBDENUM,UNFILTERED TOTAL",-0.43,µg/L,0.0273,0,,
16018403502,2019-09-11T11:45:00,"NICKEL,   UNFILTERED TOTAL",0.65,µg/L,0.018,0,,
16018403502,2019-09-11T11:45:00,"NITRATES TOTAL,   UNFIL.REAC",2.24,mg/L,0.0295,0,,
16018403502,2019-09-11T11:45:00,"NITRITE,  UNFILTERED REACTIVE",0.036,mg/L,0.0111,0,,
16018403502,2019-09-11T11:45:00,NITROGEN; TOTAL,2.84,mg/L,0.0247,0,,
16018403502,2019-09-11T11:45:00,PH (-LOG H+ CONCN),8.32,NO DIMENSION/SCALE,0.0202,0,,
16018403502,2019-09-11T11:45:00,PH FIELD,8.49,NO DIMENSION/SCALE,0.0209,0,,
16018403502,2019-09-11T11:45:00,"PHENOLICS, UNFILERED REACTIVE",0.6,µg/L,0.028,0,,
16018403502,2019-09-11T11:45:00,"PHOSPHATE,FILTERED REACTIVE",0.0127,mg/L,0.0221,0,,
16018403502,2019-09-11T11:45:00,"PHOSPHORUS,UNFILTERED TOTAL",75.5,µg/L,0.2069,0,,
16018403502,2019-09-11T11:45:00,"POTASSIUM,UNFILTERED TOTAL",3.91,mg/L,0.0263,0,,
16018403502,2019-09-11T11:45:00,"RESIDUE,PARTICULATE",30.2,mg/L,0.1338,0,,
16018403502,2019-09-11T11:45:00,"SILVER,   UNFILTERED TOTAL",-0.624,µg/L,0.0339,0,,
16018403502,2019-09-11T11:45:00,"SODIUM,   UNFILTERED TOTAL",65.2,mg/L,0.1235,0,,
16018403502,2019-09-11T11:45:00,STREAM CONDITION,8.0,NO DIMENSION/SCALE,0.0298,0,,
16018403502,2019-09-11T11:45:00,"STRONTIUM, UNFILTERED TOTAL",959.0,µg/L,0.6261,1,"rolling_mean_7, rolling_mean_30, rolling_mean_14","3.85, 3.38, 3.37"
16018403502,2019-09-11T11:45:00,"TEMPERATURE, WATER",13.0,DEGREES CELSIUS,0.103,0,,
16018403502,2019-09-11T11:45:00,TIN       UNFILTERED TOTAL,0.747,µg/L,0.0428,0,,
16018403502,2019-09-11T11:45:00,"TITANIUM,  UNFILTERED TOTAL",3.43,µg/L,0.0265,0,,
16018403502,2019-09-11T11:45:00,"URANIUM,   UNFILTERED TOTAL",3.62,µg/L,0.0298,0,,
16018403502,2019-09-11T11:45:00,"VANADIUM,  UNFILTERED TOTAL",1.18,µg/L,0.0151,0,,
16018403502,2019-09-11T11:45:00,"ZINC,  UNFILTERED TOTAL",8.85,µg/L,0.0493,0,,
16018403502,2019-09-11T11:45:00,"ZIRCONIUM,  UNFILTERED TOTAL",-0.0316,µg/L,0.0145,0,,
16018403502,2019-09-16T14:35:00,"ALKALINITY, TOTAL",175.0,mg/L,0.2494,0,,
16018403502,2019-09-16T14:35:00,"ALUMINIUM, UNFILTERED TOTAL",327.0,µg/L,0.5315,0,,
16018403502,2019-09-16T14:35:00,"AMMONIUM, TOTAL   UNFIL.REAC",0.009,mg/L,0.0546,0,,
16018403502,2019-09-16T14:35:00,"BARIUM,  UNFILTERED TOTAL",41.8,µg/L,0.1327,0,,
16018403502,2019-09-16T14:35:00,"BERYLIUM,UNFILTERED TOTAL",-0.0426,µg/L,0.035,0,,
16018403502,2019-09-16T14:35:00,"BISMUTH, UNFILTERED TOTAL",-4.97,µg/L,0.0906,0,,
16018403502,2019-09-16T14:35:00,"CADMIUM, UNFILTERED TOTAL",1.32,µg/L,0.0435,0,,
16018403502,2019-09-16T14:35:00,"CALCIUM, UNFILTERED TOTAL",80.6,mg/L,0.1646,0,,
16018403502,2019-09-16T14:35:00,"CHLORIDE,         UNFIL.REAC",108.0,mg/L,0.1951,0,,
16018403502,2019-09-16T14:35:00,"CHROMIUM, UNFILTERED TOTAL",0.701,µg/L,0.0415,0,,
16018403502,2019-09-16T14:35:00,"COBALT,   UNFILTERED TOTAL",0.828,µg/L,0.05,0,,
16018403502,2019-09-16T14:35:00,"CONDUCTIVITY, 25C",879.0,MICRO SIEMENS PER CENTIMETER,0.5669,0,,
16018403502,2019-09-16T14:35:00,"CONDUCTIVITY, AMBIENT",884.0,MICROMHOS/CM (CONDUCTIVITY),0.5818,0,,
16018403502,2019-09-16T14:35:00,"COPPER,   UNFILTERED TOTAL",2.53,µg/L,0.039,0,,
16018403502,2019-09-16T14:35:00,DISSOLVED OXYGEN,9.11,mg/L,0.0661,0,,
16018403502,2019-09-16T14:35:00,"HARDNESS,   TOTAL",309.0,mg/L,0.3697,0,,
16018403502,2019-09-16T14:35:00,"IRON,     UNFILTERED TOTAL",458.0,µg/L,0.5746,0,,
16018403502,2019-09-16T14:35:00,"LEAD,     UNFILTERED TOTAL",-6.54,µg/L,0.135,0,,
16018403502,2019-09-16T14:35:00,"LITHIUM,  UNFILTERED TOTAL",8.85,µg/L,0.0876,0,,
16018403502,2019-09-16T14:35:00,"MAGNESIUM,UNFILTERED TOTAL",26.2,mg/L,0.1037,0,,
16018403502,2019-09-16T14:35:00,"MANGANESE,UNFILTERED TOTAL",31.0,µg/L,0.1735,0,,
16018403502,2019-09-16T14:35:00,"MERCURY,  UNFILTERED TOTAL",5.0,NANOGRAM PER LITER,0.0301,0,,
16018403502,2019-09-16T14:35:00,"MOLYBDENUM,UNFILTERED TOTAL",-0.0828,µg/L,0.0587,0,,
16018403502,2019-09-16T14:35:00,"NICKEL,   UNFILTERED TOTAL",0.94,µg/L,0.0467,0,,
16018403502,2019-09-16T14:35:00,"NITRATES TOTAL,   UNFIL.REAC",3.33,mg/L,0.0595,0,,
16018403502,2019-09-16T14:35:00,"NITRITE,  UNFILTERED REACTIVE",0.023,mg/L,0.0429,0,,
16018403502,2019-09-16T14:35:00,NITROGEN; TOTAL,3.66,mg/L,0.0525,0,,
16018403502,2019-09-16T14:35:00,PH (-LOG H+ CONCN),8.4,NO DIMENSION/SCALE,0.0494,0,,
16018403502,2019-09-16T14:35:00,PH FIELD,8.44,NO DIMENSION/SCALE,0.0371,0,,
16018403502,2019-09-16T14:35:00,"PHENOLICS, UNFILERED REACTIVE",0.2,µg/L,0.0622,0,,
16018403502,2019-09-16T14:35:00,"PHOSPHATE,FILTERED REACTIVE",0.0028,mg/L,0.0455,0,,
16018403502,2019-09-16T14:35:00,"PHOSPHORUS,UNFILTERED TOTAL",63.8,µg/L,0.2719,0,,
16018403502,2019-09-16T14:35:00,"POTASSIUM,UNFILTERED TOTAL",3.88,mg/L,0.0467,0,,
16018403502,2019-09-16T14:35:00,"RESIDUE,PARTICULATE",25.1,mg/L,0.1656,0,,
16018403502,2019-09-16T14:35:00,"SILVER,   UNFILTERED TOTAL",-0.258,µg/L,0.0569,0,,
16018403502,2019-09-16T14:35:00,"SODIUM,   UNFILTERED TOTAL",65.1,mg/L,0.1395,0,,
16018403502,2019-09-16T14:35:00,STREAM CONDITION,8.0,NO DIMENSION/SCALE,0.0495,0,,
16018403502,2019-09-16T14:35:00,"STRONTIUM, UNFILTERED TOTAL",809.0,µg/L,0.6828,1,"rate_of_change, rolling_mean_7, rolling_mean_30","-5.73, 3.91, 3.40"
16018403502,2019-09-16T14:35:00,"TEMPERATURE, WATER",20.1,DEGREES CELSIUS,0.177,0,,
16018403502,2019-09-16T14:35:00,TIN       UNFILTERED TOTAL,1.76,µg/L,0.0845,0,,
16018403502,2019-09-16T14:35:00,"TITANIUM,  UNFILTERED TOTAL",4.17,µg/L,0.0489,0,,
16018403502,2019-09-16T14:35:00,"URANIUM,   UNFILTERED TOTAL",0.787,µg/L,0.0995,0,,
16018403502,2019-09-16T14:35:00,"VANADIUM,  UNFILTERED TOTAL",1.06,µg/L,0.0311,0,,
16018403502,2019-09-16T14:35:00,"ZINC,  UNFILTERED TOTAL",8.3,µg/L,0.0798,0,,
16018403502,2019-09-16T14:35:00,"ZIRCONIUM,  UNFILTERED TOTAL",-0.0116,µg/L,0.0354,0,,
16018403502,2019-10-02T13:30:00,"ALKALINITY, TOTAL",171.0,mg/L,0.2162,0,,
16018403502,2019-10-02T13:30:00,"ALUMINIUM, UNFILTERED TOTAL",346.0,µg/L,0.4553,0,,
16018403502,2019-10-02T13:30:00,"AMMONIUM, TOTAL   UNFIL.REAC",0.051,mg/L,0.0154,0,,
16018403502,2019-10-02T13:30:00,"BARIUM,  UNFILTERED TOTAL",44.4,µg/L,0.0908,0,,
16018403502,2019-10-02T13:30:00,"BERYLIUM,UNFILTERED TOTAL",-0.069,µg/L,0.0271,0,,
16018403502,2019-10-02T13:30:00,"BISMUTH, UNFILTERED TOTAL",-5.39,µg/L,0.0706,0,,
16018403502,2019-10-02T13:30:00,"CADMIUM, UNFILTERED TOTAL",1.61,µg/L,0.0394,0,,
16018403502,2019-10-02T13:30:00,"CALCIUM, UNFILTERED TOTAL",89.6,mg/L,0.1488,0,,
16018403502,2019-10-02T13:30:00,"CHLORIDE,         UNFIL.REAC",103.0,mg/L,0.1649,0,,
16018403502,2019-10-02T13:30:00,"CHROMIUM, UNFILTERED TOTAL",0.351,µg/L,0.0469,0,,
16018403502,2019-10-02T13:30:00,"COBALT,   UNFILTERED TOTAL",0.217,µg/L,0.0423,0,,
16018403502,2019-10-02T13:30:00,"CONDUCTIVITY, 25C",888.0,MICRO SIEMENS PER CENTIMETER,0.5409,0,,
16018403502,2019-10-02T13:30:00,"CONDUCTIVITY, AMBIENT",894.0,MICROMHOS/CM (CONDUCTIVITY),0.5475,0,,
16018403502,2019-10-02T13:30:00,"COPPER,   UNFILTERED TOTAL",2.64,µg/L,0.0108,0,,
16018403502,2019-10-02T13:30:00,DISSOLVED OXYGEN,7.82,mg/L,0.0431,0,,
16018403502,2019-10-02T13:30:00,"HARDNESS,   TOTAL",332.0,mg/L,0.3344,0,,
16018403502,2019-10-02T13:30:00,"IRON,     UNFILTERED TOTAL",474.0,µg/L,0.491,0,,
16018403502,2019-10-02T13:30:00,"LEAD,     UNFILTERED TOTAL",-4.42,µg/L,0.0817,0,,
16018403502,2019-10-02T13:30:00,"LITHIUM,  UNFILTERED TOTAL",8.58,µg/L,0.034,0,,
16018403502,2019-10-02T13:30:00,"MAGNESIUM,UNFILTERED TOTAL",26.4,mg/L,0.0709,0,,
16018403502,2019-10-02T13:30:00,"MANGANESE,UNFILTERED TOTAL",36.8,µg/L,0.0855,0,,
16018403502,2019-10-02T13:30:00,"MERCURY,  UNFILTERED TOTAL",5.0,NANOGRAM PER LITER,0.0104,0,,
16018403502,2019-10-02T13:30:00,"MOLYBDENUM,UNFILTERED TOTAL",-0.565,µg/L,0.0406,0,,
16018403502,2019-10-02T13:30:00,"NICKEL,   UNFILTERED TOTAL",1.05,µg/L,0.0183,0,,
16018403502,2019-10-02T13:30:00,"NITRATES TOTAL,   UNFIL.REAC",2.32,mg/L,0.0329,0,,
16018403502,2019-10-02T13:30:00,"NITRITE,  UNFILTERED REACTIVE",0.03,mg/L,0.0143,0,,
16018403502,2019-10-02T13:30:00,NITROGEN; TOTAL,2.82,mg/L,0.0296,0,,
16018403502,2019-10-02T13:30:00,PH (-LOG H+ CONCN),8.27,NO DIMENSION/SCALE,0.0221,0,,
16018403502,2019-10-02T13:30:00,PH FIELD,8.21,NO DIMENSION/SCALE,0.0242,0,,
16018403502,2019-10-02T13:30:00,"PHENOLICS, UNFILERED REACTIVE",0.3,µg/L,0.0228,0,,
16018403502,2019-10-02T13:30:00,"PHOSPHATE,FILTERED REACTIVE",0.0131,mg/L,0.014,0,,
16018403502,2019-10-02T13:30:00,"PHOSPHORUS,UNFILTERED TOTAL",68.2,µg/L,0.1706,0,,
16018403502,2019-10-02T13:30:00,"POTASSIUM,UNFILTERED TOTAL",4.04,mg/L,0.0316,0,,
16018403502,2019-10-02T13:30:00,"RESIDUE,PARTICULATE",29.2,mg/L,0.1057,0,,
16018403502,2019-10-02T13:30:00,"SILVER,   UNFILTERED TOTAL",-1.2,µg/L,0.0463,0,,
16018403502,2019-10-02T13:30:00,"SODIUM,   UNFILTERED TOTAL",63.0,mg/L,0.1159,0,,
16018403502,2019-10-02T13:30:00,STREAM CONDITION,3.0,NO DIMENSION/SCALE,0.0846,0,,
16018403502,2019-10-02T13:30:00,"STRONTIUM, UNFILTERED TOTAL",966.0,µg/L,0.6579,1,"rolling_mean_7, rolling_mean_30, rolling_mean_14","4.01, 3.48, 3.47"
16018403502,2019-10-02T13:30:00,"TEMPERATURE, WATER",19.4,DEGREES CELSIUS,0.0695,0,,
16018403502,2019-10-02T13:30:00,TIN       UNFILTERED TOTAL,1.92,µg/L,0.0415,0,,
16018403502,2019-10-02T13:30:00,"TITANIUM,  UNFILTERED TOTAL",2.92,µg/L,0.0356,0,,
16018403502,2019-10-02T13:30:00,"URANIUM,   UNFILTERED TOTAL",1.93,µg/L,0.0315,0,,
16018403502,2019-10-02T13:30:00,"VANADIUM,  UNFILTERED TOTAL",0.983,µg/L,0.0123,0,,
16018403502,2019-10-02T13:30:00,"ZINC,  UNFILTERED TOTAL",14.5,µg/L,0.0724,0,,
16018403502,2019-10-02T13:30:00,"ZIRCONIUM,  UNFILTERED TOTAL",-0.0246,µg/L,0.0121,0,,
16018403502,2019-10-09T12:25:00,"ALKALINITY, TOTAL",178.0,mg/L,0.2435,0,,
16018403502,2019-10-09T12:25:00,"ALUMINIUM, UNFILTERED TOTAL",261.0,µg/L,0.5768,0,,
16018403502,2019-10-09T12:25:00,"AMMONIUM, TOTAL   UNFIL.REAC",0.063,mg/L,0.0295,0,,
16018403502,2019-10-09T12:25:00,"BARIUM,  UNFILTERED TOTAL",41.7,µg/L,0.1249,0,,
16018403502,2019-10-09T12:25:00,"BERYLIUM,UNFILTERED TOTAL",-0.0569,µg/L,0.0403,0,,
16018403502,2019-10-09T12:25:00,"BISMUTH, UNFILTERED TOTAL",-5.0,µg/L,0.0888,0,,
16018403502,2019-10-09T12:25:00,"CADMIUM, UNFILTERED TOTAL",1.2,µg/L,0.0462,0,,
16018403502,2019-10-09T12:25:00,"CALCIUM, UNFILTERED TOTAL",80.2,mg/L,0.1831,0,,
16018403502,2019-10-09T12:25:00,"CHLORIDE,         UNFIL.REAC",104.0,mg/L,0.1857,0,,
16018403502,2019-10-09T12:25:00,"CHROMIUM, UNFILTERED TOTAL",1.4,µg/L,0.097,0,,
16018403502,2019-10-09T12:25:00,"COBALT,   UNFILTERED TOTAL",0.837,µg/L,0.0653,0,,
16018403502,2019-10-09T12:25:00,"CONDUCTIVITY, 25C",854.0,MICRO SIEMENS PER CENTIMETER,0.5942,1,"rolling_mean_7, rolling_mean_30, rolling_mean_14","3.83, 3.62, 3.58"
16018403502,2019-10-09T12:25:00,"CONDUCTIVITY, AMBIENT",858.0,MICROMHOS/CM (CONDUCTIVITY),0.5888,1,"rolling_mean_7, rolling_mean_30, rolling_mean_14","3.82, 3.68, 3.62"
16018403502,2019-10-09T12:25:00,"COPPER,   UNFILTERED TOTAL",2.53,µg/L,0.0319,0,,
16018403502,2019-10-09T12:25:00,DISSOLVED OXYGEN,9.11,mg/L,0.0525,0,,
16018403502,2019-10-09T12:25:00,"HARDNESS,   TOTAL",302.0,mg/L,0.3982,0,,
16018403502,2019-10-09T12:25:00,"IRON,     UNFILTERED TOTAL",396.0,µg/L,0.5863,1,"rate_of_change, rolling_std_30, rolling_std_14","-2.19, 2.14, 2.09"
16018403502,2019-10-09T12:25:00,"LEAD,     UNFILTERED TOTAL",-3.48,µg/L,0.1047,0,,
16018403502,2019-10-09T12:25:00,"LITHIUM,  UNFILTERED TOTAL",6.68,µg/L,0.0683,0,,
16018403502,2019-10-09T12:25:00,"MAGNESIUM,UNFILTERED TOTAL",24.7,mg/L,0.1028,0,,
16018403502,2019-10-09T12:25:00,"MANGANESE,UNFILTERED TOTAL",27.2,µg/L,0.1747,0,,
16018403502,2019-10-09T12:25:00,"MERCURY,  UNFILTERED TOTAL",5.0,NANOGRAM PER LITER,0.0288,0,,
16018403502,2019-10-09T12:25:00,"MOLYBDENUM,UNFILTERED TOTAL",-0.214,µg/L,0.0504,0,,
16018403502,2019-10-09T12:25:00,"NICKEL,   UNFILTERED TOTAL",1.24,µg/L,0.0514,0,,
16018403502,2019-10-09T12:25:00,"NITRATES TOTAL,   UNFIL.REAC",3.16,mg/L,0.0478,0,,
16018403502,2019-10-09T12:25:00,"NITRITE,  UNFILTERED REACTIVE",0.021,mg/L,0.0407,0,,
16018403502,2019-10-09T12:25:00,NITROGEN; TOTAL,3.81,mg/L,0.051,0,,
16018403502,2019-10-09T12:25:00,PH (-LOG H+ CONCN),8.25,NO DIMENSION/SCALE,0.0454,0,,
16018403502,2019-10-09T12:25:00,PH FIELD,8.28,NO DIMENSION/SCALE,0.0357,0,,
16018403502,2019-10-09T12:25:00,"PHENOLICS, UNFILERED REACTIVE",0.3,µg/L,0.0383,0,,
16018403502,2019-10-09T12:25:00,"PHOSPHATE,FILTERED REACTIVE",0.0196,mg/L,0.0261,0,,
16018403502,2019-10-09T12:25:00,"PHOSPHORUS,UNFILTERED TOTAL",57.8,µg/L,0.219,0,,
16018403502,2019-10-09T12:25:00,"POTASSIUM,UNFILTERED TOTAL",4.3,mg/L,0.0715,0,,
16018403502,2019-10-09T12:25:00,"RESIDUE,PARTICULATE",21.2,mg/L,0.1809,0,,
16018403502,2019-10-09T12:25:00,"SILVER,   UNFILTERED TOTAL",1.4,µg/L,0.0785,0,,
16018403502,2019-10-09T12:25:00,"SODIUM,   UNFILTERED TOTAL",63.1,mg/L,0.1262,0,,
16018403502,2019-10-09T12:25:00,STREAM CONDITION,8.0,NO DIMENSION/SCALE,0.1041,0,,
16018403502,2019-10-09T12:25:00,"STRONTIUM, UNFILTERED TOTAL",790.0,µg/L,0.6825,1,"rate_of_change, rolling_mean_7, rolling_mean_30","-4.94, 4.03, 3.48"
16018403502,2019-10-09T12:25:00,"TEMPERATURE, WATER",15.3,DEGREES CELSIUS,0.1202,0,,
16018403502,2019-10-09T12:25:00,TIN       UNFILTERED TOTAL,5.8,µg/L,0.1378,0,,
16018403502,2019-10-09T12:25:00,"TITANIUM,  UNFILTERED TOTAL",3.44,µg/L,0.0418,0,,
16018403502,2019-10-09T12:25:00,"URANIUM,   UNFILTERED TOTAL",3.17,µg/L,0.06,0,,
16018403502,2019-10-09T12:25:00,"VANADIUM,  UNFILTERED TOTAL",0.911,µg/L,0.0321,0,,
16018403502,2019-10-09T12:25:00,"ZINC,  UNFILTERED TOTAL",14.8,µg/L,0.077,0,,
16018403502,2019-10-09T12:25:00,"ZIRCONIUM,  UNFILTERED TOTAL",-0.00621,µg/L,0.034,0,,
16018403502,2019-11-06T12:45:00,"ALKALINITY, TOTAL",195.0,mg/L,0.2089,0,,
16018403502,2019-11-06T12:45:00,"ALUMINIUM, UNFILTERED TOTAL",493.0,µg/L,0.5795,0,,
16018403502,2019-11-06T12:45:00,"AMMONIUM, TOTAL   UNFIL.REAC",0.098,mg/L,0.0104,0,,
16018403502,2019-11-06T12:45:00,"BARIUM,  UNFILTERED TOTAL",37.1,µg/L,0.0854,0,,
16018403502,2019-11-06T12:45:00,"BERYLIUM,UNFILTERED TOTAL",-0.0135,µg/L,0.0111,0,,
16018403502,2019-11-06T12:45:00,"BISMUTH, UNFILTERED TOTAL",-4.66,µg/L,0.047,0,,
16018403502,2019-11-06T12:45:00,"CADMIUM, UNFILTERED TOTAL",0.133,µg/L,0.0675,0,,
16018403502,2019-11-06T12:45:00,"CALCIUM, UNFILTERED TOTAL",82.6,mg/L,0.1109,0,,
16018403502,2019-11-06T12:45:00,"CHLORIDE,         UNFIL.REAC",46.6,mg/L,0.2467,0,,
16018403502,2019-11-06T12:45:00,"CHROMIUM, UNFILTERED TOTAL",0.364,µg/L,0.0402,0,,
16018403502,2019-11-06T12:45:00,"COBALT,   UNFILTERED TOTAL",0.0549,µg/L,0.0428,0,,
16018403502,2019-11-06T12:45:00,"CONDUCTIVITY, 25C",626.0,MICRO SIEMENS PER CENTIMETER,0.613,1,"rolling_mean_7, rolling_mean_30, rolling_mean_14","3.72, 3.57, 3.46"
16018403502,2019-11-06T12:45:00,"CONDUCTIVITY, AMBIENT",648.0,MICROMHOS/CM (CONDUCTIVITY),0.6137,1,"rolling_mean_7, rolling_mean_30, rolling_mean_14","3.75, 3.62, 3.48"
16018403502,2019-11-06T12:45:00,"COPPER,   UNFILTERED TOTAL",8.61,µg/L,0.1401,0,,
16018403502,2019-11-06T12:45:00,DISSOLVED OXYGEN,11.45,mg/L,0.0307,0,,
16018403502,2019-11-06T12:45:00,"HARDNESS,   TOTAL",279.0,mg/L,0.3141,0,,
16018403502,2019-11-06T12:45:00,"IRON,     UNFILTERED TOTAL",633.0,µg/L,0.6131,1,"rolling_std_30, rolling_std_14, rolling_mean_14","2.15, 1.93, 1.92"
16018403502,2019-11-06T12:45:00,"LEAD,     UNFILTERED TOTAL",-5.23,µg/L,0.0611,0,,
16018403502,2019-11-06T12:45:00,"LITHIUM,  UNFILTERED TOTAL",5.77,µg/L,0.0284,0,,
16018403502,2019-11-06T12:45:00,"MAGNESIUM,UNFILTERED TOTAL",17.6,mg/L,0.1103,0,,
16018403502,2019-11-06T12:45:00,"MANGANESE,UNFILTERED TOTAL",26.3,µg/L,0.0709,0,,
16018403502,2019-11-06T12:45:00,"MERCURY,  UNFILTERED TOTAL",5.0,NANOGRAM PER LITER,0.0038,0,,
16018403502,2019-11-06T12:45:00,"MOLYBDENUM,UNFILTERED TOTAL",-0.421,µg/L,0.0184,0,,
16018403502,2019-11-06T12:45:00,"NICKEL,   UNFILTERED TOTAL",0.812,µg/L,0.0145,0,,
16018403502,2019-11-06T12:45:00,"NITRATES TOTAL,   UNFIL.REAC",5.85,mg/L,0.0781,0,,
16018403502,2019-11-06T12:45:00,"NITRITE,  UNFILTERED REACTIVE",0.034,mg/L,0.0037,0,,
16018403502,2019-11-06T12:45:00,NITROGEN; TOTAL,7.05,mg/L,0.0652,0,,
16018403502,2019-11-06T12:45:00,PH (-LOG H+ CONCN),8.25,NO DIMENSION/SCALE,0.0192,0,,
16018403502,2019-11-06T12:45:00,PH FIELD,8.32,NO DIMENSION/SCALE,0.0084,0,,
16018403502,2019-11-06T12:45:00,"PHENOLICS, UNFILERED REACTIVE",1.9,µg/L,0.0242,0,,
16018403502,2019-11-06T12:45:00,"PHOSPHATE,FILTERED REACTIVE",0.0901,mg/L,0.0964,0,,
16018403502,2019-11-06T12:45:00,"PHOSPHORUS,UNFILTERED TOTAL",168.0,µg/L,0.3573,0,,
16018403502,2019-11-06T12:45:00,"POTASSIUM,UNFILTERED TOTAL",4.95,mg/L,0.0639,0,,
16018403502,2019-11-06T12:45:00,"RESIDUE,PARTICULATE",20.3,mg/L,0.0928,0,,
16018403502,2019-11-06T12:45:00,"SILVER,   UNFILTERED TOTAL",0.265,µg/L,0.0244,0,,
16018403502,2019-11-06T12:45:00,"SODIUM,   UNFILTERED TOTAL",25.3,mg/L,0.221,0,,
16018403502,2019-11-06T12:45:00,"STRONTIUM, UNFILTERED TOTAL",411.0,µg/L,0.7007,1,"rolling_mean_7, rolling_mean_14, rolling_mean_30","3.67, 3.38, 3.36"
16018403502,2019-11-06T12:45:00,"TEMPERATURE, WATER",6.2,DEGREES CELSIUS,0.0981,0,,
16018403502,2019-11-06T12:45:00,TIN       UNFILTERED TOTAL,-1.68,µg/L,0.0755,0,,
16018403502,2019-11-06T12:45:00,"TITANIUM,  UNFILTERED TOTAL",3.72,µg/L,0.0065,0,,
16018403502,2019-11-06T12:45:00,"URANIUM,   UNFILTERED TOTAL",4.05,µg/L,0.0271,0,,
16018403502,2019-11-06T12:45:00,"VANADIUM,  UNFILTERED TOTAL",1.57,µg/L,0.0239,0,,
16018403502,2019-11-06T12:45:00,"ZINC,  UNFILTERED TOTAL",9.79,µg/L,0.0644,0,,
16018403502,2019-11-06T12:45:00,"ZIRCONIUM,  UNFILTERED TOTAL",0.237,µg/L,0.0768,0,,
16018403502,2019-11-20T14:28:00,"ALKALINITY, TOTAL",237.0,mg/L,0.3535,0,,
16018403502,2019-11-20T14:28:00,"ALUMINIUM, UNFILTERED TOTAL",79.0,µg/L,0.6607,1,"rate_of_change, delta, zscore","-5.75, -2.78, -1.87"
16018403502,2019-11-20T14:28:00,"AMMONIUM, TOTAL   UNFIL.REAC",0.034,mg/L,0.0287,0,,
16018403502,2019-11-20T14:28:00,"BARIUM,  UNFILTERED TOTAL",39.2,µg/L,0.076,0,,
16018403502,2019-11-20T14:28:00,"BERYLIUM,UNFILTERED TOTAL",-0.00233,µg/L,0.023,0,,
16018403502,2019-11-20T14:28:00,"BISMUTH, UNFILTERED TOTAL",-7.14,µg/L,0.1,0,,
16018403502,2019-11-20T14:28:00,"CADMIUM, UNFILTERED TOTAL",0.658,µg/L,0.0294,0,,
16018403502,2019-11-20T14:28:00,"CALCIUM, UNFILTERED TOTAL",109.0,mg/L,0.2641,0,,
16018403502,2019-11-20T14:28:00,"CHLORIDE,         UNFIL.REAC",97.3,mg/L,0.2738,0,,
16018403502,2019-11-20T14:28:00,"CHROMIUM, UNFILTERED TOTAL",0.45,µg/L,0.0253,0,,
16018403502,2019-11-20T14:28:00,"COBALT,   UNFILTERED TOTAL",0.12,µg/L,0.0406,0,,
16018403502,2019-11-20T14:28:00,"CONDUCTIVITY, 25C",909.0,MICRO SIEMENS PER CENTIMETER,0.6596,1,"rate_of_change, rolling_mean_7, rolling_mean_30","3.95, 3.73, 3.60"
16018403502,2019-11-20T14:28:00,"CONDUCTIVITY, AMBIENT",749.0,MICROMHOS/CM (CONDUCTIVITY),0.5833,1,"rolling_mean_7, rolling_mean_30, rolling_mean_14","3.65, 3.61, 3.52"
16018403502,2019-11-20T14:28:00,"COPPER,   UNFILTERED TOTAL",3.89,µg/L,0.0701,0,,
16018403502,2019-11-20T14:28:00,DISSOLVED OXYGEN,13.57,mg/L,0.0755,0,,
16018403502,2019-11-20T14:28:00,"HARDNESS,   TOTAL",375.0,mg/L,0.4778,0,,
16018403502,2019-11-20T14:28:00,"IRON,     UNFILTERED TOTAL",175.0,µg/L,0.6811,1,"rate_of_change, delta, rolling_std_30","-6.36, -3.07, 2.25"
16018403502,2019-11-20T14:28:00,"LEAD,     UNFILTERED TOTAL",1.29,µg/L,0.178,0,,
16018403502,2019-11-20T14:28:00,"LITHIUM,  UNFILTERED TOTAL",8.01,µg/L,0.0464,0,,
16018403502,2019-11-20T14:28:00,"MAGNESIUM,UNFILTERED TOTAL",25.0,mg/L,0.1005,0,,
16018403502,2019-11-20T14:28:00,"MANGANESE,UNFILTERED TOTAL",16.8,µg/L,0.1448,0,,
16018403502,2019-11-20T14:28:00,"MERCURY,  UNFILTERED TOTAL",5.0,NANOGRAM PER LITER,0.012,0,,
16018403502,2019-11-20T14:28:00,"MOLYBDENUM,UNFILTERED TOTAL",0.326,µg/L,0.0569,0,,
16018403502,2019-11-20T14:28:00,"NICKEL,   UNFILTERED TOTAL",2.4,µg/L,0.0893,0,,
16018403502,2019-11-20T14:28:00,"NITRATES TOTAL,   UNFIL.REAC",4.61,mg/L,0.0477,0,,
16018403502,2019-11-20T14:28:00,"NITRITE,  UNFILTERED REACTIVE",0.018,mg/L,0.034,0,,
16018403502,2019-11-20T14:28:00,NITROGEN; TOTAL,5.44,mg/L,0.0486,0,,
16018403502,2019-11-20T14:28:00,PH (-LOG H+ CONCN),8.33,NO DIMENSION/SCALE,0.0223,0,,
16018403502,2019-11-20T14:28:00,PH FIELD,8.5,NO DIMENSION/SCALE,0.0245,0,,
16018403502,2019-11-20T14:28:00,"PHENOLICS, UNFILERED REACTIVE",0.2,µg/L,0.0472,0,,
16018403502,2019-11-20T14:28:00,"PHOSPHATE,FILTERED REACTIVE",0.0148,mg/L,0.0207,0,,
16018403502,2019-11-20T14:28:00,"PHOSPHORUS,UNFILTERED TOTAL",32.7,µg/L,0.3871,0,,
16018403502,2019-11-20T14:28:00,"POTASSIUM,UNFILTERED TOTAL",3.51,mg/L,0.034,0,,
16018403502,2019-11-20T14:28:00,"RESIDUE,PARTICULATE",5.0,mg/L,0.184,0,,
16018403502,2019-11-20T14:28:00,"SILVER,   UNFILTERED TOTAL",-2.35,µg/L,0.0996,0,,
16018403502,2019-11-20T14:28:00,"SODIUM,   UNFILTERED TOTAL",56.1,mg/L,0.2099,0,,
16018403502,2019-11-20T14:28:00,STREAM CONDITION,8.0,NO DIMENSION/SCALE,0.0722,0,,
16018403502,2019-11-20T14:28:00,"STRONTIUM, UNFILTERED TOTAL",775.0,µg/L,0.693,1,"rate_of_change, rolling_mean_7, rolling_mean_14","5.07, 3.53, 3.37"
16018403502,2019-11-20T14:28:00,"TEMPERATURE, WATER",3.6,DEGREES CELSIUS,0.1017,0,,
16018403502,2019-11-20T14:28:00,TIN       UNFILTERED TOTAL,-7.25,µg/L,0.1581,0,,
16018403502,2019-11-20T14:28:00,"TITANIUM,  UNFILTERED TOTAL",1.92,µg/L,0.0584,0,,
16018403502,2019-11-20T14:28:00,"URANIUM,   UNFILTERED TOTAL",4.44,µg/L,0.0419,0,,
16018403502,2019-11-20T14:28:00,"VANADIUM,  UNFILTERED TOTAL",0.385,µg/L,0.0572,0,,
16018403502,2019-11-20T14:28:00,"ZINC,  UNFILTERED TOTAL",3.88,µg/L,0.1123,0,,
16018403502,2019-11-20T14:28:00,"ZIRCONIUM,  UNFILTERED TOTAL",-0.0786,µg/L,0.04,0,,
16018403502,2019-12-09T11:05:00,"ALKALINITY, TOTAL",222.0,mg/L,0.2581,0,,
16018403502,2019-12-09T11:05:00,"ALUMINIUM, UNFILTERED TOTAL",212.0,µg/L,0.5564,0,,
16018403502,2019-12-09T11:05:00,"AMMONIUM, TOTAL   UNFIL.REAC",0.028,mg/L,0.0175,0,,
16018403502,2019-12-09T11:05:00,"BARIUM,  UNFILTERED TOTAL",36.4,µg/L,0.083,0,,
16018403502,2019-12-09T11:05:00,"BERYLIUM,UNFILTERED TOTAL",-0.0259,µg/L,0.0102,0,,
16018403502,2019-12-09T11:05:00,"BISMUTH, UNFILTERED TOTAL",-7.61,µg/L,0.0771,0,,
16018403502,2019-12-09T11:05:00,"CADMIUM, UNFILTERED TOTAL",0.805,µg/L,0.0088,0,,
16018403502,2019-12-09T11:05:00,"CALCIUM, UNFILTERED TOTAL",92.4,mg/L,0.1621,0,,
16018403502,2019-12-09T11:05:00,"CHLORIDE,         UNFIL.REAC",109.0,mg/L,0.1856,0,,
16018403502,2019-12-09T11:05:00,"CHROMIUM, UNFILTERED TOTAL",0.137,µg/L,0.0618,0,,
16018403502,2019-12-09T11:05:00,"COBALT,   UNFILTERED TOTAL",0.46,µg/L,0.0071,0,,
16018403502,2019-12-09T11:05:00,"CONDUCTIVITY, 25C",913.0,MICRO SIEMENS PER CENTIMETER,0.5436,0,,
16018403502,2019-12-09T11:05:00,"CONDUCTIVITY, AMBIENT",1001.0,MICROMHOS/CM (CONDUCTIVITY),0.6644,1,"rolling_mean_7, rolling_mean_14, rolling_mean_30","3.78, 3.67, 3.66"
16018403502,2019-12-09T11:05:00,"COPPER,   UNFILTERED TOTAL",3.39,µg/L,0.0157,0,,
16018403502,2019-12-09T11:05:00,DISSOLVED OXYGEN,13.48,mg/L,0.0566,0,,
16018403502,2019-12-09T11:05:00,"HARDNESS,   TOTAL",331.0,mg/L,0.3604,0,,
16018403502,2019-12-09T11:05:00,"IRON,     UNFILTERED TOTAL",252.0,µg/L,0.5399,0,,
16018403502,2019-12-09T11:05:00,"LEAD,     UNFILTERED TOTAL",-4.28,µg/L,0.0893,0,,
16018403502,2019-12-09T11:05:00,"LITHIUM,  UNFILTERED TOTAL",7.51,µg/L,0.02,0,,
16018403502,2019-12-09T11:05:00,"MAGNESIUM,UNFILTERED TOTAL",24.3,mg/L,0.0559,0,,
16018403502,2019-12-09T11:05:00,"MANGANESE,UNFILTERED TOTAL",14.8,µg/L,0.1068,0,,
16018403502,2019-12-09T11:05:00,"MERCURY,  UNFILTERED TOTAL",5.0,NANOGRAM PER LITER,0.0064,0,,
16018403502,2019-12-09T11:05:00,"MOLYBDENUM,UNFILTERED TOTAL",-0.0592,µg/L,0.0263,0,,
16018403502,2019-12-09T11:05:00,"NICKEL,   UNFILTERED TOTAL",0.681,µg/L,0.0323,0,,
16018403502,2019-12-09T11:05:00,"NITRATES TOTAL,   UNFIL.REAC",4.95,mg/L,0.0353,0,,
16018403502,2019-12-09T11:05:00,"NITRITE,  UNFILTERED REACTIVE",0.027,mg/L,0.0143,0,,
16018403502,2019-12-09T11:05:00,NITROGEN; TOTAL,5.9,mg/L,0.0295,0,,
16018403502,2019-12-09T11:05:00,PH (-LOG H+ CONCN),8.33,NO DIMENSION/SCALE,0.0152,0,,
16018403502,2019-12-09T11:05:00,PH FIELD,8.41,NO DIMENSION/SCALE,0.0116,0,,
16018403502,2019-12-09T11:05:00,"PHENOLICS, UNFILERED REACTIVE",0.2,µg/L,0.0199,0,,
16018403502,2019-12-09T11:05:00,"PHOSPHATE,FILTERED REACTIVE",0.0194,mg/L,0.0062,0,,
16018403502,2019-12-09T11:05:00,"PHOSPHORUS,UNFILTERED TOTAL",38.8,µg/L,0.2009,0,,
16018403502,2019-12-09T11:05:00,"POTASSIUM,UNFILTERED TOTAL",3.36,mg/L,0.022,0,,
16018403502,2019-12-09T11:05:00,"RESIDUE,PARTICULATE",6.2,mg/L,0.1193,0,,
16018403502,2019-12-09T11:05:00,"SILVER,   UNFILTERED TOTAL",-0.181,µg/L,0.0435,0,,
16018403502,2019-12-09T11:05:00,"SODIUM,   UNFILTERED TOTAL",66.4,mg/L,0.1433,0,,
16018403502,2019-12-09T11:05:00,STREAM CONDITION,8.0,NO DIMENSION/SCALE,0.0275,0,,
16018403502,2019-12-09T11:05:00,"STRONTIUM, UNFILTERED TOTAL",715.0,µg/L,0.5705,0,,
16018403502,2019-12-09T11:05:00,"TEMPERATURE, WATER",3.5,DEGREES CELSIUS,0.081,0,,
16018403502,2019-12-09T11:05:00,TIN       UNFILTERED TOTAL,-2.81,µg/L,0.076,0,,
16018403502,2019-12-09T11:05:00,"TITANIUM,  UNFILTERED TOTAL",3.56,µg/L,0.0271,0,,
16018403502,2019-12-09T11:05:00,"URANIUM,   UNFILTERED TOTAL",6.03,µg/L,0.0632,0,,
16018403502,2019-12-09T11:05:00,"VANADIUM,  UNFILTERED TOTAL",0.548,µg/L,0.0248,0,,
16018403502,2019-12-09T11:05:00,"ZINC,  UNFILTERED TOTAL",6.0,µg/L,0.0555,0,,
16018403502,2019-12-09T11:05:00,"ZIRCONIUM,  UNFILTERED TOTAL",0.0105,µg/L,0.0128,0,,
16018403502,2020-01-13T12:55:00,"ALKALINITY, TOTAL",124.0,mg/L,0.4712,0,,
16018403502,2020-01-13T12:55:00,"ALUMINIUM, UNFILTERED TOTAL",1280.0,µg/L,0.8435,1,"delta, rate_of_change, rolling_std_7","7.17, 5.97, 4.35"
16018403502,2020-01-13T12:55:00,"AMMONIUM, TOTAL   UNFIL.REAC",0.154,mg/L,0.0945,0,,
16018403502,2020-01-13T12:55:00,"BARIUM,  UNFILTERED TOTAL",43.9,µg/L,0.1651,0,,
16018403502,2020-01-13T12:55:00,"BERYLIUM,UNFILTERED TOTAL",0.114,µg/L,0.1234,0,,
16018403502,2020-01-13T12:55:00,"BISMUTH, UNFILTERED TOTAL",-5.72,µg/L,0.125,0,,
16018403502,2020-01-13T12:55:00,"CADMIUM, UNFILTERED TOTAL",0.557,µg/L,0.077,0,,
16018403502,2020-01-13T12:55:00,"CALCIUM, UNFILTERED TOTAL",63.0,mg/L,0.3154,0,,
16018403502,2020-01-13T12:55:00,"CHLORIDE,         UNFIL.REAC",40.0,mg/L,0.3694,0,,
16018403502,2020-01-13T12:55:00,"CHROMIUM, UNFILTERED TOTAL",1.89,µg/L,0.1581,0,,
16018403502,2020-01-13T12:55:00,"COBALT,   UNFILTERED TOTAL",0.246,µg/L,0.0772,0,,
16018403502,2020-01-13T12:55:00,"CONDUCTIVITY, 25C",433.0,MICRO SIEMENS PER CENTIMETER,0.7446,1,"rolling_mean_14, rolling_mean_30, rolling_mean_7","3.58, 3.53, 3.48"
16018403502,2020-01-13T12:55:00,"CONDUCTIVITY, AMBIENT",425.0,MICROMHOS/CM (CONDUCTIVITY),0.7585,1,"delta, rolling_mean_14, rolling_mean_30","-3.86, 3.56, 3.56"
16018403502,2020-01-13T12:55:00,"COPPER,   UNFILTERED TOTAL",6.68,µg/L,0.1243,0,,
16018403502,2020-01-13T12:55:00,DISSOLVED OXYGEN,12.24,mg/L,0.0883,0,,
16018403502,2020-01-13T12:55:00,"HARDNESS,   TOTAL",209.0,mg/L,0.5427,0,,
16018403502,2020-01-13T12:55:00,"IRON,     UNFILTERED TOTAL",1710.0,µg/L,0.8891,1,"delta, rate_of_change, rolling_std_7","9.78, 8.14, 5.77"
16018403502,2020-01-13T12:55:00,"LEAD,     UNFILTERED TOTAL",-2.0,µg/L,0.1402,0,,
16018403502,2020-01-13T12:55:00,"LITHIUM,  UNFILTERED TOTAL",11.2,µg/L,0.122,0,,
16018403502,2020-01-13T12:55:00,"MAGNESIUM,UNFILTERED TOTAL",12.5,mg/L,0.2271,0,,
16018403502,2020-01-13T12:55:00,"MANGANESE,UNFILTERED TOTAL",133.0,µg/L,0.4572,0,,
16018403502,2020-01-13T12:55:00,"MERCURY,  UNFILTERED TOTAL",15.0,NANOGRAM PER LITER,0.2627,0,,
16018403502,2020-01-13T12:55:00,"MOLYBDENUM,UNFILTERED TOTAL",-1.03,µg/L,0.1236,0,,
16018403502,2020-01-13T12:55:00,"NICKEL,   UNFILTERED TOTAL",2.44,µg/L,0.1156,0,,
16018403502,2020-01-13T12:55:00,"NITRATES TOTAL,   UNFIL.REAC",3.53,mg/L,0.0767,0,,
16018403502,2020-01-13T12:55:00,"NITRITE,  UNFILTERED REACTIVE",0.041,mg/L,0.0673,0,,
16018403502,2020-01-13T12:55:00,NITROGEN; TOTAL,4.68,mg/L,0.0752,0,,
16018403502,2020-01-13T12:55:00,PH (-LOG H+ CONCN),8.12,NO DIMENSION/SCALE,0.1357,0,,
16018403502,2020-01-13T12:55:00,PH FIELD,8.03,NO DIMENSION/SCALE,0.0958,0,,
16018403502,2020-01-13T12:55:00,"PHENOLICS, UNFILERED REACTIVE",0.6,µg/L,0.0728,0,,
16018403502,2020-01-13T12:55:00,"PHOSPHATE,FILTERED REACTIVE",0.0946,mg/L,0.1331,0,,
16018403502,2020-01-13T12:55:00,"PHOSPHORUS,UNFILTERED TOTAL",423.0,µg/L,0.6645,1,"zscore, delta, rate_of_change","4.26, 2.58, 2.15"
16018403502,2020-01-13T12:55:00,"POTASSIUM,UNFILTERED TOTAL",4.39,mg/L,0.0919,0,,
16018403502,2020-01-13T12:55:00,"RESIDUE,PARTICULATE",221.0,mg/L,0.5744,0,,
16018403502,2020-01-13T12:55:00,"SILVER,   UNFILTERED TOTAL",-0.459,µg/L,0.0831,0,,
16018403502,2020-01-13T12:55:00,"SODIUM,   UNFILTERED TOTAL",23.6,mg/L,0.3269,0,,
16018403502,2020-01-13T12:55:00,STREAM CONDITION,3.0,NO DIMENSION/SCALE,0.1361,0,,
16018403502,2020-01-13T12:55:00,"STRONTIUM, UNFILTERED TOTAL",283.0,µg/L,0.7447,1,"rolling_mean_14, rolling_mean_30, rolling_mean_7","3.44, 3.22, 2.94"
16018403502,2020-01-13T12:55:00,"TEMPERATURE, WATER",3.4,DEGREES CELSIUS,0.1405,0,,
16018403502,2020-01-13T12:55:00,TIN       UNFILTERED TOTAL,0.442,µg/L,0.1213,0,,
16018403502,2020-01-13T12:55:00,"TITANIUM,  UNFILTERED TOTAL",6.92,µg/L,0.1214,0,,
16018403502,2020-01-13T12:55:00,"TURBIDITY, FIELD",223.0,FORMAZIN NEPHELOMETRIC UNIT,0.2495,0,,
16018403502,2020-01-13T12:55:00,"URANIUM,   UNFILTERED TOTAL",6.53,µg/L,0.1053,0,,
16018403502,2020-01-13T12:55:00,"VANADIUM,  UNFILTERED TOTAL",2.77,µg/L,0.166,0,,
16018403502,2020-01-13T12:55:00,"ZINC,  UNFILTERED TOTAL",30.2,µg/L,0.2842,0,,
16018403502,2020-01-13T12:55:00,"ZIRCONIUM,  UNFILTERED TOTAL",0.385,µg/L,0.1559,0,,
16018403502,2020-02-18T14:45:00,"MERCURY,  UNFILTERED TOTAL",5.0,NANOGRAM PER LITER,0.1108,0,,
16018403502,2020-02-18T14:45:00,"PHENOLICS, UNFILERED REACTIVE",0.6,µg/L,0.0713,0,,
16018403502,2020-02-18T14:45:00,"TURBIDITY, FIELD",6.9,FORMAZIN NEPHELOMETRIC UNIT,0.5763,0,,
16018403502,2020-03-11T13:35:00,"ALKALINITY, TOTAL",212.0,mg/L,0.3928,0,,
16018403502,2020-03-11T13:35:00,"ALUMINIUM, UNFILTERED TOTAL",589.0,µg/L,0.7675,1,"delta, rolling_std_7, rolling_std_14","-4.63, 4.36, 3.56"
16018403502,2020-03-11T13:35:00,"AMMONIUM, TOTAL   UNFIL.REAC",0.042,mg/L,0.0776,0,,
16018403502,2020-03-11T13:35:00,"BARIUM,  UNFILTERED TOTAL",38.1,µg/L,0.1449,0,,
16018403502,2020-03-11T13:35:00,"BERYLIUM,UNFILTERED TOTAL",0.115,µg/L,0.1035,0,,
16018403502,2020-03-11T13:35:00,"BISMUTH, UNFILTERED TOTAL",-6.29,µg/L,0.1266,0,,
16018403502,2020-03-11T13:35:00,"CADMIUM, UNFILTERED TOTAL",1.07,µg/L,0.0686,0,,
16018403502,2020-03-11T13:35:00,"CALCIUM, UNFILTERED TOTAL",89.6,mg/L,0.2528,0,,
16018403502,2020-03-11T13:35:00,"CHLORIDE,         UNFIL.REAC",89.8,mg/L,0.3018,0,,
16018403502,2020-03-11T13:35:00,"CHROMIUM, UNFILTERED TOTAL",1.53,µg/L,0.1031,0,,
16018403502,2020-03-11T13:35:00,"COBALT,   UNFILTERED TOTAL",0.965,µg/L,0.0961,0,,
16018403502,2020-03-11T13:35:00,"CONDUCTIVITY, 25C",795.0,MICRO SIEMENS PER CENTIMETER,0.7032,1,"rolling_mean_14, rolling_mean_30, rolling_mean_7","3.62, 3.53, 3.42"
16018403502,2020-03-11T13:35:00,"CONDUCTIVITY, AMBIENT",801.0,MICROMHOS/CM (CONDUCTIVITY),0.7024,1,"rolling_mean_14, rolling_mean_30, rolling_mean_7","3.60, 3.56, 3.39"
16018403502,2020-03-11T13:35:00,"COPPER,   UNFILTERED TOTAL",3.14,µg/L,0.0932,0,,
16018403502,2020-03-11T13:35:00,DISSOLVED OXYGEN,12.39,mg/L,0.0877,0,,
16018403502,2020-03-11T13:35:00,"HARDNESS,   TOTAL",314.0,mg/L,0.468,0,,
16018403502,2020-03-11T13:35:00,"IRON,     UNFILTERED TOTAL",475.0,µg/L,0.8096,1,"delta, rolling_std_7, rolling_std_14","-8.28, 5.76, 4.64"
16018403502,2020-03-11T13:35:00,"LEAD,     UNFILTERED TOTAL",-1.5,µg/L,0.1223,0,,
16018403502,2020-03-11T13:35:00,"LITHIUM,  UNFILTERED TOTAL",5.11,µg/L,0.1145,0,,
16018403502,2020-03-11T13:35:00,"MAGNESIUM,UNFILTERED TOTAL",21.9,mg/L,0.1451,0,,
16018403502,2020-03-11T13:35:00,"MANGANESE,UNFILTERED TOTAL",32.0,µg/L,0.3565,0,,
16018403502,2020-03-11T13:35:00,"MERCURY,  UNFILTERED TOTAL",5.0,NANOGRAM PER LITER,0.0202,0,,
16018403502,2020-03-11T13:35:00,"MOLYBDENUM,UNFILTERED TOTAL",-1.45,µg/L,0.1523,0,,
16018403502,2020-03-11T13:35:00,"NICKEL,   UNFILTERED TOTAL",1.54,µg/L,0.0773,0,,
16018403502,2020-03-11T13:35:00,"NITRATES TOTAL,   UNFIL.REAC",4.17,mg/L,0.0761,0,,
16018403502,2020-03-11T13:35:00,"NITRITE,  UNFILTERED REACTIVE",0.022,mg/L,0.0781,0,,
16018403502,2020-03-11T13:35:00,NITROGEN; TOTAL,5.17,mg/L,0.073,0,,
16018403502,2020-03-11T13:35:00,PH (-LOG H+ CONCN),8.31,NO DIMENSION/SCALE,0.0739,0,,
16018403502,2020-03-11T13:35:00,PH FIELD,8.21,NO DIMENSION/SCALE,0.0794,0,,
16018403502,2020-03-11T13:35:00,"PHENOLICS, UNFILERED REACTIVE",0.7,µg/L,0.0107,0,,
16018403502,2020-03-11T13:35:00,"PHOSPHATE,FILTERED REACTIVE",0.0162,mg/L,0.0696,0,,
16018403502,2020-03-11T13:35:00,"PHOSPHORUS,UNFILTERED TOTAL",86.0,µg/L,0.5561,0,,
16018403502,2020-03-11T13:35:00,"POTASSIUM,UNFILTERED TOTAL",3.02,mg/L,0.1042,0,,
16018403502,2020-03-11T13:35:00,"RESIDUE,PARTICULATE",40.3,mg/L,0.4749,0,,
16018403502,2020-03-11T13:35:00,"SILVER,   UNFILTERED TOTAL",0.426,µg/L,0.0868,0,,
16018403502,2020-03-11T13:35:00,"SODIUM,   UNFILTERED TOTAL",50.9,mg/L,0.2263,0,,
16018403502,2020-03-11T13:35:00,STREAM CONDITION,3.0,NO DIMENSION/SCALE,0.1087,0,,
16018403502,2020-03-11T13:35:00,"STRONTIUM, UNFILTERED TOTAL",543.0,µg/L,0.6806,1,"rolling_mean_14, rolling_mean_30, rolling_mean_7","3.37, 3.17, 2.75"
16018403502,2020-03-11T13:35:00,"TEMPERATURE, WATER",6.0,DEGREES CELSIUS,0.1346,0,,
16018403502,2020-03-11T13:35:00,TIN       UNFILTERED TOTAL,-5.89,µg/L,0.1778,0,,
16018403502,2020-03-11T13:35:00,"TITANIUM,  UNFILTERED TOTAL",8.27,µg/L,0.1137,0,,
16018403502,2020-03-11T13:35:00,"TURBIDITY, FIELD",44.5,FORMAZIN NEPHELOMETRIC UNIT,0.3982,0,,
16018403502,2020-03-11T13:35:00,"URANIUM,   UNFILTERED TOTAL",8.88,µg/L,0.1334,0,,
16018403502,2020-03-11T13:35:00,"VANADIUM,  UNFILTERED TOTAL",1.19,µg/L,0.0735,0,,
16018403502,2020-03-11T13:35:00,"ZINC,  UNFILTERED TOTAL",78.7,µg/L,0.3927,0,,
16018403502,2020-03-11T13:35:00,"ZIRCONIUM,  UNFILTERED TOTAL",0.236,µg/L,0.1045,0,,
16018403502,2020-10-08T13:20:00,"ALKALINITY, TOTAL",171.0,mg/L,0.4592,0,,
16018403502,2020-10-08T13:20:00,"ALUMINIUM, UNFILTERED TOTAL",199.0,µg/L,0.7935,1,"rolling_std_7, time_gap_days, rolling_std_14","4.49, 4.21, 3.62"
16018403502,2020-10-08T13:20:00,"AMMONIUM, TOTAL   UNFIL.REAC",0.036,mg/L,0.2037,0,,
16018403502,2020-10-08T13:20:00,"BARIUM,  UNFILTERED TOTAL",35.8,µg/L,0.2826,0,,
16018403502,2020-10-08T13:20:00,"BERYLIUM,UNFILTERED TOTAL",-0.0107,µg/L,0.1971,0,,
16018403502,2020-10-08T13:20:00,"BISMUTH, UNFILTERED TOTAL",-6.75,µg/L,0.2604,0,,
16018403502,2020-10-08T13:20:00,"CADMIUM, UNFILTERED TOTAL",0.316,µg/L,0.2357,0,,
16018403502,2020-10-08T13:20:00,"CALCIUM, UNFILTERED TOTAL",63.9,mg/L,0.3878,0,,
16018403502,2020-10-08T13:20:00,"CHLORIDE,         UNFIL.REAC",89.2,mg/L,0.3543,0,,
16018403502,2020-10-08T13:20:00,"CHROMIUM, UNFILTERED TOTAL",0.743,µg/L,0.206,0,,
16018403502,2020-10-08T13:20:00,"COBALT,   UNFILTERED TOTAL",0.263,µg/L,0.2167,0,,
16018403502,2020-10-08T13:20:00,"CONDUCTIVITY, 25C",763.0,MICRO SIEMENS PER CENTIMETER,0.6733,1,"time_gap_days, rolling_mean_14, rolling_mean_30","4.21, 3.60, 3.53"
16018403502,2020-10-08T13:20:00,"CONDUCTIVITY, AMBIENT",793.0,MICROMHOS/CM (CONDUCTIVITY),0.6805,1,"time_gap_days, rolling_mean_14, rolling_mean_30","4.21, 3.60, 3.56"
16018403502,2020-10-08T13:20:00,"COPPER,   UNFILTERED TOTAL",1.42,µg/L,0.2382,0,,
16018403502,2020-10-08T13:20:00,DISSOLVED OXYGEN,9.98,mg/L,0.2219,0,,
16018403502,2020-10-08T13:20:00,"HARDNESS,   TOTAL",256.0,mg/L,0.5431,0,,
16018403502,2020-10-08T13:20:00,"IRON,     UNFILTERED TOTAL",300.0,µg/L,0.8021,1,"rolling_std_7, rolling_std_14, rolling_std_30","5.88, 4.71, 4.38"
16018403502,2020-10-08T13:20:00,"LEAD,     UNFILTERED TOTAL",-10.3,µg/L,0.3383,0,,
16018403502,2020-10-08T13:20:00,"LITHIUM,  UNFILTERED TOTAL",6.87,µg/L,0.2123,0,,
16018403502,2020-10-08T13:20:00,"MAGNESIUM,UNFILTERED TOTAL",23.4,mg/L,0.2522,0,,
16018403502,2020-10-08T13:20:00,"MANGANESE,UNFILTERED TOTAL",26.9,µg/L,0.3467,0,,
16018403502,2020-10-08T13:20:00,"MERCURY,  UNFILTERED TOTAL",5.0,NANOGRAM PER LITER,0.2096,0,,
16018403502,2020-10-08T13:20:00,"MOLYBDENUM,UNFILTERED TOTAL",0.511,µg/L,0.2437,0,,
16018403502,2020-10-08T13:20:00,"NICKEL,   UNFILTERED TOTAL",0.536,µg/L,0.2043,0,,
16018403502,2020-10-08T13:20:00,"NITRATES TOTAL,   UNFIL.REAC",2.07,mg/L,0.2318,0,,
16018403502,2020-10-08T13:20:00,"NITRITE,  UNFILTERED REACTIVE",0.013,mg/L,0.226,0,,
16018403502,2020-10-08T13:20:00,NTOT,2.56,mg/L,0.0394,0,,
16018403502,2020-10-08T13:20:00,PH (-LOG H+ CONCN),8.38,NO DIMENSION/SCALE,0.2055,0,,
16018403502,2020-10-08T13:20:00,PH FIELD,8.23,NO DIMENSION/SCALE,0.195,0,,
16018403502,2020-10-08T13:20:00,"PHENOLICS, UNFILERED REACTIVE",0.6,µg/L,0.2034,0,,
16018403502,2020-10-08T13:20:00,"PHOSPHATE,FILTERED REACTIVE",0.0132,mg/L,0.1984,0,,
16018403502,2020-10-08T13:20:00,"PHOSPHORUS,UNFILTERED TOTAL",52.7,µg/L,0.5221,0,,
16018403502,2020-10-08T13:20:00,"POTASSIUM,UNFILTERED TOTAL",3.74,mg/L,0.1992,0,,
16018403502,2020-10-08T13:20:00,"RESIDUE,PARTICULATE",23.6,mg/L,0.4331,0,,
16018403502,2020-10-08T13:20:00,"SILVER,   UNFILTERED TOTAL",-0.563,µg/L,0.2237,0,,
16018403502,2020-10-08T13:20:00,"SODIUM,   UNFILTERED TOTAL",53.1,mg/L,0.3126,0,,
16018403502,2020-10-08T13:20:00,STREAM CONDITION,8.0,NO DIMENSION/SCALE,0.2309,0,,
16018403502,2020-10-08T13:20:00,"STRONTIUM, UNFILTERED TOTAL",715.0,µg/L,0.7003,1,"time_gap_days, rolling_mean_14, rolling_mean_30","4.21, 3.33, 3.17"
16018403502,2020-10-08T13:20:00,"TEMPERATURE, WATER",13.4,DEGREES CELSIUS,0.2573,0,,
16018403502,2020-10-08T13:20:00,TIN       UNFILTERED TOTAL,1.65,µg/L,0.2768,0,,
16018403502,2020-10-08T13:20:00,"TITANIUM,  UNFILTERED TOTAL",3.98,µg/L,0.224,0,,
16018403502,2020-10-08T13:20:00,"TURBIDITY, FIELD",11.4,FORMAZIN NEPHELOMETRIC UNIT,0.5292,0,,
16018403502,2020-10-08T13:20:00,"URANIUM,   UNFILTERED TOTAL",3.91,µg/L,0.2315,0,,
16018403502,2020-10-08T13:20:00,"VANADIUM,  UNFILTERED TOTAL",0.972,µg/L,0.2004,0,,
16018403502,2020-10-08T13:20:00,"ZINC,  UNFILTERED TOTAL",5.21,µg/L,0.3972,0,,
16018403502,2020-10-08T13:20:00,"ZIRCONIUM,  UNFILTERED TOTAL",0.0313,µg/L,0.2021,0,,
16018403502,2020-11-24T13:00:00,"ALKALINITY, TOTAL",208.0,mg/L,0.3426,0,,
16018403502,2020-11-24T13:00:00,"ALUMINIUM, UNFILTERED TOTAL",115.0,µg/L,0.7023,1,"rolling_std_7, rolling_std_14, rolling_std_30","4.66, 3.72, 3.31"
16018403502,2020-11-24T13:00:00,"AMMONIUM, TOTAL   UNFIL.REAC",0.032,mg/L,0.0701,0,,
16018403502,2020-11-24T13:00:00,"BARIUM,  UNFILTERED TOTAL",35.7,µg/L,0.1375,0,,
16018403502,2020-11-24T13:00:00,"BERYLIUM,UNFILTERED TOTAL",0.0447,µg/L,0.0762,0,,
16018403502,2020-11-24T13:00:00,"BISMUTH, UNFILTERED TOTAL",-8.43,µg/L,0.1545,0,,
16018403502,2020-11-24T13:00:00,"CADMIUM, UNFILTERED TOTAL",0.32,µg/L,0.0963,0,,
16018403502,2020-11-24T13:00:00,"CALCIUM, UNFILTERED TOTAL",82.9,mg/L,0.2248,0,,
16018403502,2020-11-24T13:00:00,"CHLORIDE,         UNFIL.REAC",84.8,mg/L,0.2233,0,,
16018403502,2020-11-24T13:00:00,"CHROMIUM, UNFILTERED TOTAL",0.993,µg/L,0.0676,0,,
16018403502,2020-11-24T13:00:00,"COBALT,   UNFILTERED TOTAL",-0.264,µg/L,0.1457,0,,
16018403502,2020-11-24T13:00:00,"CONDUCTIVITY, 25C",838.0,MICRO SIEMENS PER CENTIMETER,0.6074,1,"rolling_mean_14, rolling_mean_30, rolling_mean_7","3.61, 3.54, 3.32"
16018403502,2020-11-24T13:00:00,"CONDUCTIVITY, AMBIENT",860.0,MICROMHOS/CM (CONDUCTIVITY),0.615,1,"rolling_mean_14, rolling_mean_30, rolling_mean_7","3.61, 3.58, 3.32"
16018403502,2020-11-24T13:00:00,"COPPER,   UNFILTERED TOTAL",3.69,µg/L,0.0756,0,,
16018403502,2020-11-24T13:00:00,DISSOLVED OXYGEN,13.03,mg/L,0.1014,0,,
16018403502,2020-11-24T13:00:00,"HARDNESS,   TOTAL",308.0,mg/L,0.4389,0,,
16018403502,2020-11-24T13:00:00,"IRON,     UNFILTERED TOTAL",154.0,µg/L,0.7507,1,"rolling_std_7, rolling_std_14, rolling_std_30","6.12, 4.85, 4.37"
16018403502,2020-11-24T13:00:00,"LEAD,     UNFILTERED TOTAL",-6.74,µg/L,0.1374,0,,
16018403502,2020-11-24T13:00:00,"LITHIUM,  UNFILTERED TOTAL",1.5,µg/L,0.1645,0,,
16018403502,2020-11-24T13:00:00,"MAGNESIUM,UNFILTERED TOTAL",24.6,mg/L,0.1108,0,,
16018403502,2020-11-24T13:00:00,"MANGANESE,UNFILTERED TOTAL",11.5,µg/L,0.2508,0,,
16018403502,2020-11-24T13:00:00,"MERCURY,  UNFILTERED TOTAL",5.0,NANOGRAM PER LITER,0.0674,0,,
16018403502,2020-11-24T13:00:00,"MOLYBDENUM,UNFILTERED TOTAL",0.631,µg/L,0.1062,0,,
16018403502,2020-11-24T13:00:00,"NICKEL,   UNFILTERED TOTAL",2.37,µg/L,0.1095,0,,
16018403502,2020-11-24T13:00:00,"NITRATES TOTAL,   UNFIL.REAC",3.43,mg/L,0.073,0,,
16018403502,2020-11-24T13:00:00,"NITRITE,  UNFILTERED REACTIVE",0.008,mg/L,0.0993,0,,
16018403502,2020-11-24T13:00:00,NTOT,5.1,mg/L,0.0794,0,,
16018403502,2020-11-24T13:00:00,PH (-LOG H+ CONCN),8.41,NO DIMENSION/SCALE,0.083,0,,
16018403502,2020-11-24T13:00:00,PH FIELD,8.44,NO DIMENSION/SCALE,0.07,0,,
16018403502,2020-11-24T13:00:00,"PHENOLICS, UNFILERED REACTIVE",0.6,µg/L,0.0664,0,,
16018403502,2020-11-24T13:00:00,"PHOSPHATE,FILTERED REACTIVE",0.0085,mg/L,0.0684,0,,
16018403502,2020-11-24T13:00:00,"PHOSPHORUS,UNFILTERED TOTAL",26.1,µg/L,0.4374,0,,
16018403502,2020-11-24T13:00:00,"POTASSIUM,UNFILTERED TOTAL",3.62,mg/L,0.0624,0,,
16018403502,2020-11-24T13:00:00,"RESIDUE,PARTICULATE",9.8,mg/L,0.3257,0,,
16018403502,2020-11-24T13:00:00,"SILVER,   UNFILTERED TOTAL",0.0398,µg/L,0.0771,0,,
16018403502,2020-11-24T13:00:00,"SODIUM,   UNFILTERED TOTAL",51.5,mg/L,0.1666,0,,
16018403502,2020-11-24T13:00:00,STREAM CONDITION,8.0,NO DIMENSION/SCALE,0.0727,0,,
16018403502,2020-11-24T13:00:00,"STRONTIUM, UNFILTERED TOTAL",660.0,µg/L,0.6082,1,"rolling_mean_14, rolling_mean_30, rolling_std_14","3.29, 3.16, 2.55"
16018403502,2020-11-24T13:00:00,"TEMPERATURE, WATER",4.5,DEGREES CELSIUS,0.1491,0,,
16018403502,2020-11-24T13:00:00,TIN       UNFILTERED TOTAL,-14.3,µg/L,0.249,0,,
16018403502,2020-11-24T13:00:00,"TITANIUM,  UNFILTERED TOTAL",3.8,µg/L,0.0631,0,,
16018403502,2020-11-24T13:00:00,"TURBIDITY, FIELD",6.0,FORMAZIN NEPHELOMETRIC UNIT,0.3661,0,,
16018403502,2020-11-24T13:00:00,"URANIUM,   UNFILTERED TOTAL",5.49,µg/L,0.0815,0,,
16018403502,2020-11-24T13:00:00,"VANADIUM,  UNFILTERED TOTAL",0.302,µg/L,0.0998,0,,
16018403502,2020-11-24T13:00:00,"ZINC,  UNFILTERED TOTAL",10.9,µg/L,0.1916,0,,
16018403502,2020-11-24T13:00:00,"ZIRCONIUM,  UNFILTERED TOTAL",-0.0599,µg/L,0.0752,0,,
16018403502,2020-12-10T11:45:00,"ALKALINITY, TOTAL",223.0,mg/L,0.2809,0,,
16018403502,2020-12-10T11:45:00,"AMMONIUM, TOTAL   UNFIL.REAC",0.022,mg/L,0.0236,0,,
16018403502,2020-12-10T11:45:00,"CHLORIDE,         UNFIL.REAC",121.0,mg/L,0.2704,0,,
16018403502,2020-12-10T11:45:00,"CONDUCTIVITY, 25C",992.0,MICRO SIEMENS PER CENTIMETER,0.643,1,"rolling_mean_14, rolling_mean_30, rolling_mean_7","3.69, 3.58, 3.58"
16018403502,2020-12-10T11:45:00,"CONDUCTIVITY, AMBIENT",1000.0,MICROMHOS/CM (CONDUCTIVITY),0.6519,1,"rolling_mean_14, rolling_mean_30, rolling_mean_7","3.70, 3.62, 3.57"
16018403502,2020-12-10T11:45:00,DISSOLVED OXYGEN,13.87,mg/L,0.0689,0,,
16018403502,2020-12-10T11:45:00,"NITRATES TOTAL,   UNFIL.REAC",4.71,mg/L,0.0477,0,,
16018403502,2020-12-10T11:45:00,"NITRITE,  UNFILTERED REACTIVE",0.028,mg/L,0.0121,0,,
16018403502,2020-12-10T11:45:00,NTOT,5.39,mg/L,0.0238,0,,
16018403502,2020-12-10T11:45:00,PH (-LOG H+ CONCN),8.36,NO DIMENSION/SCALE,0.0213,0,,
16018403502,2020-12-10T11:45:00,PH FIELD,8.17,NO DIMENSION/SCALE,0.0302,0,,
16018403502,2020-12-10T11:45:00,"PHOSPHATE,FILTERED REACTIVE",0.0109,mg/L,0.018,0,,
16018403502,2020-12-10T11:45:00,"PHOSPHORUS,UNFILTERED TOTAL",31.2,µg/L,0.361,0,,
16018403502,2020-12-10T11:45:00,"RESIDUE,PARTICULATE",6.4,mg/L,0.2677,0,,
16018403502,2020-12-10T11:45:00,STREAM CONDITION,8.0,NO DIMENSION/SCALE,0.0292,0,,
16018403502,2020-12-10T11:45:00,"TEMPERATURE, WATER",3.6,DEGREES CELSIUS,0.0712,0,,
16018403502,2020-12-10T11:45:00,"TURBIDITY, FIELD",6.0,FORMAZIN NEPHELOMETRIC UNIT,0.2993,0,,
16018403502,2021-01-27T11:10:00,"ALKALINITY, TOTAL",250.0,mg/L,0.381,0,,
16018403502,2021-01-27T11:10:00,"ALUMINIUM, UNFILTERED TOTAL",101.0,µg/L,0.7056,1,"rolling_std_7, rolling_std_14, rolling_std_30","4.84, 3.83, 3.31"
16018403502,2021-01-27T11:10:00,"AMMONIUM, TOTAL   UNFIL.REAC",0.021,mg/L,0.0736,0,,
16018403502,2021-01-27T11:10:00,"BARIUM,  UNFILTERED TOTAL",39.3,µg/L,0.1474,0,,
16018403502,2021-01-27T11:10:00,"BERYLIUM,UNFILTERED TOTAL",0.0127,µg/L,0.0741,0,,
16018403502,2021-01-27T11:10:00,"BISMUTH, UNFILTERED TOTAL",-8.02,µg/L,0.145,0,,
16018403502,2021-01-27T11:10:00,"CADMIUM, UNFILTERED TOTAL",0.209,µg/L,0.109,0,,
16018403502,2021-01-27T11:10:00,"CALCIUM, UNFILTERED TOTAL",101.0,mg/L,0.272,0,,
16018403502,2021-01-27T11:10:00,"CHLORIDE,         UNFIL.REAC",106.0,mg/L,0.2575,0,,
16018403502,2021-01-27T11:10:00,"CHROMIUM, UNFILTERED TOTAL",0.947,µg/L,0.0729,0,,
16018403502,2021-01-27T11:10:00,"COBALT,   UNFILTERED TOTAL",0.671,µg/L,0.0826,0,,
16018403502,2021-01-27T11:10:00,"CONDUCTIVITY, 25C",1000.0,MICRO SIEMENS PER CENTIMETER,0.6528,1,"rolling_mean_14, rolling_mean_7, rolling_mean_30","3.73, 3.64, 3.63"
16018403502,2021-01-27T11:10:00,"CONDUCTIVITY, AMBIENT",1018.0,MICROMHOS/CM (CONDUCTIVITY),0.6659,1,"rolling_mean_7, rolling_mean_14, rolling_mean_30","3.76, 3.75, 3.67"
16018403502,2021-01-27T11:10:00,"COPPER,   UNFILTERED TOTAL",1.05,µg/L,0.1186,0,,
16018403502,2021-01-27T11:10:00,DISSOLVED OXYGEN,13.85,mg/L,0.1004,0,,
16018403502,2021-01-27T11:10:00,"HARDNESS,   TOTAL",366.0,mg/L,0.4821,0,,
16018403502,2021-01-27T11:10:00,"IRON,     UNFILTERED TOTAL",121.0,µg/L,0.7419,1,"rolling_std_7, rolling_std_14, rolling_std_30","6.33, 5.01, 4.37"
16018403502,2021-01-27T11:10:00,"LEAD,     UNFILTERED TOTAL",-2.82,µg/L,0.1352,0,,
16018403502,2021-01-27T11:10:00,"LITHIUM,  UNFILTERED TOTAL",2.89,µg/L,0.1199,0,,
16018403502,2021-01-27T11:10:00,"MAGNESIUM,UNFILTERED TOTAL",27.7,mg/L,0.142,0,,
16018403502,2021-01-27T11:10:00,"MANGANESE,UNFILTERED TOTAL",12.3,µg/L,0.2537,0,,
16018403502,2021-01-27T11:10:00,"MERCURY,  UNFILTERED TOTAL",5.0,NANOGRAM PER LITER,0.0764,0,,
16018403502,2021-01-27T11:10:00,"MOLYBDENUM,UNFILTERED TOTAL",-0.0207,µg/L,0.0889,0,,
16018403502,2021-01-27T11:10:00,"NICKEL,   UNFILTERED TOTAL",5.02,µg/L,0.1918,0,,
16018403502,2021-01-27T11:10:00,"NITRATES TOTAL,   UNFIL.REAC",5.89,mg/L,0.1063,0,,
16018403502,2021-01-27T11:10:00,"NITRITE,  UNFILTERED REACTIVE",0.03,mg/L,0.0625,0,,
16018403502,2021-01-27T11:10:00,NITROGEN; TOTAL,6.64,mg/L,0.311,0,,
16018403502,2021-01-27T11:10:00,PH (-LOG H+ CONCN),8.42,NO DIMENSION/SCALE,0.0869,0,,
16018403502,2021-01-27T11:10:00,PH FIELD,7.99,NO DIMENSION/SCALE,0.0982,0,,
16018403502,2021-01-27T11:10:00,"PHENOLICS, UNFILERED REACTIVE",0.6,µg/L,0.0742,0,,
16018403502,2021-01-27T11:10:00,"PHOSPHATE,FILTERED REACTIVE",0.0093,mg/L,0.0678,0,,
16018403502,2021-01-27T11:10:00,"PHOSPHORUS,UNFILTERED TOTAL",9.25,µg/L,0.4332,0,,
16018403502,2021-01-27T11:10:00,"POTASSIUM,UNFILTERED TOTAL",3.1,mg/L,0.0979,0,,
16018403502,2021-01-27T11:10:00,"RESIDUE,PARTICULATE",3.7,mg/L,0.3245,0,,
16018403502,2021-01-27T11:10:00,"SILVER,   UNFILTERED TOTAL",0.738,µg/L,0.0883,0,,
16018403502,2021-01-27T11:10:00,"SODIUM,   UNFILTERED TOTAL",60.5,mg/L,0.2045,0,,
16018403502,2021-01-27T11:10:00,STREAM CONDITION,8.0,NO DIMENSION/SCALE,0.0721,0,,
16018403502,2021-01-27T11:10:00,"STRONTIUM, UNFILTERED TOTAL",787.0,µg/L,0.6319,1,"rolling_mean_14, rolling_mean_30, rolling_mean_7","3.25, 3.18, 2.75"
16018403502,2021-01-27T11:10:00,"TEMPERATURE, WATER",1.7,DEGREES CELSIUS,0.1426,0,,
16018403502,2021-01-27T11:10:00,TIN       UNFILTERED TOTAL,-4.92,µg/L,0.1736,0,,
16018403502,2021-01-27T11:10:00,"TITANIUM,  UNFILTERED TOTAL",3.5,µg/L,0.0738,0,,
16018403502,2021-01-27T11:10:00,"TURBIDITY, FIELD",2.7,FORMAZIN NEPHELOMETRIC UNIT,0.3591,0,,
16018403502,2021-01-27T11:10:00,"URANIUM,   UNFILTERED TOTAL",5.31,µg/L,0.0812,0,,
16018403502,2021-01-27T11:10:00,"VANADIUM,  UNFILTERED TOTAL",0.855,µg/L,0.0697,0,,
16018403502,2021-01-27T11:10:00,"ZINC,  UNFILTERED TOTAL",11.3,µg/L,0.1957,0,,
16018403502,2021-01-27T11:10:00,"ZIRCONIUM,  UNFILTERED TOTAL",-0.0712,µg/L,0.0832,0,,
16018403502,2021-02-23T11:50:00,"ALKALINITY, TOTAL",258.0,mg/L,0.3065,0,,
16018403502,2021-02-23T11:50:00,"ALUMINIUM, UNFILTERED TOTAL",32.1,µg/L,0.6724,1,"rolling_std_7, rolling_std_14, rolling_std_30","4.90, 3.99, 3.35"
16018403502,2021-02-23T11:50:00,"AMMONIUM, TOTAL   UNFIL.REAC",0.047,mg/L,0.0056,0,,
16018403502,2021-02-23T11:50:00,"BARIUM,  UNFILTERED TOTAL",45.5,µg/L,0.103,0,,
16018403502,2021-02-23T11:50:00,"BERYLIUM,UNFILTERED TOTAL",-0.00581,µg/L,0.0064,0,,
16018403502,2021-02-23T11:50:00,"BISMUTH, UNFILTERED TOTAL",-7.97,µg/L,0.0667,0,,
16018403502,2021-02-23T11:50:00,"CADMIUM, UNFILTERED TOTAL",0.00846,µg/L,0.0607,0,,
16018403502,2021-02-23T11:50:00,"CALCIUM, UNFILTERED TOTAL",111.0,mg/L,0.188,0,,
16018403502,2021-02-23T11:50:00,"CHLORIDE,         UNFIL.REAC",148.0,mg/L,0.2967,0,,
16018403502,2021-02-23T11:50:00,"CHROMIUM, UNFILTERED TOTAL",0.648,µg/L,0.0112,0,,
16018403502,2021-02-23T11:50:00,"COBALT,   UNFILTERED TOTAL",1.34,µg/L,0.0661,0,,
16018403502,2021-02-23T11:50:00,"CONDUCTIVITY, 25C",1240.0,MICRO SIEMENS PER CENTIMETER,0.7235,1,"rolling_mean_14, rolling_mean_7, rolling_mean_30","3.88, 3.88, 3.71"
16018403502,2021-02-23T11:50:00,"CONDUCTIVITY, AMBIENT",1242.0,MICROMHOS/CM (CONDUCTIVITY),0.7286,1,"rolling_mean_7, rolling_mean_14, rolling_mean_30","3.93, 3.90, 3.75"
16018403502,2021-02-23T11:50:00,"COPPER,   UNFILTERED TOTAL",3.65,µg/L,0.0328,0,,
16018403502,2021-02-23T11:50:00,DISSOLVED OXYGEN,12.52,mg/L,0.0385,0,,
16018403502,2021-02-23T11:50:00,"HARDNESS,   TOTAL",408.0,mg/L,0.432,0,,
16018403502,2021-02-23T11:50:00,"IRON,     UNFILTERED TOTAL",74.5,µg/L,0.7147,1,"rolling_std_7, rolling_std_14, rolling_std_30","6.44, 5.20, 4.39"
16018403502,2021-02-23T11:50:00,"LEAD,     UNFILTERED TOTAL",-4.22,µg/L,0.0669,0,,
16018403502,2021-02-23T11:50:00,"LITHIUM,  UNFILTERED TOTAL",8.74,µg/L,0.0516,0,,
16018403502,2021-02-23T11:50:00,"MAGNESIUM,UNFILTERED TOTAL",31.8,mg/L,0.1116,0,,
16018403502,2021-02-23T11:50:00,"MANGANESE,UNFILTERED TOTAL",9.05,µg/L,0.1607,0,,
16018403502,2021-02-23T11:50:00,"MERCURY,  UNFILTERED TOTAL",5.0,NANOGRAM PER LITER,0.0187,0,,
16018403502,2021-02-23T11:50:00,"MOLYBDENUM,UNFILTERED TOTAL",-0.239,µg/L,0.0208,0,,
16018403502,2021-02-23T11:50:00,"NICKEL,   UNFILTERED TOTAL",5.45,µg/L,0.1048,0,,
16018403502,2021-02-23T11:50:00,"NITRATES TOTAL,   UNFIL.REAC",6.33,mg/L,0.0557,0,,
16018403502,2021-02-23T11:50:00,"NITRITE,  UNFILTERED REACTIVE",0.043,mg/L,0.0113,0,,
16018403502,2021-02-23T11:50:00,NITROGEN; TOTAL,6.94,mg/L,0.0383,0,,
16018403502,2021-02-23T11:50:00,PH (-LOG H+ CONCN),8.25,NO DIMENSION/SCALE,0.0213,0,,
16018403502,2021-02-23T11:50:00,PH FIELD,7.74,NO DIMENSION/SCALE,0.0717,0,,
16018403502,2021-02-23T11:50:00,"PHENOLICS, UNFILERED REACTIVE",0.6,µg/L,0.0077,0,,
16018403502,2021-02-23T11:50:00,"PHOSPHATE,FILTERED REACTIVE",0.0081,mg/L,0.0158,0,,
16018403502,2021-02-23T11:50:00,"PHOSPHORUS,UNFILTERED TOTAL",15.1,µg/L,0.3629,0,,
16018403502,2021-02-23T11:50:00,"POTASSIUM,UNFILTERED TOTAL",3.83,mg/L,0.0148,0,,
16018403502,2021-02-23T11:50:00,"RESIDUE,PARTICULATE",1.9,mg/L,0.2555,0,,
16018403502,2021-02-23T11:50:00,"SILVER,   UNFILTERED TOTAL",0.859,µg/L,0.0214,0,,
16018403502,2021-02-23T11:50:00,"SODIUM,   UNFILTERED TOTAL",87.1,mg/L,0.2384,0,,
16018403502,2021-02-23T11:50:00,STREAM CONDITION,4.0,NO DIMENSION/SCALE,0.0521,0,,
16018403502,2021-02-23T11:50:00,"STRONTIUM, UNFILTERED TOTAL",1330.0,µg/L,0.7724,1,"rate_of_change, delta, rolling_std_7","3.94, 3.64, 3.42"
16018403502,2021-02-23T11:50:00,"TEMPERATURE, WATER",2.0,DEGREES CELSIUS,0.0586,0,,
16018403502,2021-02-23T11:50:00,TIN       UNFILTERED TOTAL,0.891,µg/L,0.0905,0,,
16018403502,2021-02-23T11:50:00,"TITANIUM,  UNFILTERED TOTAL",1.46,µg/L,0.0475,0,,
16018403502,2021-02-23T11:50:00,"TURBIDITY, FIELD",1.5,FORMAZIN NEPHELOMETRIC UNIT,0.2295,0,,
16018403502,2021-02-23T11:50:00,"URANIUM,   UNFILTERED TOTAL",11.6,µg/L,0.1375,0,,
16018403502,2021-02-23T11:50:00,"VANADIUM,  UNFILTERED TOTAL",0.91,µg/L,0.0046,0,,
16018403502,2021-02-23T11:50:00,"ZINC,  UNFILTERED TOTAL",8.86,µg/L,0.1201,0,,
16018403502,2021-02-23T11:50:00,"ZIRCONIUM,  UNFILTERED TOTAL",-0.0506,µg/L,0.0168,0,,
16018403502,2021-03-09T11:25:00,"ALKALINITY, TOTAL",191.0,mg/L,0.3589,0,,
16018403502,2021-03-09T11:25:00,"ALUMINIUM, UNFILTERED TOTAL",382.0,µg/L,0.7661,1,"rate_of_change, rolling_std_7, rolling_std_14","4.91, 4.84, 3.99"
16018403502,2021-03-09T11:25:00,"AMMONIUM, TOTAL   UNFIL.REAC",0.038,mg/L,0.016,0,,
16018403502,2021-03-09T11:25:00,"BARIUM,  UNFILTERED TOTAL",37.3,µg/L,0.1172,0,,
16018403502,2021-03-09T11:25:00,"BERYLIUM,UNFILTERED TOTAL",-0.00476,µg/L,0.0141,0,,
16018403502,2021-03-09T11:25:00,"BISMUTH, UNFILTERED TOTAL",-6.84,µg/L,0.0896,0,,
16018403502,2021-03-09T11:25:00,"CADMIUM, UNFILTERED TOTAL",0.0256,µg/L,0.0482,0,,
16018403502,2021-03-09T11:25:00,"CALCIUM, UNFILTERED TOTAL",77.3,mg/L,0.2574,0,,
16018403502,2021-03-09T11:25:00,"CHLORIDE,         UNFIL.REAC",108.0,mg/L,0.2722,0,,
16018403502,2021-03-09T11:25:00,"CHROMIUM, UNFILTERED TOTAL",0.487,µg/L,0.0313,0,,
16018403502,2021-03-09T11:25:00,"COBALT,   UNFILTERED TOTAL",0.285,µg/L,0.0419,0,,
16018403502,2021-03-09T11:25:00,"CONDUCTIVITY, 25C",869.0,MICRO SIEMENS PER CENTIMETER,0.7108,1,"rate_of_change, rolling_mean_7, rolling_mean_14","-5.18, 4.19, 3.88"
16018403502,2021-03-09T11:25:00,"CONDUCTIVITY, AMBIENT",849.0,MICROMHOS/CM (CONDUCTIVITY),0.7201,1,"rate_of_change, rolling_mean_7, rolling_mean_14","-5.49, 4.23, 3.89"
16018403502,2021-03-09T11:25:00,"COPPER,   UNFILTERED TOTAL",3.04,µg/L,0.0257,0,,
16018403502,2021-03-09T11:25:00,DISSOLVED OXYGEN,13.62,mg/L,0.0651,0,,
16018403502,2021-03-09T11:25:00,"HARDNESS,   TOTAL",281.0,mg/L,0.4812,0,,
16018403502,2021-03-09T11:25:00,"IRON,     UNFILTERED TOTAL",278.0,µg/L,0.7763,1,"rolling_std_7, rolling_std_14, rolling_std_30","6.42, 5.22, 4.31"
16018403502,2021-03-09T11:25:00,"LEAD,     UNFILTERED TOTAL",-2.13,µg/L,0.0957,0,,
16018403502,2021-03-09T11:25:00,"LITHIUM,  UNFILTERED TOTAL",4.27,µg/L,0.07,0,,
16018403502,2021-03-09T11:25:00,"MAGNESIUM,UNFILTERED TOTAL",21.3,mg/L,0.1187,0,,
16018403502,2021-03-09T11:25:00,"MANGANESE,UNFILTERED TOTAL",15.5,µg/L,0.1653,0,,
16018403502,2021-03-09T11:25:00,"MERCURY,  UNFILTERED TOTAL",5.0,NANOGRAM PER LITER,0.0208,0,,
16018403502,2021-03-09T11:25:00,"MOLYBDENUM,UNFILTERED TOTAL",-0.414,µg/L,0.0287,0,,
16018403502,2021-03-09T11:25:00,"NICKEL,   UNFILTERED TOTAL",3.74,µg/L,0.0811,0,,
16018403502,2021-03-09T11:25:00,"NITRATES TOTAL,   UNFIL.REAC",4.29,mg/L,0.0441,0,,
16018403502,2021-03-09T11:25:00,"NITRITE,  UNFILTERED REACTIVE",0.05,mg/L,0.0305,0,,
16018403502,2021-03-09T11:25:00,NITROGEN; TOTAL,4.68,mg/L,0.049,0,,
16018403502,2021-03-09T11:25:00,PH (-LOG H+ CONCN),8.33,NO DIMENSION/SCALE,0.0202,0,,
16018403502,2021-03-09T11:25:00,PH FIELD,8.17,NO DIMENSION/SCALE,0.0253,0,,
16018403502,2021-03-09T11:25:00,"PHENOLICS, UNFILERED REACTIVE",0.6,µg/L,0.0173,0,,
16018403502,2021-03-09T11:25:00,"PHOSPHATE,FILTERED REACTIVE",0.0186,mg/L,0.0129,0,,
16018403502,2021-03-09T11:25:00,"PHOSPHORUS,UNFILTERED TOTAL",44.8,µg/L,0.3308,0,,
16018403502,2021-03-09T11:25:00,"POTASSIUM,UNFILTERED TOTAL",3.32,mg/L,0.0299,0,,
16018403502,2021-03-09T11:25:00,"RESIDUE,PARTICULATE",8.1,mg/L,0.1947,0,,
16018403502,2021-03-09T11:25:00,"SILVER,   UNFILTERED TOTAL",2.62,µg/L,0.0847,0,,
16018403502,2021-03-09T11:25:00,"SODIUM,   UNFILTERED TOTAL",61.7,mg/L,0.2083,0,,
16018403502,2021-03-09T11:25:00,STREAM CONDITION,8.0,NO DIMENSION/SCALE,0.0516,0,,
16018403502,2021-03-09T11:25:00,"STRONTIUM, UNFILTERED TOTAL",705.0,µg/L,0.7559,1,"rate_of_change, delta, rolling_std_7","-8.74, -4.19, 3.42"
16018403502,2021-03-09T11:25:00,"TEMPERATURE, WATER",4.3,DEGREES CELSIUS,0.0653,0,,
16018403502,2021-03-09T11:25:00,TIN       UNFILTERED TOTAL,6.03,µg/L,0.1291,0,,
16018403502,2021-03-09T11:25:00,"TITANIUM,  UNFILTERED TOTAL",9.19,µg/L,0.1215,0,,
16018403502,2021-03-09T11:25:00,"TURBIDITY, FIELD",9.3,FORMAZIN NEPHELOMETRIC UNIT,0.254,0,,
16018403502,2021-03-09T11:25:00,"URANIUM,   UNFILTERED TOTAL",6.63,µg/L,0.0741,0,,
16018403502,2021-03-09T11:25:00,"VANADIUM,  UNFILTERED TOTAL",1.08,µg/L,0.0171,0,,
16018403502,2021-03-09T11:25:00,"ZINC,  UNFILTERED TOTAL",4.6,µg/L,0.1458,0,,
16018403502,2021-03-09T11:25:00,"ZIRCONIUM,  UNFILTERED TOTAL",0.291,µg/L,0.0711,0,,
16018403502,2021-04-14T13:00:00,ALKALINITY,189.2,mg/L as CaCO3,0.22,0,,
16018403502,2021-04-14T13:00:00,ALUMINUM,557.0,µg/L,0.4444,0,,
16018403502,2021-04-14T13:00:00,BARIUM,46.4,µg/L,0.0981,0,,
16018403502,2021-04-14T13:00:00,BERYLLIUM,0.1,µg/L,0.0386,0,,
16018403502,2021-04-14T13:00:00,BISMUTH,5.0,µg/L,0.0379,0,,
16018403502,2021-04-14T13:00:00,CADMIUM,0.9,µg/L,0.0368,0,,
16018403502,2021-04-14T13:00:00,CALCIUM,71.4,mg/L,0.1215,0,,
16018403502,2021-04-14T13:00:00,CHLORIDE,91.5,mg/L,0.1423,0,,
16018403502,2021-04-14T13:00:00,CHROMIUM,1.0,µg/L,0.0368,0,,
16018403502,2021-04-14T13:00:00,COBALT,1.02,µg/L,0.0368,0,,
16018403502,2021-04-14T13:00:00,CONDUCTIVITY,800.0,µS/cm,0.5439,0,,
16018403502,2021-04-14T13:00:00,COPPER,2.99,µg/L,0.039,0,,
16018403502,2021-04-14T13:00:00,HARDNESS,271.0,mg/L,0.2941,0,,
16018403502,2021-04-14T13:00:00,IRON,472.0,µg/L,0.4087,0,,
16018403502,2021-04-14T13:00:00,LEAD,7.0,µg/L,0.0416,0,,
16018403502,2021-04-14T13:00:00,LITHIUM,5.0,µg/L,0.0379,0,,
16018403502,2021-04-14T13:00:00,MAGNESIUM,22.5,mg/L,0.0683,0,,
16018403502,2021-04-14T13:00:00,MANGANESE,39.4,µg/L,0.0786,0,,
16018403502,2021-04-14T13:00:00,MERCURY,5.0,ng/L,0.0379,0,,
16018403502,2021-04-14T13:00:00,MOLYBDENUM,2.0,µg/L,0.0361,0,,
16018403502,2021-04-14T13:00:00,NICKEL,2.0,µg/L,0.0361,0,,
16018403502,2021-04-14T13:00:00,NITRATE,4.2,mg/L,0.0399,0,,
16018403502,2021-04-14T13:00:00,NITROGEN; AMMONIA+AMMONIUM,0.08,mg/L,0.0386,0,,
16018403502,2021-04-14T13:00:00,NITROGEN; NITRATE+NITRITE,4.2,mg/L,0.0399,0,,
16018403502,2021-04-14T13:00:00,NITROGEN; NITRITE,0.045,mg/L,0.0389,0,,
16018403502,2021-04-14T13:00:00,NITROGEN; TOTAL,4.6,mg/L,0.065,0,,
16018403502,2021-04-14T13:00:00,PH,8.32,,0.0419,0,,
16018403502,2021-04-14T13:00:00,PHENOL,0.63,µg/L,0.0375,0,,
16018403502,2021-04-14T13:00:00,PHOSPHORUS; PHOSPHATE,0.026,mg/L,0.0388,0,,
16018403502,2021-04-14T13:00:00,PHOSPHORUS; TOTAL,84.8,µg/L,0.1389,0,,
16018403502,2021-04-14T13:00:00,POTASSIUM,3.5,mg/L,0.0402,0,,
16018403502,2021-04-14T13:00:00,SILVER,9.0,µg/L,0.0426,0,,
16018403502,2021-04-14T13:00:00,SODIUM,52.5,mg/L,0.1053,0,,
16018403502,2021-04-14T13:00:00,SOLIDS; DISSOLVED,564.0,mg/L,0.448,0,,
16018403502,2021-04-14T13:00:00,SOLIDS; SUSPENDED,31.2,mg/L,0.0706,0,,
16018403502,2021-04-14T13:00:00,SOLIDS; TOTAL,595.0,mg/L,0.4602,0,,
16018403502,2021-04-14T13:00:00,STRONTIUM,706.0,µg/L,0.5073,0,,
16018403502,2021-04-14T13:00:00,TIN,9.0,µg/L,0.0426,0,,
16018403502,2021-04-14T13:00:00,TITANIUM,13.8,µg/L,0.0537,0,,
16018403502,2021-04-14T13:00:00,URANIUM,6.04,µg/L,0.0396,0,,
16018403502,2021-04-14T13:00:00,VANADIUM,1.54,µg/L,0.0375,0,,
16018403502,2021-04-14T13:00:00,ZINC,12.3,µg/L,0.052,0,,
16018403502,2021-04-14T13:00:00,ZIRCONIUM,1.0,µg/L,0.0368,0,,
16018403502,2021-04-19T14:30:00,ALKALINITY,211.7,mg/L as CaCO3,0.3402,0,,
16018403502,2021-04-19T14:30:00,ALUMINUM,298.0,µg/L,0.6652,1,"rate_of_change, rolling_std_30, rolling_std_14","-10.01, 2.24, 2.19"
16018403502,2021-04-19T14:30:00,BARIUM,37.9,µg/L,0.1829,0,,
16018403502,2021-04-19T14:30:00,BERYLLIUM,0.1,µg/L,0.0265,0,,
16018403502,2021-04-19T14:30:00,BISMUTH,5.0,µg/L,0.0277,0,,
16018403502,2021-04-19T14:30:00,CADMIUM,0.9,µg/L,0.0256,0,,
16018403502,2021-04-19T14:30:00,CALCIUM,86.2,mg/L,0.2406,0,,
16018403502,2021-04-19T14:30:00,CHLORIDE,66.4,mg/L,0.2943,0,,
16018403502,2021-04-19T14:30:00,CHROMIUM,1.0,µg/L,0.0256,0,,
16018403502,2021-04-19T14:30:00,COBALT,1.65,µg/L,0.0559,0,,
16018403502,2021-04-19T14:30:00,CONDUCTIVITY,768.0,µS/cm,0.5882,1,"rolling_mean_30, rolling_mean_14, rolling_mean_7","3.51, 3.51, 3.47"
16018403502,2021-04-19T14:30:00,COPPER,3.6,µg/L,0.0567,0,,
16018403502,2021-04-19T14:30:00,HARDNESS,308.0,mg/L,0.4321,0,,
16018403502,2021-04-19T14:30:00,IRON,319.0,µg/L,0.5788,0,,
16018403502,2021-04-19T14:30:00,LEAD,7.0,µg/L,0.0305,0,,
16018403502,2021-04-19T14:30:00,LITHIUM,5.0,µg/L,0.0277,0,,
16018403502,2021-04-19T14:30:00,MAGNESIUM,22.5,mg/L,0.0582,0,,
16018403502,2021-04-19T14:30:00,MANGANESE,41.2,µg/L,0.1062,0,,
16018403502,2021-04-19T14:30:00,MERCURY,5.0,ng/L,0.0277,0,,
16018403502,2021-04-19T14:30:00,MOLYBDENUM,2.0,µg/L,0.0255,0,,
16018403502,2021-04-19T14:30:00,NICKEL,3.13,µg/L,0.067,0,,
16018403502,2021-04-19T14:30:00,NITRATE,6.3,mg/L,0.0704,0,,
16018403502,2021-04-19T14:30:00,NITROGEN; AMMONIA+AMMONIUM,0.054,mg/L,0.0461,0,,
16018403502,2021-04-19T14:30:00,NITROGEN; NITRATE+NITRITE,6.4,mg/L,0.071,0,,
16018403502,2021-04-19T14:30:00,NITROGEN; NITRITE,0.037,mg/L,0.0402,0,,
16018403502,2021-04-19T14:30:00,NITROGEN; TOTAL,7.04,mg/L,0.1026,0,,
16018403502,2021-04-19T14:30:00,PH,8.34,,0.0457,0,,
16018403502,2021-04-19T14:30:00,PHENOL,0.63,µg/L,0.0255,0,,
16018403502,2021-04-19T14:30:00,PHOSPHORUS; PHOSPHATE,0.017,mg/L,0.0401,0,,
16018403502,2021-04-19T14:30:00,PHOSPHORUS; TOTAL,83.9,µg/L,0.1483,0,,
16018403502,2021-04-19T14:30:00,POTASSIUM,3.18,mg/L,0.0489,0,,
16018403502,2021-04-19T14:30:00,SILVER,9.0,µg/L,0.0317,0,,
16018403502,2021-04-19T14:30:00,SODIUM,37.2,mg/L,0.2492,0,,
16018403502,2021-04-19T14:30:00,SOLIDS; DISSOLVED,548.0,mg/L,0.5161,0,,
16018403502,2021-04-19T14:30:00,SOLIDS; SUSPENDED,27.3,mg/L,0.1373,0,,
16018403502,2021-04-19T14:30:00,SOLIDS; TOTAL,575.0,mg/L,0.5328,0,,
16018403502,2021-04-19T14:30:00,STRONTIUM,602.0,µg/L,0.5864,1,"rate_of_change, rolling_mean_30, rolling_mean_14","-4.01, 2.86, 2.85"
16018403502,2021-04-19T14:30:00,TIN,9.0,µg/L,0.0317,0,,
16018403502,2021-04-19T14:30:00,TITANIUM,7.91,µg/L,0.1444,0,,
16018403502,2021-04-19T14:30:00,URANIUM,6.61,µg/L,0.0598,0,,
16018403502,2021-04-19T14:30:00,VANADIUM,1.49,µg/L,0.0442,0,,
16018403502,2021-04-19T14:30:00,ZINC,7.27,µg/L,0.1273,0,,
16018403502,2021-04-19T14:30:00,ZIRCONIUM,1.0,µg/L,0.0256,0,,
16018403502,2021-05-12T13:00:00,ALKALINITY,194.4,mg/L as CaCO3,0.2296,0,,
16018403502,2021-05-12T13:00:00,ALUMINUM,364.0,µg/L,0.4899,0,,
16018403502,2021-05-12T13:00:00,BARIUM,43.3,µg/L,0.085,0,,
16018403502,2021-05-12T13:00:00,BERYLLIUM,0.1,µg/L,0.0045,0,,
16018403502,2021-05-12T13:00:00,BISMUTH,5.0,µg/L,0.0046,0,,
16018403502,2021-05-12T13:00:00,CADMIUM,0.9,µg/L,0.0026,0,,
16018403502,2021-05-12T13:00:00,CALCIUM,90.1,mg/L,0.1171,0,,
16018403502,2021-05-12T13:00:00,CHLORIDE,101.0,mg/L,0.2148,0,,
16018403502,2021-05-12T13:00:00,CHROMIUM,1.0,µg/L,0.0026,0,,
16018403502,2021-05-12T13:00:00,COBALT,1.0,µg/L,0.0163,0,,
16018403502,2021-05-12T13:00:00,CONDUCTIVITY,909.0,µS/cm,0.6169,1,"rolling_mean_30, rolling_mean_14, rolling_mean_7","3.73, 3.72, 3.68"
16018403502,2021-05-12T13:00:00,COPPER,4.0,µg/L,0.0207,0,,
16018403502,2021-05-12T13:00:00,HARDNESS,333.0,mg/L,0.3236,0,,
16018403502,2021-05-12T13:00:00,IRON,295.0,µg/L,0.4127,0,,
16018403502,2021-05-12T13:00:00,LEAD,7.0,µg/L,0.0073,0,,
16018403502,2021-05-12T13:00:00,LITHIUM,5.0,µg/L,0.0046,0,,
16018403502,2021-05-12T13:00:00,MAGNESIUM,26.3,mg/L,0.0747,0,,
16018403502,2021-05-12T13:00:00,MANGANESE,43.0,µg/L,0.0788,0,,
16018403502,2021-05-12T13:00:00,MOLYBDENUM,2.0,µg/L,0.003,0,,
16018403502,2021-05-12T13:00:00,NICKEL,5.0,µg/L,0.0409,0,,
16018403502,2021-05-12T13:00:00,NITRATE,3.01,mg/L,0.0468,0,,
16018403502,2021-05-12T13:00:00,NITROGEN; AMMONIA+AMMONIUM,0.1,mg/L,0.0211,0,,
16018403502,2021-05-12T13:00:00,NITROGEN; NITRATE+NITRITE,3.04,mg/L,0.0477,0,,
16018403502,2021-05-12T13:00:00,NITROGEN; NITRITE,0.028,mg/L,0.0204,0,,
16018403502,2021-05-12T13:00:00,NITROGEN; TOTAL,3.55,mg/L,0.0401,0,,
16018403502,2021-05-12T13:00:00,PH,8.34,,0.0164,0,,
16018403502,2021-05-12T13:00:00,PHENOL,0.63,µg/L,0.0032,0,,
16018403502,2021-05-12T13:00:00,PHOSPHORUS; PHOSPHATE,0.014,mg/L,0.0158,0,,
16018403502,2021-05-12T13:00:00,PHOSPHORUS; TOTAL,68.2,µg/L,0.1539,0,,
16018403502,2021-05-12T13:00:00,POTASSIUM,3.0,mg/L,0.0171,0,,
16018403502,2021-05-12T13:00:00,SILVER,9.0,µg/L,0.0088,0,,
16018403502,2021-05-12T13:00:00,SODIUM,56.6,mg/L,0.1537,0,,
16018403502,2021-05-12T13:00:00,SOLIDS; DISSOLVED,625.0,mg/L,0.4914,0,,
16018403502,2021-05-12T13:00:00,SOLIDS; SUSPENDED,34.7,mg/L,0.0841,0,,
16018403502,2021-05-12T13:00:00,SOLIDS; TOTAL,660.0,mg/L,0.4978,0,,
16018403502,2021-05-12T13:00:00,STRONTIUM,891.0,µg/L,0.6326,1,"rolling_mean_30, rolling_mean_14, rolling_mean_7","3.26, 3.25, 3.21"
16018403502,2021-05-12T13:00:00,TIN,10.3,µg/L,0.0445,0,,
16018403502,2021-05-12T13:00:00,TITANIUM,9.0,µg/L,0.033,0,,
16018403502,2021-05-12T13:00:00,URANIUM,3.0,µg/L,0.0566,0,,
16018403502,2021-05-12T13:00:00,VANADIUM,1.0,µg/L,0.0245,0,,
16018403502,2021-05-12T13:00:00,ZINC,25.7,µg/L,0.1535,0,,
16018403502,2021-05-12T13:00:00,ZIRCONIUM,1.0,µg/L,0.0026,0,,
16018403502,2021-05-25T14:30:00,ALKALINITY,193.0,mg/L as CaCO3,0.2032,0,,
16018403502,2021-05-25T14:30:00,ALUMINUM,181.0,µg/L,0.5983,1,"rate_of_change, rolling_std_30, rolling_std_14","-2.73, 1.87, 1.83"
16018403502,2021-05-25T14:30:00,BARIUM,48.0,µg/L,0.1062,0,,
16018403502,2021-05-25T14:30:00,BERYLLIUM,0.1,µg/L,0.0148,0,,
16018403502,2021-05-25T14:30:00,BISMUTH,5.0,µg/L,0.015,0,,
16018403502,2021-05-25T14:30:00,CADMIUM,0.9,µg/L,0.0135,0,,
16018403502,2021-05-25T14:30:00,CALCIUM,86.6,mg/L,0.1254,0,,
16018403502,2021-05-25T14:30:00,CHLORIDE,120.0,mg/L,0.2434,0,,
16018403502,2021-05-25T14:30:00,CHROMIUM,1.0,µg/L,0.0135,0,,
16018403502,2021-05-25T14:30:00,COBALT,2.0,µg/L,0.0553,0,,
16018403502,2021-05-25T14:30:00,CONDUCTIVITY,983.0,µS/cm,0.6253,1,"rolling_mean_30, rolling_mean_14, rolling_mean_7","3.92, 3.92, 3.87"
16018403502,2021-05-25T14:30:00,COPPER,2.0,µg/L,0.066,0,,
16018403502,2021-05-25T14:30:00,HARDNESS,338.0,mg/L,0.3183,0,,
16018403502,2021-05-25T14:30:00,IRON,208.0,µg/L,0.5172,0,,
16018403502,2021-05-25T14:30:00,LEAD,7.0,µg/L,0.0178,0,,
16018403502,2021-05-25T14:30:00,LITHIUM,5.0,µg/L,0.015,0,,
16018403502,2021-05-25T14:30:00,MAGNESIUM,29.6,mg/L,0.1029,0,,
16018403502,2021-05-25T14:30:00,MANGANESE,36.3,µg/L,0.138,0,,
16018403502,2021-05-25T14:30:00,MERCURY,5.0,ng/L,0.0637,0,,
16018403502,2021-05-25T14:30:00,MOLYBDENUM,2.0,µg/L,0.0134,0,,
16018403502,2021-05-25T14:30:00,NICKEL,4.0,µg/L,0.0346,0,,
16018403502,2021-05-25T14:30:00,NITRATE,2.76,mg/L,0.0286,0,,
16018403502,2021-05-25T14:30:00,NITROGEN; AMMONIA+AMMONIUM,0.07,mg/L,0.0177,0,,
16018403502,2021-05-25T14:30:00,NITROGEN; NITRATE+NITRITE,2.81,mg/L,0.0302,0,,
16018403502,2021-05-25T14:30:00,NITROGEN; NITRITE,0.046,mg/L,0.0322,0,,
16018403502,2021-05-25T14:30:00,NITROGEN; TOTAL,3.28,mg/L,0.0296,0,,
16018403502,2021-05-25T14:30:00,PH,8.44,,0.0599,0,,
16018403502,2021-05-25T14:30:00,PHENOL,0.63,µg/L,0.0134,0,,
16018403502,2021-05-25T14:30:00,PHOSPHORUS; PHOSPHATE,0.016,mg/L,0.0162,0,,
16018403502,2021-05-25T14:30:00,PHOSPHORUS; TOTAL,65.2,µg/L,0.1386,0,,
16018403502,2021-05-25T14:30:00,POTASSIUM,4.0,mg/L,0.0625,0,,
16018403502,2021-05-25T14:30:00,SILVER,9.0,µg/L,0.02,0,,
16018403502,2021-05-25T14:30:00,SODIUM,67.7,mg/L,0.1803,0,,
16018403502,2021-05-25T14:30:00,STRONTIUM,1010.0,µg/L,0.6517,1,"rolling_mean_30, rolling_mean_14, rolling_mean_7","3.61, 3.60, 3.56"
16018403502,2021-05-25T14:30:00,TIN,9.0,µg/L,0.0415,0,,
16018403502,2021-05-25T14:30:00,TITANIUM,4.0,µg/L,0.0948,0,,
16018403502,2021-05-25T14:30:00,URANIUM,5.0,µg/L,0.0342,0,,
16018403502,2021-05-25T14:30:00,VANADIUM,1.0,µg/L,0.0251,0,,
16018403502,2021-05-25T14:30:00,ZINC,11.0,µg/L,0.1347,0,,
16018403502,2021-05-25T14:30:00,ZIRCONIUM,1.0,µg/L,0.0135,0,,
16018403502,2021-06-07T16:43:00,ALKALINITY,172.0,mg/L as CaCO3,0.2882,0,,
16018403502,2021-06-07T16:43:00,ALUMINUM,202.0,µg/L,0.5027,0,,
16018403502,2021-06-07T16:43:00,BARIUM,44.9,µg/L,0.11,0,,
16018403502,2021-06-07T16:43:00,BERYLLIUM,0.1,µg/L,0.0138,0,,
16018403502,2021-06-07T16:43:00,BISMUTH,5.0,µg/L,0.014,0,,
16018403502,2021-06-07T16:43:00,CADMIUM,0.9,µg/L,0.0125,0,,
16018403502,2021-06-07T16:43:00,CALCIUM,80.7,mg/L,0.1303,0,,
16018403502,2021-06-07T16:43:00,CHLORIDE,125.0,mg/L,0.1875,0,,
16018403502,2021-06-07T16:43:00,CHROMIUM,1.0,µg/L,0.0125,0,,
16018403502,2021-06-07T16:43:00,COBALT,1.0,µg/L,0.0354,0,,
16018403502,2021-06-07T16:43:00,CONDUCTIVITY,967.0,µS/cm,0.5938,1,"rolling_mean_30, rolling_mean_14, rolling_mean_7","4.03, 4.02, 3.97"
16018403502,2021-06-07T16:43:00,COPPER,3.0,µg/L,0.0324,0,,
16018403502,2021-06-07T16:43:00,HARDNESS,311.0,mg/L,0.3525,0,,
16018403502,2021-06-07T16:43:00,IRON,293.0,µg/L,0.4944,0,,
16018403502,2021-06-07T16:43:00,LEAD,7.0,µg/L,0.0167,0,,
16018403502,2021-06-07T16:43:00,LITHIUM,7.0,µg/L,0.079,0,,
16018403502,2021-06-07T16:43:00,MAGNESIUM,26.6,mg/L,0.0825,0,,
16018403502,2021-06-07T16:43:00,MANGANESE,39.6,µg/L,0.079,0,,
16018403502,2021-06-07T16:43:00,MERCURY,5.0,ng/L,0.014,0,,
16018403502,2021-06-07T16:43:00,MOLYBDENUM,2.0,µg/L,0.0124,0,,
16018403502,2021-06-07T16:43:00,NICKEL,4.0,µg/L,0.0245,0,,
16018403502,2021-06-07T16:43:00,NITRATE,2.12,mg/L,0.0363,0,,
16018403502,2021-06-07T16:43:00,NITROGEN; AMMONIA+AMMONIUM,0.09,mg/L,0.0243,0,,
16018403502,2021-06-07T16:43:00,NITROGEN; NITRATE+NITRITE,2.15,mg/L,0.0358,0,,
16018403502,2021-06-07T16:43:00,NITROGEN; NITRITE,0.032,mg/L,0.0263,0,,
16018403502,2021-06-07T16:43:00,NITROGEN; TOTAL,2.88,mg/L,0.03,0,,
16018403502,2021-06-07T16:43:00,PH,8.3,,0.0327,0,,
16018403502,2021-06-07T16:43:00,PHENOL,0.63,µg/L,0.0124,0,,
16018403502,2021-06-07T16:43:00,PHOSPHORUS; PHOSPHATE,0.008,mg/L,0.0438,0,,
16018403502,2021-06-07T16:43:00,PHOSPHORUS; TOTAL,71.9,µg/L,0.1181,0,,
16018403502,2021-06-07T16:43:00,POTASSIUM,4.0,mg/L,0.0314,0,,
16018403502,2021-06-07T16:43:00,SILVER,9.0,µg/L,0.0186,0,,
16018403502,2021-06-07T16:43:00,SODIUM,71.2,mg/L,0.1336,0,,
16018403502,2021-06-07T16:43:00,SOLIDS; DISSOLVED,645.0,mg/L,0.4455,0,,
16018403502,2021-06-07T16:43:00,SOLIDS; SUSPENDED,28.9,mg/L,0.0792,0,,
16018403502,2021-06-07T16:43:00,SOLIDS; TOTAL,674.0,mg/L,0.4459,0,,
16018403502,2021-06-07T16:43:00,STRONTIUM,1050.0,µg/L,0.6468,1,"rolling_mean_30, rolling_mean_14, rolling_mean_7","3.86, 3.85, 3.81"
16018403502,2021-06-07T16:43:00,TIN,9.0,µg/L,0.0237,0,,
16018403502,2021-06-07T16:43:00,TITANIUM,4.0,µg/L,0.0489,0,,
16018403502,2021-06-07T16:43:00,URANIUM,3.0,µg/L,0.0498,0,,
16018403502,2021-06-07T16:43:00,VANADIUM,1.0,µg/L,0.0232,0,,
16018403502,2021-06-07T16:43:00,ZINC,6.0,µg/L,0.1023,0,,
16018403502,2021-06-07T16:43:00,ZIRCONIUM,1.0,µg/L,0.0125,0,,
16018403502,2021-06-23T13:50:00,ALKALINITY,162.2,mg/L as CaCO3,0.2447,0,,
16018403502,2021-06-23T13:50:00,ALUMINUM,308.0,µg/L,0.5456,0,,
16018403502,2021-06-23T13:50:00,BARIUM,46.7,µg/L,0.0891,0,,
16018403502,2021-06-23T13:50:00,BERYLLIUM,0.1,µg/L,0.0093,0,,
16018403502,2021-06-23T13:50:00,BISMUTH,5.0,µg/L,0.0094,0,,
16018403502,2021-06-23T13:50:00,CADMIUM,0.9,µg/L,0.0081,0,,
16018403502,2021-06-23T13:50:00,CALCIUM,76.8,mg/L,0.1362,0,,
16018403502,2021-06-23T13:50:00,CHLORIDE,114.0,mg/L,0.1828,0,,
16018403502,2021-06-23T13:50:00,CHROMIUM,1.0,µg/L,0.0081,0,,
16018403502,2021-06-23T13:50:00,COBALT,1.0,µg/L,0.0219,0,,
16018403502,2021-06-23T13:50:00,CONDUCTIVITY,916.0,µS/cm,0.5994,1,"rolling_mean_30, rolling_mean_14, rolling_mean_7","4.05, 4.05, 4.00"
16018403502,2021-06-23T13:50:00,COPPER,2.85,µg/L,0.0133,0,,
16018403502,2021-06-23T13:50:00,HARDNESS,300.0,mg/L,0.3214,0,,
16018403502,2021-06-23T13:50:00,IRON,473.0,µg/L,0.5682,0,,
16018403502,2021-06-23T13:50:00,LEAD,7.0,µg/L,0.0121,0,,
16018403502,2021-06-23T13:50:00,LITHIUM,5.4,µg/L,0.0287,0,,
16018403502,2021-06-23T13:50:00,MAGNESIUM,26.3,mg/L,0.0535,0,,
16018403502,2021-06-23T13:50:00,MANGANESE,47.7,µg/L,0.1389,0,,
16018403502,2021-06-23T13:50:00,MERCURY,5.0,ng/L,0.0094,0,,
16018403502,2021-06-23T13:50:00,MOLYBDENUM,2.0,µg/L,0.0078,0,,
16018403502,2021-06-23T13:50:00,NICKEL,2.01,µg/L,0.0484,0,,
16018403502,2021-06-23T13:50:00,NITRATE,1.5,mg/L,0.0369,0,,
16018403502,2021-06-23T13:50:00,NITROGEN; AMMONIA+AMMONIUM,0.04,mg/L,0.0463,0,,
16018403502,2021-06-23T13:50:00,NITROGEN; NITRATE+NITRITE,1.5,mg/L,0.037,0,,
16018403502,2021-06-23T13:50:00,NITROGEN; NITRITE,0.041,mg/L,0.0156,0,,
16018403502,2021-06-23T13:50:00,NITROGEN; TOTAL,2.3,mg/L,0.0352,0,,
16018403502,2021-06-23T13:50:00,PH,8.33,,0.0151,0,,
16018403502,2021-06-23T13:50:00,PHENOL,0.63,µg/L,0.008,0,,
16018403502,2021-06-23T13:50:00,PHOSPHORUS; PHOSPHATE,0.0176,mg/L,0.0144,0,,
16018403502,2021-06-23T13:50:00,PHOSPHORUS; TOTAL,109.0,µg/L,0.2822,0,,
16018403502,2021-06-23T13:50:00,POTASSIUM,4.16,mg/L,0.031,0,,
16018403502,2021-06-23T13:50:00,SILVER,9.0,µg/L,0.0137,0,,
16018403502,2021-06-23T13:50:00,SODIUM,68.4,mg/L,0.125,0,,
16018403502,2021-06-23T13:50:00,SOLIDS; SUSPENDED,39.1,mg/L,0.1379,0,,
16018403502,2021-06-23T13:50:00,STRONTIUM,1040.0,µg/L,0.6348,1,"rolling_mean_30, rolling_mean_14, rolling_mean_7","4.02, 4.01, 3.96"
16018403502,2021-06-23T13:50:00,TIN,9.0,µg/L,0.0177,0,,
16018403502,2021-06-23T13:50:00,TITANIUM,2.68,µg/L,0.0578,0,,
16018403502,2021-06-23T13:50:00,URANIUM,3.0,µg/L,0.0262,0,,
16018403502,2021-06-23T13:50:00,VANADIUM,2.17,µg/L,0.0703,0,,
16018403502,2021-06-23T13:50:00,ZINC,10.6,µg/L,0.0709,0,,
16018403502,2021-06-23T13:50:00,ZIRCONIUM,1.0,µg/L,0.0081,0,,
16018403502,2021-07-13T15:05:00,ALKALINITY,163.5,mg/L as CaCO3,0.2101,0,,
16018403502,2021-07-13T15:05:00,ALUMINUM,326.0,µg/L,0.4273,0,,
16018403502,2021-07-13T15:05:00,BARIUM,43.7,µg/L,0.0881,0,,
16018403502,2021-07-13T15:05:00,BERYLLIUM,0.1,µg/L,0.0054,0,,
16018403502,2021-07-13T15:05:00,BISMUTH,5.0,µg/L,0.0055,0,,
16018403502,2021-07-13T15:05:00,CADMIUM,0.9,µg/L,0.0035,0,,
16018403502,2021-07-13T15:05:00,CALCIUM,72.3,mg/L,0.134,0,,
16018403502,2021-07-13T15:05:00,CHLORIDE,91.5,mg/L,0.1932,0,,
16018403502,2021-07-13T15:05:00,CHROMIUM,1.0,µg/L,0.0035,0,,
16018403502,2021-07-13T15:05:00,COBALT,1.12,µg/L,0.0037,0,,
16018403502,2021-07-13T15:05:00,CONDUCTIVITY,798.0,µS/cm,0.6188,1,"rolling_mean_30, rolling_mean_14, rolling_mean_7","3.99, 3.98, 3.93"
16018403502,2021-07-13T15:05:00,COPPER,3.03,µg/L,0.0063,0,,
16018403502,2021-07-13T15:05:00,HARDNESS,276.0,mg/L,0.3389,0,,
16018403502,2021-07-13T15:05:00,IRON,362.0,µg/L,0.4812,0,,
16018403502,2021-07-13T15:05:00,LEAD,7.0,µg/L,0.0082,0,,
16018403502,2021-07-13T15:05:00,LITHIUM,5.29,µg/L,0.0087,0,,
16018403502,2021-07-13T15:05:00,MAGNESIUM,23.1,mg/L,0.0746,0,,
16018403502,2021-07-13T15:05:00,MANGANESE,45.6,µg/L,0.0972,0,,
16018403502,2021-07-13T15:05:00,MERCURY,5.0,ng/L,0.0055,0,,
16018403502,2021-07-13T15:05:00,MOLYBDENUM,2.0,µg/L,0.0039,0,,
16018403502,2021-07-13T15:05:00,NICKEL,2.0,µg/L,0.0178,0,,
16018403502,2021-07-13T15:05:00,NITRATE,2.63,mg/L,0.0206,0,,
16018403502,2021-07-13T15:05:00,NITROGEN; AMMONIA+AMMONIUM,0.06,mg/L,0.0135,0,,
16018403502,2021-07-13T15:05:00,NITROGEN; NITRATE+NITRITE,2.68,mg/L,0.0226,0,,
16018403502,2021-07-13T15:05:00,NITROGEN; NITRITE,0.049,mg/L,0.0298,0,,
16018403502,2021-07-13T15:05:00,NITROGEN; TOTAL,3.2,mg/L,0.0208,0,,
16018403502,2021-07-13T15:05:00,PH,8.25,,0.0403,0,,
16018403502,2021-07-13T15:05:00,PHENOL,0.63,µg/L,0.0041,0,,
16018403502,2021-07-13T15:05:00,PHOSPHORUS; PHOSPHATE,0.009,mg/L,0.0237,0,,
16018403502,2021-07-13T15:05:00,PHOSPHORUS; TOTAL,84.7,µg/L,0.1871,0,,
16018403502,2021-07-13T15:05:00,POTASSIUM,3.87,mg/L,0.0152,0,,
16018403502,2021-07-13T15:05:00,SILVER,9.0,µg/L,0.0098,0,,
16018403502,2021-07-13T15:05:00,SODIUM,53.8,mg/L,0.1422,0,,
16018403502,2021-07-13T15:05:00,SOLIDS; DISSOLVED,519.0,mg/L,0.576,0,,
16018403502,2021-07-13T15:05:00,SOLIDS; SUSPENDED,33.8,mg/L,0.0901,0,,
16018403502,2021-07-13T15:05:00,SOLIDS; TOTAL,552.0,mg/L,0.5714,0,,
16018403502,2021-07-13T15:05:00,STRONTIUM,812.0,µg/L,0.6662,1,"rolling_mean_30, rolling_mean_14, rolling_mean_7","3.96, 3.96, 3.91"
16018403502,2021-07-13T15:05:00,TIN,9.0,µg/L,0.0141,0,,
16018403502,2021-07-13T15:05:00,TITANIUM,6.29,µg/L,0.0427,0,,
16018403502,2021-07-13T15:05:00,URANIUM,3.0,µg/L,0.0178,0,,
16018403502,2021-07-13T15:05:00,VANADIUM,1.35,µg/L,0.0148,0,,
16018403502,2021-07-13T15:05:00,ZINC,11.9,µg/L,0.0558,0,,
16018403502,2021-07-13T15:05:00,ZIRCONIUM,1.0,µg/L,0.0035,0,,
16018403502,2021-08-17T12:05:00,ALKALINITY,156.0,mg/L as CaCO3,0.2286,0,,
16018403502,2021-08-17T12:05:00,ALUMINUM,193.0,µg/L,0.4902,0,,
16018403502,2021-08-17T12:05:00,BARIUM,42.9,µg/L,0.0717,0,,
16018403502,2021-08-17T12:05:00,BERYLLIUM,0.1,µg/L,0.0118,0,,
16018403502,2021-08-17T12:05:00,BISMUTH,5.0,µg/L,0.0109,0,,
16018403502,2021-08-17T12:05:00,CADMIUM,0.9,µg/L,0.0091,0,,
16018403502,2021-08-17T12:05:00,CALCIUM,68.8,mg/L,0.14,0,,
16018403502,2021-08-17T12:05:00,CHLORIDE,110.0,mg/L,0.1868,0,,
16018403502,2021-08-17T12:05:00,CHROMIUM,1.0,µg/L,0.0091,0,,
16018403502,2021-08-17T12:05:00,COBALT,1.44,µg/L,0.0141,0,,
16018403502,2021-08-17T12:05:00,CONDUCTIVITY,859.0,µS/cm,0.5691,0,,
16018403502,2021-08-17T12:05:00,COPPER,2.14,µg/L,0.0408,0,,
16018403502,2021-08-17T12:05:00,HARDNESS,284.0,mg/L,0.2901,0,,
16018403502,2021-08-17T12:05:00,IRON,272.0,µg/L,0.4486,0,,
16018403502,2021-08-17T12:05:00,LEAD,7.0,µg/L,0.0136,0,,
16018403502,2021-08-17T12:05:00,LITHIUM,5.0,µg/L,0.0163,0,,
16018403502,2021-08-17T12:05:00,MAGNESIUM,27.2,mg/L,0.065,0,,
16018403502,2021-08-17T12:05:00,MANGANESE,33.2,µg/L,0.1392,0,,
16018403502,2021-08-17T12:05:00,MERCURY,5.0,ng/L,0.0109,0,,
16018403502,2021-08-17T12:05:00,MOLYBDENUM,2.0,µg/L,0.0083,0,,
16018403502,2021-08-17T12:05:00,NICKEL,2.0,µg/L,0.0216,0,,
16018403502,2021-08-17T12:05:00,NITRATE,1.27,mg/L,0.0368,0,,
16018403502,2021-08-17T12:05:00,NITROGEN; AMMONIA+AMMONIUM,0.04,mg/L,0.0408,0,,
16018403502,2021-08-17T12:05:00,NITROGEN; NITRATE+NITRITE,1.3,mg/L,0.0369,0,,
16018403502,2021-08-17T12:05:00,NITROGEN; NITRITE,0.027,mg/L,0.044,0,,
16018403502,2021-08-17T12:05:00,NITROGEN; TOTAL,1.94,mg/L,0.0503,0,,
16018403502,2021-08-17T12:05:00,PH,8.39,,0.0311,0,,
16018403502,2021-08-17T12:05:00,PHENOL,0.84,µg/L,0.0828,0,,
16018403502,2021-08-17T12:05:00,PHOSPHORUS; PHOSPHATE,0.009,mg/L,0.0239,0,,
16018403502,2021-08-17T12:05:00,PHOSPHORUS; TOTAL,58.5,µg/L,0.1981,0,,
16018403502,2021-08-17T12:05:00,POTASSIUM,3.92,mg/L,0.0166,0,,
16018403502,2021-08-17T12:05:00,SILVER,9.0,µg/L,0.0155,0,,
16018403502,2021-08-17T12:05:00,SODIUM,67.3,mg/L,0.136,0,,
16018403502,2021-08-17T12:05:00,SOLIDS; SUSPENDED,19.3,mg/L,0.1625,0,,
16018403502,2021-08-17T12:05:00,STRONTIUM,960.0,µg/L,0.6441,1,"rolling_mean_7, rolling_mean_30, rolling_mean_14","4.09, 4.02, 4.01"
16018403502,2021-08-17T12:05:00,TIN,9.0,µg/L,0.0173,0,,
16018403502,2021-08-17T12:05:00,TITANIUM,2.75,µg/L,0.0586,0,,
16018403502,2021-08-17T12:05:00,URANIUM,3.07,µg/L,0.0237,0,,
16018403502,2021-08-17T12:05:00,VANADIUM,1.21,µg/L,0.0098,0,,
16018403502,2021-08-17T12:05:00,ZINC,7.34,µg/L,0.0743,0,,
16018403502,2021-08-17T12:05:00,ZIRCONIUM,1.0,µg/L,0.0091,0,,
16018403502,2021-08-23T13:45:00,ALKALINITY,156.0,mg/L as CaCO3,0.2293,0,,
16018403502,2021-08-23T13:45:00,ALUMINUM,140.0,µg/L,0.521,0,,
16018403502,2021-08-23T13:45:00,BARIUM,41.4,µg/L,0.1226,0,,
16018403502,2021-08-23T13:45:00,BERYLLIUM,0.1,µg/L,0.0275,0,,
16018403502,2021-08-23T13:45:00,BISMUTH,5.0,µg/L,0.0287,0,,
16018403502,2021-08-23T13:45:00,CADMIUM,1.0,µg/L,0.124,0,,
16018403502,2021-08-23T13:45:00,CALCIUM,66.9,mg/L,0.1661,0,,
16018403502,2021-08-23T13:45:00,CHLORIDE,111.0,mg/L,0.1864,0,,
16018403502,2021-08-23T13:45:00,CHROMIUM,1.0,µg/L,0.0265,0,,
16018403502,2021-08-23T13:45:00,COBALT,1.55,µg/L,0.0421,0,,
16018403502,2021-08-23T13:45:00,CONDUCTIVITY,865.0,µS/cm,0.5884,1,"rolling_mean_7, rolling_mean_30, rolling_mean_14","4.05, 3.97, 3.96"
16018403502,2021-08-23T13:45:00,COPPER,2.03,µg/L,0.0606,0,,
16018403502,2021-08-23T13:45:00,HARDNESS,279.0,mg/L,0.3383,0,,
16018403502,2021-08-23T13:45:00,IRON,203.0,µg/L,0.5342,0,,
16018403502,2021-08-23T13:45:00,LEAD,7.0,µg/L,0.0314,0,,
16018403502,2021-08-23T13:45:00,LITHIUM,5.06,µg/L,0.0351,0,,
16018403502,2021-08-23T13:45:00,MAGNESIUM,27.2,mg/L,0.0748,0,,
16018403502,2021-08-23T13:45:00,MANGANESE,24.5,µg/L,0.2257,0,,
16018403502,2021-08-23T13:45:00,MERCURY,5.0,ng/L,0.0287,0,,
16018403502,2021-08-23T13:45:00,MOLYBDENUM,2.0,µg/L,0.0264,0,,
16018403502,2021-08-23T13:45:00,NICKEL,2.0,µg/L,0.0485,0,,
16018403502,2021-08-23T13:45:00,NITRATE,1.31,mg/L,0.054,0,,
16018403502,2021-08-23T13:45:00,NITROGEN; AMMONIA+AMMONIUM,0.05,mg/L,0.0454,0,,
16018403502,2021-08-23T13:45:00,NITROGEN; NITRATE+NITRITE,1.34,mg/L,0.0556,0,,
16018403502,2021-08-23T13:45:00,NITROGEN; NITRITE,0.028,mg/L,0.0467,0,,
16018403502,2021-08-23T13:45:00,NITROGEN; TOTAL,1.88,mg/L,0.0669,0,,
16018403502,2021-08-23T13:45:00,PH,8.53,,0.0967,0,,
16018403502,2021-08-23T13:45:00,PHENOL,1.13,µg/L,0.1125,0,,
16018403502,2021-08-23T13:45:00,PHOSPHORUS; PHOSPHATE,0.014,mg/L,0.0285,0,,
16018403502,2021-08-23T13:45:00,PHOSPHORUS; TOTAL,55.6,µg/L,0.1858,0,,
16018403502,2021-08-23T13:45:00,POTASSIUM,4.1,mg/L,0.0525,0,,
16018403502,2021-08-23T13:45:00,SILVER,9.0,µg/L,0.0324,0,,
16018403502,2021-08-23T13:45:00,SODIUM,69.5,mg/L,0.1427,0,,
16018403502,2021-08-23T13:45:00,SOLIDS; SUSPENDED,14.9,mg/L,0.1872,0,,
16018403502,2021-08-23T13:45:00,STRONTIUM,963.0,µg/L,0.6116,1,"rolling_mean_7, rolling_mean_30, rolling_mean_14","4.35, 4.06, 4.06"
16018403502,2021-08-23T13:45:00,TIN,9.0,µg/L,0.0391,0,,
16018403502,2021-08-23T13:45:00,TITANIUM,2.46,µg/L,0.0726,0,,
16018403502,2021-08-23T13:45:00,URANIUM,3.35,µg/L,0.0425,0,,
16018403502,2021-08-23T13:45:00,VANADIUM,1.25,µg/L,0.0308,0,,
16018403502,2021-08-23T13:45:00,ZINC,4.43,µg/L,0.1191,0,,
16018403502,2021-08-23T13:45:00,ZIRCONIUM,1.0,µg/L,0.0265,0,,
16018403502,2021-09-14T16:32:00,ALKALINITY,138.0,mg/L as CaCO3,0.2506,0,,
16018403502,2021-09-14T16:32:00,ALUMINUM,175.0,µg/L,0.4314,0,,
16018403502,2021-09-14T16:32:00,BARIUM,34.7,µg/L,0.1592,0,,
16018403502,2021-09-14T16:32:00,BERYLLIUM,0.1,µg/L,0.005,0,,
16018403502,2021-09-14T16:32:00,BISMUTH,5.0,µg/L,0.005,0,,
16018403502,2021-09-14T16:32:00,CADMIUM,0.9,µg/L,0.0067,0,,
16018403502,2021-09-14T16:32:00,CALCIUM,54.0,mg/L,0.1785,0,,
16018403502,2021-09-14T16:32:00,CHLORIDE,88.4,mg/L,0.1872,0,,
16018403502,2021-09-14T16:32:00,CHROMIUM,1.0,µg/L,0.003,0,,
16018403502,2021-09-14T16:32:00,COBALT,1.55,µg/L,0.0107,0,,
16018403502,2021-09-14T16:32:00,CONDUCTIVITY,663.0,µS/cm,0.6576,1,"rolling_mean_7, rolling_mean_30, rolling_mean_14","3.87, 3.86, 3.86"
16018403502,2021-09-14T16:32:00,COPPER,2.06,µg/L,0.0192,0,,
16018403502,2021-09-14T16:32:00,HARDNESS,218.0,mg/L,0.413,0,,
16018403502,2021-09-14T16:32:00,IRON,238.0,µg/L,0.4173,0,,
16018403502,2021-09-14T16:32:00,LEAD,7.0,µg/L,0.0077,0,,
16018403502,2021-09-14T16:32:00,LITHIUM,5.0,µg/L,0.0096,0,,
16018403502,2021-09-14T16:32:00,MAGNESIUM,20.3,mg/L,0.13,0,,
16018403502,2021-09-14T16:32:00,MANGANESE,29.2,µg/L,0.1006,0,,
16018403502,2021-09-14T16:32:00,MERCURY,5.0,ng/L,0.005,0,,
16018403502,2021-09-14T16:32:00,MOLYBDENUM,2.0,µg/L,0.0034,0,,
16018403502,2021-09-14T16:32:00,NICKEL,2.0,µg/L,0.0166,0,,
16018403502,2021-09-14T16:32:00,NITRATE,1.71,mg/L,0.0227,0,,
16018403502,2021-09-14T16:32:00,NITROGEN; AMMONIA+AMMONIUM,0.04,mg/L,0.0214,0,,
16018403502,2021-09-14T16:32:00,NITROGEN; NITRATE+NITRITE,1.73,mg/L,0.0227,0,,
16018403502,2021-09-14T16:32:00,NITROGEN; NITRITE,0.024,mg/L,0.0338,0,,
16018403502,2021-09-14T16:32:00,NITROGEN; TOTAL,2.28,mg/L,0.0187,0,,
16018403502,2021-09-14T16:32:00,PH,8.16,,0.0757,0,,
16018403502,2021-09-14T16:32:00,PHENOL,0.63,µg/L,0.0164,0,,
16018403502,2021-09-14T16:32:00,PHOSPHORUS; PHOSPHATE,0.017,mg/L,0.0097,0,,
16018403502,2021-09-14T16:32:00,PHOSPHORUS; TOTAL,65.4,µg/L,0.1396,0,,
16018403502,2021-09-14T16:32:00,POTASSIUM,3.77,mg/L,0.0094,0,,
16018403502,2021-09-14T16:32:00,SILVER,9.0,µg/L,0.0093,0,,
16018403502,2021-09-14T16:32:00,SODIUM,53.1,mg/L,0.1396,0,,
16018403502,2021-09-14T16:32:00,SOLIDS; SUSPENDED,24.3,mg/L,0.0897,0,,
16018403502,2021-09-14T16:32:00,STRONTIUM,680.0,µg/L,0.6975,1,"rolling_mean_7, rolling_mean_30, rolling_mean_14","4.20, 3.96, 3.95"
16018403502,2021-09-14T16:32:00,TIN,9.0,µg/L,0.0105,0,,
16018403502,2021-09-14T16:32:00,TITANIUM,3.54,µg/L,0.0375,0,,
16018403502,2021-09-14T16:32:00,URANIUM,3.0,µg/L,0.0171,0,,
16018403502,2021-09-14T16:32:00,VANADIUM,1.01,µg/L,0.0163,0,,
16018403502,2021-09-14T16:32:00,ZINC,15.5,µg/L,0.0948,0,,
16018403502,2021-09-14T16:32:00,ZIRCONIUM,1.0,µg/L,0.003,0,,
16018403502,2021-09-27T10:50:00,ALKALINITY,159.0,mg/L as CaCO3,0.2689,0,,
16018403502,2021-09-27T10:50:00,ALUMINUM,529.0,µg/L,0.6555,1,"rate_of_change, delta, zscore","5.44, 2.38, 1.86"
16018403502,2021-09-27T10:50:00,BARIUM,37.6,µg/L,0.1169,0,,
16018403502,2021-09-27T10:50:00,BISMUTH,5.0,µg/L,0.015,0,,
16018403502,2021-09-27T10:50:00,CADMIUM,0.9,µg/L,0.0139,0,,
16018403502,2021-09-27T10:50:00,CALCIUM,56.1,mg/L,0.1482,0,,
16018403502,2021-09-27T10:50:00,CHLORIDE,31.3,mg/L,0.3491,0,,
16018403502,2021-09-27T10:50:00,CHROMIUM,1.0,µg/L,0.0135,0,,
16018403502,2021-09-27T10:50:00,COBALT,1.0,µg/L,0.0358,0,,
16018403502,2021-09-27T10:50:00,CONDUCTIVITY,506.0,µS/cm,0.6658,1,"rolling_mean_30, rolling_mean_14, rolling_mean_7","3.70, 3.70, 3.53"
16018403502,2021-09-27T10:50:00,COPPER,3.87,µg/L,0.0666,0,,
16018403502,2021-09-27T10:50:00,HARDNESS,209.0,mg/L,0.3514,0,,
16018403502,2021-09-27T10:50:00,IRON,557.0,µg/L,0.6527,1,"rate_of_change, delta, zscore","4.90, 2.14, 2.14"
16018403502,2021-09-27T10:50:00,LEAD,7.0,µg/L,0.0178,0,,
16018403502,2021-09-27T10:50:00,LITHIUM,5.3,µg/L,0.021,0,,
16018403502,2021-09-27T10:50:00,MAGNESIUM,16.7,mg/L,0.1559,0,,
16018403502,2021-09-27T10:50:00,MANGANESE,42.7,µg/L,0.1494,0,,
16018403502,2021-09-27T10:50:00,MERCURY,5.0,ng/L,0.015,0,,
16018403502,2021-09-27T10:50:00,MOLYBDENUM,2.0,µg/L,0.0134,0,,
16018403502,2021-09-27T10:50:00,NICKEL,2.0,µg/L,0.03,0,,
16018403502,2021-09-27T10:50:00,NITRATE,4.67,mg/L,0.0718,0,,
16018403502,2021-09-27T10:50:00,NITROGEN; AMMONIA+AMMONIUM,0.11,mg/L,0.0665,0,,
16018403502,2021-09-27T10:50:00,NITROGEN; NITRATE+NITRITE,4.72,mg/L,0.0715,0,,
16018403502,2021-09-27T10:50:00,NITROGEN; NITRITE,0.049,mg/L,0.0488,0,,
16018403502,2021-09-27T10:50:00,NITROGEN; TOTAL,5.7,mg/L,0.072,0,,
16018403502,2021-09-27T10:50:00,PH,7.76,,0.1071,0,,
16018403502,2021-09-27T10:50:00,PHENOL,2.0,µg/L,0.1288,0,,
16018403502,2021-09-27T10:50:00,PHOSPHORUS; PHOSPHATE,0.145,mg/L,0.1173,0,,
16018403502,2021-09-27T10:50:00,PHOSPHORUS; TOTAL,247.0,µg/L,0.5671,0,,
16018403502,2021-09-27T10:50:00,POTASSIUM,5.44,mg/L,0.1045,0,,
16018403502,2021-09-27T10:50:00,SILVER,9.0,µg/L,0.02,0,,
16018403502,2021-09-27T10:50:00,SODIUM,18.6,mg/L,0.3198,0,,
16018403502,2021-09-27T10:50:00,SOLIDS; SUSPENDED,57.3,mg/L,0.2775,0,,
16018403502,2021-09-27T10:50:00,STRONTIUM,284.0,µg/L,0.7855,1,"rate_of_change, rolling_mean_30, rolling_mean_7","-6.06, 3.69, 3.68"
16018403502,2021-09-27T10:50:00,TIN,9.0,µg/L,0.0212,0,,
16018403502,2021-09-27T10:50:00,TITANIUM,8.28,µg/L,0.0717,0,,
16018403502,2021-09-27T10:50:00,URANIUM,3.41,µg/L,0.0198,0,,
16018403502,2021-09-27T10:50:00,VANADIUM,1.91,µg/L,0.0636,0,,
16018403502,2021-09-27T10:50:00,ZINC,13.8,µg/L,0.0723,0,,
16018403502,2021-09-27T10:50:00,ZIRCONIUM,1.0,µg/L,0.0135,0,,
16018403502,2021-10-18T08:52:00,ALKALINITY,185.0,mg/L as CaCO3,0.2418,0,,
16018403502,2021-10-18T08:52:00,ALUMINUM,1150.0,µg/L,0.8062,1,"rate_of_change, delta, rolling_std_7","5.82, 4.17, 3.86"
16018403502,2021-10-18T08:52:00,BARIUM,44.9,µg/L,0.0932,0,,
16018403502,2021-10-18T08:52:00,BERYLLIUM,0.1,µg/L,0.0071,0,,
16018403502,2021-10-18T08:52:00,BISMUTH,5.0,µg/L,0.0055,0,,
16018403502,2021-10-18T08:52:00,CADMIUM,0.9,µg/L,0.0039,0,,
16018403502,2021-10-18T08:52:00,CALCIUM,71.5,mg/L,0.1446,0,,
16018403502,2021-10-18T08:52:00,CHLORIDE,56.4,mg/L,0.2206,0,,
16018403502,2021-10-18T08:52:00,CHROMIUM,1.4,µg/L,0.1096,0,,
16018403502,2021-10-18T08:52:00,COBALT,1.0,µg/L,0.0136,0,,
16018403502,2021-10-18T08:52:00,CONDUCTIVITY,664.0,µS/cm,0.6144,1,"rolling_mean_30, rolling_mean_14, rolling_mean_7","3.64, 3.63, 3.31"
16018403502,2021-10-18T08:52:00,COPPER,3.51,µg/L,0.0222,0,,
16018403502,2021-10-18T08:52:00,HARDNESS,264.0,mg/L,0.3535,0,,
16018403502,2021-10-18T08:52:00,IRON,731.0,µg/L,0.6215,1,"zscore, rolling_std_7, rolling_std_30","2.57, 1.97, 1.91"
16018403502,2021-10-18T08:52:00,LEAD,7.0,µg/L,0.0082,0,,
16018403502,2021-10-18T08:52:00,LITHIUM,5.0,µg/L,0.0114,0,,
16018403502,2021-10-18T08:52:00,MAGNESIUM,20.7,mg/L,0.079,0,,
16018403502,2021-10-18T08:52:00,MANGANESE,49.6,µg/L,0.1144,0,,
16018403502,2021-10-18T08:52:00,MERCURY,5.9,ng/L,0.1114,0,,
16018403502,2021-10-18T08:52:00,MOLYBDENUM,2.0,µg/L,0.0039,0,,
16018403502,2021-10-18T08:52:00,NICKEL,2.0,µg/L,0.0186,0,,
16018403502,2021-10-18T08:52:00,NITRATE,1.9,mg/L,0.042,0,,
16018403502,2021-10-18T08:52:00,NITROGEN; AMMONIA+AMMONIUM,0.07,mg/L,0.0116,0,,
16018403502,2021-10-18T08:52:00,NITROGEN; NITRATE+NITRITE,1.92,mg/L,0.0435,0,,
16018403502,2021-10-18T08:52:00,NITROGEN; NITRITE,0.022,mg/L,0.0365,0,,
16018403502,2021-10-18T08:52:00,NITROGEN; TOTAL,3.19,mg/L,0.0337,0,,
16018403502,2021-10-18T08:52:00,PH,7.74,,0.0769,0,,
16018403502,2021-10-18T08:52:00,PHENOL,4.75,µg/L,0.131,0,,
16018403502,2021-10-18T08:52:00,PHOSPHORUS; PHOSPHATE,0.094,mg/L,0.0441,0,,
16018403502,2021-10-18T08:52:00,PHOSPHORUS; TOTAL,202.0,µg/L,0.3788,0,,
16018403502,2021-10-18T08:52:00,POTASSIUM,5.41,mg/L,0.0552,0,,
16018403502,2021-10-18T08:52:00,SILVER,9.0,µg/L,0.0098,0,,
16018403502,2021-10-18T08:52:00,SODIUM,35.6,mg/L,0.1744,0,,
16018403502,2021-10-18T08:52:00,SOLIDS; DISSOLVED,432.0,mg/L,0.5704,0,,
16018403502,2021-10-18T08:52:00,SOLIDS; SUSPENDED,60.6,mg/L,0.1454,0,,
16018403502,2021-10-18T08:52:00,SOLIDS; TOTAL,492.0,mg/L,0.5743,0,,
16018403502,2021-10-18T08:52:00,STRONTIUM,708.0,µg/L,0.7327,1,"rate_of_change, rolling_mean_30, rolling_mean_14","3.98, 3.64, 3.63"
16018403502,2021-10-18T08:52:00,TIN,9.0,µg/L,0.0109,0,,
16018403502,2021-10-18T08:52:00,TITANIUM,33.9,µg/L,0.2547,0,,
16018403502,2021-10-18T08:52:00,URANIUM,3.26,µg/L,0.0084,0,,
16018403502,2021-10-18T08:52:00,VANADIUM,2.55,µg/L,0.0655,0,,
16018403502,2021-10-18T08:52:00,ZINC,12.1,µg/L,0.055,0,,
16018403502,2021-10-18T08:52:00,ZIRCONIUM,1.08,µg/L,0.1069,0,,
16018403502,2021-10-25T15:37:00,ALKALINITY,231.0,mg/L as CaCO3,0.4203,0,,
16018403502,2021-10-25T15:37:00,ALUMINUM,329.0,µg/L,0.7836,1,"rate_of_change, delta, rolling_std_7","-22.06, -5.51, 3.85"
16018403502,2021-10-25T15:37:00,BARIUM,40.6,µg/L,0.1304,0,,
16018403502,2021-10-25T15:37:00,BERYLLIUM,0.1,µg/L,0.0252,0,,
16018403502,2021-10-25T15:37:00,BISMUTH,5.0,µg/L,0.0264,0,,
16018403502,2021-10-25T15:37:00,CADMIUM,0.9,µg/L,0.026,0,,
16018403502,2021-10-25T15:37:00,CALCIUM,88.8,mg/L,0.255,0,,
16018403502,2021-10-25T15:37:00,CHLORIDE,74.8,mg/L,0.2614,0,,
16018403502,2021-10-25T15:37:00,CHROMIUM,1.0,µg/L,0.0447,0,,
16018403502,2021-10-25T15:37:00,COBALT,1.66,µg/L,0.062,0,,
16018403502,2021-10-25T15:37:00,CONDUCTIVITY,806.0,µS/cm,0.6307,1,"rate_of_change, rolling_mean_30, rolling_mean_14","3.83, 3.64, 3.63"
16018403502,2021-10-25T15:37:00,COPPER,3.32,µg/L,0.041,0,,
16018403502,2021-10-25T15:37:00,HARDNESS,328.0,mg/L,0.4729,0,,
16018403502,2021-10-25T15:37:00,IRON,397.0,µg/L,0.6532,1,"rate_of_change, delta, rolling_std_7","-8.97, -2.24, 1.94"
16018403502,2021-10-25T15:37:00,LEAD,7.0,µg/L,0.0291,0,,
16018403502,2021-10-25T15:37:00,LITHIUM,5.0,µg/L,0.031,0,,
16018403502,2021-10-25T15:37:00,MAGNESIUM,25.7,mg/L,0.1194,0,,
16018403502,2021-10-25T15:37:00,MANGANESE,36.3,µg/L,0.176,0,,
16018403502,2021-10-25T15:37:00,MERCURY,5.0,ng/L,0.0483,0,,
16018403502,2021-10-25T15:37:00,MOLYBDENUM,2.0,µg/L,0.0241,0,,
16018403502,2021-10-25T15:37:00,NICKEL,2.91,µg/L,0.0506,0,,
16018403502,2021-10-25T15:37:00,NITRATE,3.48,mg/L,0.0645,0,,
16018403502,2021-10-25T15:37:00,NITROGEN; AMMONIA+AMMONIUM,0.05,mg/L,0.0433,0,,
16018403502,2021-10-25T15:37:00,NITROGEN; NITRATE+NITRITE,3.5,mg/L,0.0642,0,,
16018403502,2021-10-25T15:37:00,NITROGEN; NITRITE,0.014,mg/L,0.09,0,,
16018403502,2021-10-25T15:37:00,NITROGEN; TOTAL,4.26,mg/L,0.0516,0,,
16018403502,2021-10-25T15:37:00,PH,7.91,,0.0676,0,,
16018403502,2021-10-25T15:37:00,PHENOL,2.5,µg/L,0.0934,0,,
16018403502,2021-10-25T15:37:00,PHOSPHORUS; PHOSPHATE,0.034,mg/L,0.0378,0,,
16018403502,2021-10-25T15:37:00,PHOSPHORUS; TOTAL,104.0,µg/L,0.4324,0,,
16018403502,2021-10-25T15:37:00,POTASSIUM,4.16,mg/L,0.0619,0,,
16018403502,2021-10-25T15:37:00,SILVER,9.0,µg/L,0.0301,0,,
16018403502,2021-10-25T15:37:00,SODIUM,43.4,mg/L,0.1878,0,,
16018403502,2021-10-25T15:37:00,SOLIDS; SUSPENDED,3.26,mg/L,0.3575,0,,
16018403502,2021-10-25T15:37:00,STRONTIUM,761.0,µg/L,0.6528,1,"rolling_mean_30, rolling_mean_14, rolling_mean_7","3.62, 3.62, 3.24"
16018403502,2021-10-25T15:37:00,TIN,9.0,µg/L,0.0329,0,,
16018403502,2021-10-25T15:37:00,TITANIUM,4.89,µg/L,0.2462,0,,
16018403502,2021-10-25T15:37:00,URANIUM,3.0,µg/L,0.0441,0,,
16018403502,2021-10-25T15:37:00,VANADIUM,1.46,µg/L,0.0538,0,,
16018403502,2021-10-25T15:37:00,ZINC,7.8,µg/L,0.1164,0,,
16018403502,2021-10-25T15:37:00,ZIRCONIUM,1.0,µg/L,0.0342,0,,
16018403502,2021-11-18T16:20:00,ALKALINITY,272.0,mg/L as CaCO3,0.3632,0,,
16018403502,2021-11-18T16:20:00,ALUMINUM,344.0,µg/L,0.6299,1,"rolling_std_7, rolling_std_30, rolling_std_14","3.84, 3.29, 3.22"
16018403502,2021-11-18T16:20:00,BARIUM,40.8,µg/L,0.065,0,,
16018403502,2021-11-18T16:20:00,BERYLLIUM,0.1,µg/L,0.0046,0,,
16018403502,2021-11-18T16:20:00,BISMUTH,5.0,µg/L,0.0046,0,,
16018403502,2021-11-18T16:20:00,CADMIUM,0.9,µg/L,0.0023,0,,
16018403502,2021-11-18T16:20:00,CALCIUM,97.9,mg/L,0.168,0,,
16018403502,2021-11-18T16:20:00,CHLORIDE,38.8,mg/L,0.2388,0,,
16018403502,2021-11-18T16:20:00,CHROMIUM,1.0,µg/L,0.0038,0,,
16018403502,2021-11-18T16:20:00,COBALT,1.0,µg/L,0.017,0,,
16018403502,2021-11-18T16:20:00,CONDUCTIVITY,733.0,µS/cm,0.555,0,,
16018403502,2021-11-18T16:20:00,COPPER,3.23,µg/L,0.0121,0,,
16018403502,2021-11-18T16:20:00,HARDNESS,361.0,mg/L,0.3864,0,,
16018403502,2021-11-18T16:20:00,IRON,465.0,µg/L,0.5168,0,,
16018403502,2021-11-18T16:20:00,LEAD,7.0,µg/L,0.0073,0,,
16018403502,2021-11-18T16:20:00,LITHIUM,6.98,µg/L,0.088,0,,
16018403502,2021-11-18T16:20:00,MAGNESIUM,28.2,mg/L,0.0735,0,,
16018403502,2021-11-18T16:20:00,MANGANESE,33.2,µg/L,0.0853,0,,
16018403502,2021-11-18T16:20:00,MERCURY,5.0,ng/L,0.0036,0,,
16018403502,2021-11-18T16:20:00,MOLYBDENUM,2.0,µg/L,0.003,0,,
16018403502,2021-11-18T16:20:00,NICKEL,2.0,µg/L,0.0198,0,,
16018403502,2021-11-18T16:20:00,NITRATE,6.16,mg/L,0.067,0,,
16018403502,2021-11-18T16:20:00,NITROGEN; AMMONIA+AMMONIUM,0.02,mg/L,0.0512,0,,
16018403502,2021-11-18T16:20:00,NITROGEN; NITRATE+NITRITE,6.17,mg/L,0.067,0,,
16018403502,2021-11-18T16:20:00,NITROGEN; NITRITE,0.014,mg/L,0.0375,0,,
16018403502,2021-11-18T16:20:00,NITROGEN; TOTAL,7.35,mg/L,0.0698,0,,
16018403502,2021-11-18T16:20:00,PH,8.13,,0.0101,0,,
16018403502,2021-11-18T16:20:00,PHENOL,0.63,µg/L,0.0263,0,,
16018403502,2021-11-18T16:20:00,PHOSPHORUS; PHOSPHATE,0.022,mg/L,0.0042,0,,
16018403502,2021-11-18T16:20:00,PHOSPHORUS; TOTAL,47.6,µg/L,0.3372,0,,
16018403502,2021-11-18T16:20:00,POTASSIUM,3.87,mg/L,0.009,0,,
16018403502,2021-11-18T16:20:00,SILVER,9.0,µg/L,0.0089,0,,
16018403502,2021-11-18T16:20:00,SODIUM,52.3,mg/L,0.1163,0,,
16018403502,2021-11-18T16:20:00,SOLIDS; DISSOLVED,477.0,mg/L,0.4586,0,,
16018403502,2021-11-18T16:20:00,SOLIDS; SUSPENDED,13.5,mg/L,0.1385,0,,
16018403502,2021-11-18T16:20:00,SOLIDS; TOTAL,490.0,mg/L,0.4598,0,,
16018403502,2021-11-18T16:20:00,STRONTIUM,999.0,µg/L,0.6835,1,"rolling_mean_30, rolling_mean_14, rolling_mean_7","3.69, 3.69, 3.37"
16018403502,2021-11-18T16:20:00,TIN,9.0,µg/L,0.0094,0,,
16018403502,2021-11-18T16:20:00,TITANIUM,3.75,µg/L,0.0638,0,,
16018403502,2021-11-18T16:20:00,URANIUM,3.0,µg/L,0.012,0,,
16018403502,2021-11-18T16:20:00,VANADIUM,0.58,µg/L,0.0459,0,,
16018403502,2021-11-18T16:20:00,ZINC,7.13,µg/L,0.0462,0,,
16018403502,2021-11-18T16:20:00,ZIRCONIUM,1.0,µg/L,0.0023,0,,
16018403502,2021-11-23T09:35:00,ALKALINITY,261.0,mg/L as CaCO3,0.3881,0,,
16018403502,2021-11-23T09:35:00,ALUMINUM,260.0,µg/L,0.6997,1,"rolling_std_7, rate_of_change, rolling_std_30","3.77, -3.48, 3.18"
16018403502,2021-11-23T09:35:00,BARIUM,37.4,µg/L,0.1684,0,,
16018403502,2021-11-23T09:35:00,BERYLLIUM,0.1,µg/L,0.0265,0,,
16018403502,2021-11-23T09:35:00,BISMUTH,5.0,µg/L,0.0277,0,,
16018403502,2021-11-23T09:35:00,CADMIUM,0.9,µg/L,0.0273,0,,
16018403502,2021-11-23T09:35:00,CALCIUM,89.7,mg/L,0.2289,0,,
16018403502,2021-11-23T09:35:00,CHLORIDE,60.0,mg/L,0.297,0,,
16018403502,2021-11-23T09:35:00,CHROMIUM,1.0,µg/L,0.0289,0,,
16018403502,2021-11-23T09:35:00,COBALT,1.0,µg/L,0.042,0,,
16018403502,2021-11-23T09:35:00,CONDUCTIVITY,784.0,µS/cm,0.5864,1,"rolling_mean_30, rolling_mean_14, rolling_mean_7","3.60, 3.60, 3.13"
16018403502,2021-11-23T09:35:00,COPPER,2.81,µg/L,0.0452,0,,
16018403502,2021-11-23T09:35:00,HARDNESS,329.0,mg/L,0.4364,0,,
16018403502,2021-11-23T09:35:00,IRON,273.0,µg/L,0.6428,1,"rate_of_change, rolling_std_7, rolling_std_14","-7.96, 1.95, 1.72"
16018403502,2021-11-23T09:35:00,LEAD,7.0,µg/L,0.0305,0,,
16018403502,2021-11-23T09:35:00,LITHIUM,5.0,µg/L,0.0734,0,,
16018403502,2021-11-23T09:35:00,MAGNESIUM,25.6,mg/L,0.1173,0,,
16018403502,2021-11-23T09:35:00,MANGANESE,14.8,µg/L,0.3352,0,,
16018403502,2021-11-23T09:35:00,MERCURY,5.0,ng/L,0.0309,0,,
16018403502,2021-11-23T09:35:00,MOLYBDENUM,2.0,µg/L,0.0255,0,,
16018403502,2021-11-23T09:35:00,NICKEL,2.0,µg/L,0.0473,0,,
16018403502,2021-11-23T09:35:00,NITRATE,5.11,mg/L,0.0896,0,,
16018403502,2021-11-23T09:35:00,NITROGEN; AMMONIA+AMMONIUM,0.04,mg/L,0.0471,0,,
16018403502,2021-11-23T09:35:00,NITROGEN; NITRATE+NITRITE,5.13,mg/L,0.0869,0,,
16018403502,2021-11-23T09:35:00,NITROGEN; NITRITE,0.021,mg/L,0.0435,0,,
16018403502,2021-11-23T09:35:00,NITROGEN; TOTAL,6.46,mg/L,0.0925,0,,
16018403502,2021-11-23T09:35:00,PH,8.22,,0.0406,0,,
16018403502,2021-11-23T09:35:00,PHENOL,0.63,µg/L,0.0411,0,,
16018403502,2021-11-23T09:35:00,PHOSPHORUS; PHOSPHATE,0.022,mg/L,0.029,0,,
16018403502,2021-11-23T09:35:00,PHOSPHORUS; TOTAL,55.5,µg/L,0.3347,0,,
16018403502,2021-11-23T09:35:00,POTASSIUM,3.79,mg/L,0.0353,0,,
16018403502,2021-11-23T09:35:00,SILVER,9.0,µg/L,0.0317,0,,
16018403502,2021-11-23T09:35:00,SODIUM,34.9,mg/L,0.2899,0,,
16018403502,2021-11-23T09:35:00,SOLIDS; SUSPENDED,13.5,mg/L,0.15,0,,
16018403502,2021-11-23T09:35:00,STRONTIUM,564.0,µg/L,0.7674,1,"rate_of_change, rolling_mean_14, rolling_mean_30","-18.03, 3.63, 3.61"
16018403502,2021-11-23T09:35:00,TIN,9.0,µg/L,0.0345,0,,
16018403502,2021-11-23T09:35:00,TITANIUM,4.46,µg/L,0.0972,0,,
16018403502,2021-11-23T09:35:00,URANIUM,3.96,µg/L,0.0556,0,,
16018403502,2021-11-23T09:35:00,VANADIUM,0.63,µg/L,0.0651,0,,
16018403502,2021-11-23T09:35:00,ZINC,5.4,µg/L,0.1005,0,,
16018403502,2021-11-23T09:35:00,ZIRCONIUM,1.0,µg/L,0.0273,0,,
16018403502,2021-12-07T11:50:00,ALKALINITY,217.0,mg/L as CaCO3,0.3516,0,,
16018403502,2021-12-07T11:50:00,ALUMINUM,87.7,µg/L,0.6997,1,"rolling_std_7, rolling_std_14, rolling_std_30","3.86, 3.28, 3.19"
16018403502,2021-12-07T11:50:00,BARIUM,24.1,µg/L,0.2065,0,,
16018403502,2021-12-07T11:50:00,BERYLLIUM,0.1,µg/L,0.0116,0,,
16018403502,2021-12-07T11:50:00,BISMUTH,5.0,µg/L,0.0118,0,,
16018403502,2021-12-07T11:50:00,CADMIUM,0.9,µg/L,0.0107,0,,
16018403502,2021-12-07T11:50:00,CALCIUM,75.1,mg/L,0.1675,0,,
16018403502,2021-12-07T11:50:00,CHLORIDE,57.7,mg/L,0.1647,0,,
16018403502,2021-12-07T11:50:00,CHROMIUM,1.0,µg/L,0.0123,0,,
16018403502,2021-12-07T11:50:00,COBALT,1.0,µg/L,0.021,0,,
16018403502,2021-12-07T11:50:00,CONDUCTIVITY,711.0,µS/cm,0.5565,0,,
16018403502,2021-12-07T11:50:00,COPPER,2.25,µg/L,0.0325,0,,
16018403502,2021-12-07T11:50:00,HARDNESS,274.0,mg/L,0.4096,0,,
16018403502,2021-12-07T11:50:00,IRON,54.9,µg/L,0.6374,1,"rate_of_change, rolling_std_7, zscore","-3.02, 2.33, -2.02"
16018403502,2021-12-07T11:50:00,LEAD,7.0,µg/L,0.0145,0,,
16018403502,2021-12-07T11:50:00,LITHIUM,5.0,µg/L,0.016,0,,
16018403502,2021-12-07T11:50:00,MAGNESIUM,20.9,mg/L,0.0994,0,,
16018403502,2021-12-07T11:50:00,MANGANESE,0.88,µg/L,0.2231,0,,
16018403502,2021-12-07T11:50:00,MERCURY,6.0,ng/L,0.1102,0,,
16018403502,2021-12-07T11:50:00,MOLYBDENUM,2.0,µg/L,0.0102,0,,
16018403502,2021-12-07T11:50:00,NICKEL,2.0,µg/L,0.021,0,,
16018403502,2021-12-07T11:50:00,NITRATE,4.1,mg/L,0.0358,0,,
16018403502,2021-12-07T11:50:00,NITROGEN; AMMONIA+AMMONIUM,0.04,mg/L,0.0241,0,,
16018403502,2021-12-07T11:50:00,NITROGEN; NITRATE+NITRITE,4.13,mg/L,0.0358,0,,
16018403502,2021-12-07T11:50:00,NITROGEN; NITRITE,0.023,mg/L,0.023,0,,
16018403502,2021-12-07T11:50:00,NITROGEN; TOTAL,5.12,mg/L,0.036,0,,
16018403502,2021-12-07T11:50:00,PH,8.19,,0.0186,0,,
16018403502,2021-12-07T11:50:00,PHENOL,0.63,µg/L,0.0211,0,,
16018403502,2021-12-07T11:50:00,PHOSPHORUS; PHOSPHATE,0.046,mg/L,0.0201,0,,
16018403502,2021-12-07T11:50:00,PHOSPHORUS; TOTAL,166.0,µg/L,0.4441,0,,
16018403502,2021-12-07T11:50:00,POTASSIUM,3.63,mg/L,0.0239,0,,
16018403502,2021-12-07T11:50:00,SILVER,9.0,µg/L,0.0164,0,,
16018403502,2021-12-07T11:50:00,SODIUM,31.6,mg/L,0.1456,0,,
16018403502,2021-12-07T11:50:00,SOLIDS; SUSPENDED,61.4,mg/L,0.2978,0,,
16018403502,2021-12-07T11:50:00,STRONTIUM,472.0,µg/L,0.6508,1,"rolling_mean_14, rolling_mean_30, rolling_std_14","3.59, 3.50, 2.90"
16018403502,2021-12-07T11:50:00,TIN,9.0,µg/L,0.0176,0,,
16018403502,2021-12-07T11:50:00,TITANIUM,3.44,µg/L,0.0722,0,,
16018403502,2021-12-07T11:50:00,URANIUM,3.0,µg/L,0.0337,0,,
16018403502,2021-12-07T11:50:00,VANADIUM,0.5,µg/L,0.0468,0,,
16018403502,2021-12-07T11:50:00,ZINC,3.18,µg/L,0.0838,0,,
16018403502,2021-12-07T11:50:00,ZIRCONIUM,1.0,µg/L,0.0107,0,,
16018403502,2022-01-25T11:50:00,ALKALINITY,294.0,mg/L as CaCO3,0.4719,0,,
16018403502,2022-01-25T11:50:00,ALUMINUM,86.0,µg/L,0.6755,1,"rolling_std_7, rolling_std_14, rolling_std_30","3.99, 3.38, 3.19"
16018403502,2022-01-25T11:50:00,BARIUM,44.0,µg/L,0.1922,0,,
16018403502,2022-01-25T11:50:00,BERYLLIUM,0.1,µg/L,0.0646,0,,
16018403502,2022-01-25T11:50:00,BISMUTH,5.0,µg/L,0.0651,0,,
16018403502,2022-01-25T11:50:00,CADMIUM,0.9,µg/L,0.0617,0,,
16018403502,2022-01-25T11:50:00,CALCIUM,129.0,mg/L,0.3669,0,,
16018403502,2022-01-25T11:50:00,CHLORIDE,135.0,mg/L,0.3535,0,,
16018403502,2022-01-25T11:50:00,CHROMIUM,1.0,µg/L,0.0632,0,,
16018403502,2022-01-25T11:50:00,COBALT,1.0,µg/L,0.0718,0,,
16018403502,2022-01-25T11:50:00,CONDUCTIVITY,1207.0,µS/cm,0.7552,1,"rolling_mean_30, rolling_mean_14, rolling_mean_7","3.70, 3.68, 3.41"
16018403502,2022-01-25T11:50:00,COPPER,4.01,µg/L,0.0994,0,,
16018403502,2022-01-25T11:50:00,HARDNESS,457.0,mg/L,0.5846,1,"zscore, is_gap, delta","3.08, 1.53, 1.23"
16018403502,2022-01-25T11:50:00,IRON,113.0,µg/L,0.5894,1,"rolling_std_7, rolling_std_14, rolling_std_30","2.54, 2.16, 2.01"
16018403502,2022-01-25T11:50:00,LEAD,7.0,µg/L,0.0651,0,,
16018403502,2022-01-25T11:50:00,LITHIUM,7.4,µg/L,0.1422,0,,
16018403502,2022-01-25T11:50:00,MAGNESIUM,32.7,mg/L,0.1945,0,,
16018403502,2022-01-25T11:50:00,MANGANESE,17.1,µg/L,0.2147,0,,
16018403502,2022-01-25T11:50:00,MOLYBDENUM,2.0,µg/L,0.0625,0,,
16018403502,2022-01-25T11:50:00,NICKEL,2.0,µg/L,0.0669,0,,
16018403502,2022-01-25T11:50:00,NITRATE,6.43,mg/L,0.106,0,,
16018403502,2022-01-25T11:50:00,NITROGEN; AMMONIA+AMMONIUM,0.05,mg/L,0.064,0,,
16018403502,2022-01-25T11:50:00,NITROGEN; NITRATE+NITRITE,6.45,mg/L,0.106,0,,
16018403502,2022-01-25T11:50:00,NITROGEN; NITRITE,0.028,mg/L,0.0625,0,,
16018403502,2022-01-25T11:50:00,NITROGEN; TOTAL,7.32,mg/L,0.103,0,,
16018403502,2022-01-25T11:50:00,PH,8.01,,0.0793,0,,
16018403502,2022-01-25T11:50:00,PHENOL,1.13,µg/L,0.0685,0,,
16018403502,2022-01-25T11:50:00,PHOSPHORUS; PHOSPHATE,0.013,mg/L,0.0661,0,,
16018403502,2022-01-25T11:50:00,PHOSPHORUS; TOTAL,21.6,µg/L,0.4835,0,,
16018403502,2022-01-25T11:50:00,POTASSIUM,3.85,mg/L,0.0658,0,,
16018403502,2022-01-25T11:50:00,SILVER,9.0,µg/L,0.0687,0,,
16018403502,2022-01-25T11:50:00,SODIUM,79.0,mg/L,0.2993,0,,
16018403502,2022-01-25T11:50:00,SOLIDS; SUSPENDED,4.04,mg/L,0.3308,0,,
16018403502,2022-01-25T11:50:00,STRONTIUM,1100.0,µg/L,0.7935,1,"delta, rolling_mean_14, rolling_mean_30","4.21, 3.66, 3.60"
16018403502,2022-01-25T11:50:00,TIN,9.0,µg/L,0.0684,0,,
16018403502,2022-01-25T11:50:00,TITANIUM,1.96,µg/L,0.1291,0,,
16018403502,2022-01-25T11:50:00,URANIUM,3.0,µg/L,0.067,0,,
16018403502,2022-01-25T11:50:00,VANADIUM,0.5,µg/L,0.0952,0,,
16018403502,2022-01-25T11:50:00,ZINC,6.57,µg/L,0.106,0,,
16018403502,2022-01-25T11:50:00,ZIRCONIUM,1.0,µg/L,0.0617,0,,
16018403502,2022-02-15T11:00:00,ALKALINITY,241.0,mg/L as CaCO3,0.355,0,,
16018403502,2022-02-15T11:00:00,ALUMINUM,198.0,µg/L,0.6898,1,"rolling_std_7, rolling_std_14, rolling_std_30","4.01, 3.37, 3.11"
16018403502,2022-02-15T11:00:00,BARIUM,42.3,µg/L,0.0806,0,,
16018403502,2022-02-15T11:00:00,BERYLLIUM,0.1,µg/L,0.0054,0,,
16018403502,2022-02-15T11:00:00,BISMUTH,5.0,µg/L,0.0055,0,,
16018403502,2022-02-15T11:00:00,CADMIUM,0.9,µg/L,0.0038,0,,
16018403502,2022-02-15T11:00:00,CALCIUM,107.0,mg/L,0.2195,0,,
16018403502,2022-02-15T11:00:00,CHLORIDE,159.0,mg/L,0.2809,0,,
16018403502,2022-02-15T11:00:00,CHROMIUM,1.0,µg/L,0.0052,0,,
16018403502,2022-02-15T11:00:00,COBALT,1.0,µg/L,0.0136,0,,
16018403502,2022-02-15T11:00:00,CONDUCTIVITY,1166.0,µS/cm,0.6535,1,"rolling_mean_7, rolling_mean_30, rolling_mean_14","3.88, 3.79, 3.75"
16018403502,2022-02-15T11:00:00,COPPER,3.16,µg/L,0.0197,0,,
16018403502,2022-02-15T11:00:00,HARDNESS,384.0,mg/L,0.4635,0,,
16018403502,2022-02-15T11:00:00,IRON,203.0,µg/L,0.5579,0,,
16018403502,2022-02-15T11:00:00,LEAD,7.0,µg/L,0.0082,0,,
16018403502,2022-02-15T11:00:00,LITHIUM,5.0,µg/L,0.0312,0,,
16018403502,2022-02-15T11:00:00,MAGNESIUM,28.3,mg/L,0.0893,0,,
16018403502,2022-02-15T11:00:00,MANGANESE,41.5,µg/L,0.1671,0,,
16018403502,2022-02-15T11:00:00,MERCURY,5.0,ng/L,0.0867,0,,
16018403502,2022-02-15T11:00:00,MOLYBDENUM,2.0,µg/L,0.0039,0,,
16018403502,2022-02-15T11:00:00,NICKEL,2.0,µg/L,0.0114,0,,
16018403502,2022-02-15T11:00:00,NITRATE,5.2,mg/L,0.0416,0,,
16018403502,2022-02-15T11:00:00,NITROGEN; AMMONIA+AMMONIUM,0.1,mg/L,0.0491,0,,
16018403502,2022-02-15T11:00:00,NITROGEN; NITRATE+NITRITE,5.24,mg/L,0.0416,0,,
16018403502,2022-02-15T11:00:00,NITROGEN; NITRITE,0.042,mg/L,0.0206,0,,
16018403502,2022-02-15T11:00:00,NITROGEN; TOTAL,6.35,mg/L,0.0335,0,,
16018403502,2022-02-15T11:00:00,PH,7.89,,0.0397,0,,
16018403502,2022-02-15T11:00:00,PHENOL,4.01,µg/L,0.085,0,,
16018403502,2022-02-15T11:00:00,PHOSPHORUS; PHOSPHATE,0.021,mg/L,0.0058,0,,
16018403502,2022-02-15T11:00:00,PHOSPHORUS; TOTAL,37.5,µg/L,0.2825,0,,
16018403502,2022-02-15T11:00:00,POTASSIUM,4.1,mg/L,0.0125,0,,
16018403502,2022-02-15T11:00:00,SILVER,9.0,µg/L,0.0098,0,,
16018403502,2022-02-15T11:00:00,SODIUM,94.6,mg/L,0.2296,0,,
16018403502,2022-02-15T11:00:00,SOLIDS; SUSPENDED,7.4,mg/L,0.1379,0,,
16018403502,2022-02-15T11:00:00,STRONTIUM,1200.0,µg/L,0.7105,1,"rolling_mean_14, rolling_mean_30, rolling_mean_7","3.73, 3.71, 3.69"
16018403502,2022-02-15T11:00:00,TIN,9.0,µg/L,0.0117,0,,
16018403502,2022-02-15T11:00:00,TITANIUM,4.38,µg/L,0.0673,0,,
16018403502,2022-02-15T11:00:00,URANIUM,3.73,µg/L,0.0156,0,,
16018403502,2022-02-15T11:00:00,VANADIUM,0.5,µg/L,0.0318,0,,
16018403502,2022-02-15T11:00:00,ZINC,14.9,µg/L,0.0769,0,,
16018403502,2022-02-15T11:00:00,ZIRCONIUM,1.0,µg/L,0.0038,0,,
16018403502,2022-03-07T11:35:00,ALKALINITY,214.0,mg/L as CaCO3,0.3052,0,,
16018403502,2022-03-07T11:35:00,ALUMINUM,323.0,µg/L,0.6318,1,"rolling_std_14, rolling_std_30, rate_of_change","3.35, 3.01, 1.23"
16018403502,2022-03-07T11:35:00,BARIUM,35.3,µg/L,0.1109,0,,
16018403502,2022-03-07T11:35:00,BERYLLIUM,0.1,µg/L,0.0054,0,,
16018403502,2022-03-07T11:35:00,BISMUTH,5.0,µg/L,0.0055,0,,
16018403502,2022-03-07T11:35:00,CADMIUM,0.9,µg/L,0.0038,0,,
16018403502,2022-03-07T11:35:00,CALCIUM,84.5,mg/L,0.1884,0,,
16018403502,2022-03-07T11:35:00,CHLORIDE,85.4,mg/L,0.3216,0,,
16018403502,2022-03-07T11:35:00,CHROMIUM,1.0,µg/L,0.0038,0,,
16018403502,2022-03-07T11:35:00,COBALT,1.0,µg/L,0.0146,0,,
16018403502,2022-03-07T11:35:00,CONDUCTIVITY,820.0,µS/cm,0.6944,1,"rolling_mean_7, rolling_mean_30, rolling_mean_14","4.00, 3.79, 3.70"
16018403502,2022-03-07T11:35:00,COPPER,1.52,µg/L,0.0832,0,,
16018403502,2022-03-07T11:35:00,HARDNESS,299.0,mg/L,0.4419,0,,
16018403502,2022-03-07T11:35:00,IRON,301.0,µg/L,0.5382,0,,
16018403502,2022-03-07T11:35:00,LEAD,7.0,µg/L,0.0082,0,,
16018403502,2022-03-07T11:35:00,LITHIUM,5.0,µg/L,0.0117,0,,
16018403502,2022-03-07T11:35:00,MAGNESIUM,21.3,mg/L,0.0964,0,,
16018403502,2022-03-07T11:35:00,MANGANESE,32.6,µg/L,0.1065,0,,
16018403502,2022-03-07T11:35:00,MERCURY,5.0,ng/L,0.0058,0,,
16018403502,2022-03-07T11:35:00,MOLYBDENUM,2.0,µg/L,0.0039,0,,
16018403502,2022-03-07T11:35:00,NICKEL,2.0,µg/L,0.0108,0,,
16018403502,2022-03-07T11:35:00,NITRATE,3.87,mg/L,0.0277,0,,
16018403502,2022-03-07T11:35:00,NITROGEN; AMMONIA+AMMONIUM,0.11,mg/L,0.0533,0,,
16018403502,2022-03-07T11:35:00,NITROGEN; NITRATE+NITRITE,3.91,mg/L,0.0277,0,,
16018403502,2022-03-07T11:35:00,NITROGEN; NITRITE,0.039,mg/L,0.0125,0,,
16018403502,2022-03-07T11:35:00,NITROGEN; TOTAL,4.86,mg/L,0.0234,0,,
16018403502,2022-03-07T11:35:00,PH,7.93,,0.0248,0,,
16018403502,2022-03-07T11:35:00,PHENOL,3.91,µg/L,0.0576,0,,
16018403502,2022-03-07T11:35:00,PHOSPHORUS; PHOSPHATE,0.027,mg/L,0.0054,0,,
16018403502,2022-03-07T11:35:00,PHOSPHORUS; TOTAL,60.1,µg/L,0.2655,0,,
16018403502,2022-03-07T11:35:00,POTASSIUM,3.33,mg/L,0.0274,0,,
16018403502,2022-03-07T11:35:00,SILVER,9.0,µg/L,0.0098,0,,
16018403502,2022-03-07T11:35:00,SODIUM,48.5,mg/L,0.2301,0,,
16018403502,2022-03-07T11:35:00,SOLIDS; SUSPENDED,13.8,mg/L,0.1236,0,,
16018403502,2022-03-07T11:35:00,STRONTIUM,714.0,µg/L,0.7541,1,"rate_of_change, rolling_mean_7, rolling_mean_30","-4.74, 3.70, 3.68"
16018403502,2022-03-07T11:35:00,TIN,9.0,µg/L,0.0117,0,,
16018403502,2022-03-07T11:35:00,TITANIUM,7.42,µg/L,0.0587,0,,
16018403502,2022-03-07T11:35:00,URANIUM,3.2,µg/L,0.0093,0,,
16018403502,2022-03-07T11:35:00,VANADIUM,0.6,µg/L,0.0157,0,,
16018403502,2022-03-07T11:35:00,ZINC,13.9,µg/L,0.0489,0,,
16018403502,2022-03-07T11:35:00,ZIRCONIUM,1.0,µg/L,0.0038,0,,
16018403502,2022-04-12T13:22:00,ALKALINITY,223.0,mg/L as CaCO3,0.3465,0,,
16018403502,2022-04-12T13:22:00,ALUMINUM,229.0,µg/L,0.5982,1,"rolling_std_14, rolling_std_30, is_gap","3.36, 2.93, 1.53"
16018403502,2022-04-12T13:22:00,BARIUM,33.8,µg/L,0.162,0,,
16018403502,2022-04-12T13:22:00,BERYLLIUM,0.1,µg/L,0.0641,0,,
16018403502,2022-04-12T13:22:00,BISMUTH,5.0,µg/L,0.0637,0,,
16018403502,2022-04-12T13:22:00,CADMIUM,0.9,µg/L,0.06,0,,
16018403502,2022-04-12T13:22:00,CALCIUM,84.7,mg/L,0.2084,0,,
16018403502,2022-04-12T13:22:00,CHLORIDE,79.2,mg/L,0.2449,0,,
16018403502,2022-04-12T13:22:00,CHROMIUM,1.0,µg/L,0.0599,0,,
16018403502,2022-04-12T13:22:00,COBALT,1.0,µg/L,0.0668,0,,
16018403502,2022-04-12T13:22:00,CONDUCTIVITY,782.0,µS/cm,0.6452,1,"rolling_mean_7, rolling_mean_30, rolling_mean_14","3.98, 3.77, 3.65"
16018403502,2022-04-12T13:22:00,COPPER,1.23,µg/L,0.1376,0,,
16018403502,2022-04-12T13:22:00,HARDNESS,307.0,mg/L,0.4216,0,,
16018403502,2022-04-12T13:22:00,IRON,259.0,µg/L,0.5157,0,,
16018403502,2022-04-12T13:22:00,LEAD,7.0,µg/L,0.0637,0,,
16018403502,2022-04-12T13:22:00,LITHIUM,5.0,µg/L,0.0653,0,,
16018403502,2022-04-12T13:22:00,MAGNESIUM,23.3,mg/L,0.1133,0,,
16018403502,2022-04-12T13:22:00,MANGANESE,31.8,µg/L,0.1427,0,,
16018403502,2022-04-12T13:22:00,MERCURY,5.0,ng/L,0.0614,0,,
16018403502,2022-04-12T13:22:00,MOLYBDENUM,2.0,µg/L,0.0614,0,,
16018403502,2022-04-12T13:22:00,NICKEL,2.0,µg/L,0.0635,0,,
16018403502,2022-04-12T13:22:00,NITRATE,3.83,mg/L,0.0662,0,,
16018403502,2022-04-12T13:22:00,NITROGEN; AMMONIA+AMMONIUM,0.04,mg/L,0.0767,0,,
16018403502,2022-04-12T13:22:00,NITROGEN; NITRATE+NITRITE,3.86,mg/L,0.0662,0,,
16018403502,2022-04-12T13:22:00,NITROGEN; NITRITE,0.028,mg/L,0.0614,0,,
16018403502,2022-04-12T13:22:00,NITROGEN; TOTAL,4.65,mg/L,0.0623,0,,
16018403502,2022-04-12T13:22:00,PH,8.15,,0.068,0,,
16018403502,2022-04-12T13:22:00,PHENOL,0.63,µg/L,0.101,0,,
16018403502,2022-04-12T13:22:00,PHOSPHORUS; PHOSPHATE,0.016,mg/L,0.0613,0,,
16018403502,2022-04-12T13:22:00,PHOSPHORUS; TOTAL,43.7,µg/L,0.3155,0,,
16018403502,2022-04-12T13:22:00,POTASSIUM,2.78,mg/L,0.1196,0,,
16018403502,2022-04-12T13:22:00,SILVER,9.0,µg/L,0.0673,0,,
16018403502,2022-04-12T13:22:00,SODIUM,44.5,mg/L,0.1912,0,,
16018403502,2022-04-12T13:22:00,SOLIDS; DISSOLVED,508.0,mg/L,0.5565,0,,
16018403502,2022-04-12T13:22:00,SOLIDS; SUSPENDED,15.2,mg/L,0.1778,0,,
16018403502,2022-04-12T13:22:00,SOLIDS; TOTAL,523.0,mg/L,0.5693,0,,
16018403502,2022-04-12T13:22:00,STRONTIUM,634.0,µg/L,0.7067,1,"rolling_mean_30, rolling_mean_7, rolling_mean_14","3.63, 3.61, 3.46"
16018403502,2022-04-12T13:22:00,TIN,9.0,µg/L,0.0661,0,,
16018403502,2022-04-12T13:22:00,TITANIUM,5.37,µg/L,0.1066,0,,
16018403502,2022-04-12T13:22:00,URANIUM,3.89,µg/L,0.0675,0,,
16018403502,2022-04-12T13:22:00,VANADIUM,0.53,µg/L,0.0828,0,,
16018403502,2022-04-12T13:22:00,ZINC,9.62,µg/L,0.1043,0,,
16018403502,2022-04-12T13:22:00,ZIRCONIUM,1.0,µg/L,0.06,0,,
16018403502,2022-04-20T16:39:00,ALKALINITY,216.0,mg/L as CaCO3,0.2932,0,,
16018403502,2022-04-20T16:39:00,ALUMINUM,293.0,µg/L,0.6312,1,"rolling_std_14, rolling_std_30, rate_of_change","3.36, 2.85, 1.55"
16018403502,2022-04-20T16:39:00,BARIUM,39.5,µg/L,0.1201,0,,
16018403502,2022-04-20T16:39:00,BERYLLIUM,0.1,µg/L,0.0243,0,,
16018403502,2022-04-20T16:39:00,BISMUTH,5.0,µg/L,0.0255,0,,
16018403502,2022-04-20T16:39:00,CADMIUM,0.9,µg/L,0.0245,0,,
16018403502,2022-04-20T16:39:00,CALCIUM,93.8,mg/L,0.2096,0,,
16018403502,2022-04-20T16:39:00,CHLORIDE,89.9,mg/L,0.2322,0,,
16018403502,2022-04-20T16:39:00,CHROMIUM,1.0,µg/L,0.0244,0,,
16018403502,2022-04-20T16:39:00,COBALT,1.0,µg/L,0.0368,0,,
16018403502,2022-04-20T16:39:00,CONDUCTIVITY,852.0,µS/cm,0.6571,1,"rolling_mean_7, rolling_mean_30, rolling_mean_14","4.06, 3.78, 3.67"
16018403502,2022-04-20T16:39:00,COPPER,1.23,µg/L,0.0979,0,,
16018403502,2022-04-20T16:39:00,HARDNESS,335.0,mg/L,0.4215,0,,
16018403502,2022-04-20T16:39:00,IRON,324.0,µg/L,0.5575,0,,
16018403502,2022-04-20T16:39:00,LEAD,7.0,µg/L,0.0282,0,,
16018403502,2022-04-20T16:39:00,LITHIUM,5.0,µg/L,0.0335,0,,
16018403502,2022-04-20T16:39:00,MAGNESIUM,24.4,mg/L,0.078,0,,
16018403502,2022-04-20T16:39:00,MANGANESE,47.9,µg/L,0.2305,0,,
16018403502,2022-04-20T16:39:00,MERCURY,5.0,ng/L,0.0288,0,,
16018403502,2022-04-20T16:39:00,MOLYBDENUM,2.0,µg/L,0.0232,0,,
16018403502,2022-04-20T16:39:00,NICKEL,2.0,µg/L,0.0304,0,,
16018403502,2022-04-20T16:39:00,NITRATE,0.04,mg/L,0.1496,0,,
16018403502,2022-04-20T16:39:00,NITROGEN; AMMONIA+AMMONIUM,0.02,mg/L,0.058,0,,
16018403502,2022-04-20T16:39:00,NITROGEN; NITRATE+NITRITE,0.04,mg/L,0.1496,0,,
16018403502,2022-04-20T16:39:00,NITROGEN; NITRITE,0.001,mg/L,0.1127,0,,
16018403502,2022-04-20T16:39:00,NITROGEN; TOTAL,3.89,mg/L,0.046,0,,
16018403502,2022-04-20T16:39:00,PH,8.17,,0.0337,0,,
16018403502,2022-04-20T16:39:00,PHENOL,0.63,µg/L,0.0454,0,,
16018403502,2022-04-20T16:39:00,PHOSPHORUS; PHOSPHATE,0.003,mg/L,0.0377,0,,
16018403502,2022-04-20T16:39:00,PHOSPHORUS; TOTAL,55.6,µg/L,0.2861,0,,
16018403502,2022-04-20T16:39:00,POTASSIUM,3.14,mg/L,0.0577,0,,
16018403502,2022-04-20T16:39:00,SILVER,9.0,µg/L,0.0292,0,,
16018403502,2022-04-20T16:39:00,SODIUM,54.4,mg/L,0.1947,0,,
16018403502,2022-04-20T16:39:00,SOLIDS; SUSPENDED,25.7,mg/L,0.1962,0,,
16018403502,2022-04-20T16:39:00,STRONTIUM,890.0,µg/L,0.735,1,"rate_of_change, rolling_mean_30, rolling_mean_7","6.17, 3.65, 3.53"
16018403502,2022-04-20T16:39:00,TIN,9.0,µg/L,0.0327,0,,
16018403502,2022-04-20T16:39:00,TITANIUM,6.0,µg/L,0.0737,0,,
16018403502,2022-04-20T16:39:00,URANIUM,3.0,µg/L,0.0532,0,,
16018403502,2022-04-20T16:39:00,VANADIUM,0.69,µg/L,0.0443,0,,
16018403502,2022-04-20T16:39:00,ZINC,11.3,µg/L,0.078,0,,
16018403502,2022-04-20T16:39:00,ZIRCONIUM,1.0,µg/L,0.0237,0,,
16018403502,2022-05-10T16:32:00,ALKALINITY,226.0,mg/L as CaCO3,0.2604,0,,
16018403502,2022-05-10T16:32:00,ALUMINUM,597.0,µg/L,0.7023,1,"rolling_std_14, rate_of_change, rolling_std_30","3.47, 2.98, 2.89"
16018403502,2022-05-10T16:32:00,BARIUM,42.8,µg/L,0.0779,0,,
16018403502,2022-05-10T16:32:00,BERYLLIUM,0.11,µg/L,0.136,0,,
16018403502,2022-05-10T16:32:00,BISMUTH,5.0,µg/L,0.0055,0,,
16018403502,2022-05-10T16:32:00,CADMIUM,0.92,µg/L,0.0149,0,,
16018403502,2022-05-10T16:32:00,CALCIUM,81.1,mg/L,0.1585,0,,
16018403502,2022-05-10T16:32:00,CHLORIDE,66.0,mg/L,0.2199,0,,
16018403502,2022-05-10T16:32:00,CHROMIUM,1.0,µg/L,0.0038,0,,
16018403502,2022-05-10T16:32:00,COBALT,1.0,µg/L,0.0123,0,,
16018403502,2022-05-10T16:32:00,CONDUCTIVITY,725.0,µS/cm,0.6378,1,"rolling_mean_7, rolling_mean_30, rolling_mean_14","4.02, 3.75, 3.62"
16018403502,2022-05-10T16:32:00,COPPER,1.83,µg/L,0.0264,0,,
16018403502,2022-05-10T16:32:00,HARDNESS,297.0,mg/L,0.382,0,,
16018403502,2022-05-10T16:32:00,IRON,482.0,µg/L,0.5817,0,,
16018403502,2022-05-10T16:32:00,LEAD,7.0,µg/L,0.0082,0,,
16018403502,2022-05-10T16:32:00,LITHIUM,5.28,µg/L,0.0078,0,,
16018403502,2022-05-10T16:32:00,MAGNESIUM,23.0,mg/L,0.0609,0,,
16018403502,2022-05-10T16:32:00,MANGANESE,47.0,µg/L,0.112,0,,
16018403502,2022-05-10T16:32:00,MERCURY,5.0,ng/L,0.0051,0,,
16018403502,2022-05-10T16:32:00,MOLYBDENUM,2.0,µg/L,0.0039,0,,
16018403502,2022-05-10T16:32:00,NICKEL,2.0,µg/L,0.008,0,,
16018403502,2022-05-10T16:32:00,NITRATE,3.36,mg/L,0.0309,0,,
16018403502,2022-05-10T16:32:00,NITROGEN; AMMONIA+AMMONIUM,0.05,mg/L,0.0099,0,,
16018403502,2022-05-10T16:32:00,NITROGEN; NITRATE+NITRITE,3.4,mg/L,0.0309,0,,
16018403502,2022-05-10T16:32:00,NITROGEN; NITRITE,0.034,mg/L,0.013,0,,
16018403502,2022-05-10T16:32:00,NITROGEN; TOTAL,4.38,mg/L,0.0103,0,,
16018403502,2022-05-10T16:32:00,PH,8.01,,0.0237,0,,
16018403502,2022-05-10T16:32:00,PHENOL,2.02,µg/L,0.0313,0,,
16018403502,2022-05-10T16:32:00,PHOSPHORUS; PHOSPHATE,0.018,mg/L,0.0067,0,,
16018403502,2022-05-10T16:32:00,PHOSPHORUS; TOTAL,73.1,µg/L,0.2496,0,,
16018403502,2022-05-10T16:32:00,POTASSIUM,3.51,mg/L,0.0143,0,,
16018403502,2022-05-10T16:32:00,SILVER,9.0,µg/L,0.0098,0,,
16018403502,2022-05-10T16:32:00,SODIUM,40.0,mg/L,0.1563,0,,
16018403502,2022-05-10T16:32:00,SOLIDS; DISSOLVED,471.0,mg/L,0.4454,0,,
16018403502,2022-05-10T16:32:00,SOLIDS; SUSPENDED,32.4,mg/L,0.1234,0,,
16018403502,2022-05-10T16:32:00,SOLIDS; TOTAL,504.0,mg/L,0.458,0,,
16018403502,2022-05-10T16:32:00,STRONTIUM,656.0,µg/L,0.6963,1,"rolling_mean_30, rolling_mean_7, rolling_mean_14","3.62, 3.60, 3.38"
16018403502,2022-05-10T16:32:00,TIN,9.0,µg/L,0.0117,0,,
16018403502,2022-05-10T16:32:00,TITANIUM,17.7,µg/L,0.1264,0,,
16018403502,2022-05-10T16:32:00,URANIUM,4.24,µg/L,0.0249,0,,
16018403502,2022-05-10T16:32:00,VANADIUM,1.34,µg/L,0.0174,0,,
16018403502,2022-05-10T16:32:00,ZINC,12.7,µg/L,0.0531,0,,
16018403502,2022-05-10T16:32:00,ZIRCONIUM,1.0,µg/L,0.0038,0,,
16018403502,2022-05-16T14:20:00,ALKALINITY,208.0,mg/L as CaCO3,0.3487,0,,
16018403502,2022-05-16T14:20:00,ALUMINUM,224.0,µg/L,0.7315,1,"rate_of_change, rolling_std_14, rolling_std_30","-12.35, 3.42, 2.83"
16018403502,2022-05-16T14:20:00,BARIUM,42.5,µg/L,0.0974,0,,
16018403502,2022-05-16T14:20:00,BERYLLIUM,0.1,µg/L,0.0289,0,,
16018403502,2022-05-16T14:20:00,BISMUTH,5.0,µg/L,0.0287,0,,
16018403502,2022-05-16T14:20:00,CADMIUM,0.9,µg/L,0.0305,0,,
16018403502,2022-05-16T14:20:00,CALCIUM,88.1,mg/L,0.2104,0,,
16018403502,2022-05-16T14:20:00,CHLORIDE,88.5,mg/L,0.2873,0,,
16018403502,2022-05-16T14:20:00,CHROMIUM,1.0,µg/L,0.0276,0,,
16018403502,2022-05-16T14:20:00,COBALT,1.0,µg/L,0.0363,0,,
16018403502,2022-05-16T14:20:00,CONDUCTIVITY,840.0,µS/cm,0.6829,1,"rolling_mean_7, rate_of_change, rolling_mean_30","4.11, 3.82, 3.75"
16018403502,2022-05-16T14:20:00,COPPER,1.1,µg/L,0.1048,0,,
16018403502,2022-05-16T14:20:00,HARDNESS,327.0,mg/L,0.4418,0,,
16018403502,2022-05-16T14:20:00,IRON,300.0,µg/L,0.6063,1,"rate_of_change, rolling_std_14, rolling_std_30","-6.02, 2.13, 1.77"
16018403502,2022-05-16T14:20:00,LEAD,7.0,µg/L,0.0314,0,,
16018403502,2022-05-16T14:20:00,LITHIUM,5.0,µg/L,0.0448,0,,
16018403502,2022-05-16T14:20:00,MAGNESIUM,26.1,mg/L,0.1111,0,,
16018403502,2022-05-16T14:20:00,MANGANESE,56.3,µg/L,0.2178,0,,
16018403502,2022-05-16T14:20:00,MERCURY,5.0,ng/L,0.0315,0,,
16018403502,2022-05-16T14:20:00,MOLYBDENUM,2.0,µg/L,0.0264,0,,
16018403502,2022-05-16T14:20:00,NICKEL,2.0,µg/L,0.0311,0,,
16018403502,2022-05-16T14:20:00,NITRATE,2.57,mg/L,0.0572,0,,
16018403502,2022-05-16T14:20:00,NITROGEN; AMMONIA+AMMONIUM,0.14,mg/L,0.1099,0,,
16018403502,2022-05-16T14:20:00,NITROGEN; NITRATE+NITRITE,2.61,mg/L,0.0572,0,,
16018403502,2022-05-16T14:20:00,NITROGEN; NITRITE,0.034,mg/L,0.0337,0,,
16018403502,2022-05-16T14:20:00,NITROGEN; TOTAL,3.63,mg/L,0.0588,0,,
16018403502,2022-05-16T14:20:00,PH,7.98,,0.0491,0,,
16018403502,2022-05-16T14:20:00,PHENOL,1.09,µg/L,0.0613,0,,
16018403502,2022-05-16T14:20:00,PHOSPHORUS; PHOSPHATE,0.018,mg/L,0.0287,0,,
16018403502,2022-05-16T14:20:00,PHOSPHORUS; TOTAL,74.6,µg/L,0.2242,0,,
16018403502,2022-05-16T14:20:00,POTASSIUM,3.1,mg/L,0.0608,0,,
16018403502,2022-05-16T14:20:00,SILVER,9.0,µg/L,0.0324,0,,
16018403502,2022-05-16T14:20:00,SODIUM,50.3,mg/L,0.2127,0,,
16018403502,2022-05-16T14:20:00,SOLIDS; SUSPENDED,34.0,mg/L,0.1334,0,,
16018403502,2022-05-16T14:20:00,STRONTIUM,925.0,µg/L,0.7385,1,"rate_of_change, rolling_mean_7, rolling_mean_30","8.92, 3.92, 3.64"
16018403502,2022-05-16T14:20:00,TIN,9.0,µg/L,0.036,0,,
16018403502,2022-05-16T14:20:00,TITANIUM,3.18,µg/L,0.2108,0,,
16018403502,2022-05-16T14:20:00,URANIUM,3.83,µg/L,0.0495,0,,
16018403502,2022-05-16T14:20:00,VANADIUM,0.76,µg/L,0.056,0,,
16018403502,2022-05-16T14:20:00,ZINC,29.2,µg/L,0.3101,0,,
16018403502,2022-05-16T14:20:00,ZIRCONIUM,1.0,µg/L,0.0269,0,,
16018403502,2022-06-14T12:45:00,ALKALINITY,197.0,mg/L as CaCO3,0.2525,0,,
16018403502,2022-06-14T12:45:00,ALUMINUM,517.0,µg/L,0.6713,1,"rolling_std_14, rolling_std_30, rate_of_change","3.41, 2.81, 1.99"
16018403502,2022-06-14T12:45:00,BARIUM,48.6,µg/L,0.108,0,,
16018403502,2022-06-14T12:45:00,BERYLLIUM,0.1,µg/L,0.0053,0,,
16018403502,2022-06-14T12:45:00,BISMUTH,5.0,µg/L,0.0056,0,,
16018403502,2022-06-14T12:45:00,CADMIUM,0.9,µg/L,0.003,0,,
16018403502,2022-06-14T12:45:00,CALCIUM,89.8,mg/L,0.1299,0,,
16018403502,2022-06-14T12:45:00,CHLORIDE,114.0,mg/L,0.2111,0,,
16018403502,2022-06-14T12:45:00,CHROMIUM,1.18,µg/L,0.0475,0,,
16018403502,2022-06-14T12:45:00,COBALT,1.0,µg/L,0.0106,0,,
16018403502,2022-06-14T12:45:00,CONDUCTIVITY,915.0,µS/cm,0.5973,1,"rolling_mean_7, rolling_mean_30, rolling_mean_14","3.90, 3.77, 3.70"
16018403502,2022-06-14T12:45:00,COPPER,1.14,µg/L,0.0438,0,,
16018403502,2022-06-14T12:45:00,HARDNESS,330.0,mg/L,0.3104,0,,
16018403502,2022-06-14T12:45:00,IRON,383.0,µg/L,0.4922,0,,
16018403502,2022-06-14T12:45:00,LEAD,7.0,µg/L,0.0083,0,,
16018403502,2022-06-14T12:45:00,LITHIUM,5.0,µg/L,0.0084,0,,
16018403502,2022-06-14T12:45:00,MAGNESIUM,25.6,mg/L,0.0531,0,,
16018403502,2022-06-14T12:45:00,MANGANESE,40.5,µg/L,0.1319,0,,
16018403502,2022-06-14T12:45:00,MERCURY,5.0,ng/L,0.0049,0,,
16018403502,2022-06-14T12:45:00,MOLYBDENUM,2.0,µg/L,0.0035,0,,
16018403502,2022-06-14T12:45:00,NICKEL,2.0,µg/L,0.0065,0,,
16018403502,2022-06-14T12:45:00,NITRATE,2.89,mg/L,0.0128,0,,
16018403502,2022-06-14T12:45:00,NITROGEN; AMMONIA+AMMONIUM,0.05,mg/L,0.011,0,,
16018403502,2022-06-14T12:45:00,NITROGEN; NITRATE+NITRITE,2.93,mg/L,0.0128,0,,
16018403502,2022-06-14T12:45:00,NITROGEN; NITRITE,0.044,mg/L,0.0216,0,,
16018403502,2022-06-14T12:45:00,NITROGEN; TOTAL,4.03,mg/L,0.0089,0,,
16018403502,2022-06-14T12:45:00,PH,7.99,,0.0214,0,,
16018403502,2022-06-14T12:45:00,PHENOL,1.42,µg/L,0.0155,0,,
16018403502,2022-06-14T12:45:00,PHOSPHORUS; PHOSPHATE,0.021,mg/L,0.0053,0,,
16018403502,2022-06-14T12:45:00,PHOSPHORUS; TOTAL,63.8,µg/L,0.2154,0,,
16018403502,2022-06-14T12:45:00,POTASSIUM,4.03,mg/L,0.0176,0,,
16018403502,2022-06-14T12:45:00,SILVER,9.0,µg/L,0.0109,0,,
16018403502,2022-06-14T12:45:00,SODIUM,68.9,mg/L,0.1585,0,,
16018403502,2022-06-14T12:45:00,SOLIDS; DISSOLVED,662.0,mg/L,0.5411,0,,
16018403502,2022-06-14T12:45:00,SOLIDS; SUSPENDED,24.2,mg/L,0.1183,0,,
16018403502,2022-06-14T12:45:00,SOLIDS; TOTAL,686.0,mg/L,0.5446,0,,
16018403502,2022-06-14T12:45:00,STRONTIUM,1010.0,µg/L,0.6454,1,"rolling_mean_7, rolling_mean_30, rolling_mean_14","3.85, 3.69, 3.49"
16018403502,2022-06-14T12:45:00,TIN,9.0,µg/L,0.0124,0,,
16018403502,2022-06-14T12:45:00,TITANIUM,16.6,µg/L,0.1121,0,,
16018403502,2022-06-14T12:45:00,URANIUM,4.17,µg/L,0.0139,0,,
16018403502,2022-06-14T12:45:00,VANADIUM,1.55,µg/L,0.0223,0,,
16018403502,2022-06-14T12:45:00,ZINC,11.9,µg/L,0.1125,0,,
16018403502,2022-06-14T12:45:00,ZIRCONIUM,1.0,µg/L,0.003,0,,
16018403502,2022-06-27T04:30:00,ALKALINITY,178.0,mg/L as CaCO3,0.2984,0,,
16018403502,2022-06-27T04:30:00,ALUMINUM,194.0,µg/L,0.6897,1,"rate_of_change, rolling_std_14, rolling_std_30","-4.99, 3.40, 2.77"
16018403502,2022-06-27T04:30:00,BARIUM,49.4,µg/L,0.1139,0,,
16018403502,2022-06-27T04:30:00,BERYLLIUM,0.1,µg/L,0.0151,0,,
16018403502,2022-06-27T04:30:00,BISMUTH,5.0,µg/L,0.015,0,,
16018403502,2022-06-27T04:30:00,CADMIUM,1.02,µg/L,0.1333,0,,
16018403502,2022-06-27T04:30:00,CALCIUM,88.2,mg/L,0.1429,0,,
16018403502,2022-06-27T04:30:00,CHLORIDE,116.0,mg/L,0.1749,0,,
16018403502,2022-06-27T04:30:00,CHROMIUM,1.0,µg/L,0.0199,0,,
16018403502,2022-06-27T04:30:00,COBALT,1.0,µg/L,0.0215,0,,
16018403502,2022-06-27T04:30:00,CONDUCTIVITY,926.0,µS/cm,0.5865,1,"rolling_mean_14, rolling_mean_30, rolling_mean_7","3.85, 3.79, 3.73"
16018403502,2022-06-27T04:30:00,COPPER,1.07,µg/L,0.0505,0,,
16018403502,2022-06-27T04:30:00,HARDNESS,336.0,mg/L,0.329,0,,
16018403502,2022-06-27T04:30:00,IRON,260.0,µg/L,0.5518,0,,
16018403502,2022-06-27T04:30:00,LEAD,7.0,µg/L,0.0178,0,,
16018403502,2022-06-27T04:30:00,LITHIUM,6.34,µg/L,0.0623,0,,
16018403502,2022-06-27T04:30:00,MAGNESIUM,28.1,mg/L,0.0832,0,,
16018403502,2022-06-27T04:30:00,MANGANESE,52.1,µg/L,0.1685,0,,
16018403502,2022-06-27T04:30:00,MERCURY,5.0,ng/L,0.0145,0,,
16018403502,2022-06-27T04:30:00,MOLYBDENUM,2.0,µg/L,0.0134,0,,
16018403502,2022-06-27T04:30:00,NICKEL,2.0,µg/L,0.0166,0,,
16018403502,2022-06-27T04:30:00,NITRATE,1.79,mg/L,0.042,0,,
16018403502,2022-06-27T04:30:00,NITROGEN; AMMONIA+AMMONIUM,0.08,mg/L,0.0267,0,,
16018403502,2022-06-27T04:30:00,NITROGEN; NITRATE+NITRITE,1.83,mg/L,0.0424,0,,
16018403502,2022-06-27T04:30:00,NITROGEN; NITRITE,0.04,mg/L,0.027,0,,
16018403502,2022-06-27T04:30:00,NITROGEN; TOTAL,2.9,mg/L,0.0386,0,,
16018403502,2022-06-27T04:30:00,PH,8.02,,0.0264,0,,
16018403502,2022-06-27T04:30:00,PHENOL,0.63,µg/L,0.0411,0,,
16018403502,2022-06-27T04:30:00,PHOSPHORUS; PHOSPHATE,0.015,mg/L,0.0172,0,,
16018403502,2022-06-27T04:30:00,PHOSPHORUS; TOTAL,129.0,µg/L,0.3389,0,,
16018403502,2022-06-27T04:30:00,POTASSIUM,3.91,mg/L,0.0219,0,,
16018403502,2022-06-27T04:30:00,SILVER,9.0,µg/L,0.02,0,,
16018403502,2022-06-27T04:30:00,SODIUM,67.2,mg/L,0.1299,0,,
16018403502,2022-06-27T04:30:00,SOLIDS; SUSPENDED,47.3,mg/L,0.2252,0,,
16018403502,2022-06-27T04:30:00,STRONTIUM,1280.0,µg/L,0.7653,1,"rate_of_change, rolling_mean_7, rolling_mean_14","4.18, 3.91, 3.85"
16018403502,2022-06-27T04:30:00,TIN,9.0,µg/L,0.0219,0,,
16018403502,2022-06-27T04:30:00,TITANIUM,3.29,µg/L,0.1261,0,,
16018403502,2022-06-27T04:30:00,URANIUM,3.77,µg/L,0.0232,0,,
16018403502,2022-06-27T04:30:00,VANADIUM,1.43,µg/L,0.0251,0,,
16018403502,2022-06-27T04:30:00,ZINC,13.2,µg/L,0.0727,0,,
16018403502,2022-06-27T04:30:00,ZIRCONIUM,1.0,µg/L,0.0139,0,,
16018403502,2022-07-12T12:41:00,ALKALINITY,160.0,mg/L as CaCO3,0.288,0,,
16018403502,2022-07-12T12:41:00,ALUMINUM,274.0,µg/L,0.5625,0,,
16018403502,2022-07-12T12:41:00,BARIUM,48.6,µg/L,0.1022,0,,
16018403502,2022-07-12T12:41:00,BERYLLIUM,0.1,µg/L,0.0101,0,,
16018403502,2022-07-12T12:41:00,BISMUTH,5.0,µg/L,0.0098,0,,
16018403502,2022-07-12T12:41:00,CADMIUM,0.9,µg/L,0.0155,0,,
16018403502,2022-07-12T12:41:00,CALCIUM,79.5,mg/L,0.1499,0,,
16018403502,2022-07-12T12:41:00,CHLORIDE,132.0,mg/L,0.2389,0,,
16018403502,2022-07-12T12:41:00,CHROMIUM,1.0,µg/L,0.0086,0,,
16018403502,2022-07-12T12:41:00,COBALT,1.0,µg/L,0.017,0,,
16018403502,2022-07-12T12:41:00,CONDUCTIVITY,961.0,µS/cm,0.5969,1,"rolling_mean_14, rolling_mean_7, rolling_mean_30","3.96, 3.83, 3.81"
16018403502,2022-07-12T12:41:00,COPPER,1.4,µg/L,0.0357,0,,
16018403502,2022-07-12T12:41:00,HARDNESS,316.0,mg/L,0.3398,0,,
16018403502,2022-07-12T12:41:00,IRON,399.0,µg/L,0.5566,0,,
16018403502,2022-07-12T12:41:00,LEAD,7.0,µg/L,0.0125,0,,
16018403502,2022-07-12T12:41:00,LITHIUM,9.92,µg/L,0.1653,0,,
16018403502,2022-07-12T12:41:00,MAGNESIUM,28.5,mg/L,0.0698,0,,
16018403502,2022-07-12T12:41:00,MANGANESE,55.8,µg/L,0.1325,0,,
16018403502,2022-07-12T12:41:00,MERCURY,5.0,ng/L,0.0095,0,,
16018403502,2022-07-12T12:41:00,MOLYBDENUM,2.0,µg/L,0.0082,0,,
16018403502,2022-07-12T12:41:00,NICKEL,2.0,µg/L,0.0122,0,,
16018403502,2022-07-12T12:41:00,NITRATE,1.48,mg/L,0.0321,0,,
16018403502,2022-07-12T12:41:00,NITROGEN; AMMONIA+AMMONIUM,0.07,mg/L,0.014,0,,
16018403502,2022-07-12T12:41:00,NITROGEN; NITRATE+NITRITE,1.52,mg/L,0.0323,0,,
16018403502,2022-07-12T12:41:00,NITROGEN; NITRITE,0.038,mg/L,0.0158,0,,
16018403502,2022-07-12T12:41:00,NITROGEN; TOTAL,2.4,mg/L,0.0424,0,,
16018403502,2022-07-12T12:41:00,PH,8.12,,0.0163,0,,
16018403502,2022-07-12T12:41:00,PHENOL,0.63,µg/L,0.0227,0,,
16018403502,2022-07-12T12:41:00,PHOSPHORUS; PHOSPHATE,0.033,mg/L,0.0163,0,,
16018403502,2022-07-12T12:41:00,PHOSPHORUS; TOTAL,103.0,µg/L,0.2428,0,,
16018403502,2022-07-12T12:41:00,POTASSIUM,4.33,mg/L,0.0286,0,,
16018403502,2022-07-12T12:41:00,SILVER,9.0,µg/L,0.0141,0,,
16018403502,2022-07-12T12:41:00,SODIUM,74.9,mg/L,0.1493,0,,
16018403502,2022-07-12T12:41:00,SOLIDS; SUSPENDED,45.4,mg/L,0.124,0,,
16018403502,2022-07-12T12:41:00,STRONTIUM,1340.0,µg/L,0.7552,1,"rolling_mean_7, rolling_mean_14, rolling_mean_30","4.36, 4.07, 3.88"
16018403502,2022-07-12T12:41:00,TIN,9.0,µg/L,0.016,0,,
16018403502,2022-07-12T12:41:00,TITANIUM,3.25,µg/L,0.0535,0,,
16018403502,2022-07-12T12:41:00,URANIUM,3.95,µg/L,0.0177,0,,
16018403502,2022-07-12T12:41:00,VANADIUM,1.38,µg/L,0.0176,0,,
16018403502,2022-07-12T12:41:00,ZINC,22.4,µg/L,0.1371,0,,
16018403502,2022-07-12T12:41:00,ZIRCONIUM,1.0,µg/L,0.0088,0,,
16018403502,2022-07-27T12:41:00,ALKALINITY,156.0,mg/L as CaCO3,0.2589,0,,
16018403502,2022-07-27T12:41:00,ALUMINUM,166.0,µg/L,0.5589,0,,
16018403502,2022-07-27T12:41:00,BARIUM,43.0,µg/L,0.1066,0,,
16018403502,2022-07-27T12:41:00,BERYLLIUM,0.1,µg/L,0.0101,0,,
16018403502,2022-07-27T12:41:00,BISMUTH,5.0,µg/L,0.0098,0,,
16018403502,2022-07-27T12:41:00,CADMIUM,0.9,µg/L,0.0089,0,,
16018403502,2022-07-27T12:41:00,CALCIUM,72.1,mg/L,0.1583,0,,
16018403502,2022-07-27T12:41:00,CHLORIDE,129.0,mg/L,0.1961,0,,
16018403502,2022-07-27T12:41:00,CHROMIUM,1.0,µg/L,0.0086,0,,
16018403502,2022-07-27T12:41:00,COBALT,1.0,µg/L,0.0187,0,,
16018403502,2022-07-27T12:41:00,CONDUCTIVITY,947.0,µS/cm,0.5985,1,"rolling_mean_14, rolling_mean_7, rolling_mean_30","4.01, 3.95, 3.83"
16018403502,2022-07-27T12:41:00,COPPER,1.0,µg/L,0.0459,0,,
16018403502,2022-07-27T12:41:00,HARDNESS,295.0,mg/L,0.3467,0,,
16018403502,2022-07-27T12:41:00,IRON,233.0,µg/L,0.5525,0,,
16018403502,2022-07-27T12:41:00,LEAD,7.0,µg/L,0.0125,0,,
16018403502,2022-07-27T12:41:00,LITHIUM,6.96,µg/L,0.0701,0,,
16018403502,2022-07-27T12:41:00,MAGNESIUM,27.8,mg/L,0.0644,0,,
16018403502,2022-07-27T12:41:00,MANGANESE,46.9,µg/L,0.1362,0,,
16018403502,2022-07-27T12:41:00,MERCURY,5.0,ng/L,0.0095,0,,
16018403502,2022-07-27T12:41:00,MOLYBDENUM,2.0,µg/L,0.0082,0,,
16018403502,2022-07-27T12:41:00,NICKEL,2.0,µg/L,0.011,0,,
16018403502,2022-07-27T12:41:00,NITRATE,1.45,mg/L,0.0332,0,,
16018403502,2022-07-27T12:41:00,NITROGEN; AMMONIA+AMMONIUM,0.07,mg/L,0.014,0,,
16018403502,2022-07-27T12:41:00,NITROGEN; NITRATE+NITRITE,1.49,mg/L,0.0319,0,,
16018403502,2022-07-27T12:41:00,NITROGEN; NITRITE,0.042,mg/L,0.0236,0,,
16018403502,2022-07-27T12:41:00,NITROGEN; TOTAL,3.88,mg/L,0.0273,0,,
16018403502,2022-07-27T12:41:00,PH,8.06,,0.0185,0,,
16018403502,2022-07-27T12:41:00,PHENOL,0.63,µg/L,0.0221,0,,
16018403502,2022-07-27T12:41:00,PHOSPHORUS; PHOSPHATE,0.014,mg/L,0.0127,0,,
16018403502,2022-07-27T12:41:00,PHOSPHORUS; TOTAL,76.9,µg/L,0.241,0,,
16018403502,2022-07-27T12:41:00,POTASSIUM,4.29,mg/L,0.0217,0,,
16018403502,2022-07-27T12:41:00,SILVER,9.0,µg/L,0.0141,0,,
16018403502,2022-07-27T12:41:00,SODIUM,74.8,mg/L,0.1376,0,,
16018403502,2022-07-27T12:41:00,SOLIDS; SUSPENDED,27.7,mg/L,0.1569,0,,
16018403502,2022-07-27T12:41:00,STRONTIUM,1350.0,µg/L,0.7407,1,"rolling_mean_7, rolling_mean_14, rolling_mean_30","4.87, 4.29, 3.97"
16018403502,2022-07-27T12:41:00,TIN,9.0,µg/L,0.016,0,,
16018403502,2022-07-27T12:41:00,TITANIUM,2.42,µg/L,0.0606,0,,
16018403502,2022-07-27T12:41:00,URANIUM,4.57,µg/L,0.0333,0,,
16018403502,2022-07-27T12:41:00,VANADIUM,1.01,µg/L,0.0144,0,,
16018403502,2022-07-27T12:41:00,ZINC,9.31,µg/L,0.1133,0,,
16018403502,2022-07-27T12:41:00,ZIRCONIUM,1.0,µg/L,0.0088,0,,
16018403502,2022-08-24T12:00:00,ALKALINITY,157.0,mg/L as CaCO3,0.2391,0,,
16018403502,2022-08-24T12:00:00,ALUMINUM,161.0,µg/L,0.4804,0,,
16018403502,2022-08-24T12:00:00,BARIUM,41.1,µg/L,0.0716,0,,
16018403502,2022-08-24T12:00:00,BERYLLIUM,0.1,µg/L,0.0028,0,,
16018403502,2022-08-24T12:00:00,BISMUTH,5.0,µg/L,0.0035,0,,
16018403502,2022-08-24T12:00:00,CADMIUM,0.9,µg/L,0.0006,0,,
16018403502,2022-08-24T12:00:00,CALCIUM,72.1,mg/L,0.1218,0,,
16018403502,2022-08-24T12:00:00,CHLORIDE,123.0,mg/L,0.176,0,,
16018403502,2022-08-24T12:00:00,CHROMIUM,1.0,µg/L,0.0003,0,,
16018403502,2022-08-24T12:00:00,COBALT,1.0,µg/L,0.0079,0,,
16018403502,2022-08-24T12:00:00,CONDUCTIVITY,876.0,µS/cm,0.5964,1,"rolling_mean_14, rolling_mean_7, rolling_mean_30","4.06, 3.97, 3.84"
16018403502,2022-08-24T12:00:00,COPPER,1.06,µg/L,0.0326,0,,
16018403502,2022-08-24T12:00:00,HARDNESS,294.0,mg/L,0.3114,0,,
16018403502,2022-08-24T12:00:00,IRON,256.0,µg/L,0.4109,0,,
16018403502,2022-08-24T12:00:00,LEAD,7.0,µg/L,0.0061,0,,
16018403502,2022-08-24T12:00:00,LITHIUM,6.52,µg/L,0.0186,0,,
16018403502,2022-08-24T12:00:00,MAGNESIUM,27.7,mg/L,0.0523,0,,
16018403502,2022-08-24T12:00:00,MANGANESE,44.9,µg/L,0.0964,0,,
16018403502,2022-08-24T12:00:00,MERCURY,5.0,ng/L,0.0024,0,,
16018403502,2022-08-24T12:00:00,MOLYBDENUM,2.0,µg/L,0.0013,0,,
16018403502,2022-08-24T12:00:00,NICKEL,2.0,µg/L,0.0034,0,,
16018403502,2022-08-24T12:00:00,NITRATE,1.1,mg/L,0.0301,0,,
16018403502,2022-08-24T12:00:00,NITROGEN; AMMONIA+AMMONIUM,0.06,mg/L,0.0032,0,,
16018403502,2022-08-24T12:00:00,NITROGEN; NITRATE+NITRITE,1.14,mg/L,0.0275,0,,
16018403502,2022-08-24T12:00:00,NITROGEN; NITRITE,0.03,mg/L,0.0038,0,,
16018403502,2022-08-24T12:00:00,NITROGEN; TOTAL,2.33,mg/L,0.0361,0,,
16018403502,2022-08-24T12:00:00,PH,8.12,,0.0099,0,,
16018403502,2022-08-24T12:00:00,PHENOL,0.63,µg/L,0.0138,0,,
16018403502,2022-08-24T12:00:00,PHOSPHORUS; PHOSPHATE,0.034,mg/L,0.0088,0,,
16018403502,2022-08-24T12:00:00,PHOSPHORUS; TOTAL,84.8,µg/L,0.1669,0,,
16018403502,2022-08-24T12:00:00,POTASSIUM,4.21,mg/L,0.0105,0,,
16018403502,2022-08-24T12:00:00,SILVER,9.0,µg/L,0.0087,0,,
16018403502,2022-08-24T12:00:00,SODIUM,73.1,mg/L,0.1303,0,,
16018403502,2022-08-24T12:00:00,SOLIDS; DISSOLVED,611.0,mg/L,0.5362,0,,
16018403502,2022-08-24T12:00:00,SOLIDS; SUSPENDED,25.3,mg/L,0.0898,0,,
16018403502,2022-08-24T12:00:00,SOLIDS; TOTAL,636.0,mg/L,0.5425,0,,
16018403502,2022-08-24T12:00:00,STRONTIUM,1060.0,µg/L,0.7775,1,"rolling_mean_7, rolling_mean_14, rolling_mean_30","4.99, 4.31, 4.00"
16018403502,2022-08-24T12:00:00,TIN,9.0,µg/L,0.0099,0,,
16018403502,2022-08-24T12:00:00,TITANIUM,2.43,µg/L,0.0459,0,,
16018403502,2022-08-24T12:00:00,URANIUM,4.87,µg/L,0.0259,0,,
16018403502,2022-08-24T12:00:00,VANADIUM,1.04,µg/L,0.0029,0,,
16018403502,2022-08-24T12:00:00,ZINC,12.0,µg/L,0.0614,0,,
16018403502,2022-08-24T12:00:00,ZIRCONIUM,1.0,µg/L,0.0006,0,,
16018403502,2022-09-15T13:20:00,ALKALINITY,171.0,mg/L as CaCO3,0.2553,0,,
16018403502,2022-09-15T13:20:00,ALUMINUM,163.0,µg/L,0.4715,0,,
16018403502,2022-09-15T13:20:00,BARIUM,43.2,µg/L,0.0767,0,,
16018403502,2022-09-15T13:20:00,BERYLLIUM,0.1,µg/L,0.0053,0,,
16018403502,2022-09-15T13:20:00,BISMUTH,5.0,µg/L,0.005,0,,
16018403502,2022-09-15T13:20:00,CADMIUM,0.9,µg/L,0.0034,0,,
16018403502,2022-09-15T13:20:00,CALCIUM,75.5,mg/L,0.1277,0,,
16018403502,2022-09-15T13:20:00,CHLORIDE,117.0,mg/L,0.1818,0,,
16018403502,2022-09-15T13:20:00,CHROMIUM,1.0,µg/L,0.0031,0,,
16018403502,2022-09-15T13:20:00,COBALT,1.0,µg/L,0.0113,0,,
16018403502,2022-09-15T13:20:00,CONDUCTIVITY,894.0,µS/cm,0.597,1,"rolling_mean_14, rolling_mean_7, rolling_mean_30","4.10, 4.09, 3.85"
16018403502,2022-09-15T13:20:00,COPPER,1.01,µg/L,0.0361,0,,
16018403502,2022-09-15T13:20:00,HARDNESS,295.0,mg/L,0.3152,0,,
16018403502,2022-09-15T13:20:00,IRON,258.0,µg/L,0.4141,0,,
16018403502,2022-09-15T13:20:00,LEAD,7.0,µg/L,0.0077,0,,
16018403502,2022-09-15T13:20:00,LITHIUM,5.0,µg/L,0.0245,0,,
16018403502,2022-09-15T13:20:00,MAGNESIUM,25.9,mg/L,0.0606,0,,
16018403502,2022-09-15T13:20:00,MANGANESE,35.8,µg/L,0.1101,0,,
16018403502,2022-09-15T13:20:00,MERCURY,5.0,ng/L,0.0047,0,,
16018403502,2022-09-15T13:20:00,MOLYBDENUM,2.0,µg/L,0.0034,0,,
16018403502,2022-09-15T13:20:00,NICKEL,2.0,µg/L,0.0062,0,,
16018403502,2022-09-15T13:20:00,NITRATE,1.58,mg/L,0.0248,0,,
16018403502,2022-09-15T13:20:00,NITROGEN; AMMONIA+AMMONIUM,0.06,mg/L,0.005,0,,
16018403502,2022-09-15T13:20:00,NITROGEN; NITRATE+NITRITE,1.61,mg/L,0.0245,0,,
16018403502,2022-09-15T13:20:00,NITROGEN; NITRITE,0.03,mg/L,0.0053,0,,
16018403502,2022-09-15T13:20:00,NITROGEN; TOTAL,2.34,mg/L,0.024,0,,
16018403502,2022-09-15T13:20:00,PH,8.25,,0.0188,0,,
16018403502,2022-09-15T13:20:00,PHENOL,0.63,µg/L,0.0166,0,,
16018403502,2022-09-15T13:20:00,PHOSPHORUS; PHOSPHATE,0.017,mg/L,0.0074,0,,
16018403502,2022-09-15T13:20:00,PHOSPHORUS; TOTAL,72.4,µg/L,0.1888,0,,
16018403502,2022-09-15T13:20:00,POTASSIUM,4.37,mg/L,0.0186,0,,
16018403502,2022-09-15T13:20:00,SILVER,9.0,µg/L,0.0093,0,,
16018403502,2022-09-15T13:20:00,SODIUM,69.2,mg/L,0.1265,0,,
16018403502,2022-09-15T13:20:00,SOLIDS; SUSPENDED,25.5,mg/L,0.0851,0,,
16018403502,2022-09-15T13:20:00,STRONTIUM,1060.0,µg/L,0.6994,1,"rolling_mean_7, rolling_mean_14, rolling_mean_30","5.28, 4.49, 4.04"
16018403502,2022-09-15T13:20:00,TIN,9.0,µg/L,0.0106,0,,
16018403502,2022-09-15T13:20:00,TITANIUM,2.56,µg/L,0.0444,0,,
16018403502,2022-09-15T13:20:00,URANIUM,6.73,µg/L,0.1088,0,,
16018403502,2022-09-15T13:20:00,VANADIUM,0.82,µg/L,0.0175,0,,
16018403502,2022-09-15T13:20:00,ZINC,11.2,µg/L,0.0541,0,,
16018403502,2022-09-15T13:20:00,ZIRCONIUM,1.0,µg/L,0.0034,0,,
16018403502,2022-09-26T11:02:00,ALKALINITY,168.0,mg/L as CaCO3,0.2572,0,,
16018403502,2022-09-26T11:02:00,ALUMINUM,300.0,µg/L,0.5941,1,"rolling_std_30, rate_of_change, rolling_std_14","2.57, 2.47, 1.60"
16018403502,2022-09-26T11:02:00,BARIUM,45.4,µg/L,0.098,0,,
16018403502,2022-09-26T11:02:00,BERYLLIUM,0.1,µg/L,0.0218,0,,
16018403502,2022-09-26T11:02:00,BISMUTH,5.0,µg/L,0.0227,0,,
16018403502,2022-09-26T11:02:00,CADMIUM,0.9,µg/L,0.0223,0,,
16018403502,2022-09-26T11:02:00,CALCIUM,78.3,mg/L,0.1387,0,,
16018403502,2022-09-26T11:02:00,CHLORIDE,121.0,mg/L,0.2122,0,,
16018403502,2022-09-26T11:02:00,CHROMIUM,1.0,µg/L,0.0219,0,,
16018403502,2022-09-26T11:02:00,COBALT,1.0,µg/L,0.027,0,,
16018403502,2022-09-26T11:02:00,CONDUCTIVITY,941.0,µS/cm,0.6398,1,"rolling_mean_14, rolling_mean_7, rolling_mean_30","4.19, 4.16, 3.86"
16018403502,2022-09-26T11:02:00,COPPER,1.34,µg/L,0.0478,0,,
16018403502,2022-09-26T11:02:00,HARDNESS,310.0,mg/L,0.353,0,,
16018403502,2022-09-26T11:02:00,IRON,536.0,µg/L,0.6397,1,"rate_of_change, delta, zscore","5.00, 1.87, 1.67"
16018403502,2022-09-26T11:02:00,LEAD,7.0,µg/L,0.0254,0,,
16018403502,2022-09-26T11:02:00,LITHIUM,6.53,µg/L,0.0611,0,,
16018403502,2022-09-26T11:02:00,MAGNESIUM,27.7,mg/L,0.0798,0,,
16018403502,2022-09-26T11:02:00,MANGANESE,52.8,µg/L,0.206,0,,
16018403502,2022-09-26T11:02:00,MERCURY,5.0,ng/L,0.0236,0,,
16018403502,2022-09-26T11:02:00,MOLYBDENUM,2.0,µg/L,0.0204,0,,
16018403502,2022-09-26T11:02:00,NICKEL,2.75,µg/L,0.0436,0,,
16018403502,2022-09-26T11:02:00,NITRATE,1.94,mg/L,0.0502,0,,
16018403502,2022-09-26T11:02:00,NITROGEN; AMMONIA+AMMONIUM,0.07,mg/L,0.0289,0,,
16018403502,2022-09-26T11:02:00,NITROGEN; NITRATE+NITRITE,1.96,mg/L,0.0502,0,,
16018403502,2022-09-26T11:02:00,NITROGEN; NITRITE,0.026,mg/L,0.0304,0,,
16018403502,2022-09-26T11:02:00,NITROGEN; TOTAL,2.52,mg/L,0.0454,0,,
16018403502,2022-09-26T11:02:00,PH,8.13,,0.0323,0,,
16018403502,2022-09-26T11:02:00,PHENOL,0.63,µg/L,0.0373,0,,
16018403502,2022-09-26T11:02:00,PHOSPHORUS; PHOSPHATE,0.02,mg/L,0.0226,0,,
16018403502,2022-09-26T11:02:00,PHOSPHORUS; TOTAL,76.1,µg/L,0.1775,0,,
16018403502,2022-09-26T11:02:00,POTASSIUM,4.58,mg/L,0.0527,0,,
16018403502,2022-09-26T11:02:00,SILVER,9.0,µg/L,0.0263,0,,
16018403502,2022-09-26T11:02:00,SODIUM,70.5,mg/L,0.134,0,,
16018403502,2022-09-26T11:02:00,SOLIDS; DISSOLVED,614.0,mg/L,0.4275,0,,
16018403502,2022-09-26T11:02:00,SOLIDS; SUSPENDED,39.8,mg/L,0.1816,0,,
16018403502,2022-09-26T11:02:00,SOLIDS; TOTAL,654.0,mg/L,0.4473,0,,
16018403502,2022-09-26T11:02:00,STRONTIUM,1280.0,µg/L,0.7872,1,"rolling_mean_7, rolling_mean_14, rolling_mean_30","5.53, 4.78, 4.10"
16018403502,2022-09-26T11:02:00,TIN,9.0,µg/L,0.0292,0,,
16018403502,2022-09-26T11:02:00,TITANIUM,3.29,µg/L,0.0658,0,,
16018403502,2022-09-26T11:02:00,URANIUM,10.0,µg/L,0.1783,0,,
16018403502,2022-09-26T11:02:00,VANADIUM,0.91,µg/L,0.027,0,,
16018403502,2022-09-26T11:02:00,ZINC,14.2,µg/L,0.0921,0,,
16018403502,2022-09-26T11:02:00,ZIRCONIUM,1.0,µg/L,0.0208,0,,
16018403502,2022-10-05T14:09:00,ALKALINITY,173.0,mg/L as CaCO3,0.2514,0,,
16018403502,2022-10-05T14:09:00,ALUMINUM,148.0,µg/L,0.5858,1,"rate_of_change, rolling_std_30, rolling_std_14","-3.25, 2.52, 1.52"
16018403502,2022-10-05T14:09:00,BARIUM,38.5,µg/L,0.1426,0,,
16018403502,2022-10-05T14:09:00,BERYLLIUM,0.1,µg/L,0.023,0,,
16018403502,2022-10-05T14:09:00,BISMUTH,5.0,µg/L,0.0238,0,,
16018403502,2022-10-05T14:09:00,CADMIUM,0.9,µg/L,0.0234,0,,
16018403502,2022-10-05T14:09:00,CALCIUM,77.4,mg/L,0.128,0,,
16018403502,2022-10-05T14:09:00,CHLORIDE,119.0,mg/L,0.2119,0,,
16018403502,2022-10-05T14:09:00,CHROMIUM,1.0,µg/L,0.0226,0,,
16018403502,2022-10-05T14:09:00,COBALT,1.0,µg/L,0.0281,0,,
16018403502,2022-10-05T14:09:00,CONDUCTIVITY,908.0,µS/cm,0.6216,1,"rolling_mean_7, rolling_mean_14, rolling_mean_30","4.16, 4.08, 3.88"
16018403502,2022-10-05T14:09:00,COPPER,1.05,µg/L,0.0528,0,,
16018403502,2022-10-05T14:09:00,HARDNESS,305.0,mg/L,0.3357,0,,
16018403502,2022-10-05T14:09:00,IRON,235.0,µg/L,0.6143,1,"rate_of_change, delta, rolling_std_30","-6.44, -2.02, 1.61"
16018403502,2022-10-05T14:09:00,LEAD,7.0,µg/L,0.0265,0,,
16018403502,2022-10-05T14:09:00,LITHIUM,5.0,µg/L,0.0525,0,,
16018403502,2022-10-05T14:09:00,MAGNESIUM,27.2,mg/L,0.0736,0,,
16018403502,2022-10-05T14:09:00,MANGANESE,23.3,µg/L,0.2783,0,,
16018403502,2022-10-05T14:09:00,MERCURY,5.0,ng/L,0.0256,0,,
16018403502,2022-10-05T14:09:00,MOLYBDENUM,2.0,µg/L,0.0216,0,,
16018403502,2022-10-05T14:09:00,NICKEL,2.0,µg/L,0.0416,0,,
16018403502,2022-10-05T14:09:00,NITRATE,2.33,mg/L,0.0417,0,,
16018403502,2022-10-05T14:09:00,NITROGEN; AMMONIA+AMMONIUM,0.05,mg/L,0.0275,0,,
16018403502,2022-10-05T14:09:00,NITROGEN; NITRATE+NITRITE,2.34,mg/L,0.0409,0,,
16018403502,2022-10-05T14:09:00,NITROGEN; NITRITE,0.015,mg/L,0.0556,0,,
16018403502,2022-10-05T14:09:00,NITROGEN; TOTAL,3.07,mg/L,0.0452,0,,
16018403502,2022-10-05T14:09:00,PH,8.22,,0.0379,0,,
16018403502,2022-10-05T14:09:00,PHENOL,0.63,µg/L,0.0371,0,,
16018403502,2022-10-05T14:09:00,PHOSPHORUS; PHOSPHATE,0.006,mg/L,0.037,0,,
16018403502,2022-10-05T14:09:00,PHOSPHORUS; TOTAL,41.7,µg/L,0.3152,0,,
16018403502,2022-10-05T14:09:00,POTASSIUM,4.43,mg/L,0.0445,0,,
16018403502,2022-10-05T14:09:00,SILVER,9.0,µg/L,0.0275,0,,
16018403502,2022-10-05T14:09:00,SODIUM,70.4,mg/L,0.1305,0,,
16018403502,2022-10-05T14:09:00,SOLIDS; SUSPENDED,16.7,mg/L,0.2435,0,,
16018403502,2022-10-05T14:09:00,STRONTIUM,1000.0,µg/L,0.789,1,"rate_of_change, rolling_mean_7, rolling_mean_14","-5.99, 5.52, 4.74"
16018403502,2022-10-05T14:09:00,TIN,9.0,µg/L,0.0304,0,,
16018403502,2022-10-05T14:09:00,TITANIUM,3.19,µg/L,0.0638,0,,
16018403502,2022-10-05T14:09:00,URANIUM,7.65,µg/L,0.1236,0,,
16018403502,2022-10-05T14:09:00,VANADIUM,0.5,µg/L,0.0579,0,,
16018403502,2022-10-05T14:09:00,ZINC,9.84,µg/L,0.105,0,,
16018403502,2022-10-05T14:09:00,ZIRCONIUM,1.0,µg/L,0.022,0,,
16018403502,2022-10-12T11:45:00,ALKALINITY,172.0,mg/L as CaCO3,0.2538,0,,
16018403502,2022-10-12T11:45:00,ALUMINUM,234.0,µg/L,0.575,0,,
16018403502,2022-10-12T11:45:00,BARIUM,39.7,µg/L,0.0905,0,,
16018403502,2022-10-12T11:45:00,BERYLLIUM,0.1,µg/L,0.0279,0,,
16018403502,2022-10-12T11:45:00,BISMUTH,5.0,µg/L,0.0287,0,,
16018403502,2022-10-12T11:45:00,CADMIUM,0.9,µg/L,0.0277,0,,
16018403502,2022-10-12T11:45:00,CALCIUM,86.6,mg/L,0.2035,0,,
16018403502,2022-10-12T11:45:00,CHLORIDE,114.0,mg/L,0.2251,0,,
16018403502,2022-10-12T11:45:00,CHROMIUM,1.18,µg/L,0.0795,0,,
16018403502,2022-10-12T11:45:00,COBALT,1.0,µg/L,0.0329,0,,
16018403502,2022-10-12T11:45:00,CONDUCTIVITY,912.0,µS/cm,0.6028,1,"rolling_mean_7, rolling_mean_14, rolling_mean_30","4.15, 3.99, 3.91"
16018403502,2022-10-12T11:45:00,COPPER,1.88,µg/L,0.0496,0,,
16018403502,2022-10-12T11:45:00,HARDNESS,329.0,mg/L,0.3901,0,,
16018403502,2022-10-12T11:45:00,IRON,389.0,µg/L,0.596,1,"rate_of_change, rolling_std_30, rolling_mean_14","4.38, 1.62, 1.21"
16018403502,2022-10-12T11:45:00,LEAD,7.0,µg/L,0.0314,0,,
16018403502,2022-10-12T11:45:00,LITHIUM,11.2,µg/L,0.2268,0,,
16018403502,2022-10-12T11:45:00,MAGNESIUM,27.3,mg/L,0.0758,0,,
16018403502,2022-10-12T11:45:00,MANGANESE,38.8,µg/L,0.2065,0,,
16018403502,2022-10-12T11:45:00,MERCURY,5.0,ng/L,0.0298,0,,
16018403502,2022-10-12T11:45:00,MOLYBDENUM,2.0,µg/L,0.0264,0,,
16018403502,2022-10-12T11:45:00,NICKEL,2.99,µg/L,0.0621,0,,
16018403502,2022-10-12T11:45:00,NITRATE,2.25,mg/L,0.0366,0,,
16018403502,2022-10-12T11:45:00,NITROGEN; AMMONIA+AMMONIUM,0.02,mg/L,0.0661,0,,
16018403502,2022-10-12T11:45:00,NITROGEN; NITRATE+NITRITE,2.26,mg/L,0.0369,0,,
16018403502,2022-10-12T11:45:00,NITROGEN; NITRITE,0.015,mg/L,0.0591,0,,
16018403502,2022-10-12T11:45:00,NITROGEN; TOTAL,3.02,mg/L,0.039,0,,
16018403502,2022-10-12T11:45:00,PH,8.12,,0.036,0,,
16018403502,2022-10-12T11:45:00,PHENOL,0.63,µg/L,0.0419,0,,
16018403502,2022-10-12T11:45:00,PHOSPHORUS; PHOSPHATE,0.011,mg/L,0.0354,0,,
16018403502,2022-10-12T11:45:00,PHOSPHORUS; TOTAL,55.9,µg/L,0.2576,0,,
16018403502,2022-10-12T11:45:00,POTASSIUM,4.37,mg/L,0.0412,0,,
16018403502,2022-10-12T11:45:00,SILVER,9.0,µg/L,0.0324,0,,
16018403502,2022-10-12T11:45:00,SODIUM,70.6,mg/L,0.1361,0,,
16018403502,2022-10-12T11:45:00,SOLIDS; SUSPENDED,31.1,mg/L,0.2087,0,,
16018403502,2022-10-12T11:45:00,STRONTIUM,1060.0,µg/L,0.7538,1,"rolling_mean_7, rolling_mean_14, rolling_mean_30","5.37, 4.69, 4.23"
16018403502,2022-10-12T11:45:00,TIN,9.0,µg/L,0.0353,0,,
16018403502,2022-10-12T11:45:00,TITANIUM,3.79,µg/L,0.0769,0,,
16018403502,2022-10-12T11:45:00,URANIUM,14.1,µg/L,0.2452,0,,
16018403502,2022-10-12T11:45:00,VANADIUM,0.5,µg/L,0.052,0,,
16018403502,2022-10-12T11:45:00,ZINC,15.5,µg/L,0.1349,0,,
16018403502,2022-10-12T11:45:00,ZIRCONIUM,1.0,µg/L,0.0269,0,,
16018403502,2022-11-15T11:55:00,ALKALINITY,191.0,mg/L as CaCO3,0.2372,0,,
16018403502,2022-11-15T11:55:00,ALUMINUM,255.0,µg/L,0.4417,0,,
16018403502,2022-11-15T11:55:00,BARIUM,41.0,µg/L,0.0636,0,,
16018403502,2022-11-15T11:55:00,BERYLLIUM,0.1,µg/L,0.0057,0,,
16018403502,2022-11-15T11:55:00,BISMUTH,5.0,µg/L,0.0073,0,,
16018403502,2022-11-15T11:55:00,CADMIUM,0.9,µg/L,0.0035,0,,
16018403502,2022-11-15T11:55:00,CALCIUM,89.7,mg/L,0.1247,0,,
16018403502,2022-11-15T11:55:00,CHLORIDE,119.0,mg/L,0.1848,0,,
16018403502,2022-11-15T11:55:00,CHROMIUM,1.13,µg/L,0.0276,0,,
16018403502,2022-11-15T11:55:00,COBALT,1.0,µg/L,0.0082,0,,
16018403502,2022-11-15T11:55:00,CONDUCTIVITY,964.0,µS/cm,0.5979,1,"rolling_mean_7, rolling_mean_14, rolling_mean_30","4.15, 4.04, 3.91"
16018403502,2022-11-15T11:55:00,COPPER,1.48,µg/L,0.0189,0,,
16018403502,2022-11-15T11:55:00,HARDNESS,336.0,mg/L,0.3068,0,,
16018403502,2022-11-15T11:55:00,IRON,301.0,µg/L,0.4465,0,,
16018403502,2022-11-15T11:55:00,LEAD,7.0,µg/L,0.01,0,,
16018403502,2022-11-15T11:55:00,LITHIUM,5.0,µg/L,0.0496,0,,
16018403502,2022-11-15T11:55:00,MAGNESIUM,27.2,mg/L,0.0486,0,,
16018403502,2022-11-15T11:55:00,MANGANESE,32.7,µg/L,0.0924,0,,
16018403502,2022-11-15T11:55:00,MERCURY,5.0,ng/L,0.0054,0,,
16018403502,2022-11-15T11:55:00,MOLYBDENUM,2.0,µg/L,0.0052,0,,
16018403502,2022-11-15T11:55:00,NICKEL,2.76,µg/L,0.0231,0,,
16018403502,2022-11-15T11:55:00,NITRATE,2.64,mg/L,0.0115,0,,
16018403502,2022-11-15T11:55:00,NITROGEN; AMMONIA+AMMONIUM,0.03,mg/L,0.0237,0,,
16018403502,2022-11-15T11:55:00,NITROGEN; NITRATE+NITRITE,2.66,mg/L,0.0115,0,,
16018403502,2022-11-15T11:55:00,NITROGEN; NITRITE,0.013,mg/L,0.037,0,,
16018403502,2022-11-15T11:55:00,NITROGEN; TOTAL,3.6,mg/L,0.011,0,,
16018403502,2022-11-15T11:55:00,PH,8.07,,0.0119,0,,
16018403502,2022-11-15T11:55:00,PHENOL,0.63,µg/L,0.0168,0,,
16018403502,2022-11-15T11:55:00,PHOSPHORUS; PHOSPHATE,0.022,mg/L,0.0061,0,,
16018403502,2022-11-15T11:55:00,PHOSPHORUS; TOTAL,58.2,µg/L,0.1566,0,,
16018403502,2022-11-15T11:55:00,POTASSIUM,4.81,mg/L,0.0391,0,,
16018403502,2022-11-15T11:55:00,SILVER,9.0,µg/L,0.0119,0,,
16018403502,2022-11-15T11:55:00,SODIUM,71.6,mg/L,0.1135,0,,
16018403502,2022-11-15T11:55:00,SOLIDS; DISSOLVED,617.0,mg/L,0.519,0,,
16018403502,2022-11-15T11:55:00,SOLIDS; SUSPENDED,19.7,mg/L,0.1123,0,,
16018403502,2022-11-15T11:55:00,SOLIDS; TOTAL,637.0,mg/L,0.5303,0,,
16018403502,2022-11-15T11:55:00,STRONTIUM,1260.0,µg/L,0.768,1,"rolling_mean_7, rolling_mean_14, rolling_mean_30","5.31, 4.89, 4.29"
16018403502,2022-11-15T11:55:00,TIN,9.0,µg/L,0.0119,0,,
16018403502,2022-11-15T11:55:00,TITANIUM,4.69,µg/L,0.0415,0,,
16018403502,2022-11-15T11:55:00,URANIUM,9.32,µg/L,0.0913,0,,
16018403502,2022-11-15T11:55:00,VANADIUM,0.5,µg/L,0.0212,0,,
16018403502,2022-11-15T11:55:00,ZINC,17.3,µg/L,0.0719,0,,
16018403502,2022-11-15T11:55:00,ZIRCONIUM,1.0,µg/L,0.0035,0,,
16018403502,2022-11-22T13:30:00,ALKALINITY,201.0,mg/L as CaCO3,0.2815,0,,
16018403502,2022-11-22T13:30:00,ALUMINUM,112.0,µg/L,0.59,1,"rate_of_change, rolling_std_30, rolling_std_14","-3.95, 2.54, 1.58"
16018403502,2022-11-22T13:30:00,BARIUM,40.5,µg/L,0.0885,0,,
16018403502,2022-11-22T13:30:00,BERYLLIUM,0.2,µg/L,0.1685,0,,
16018403502,2022-11-22T13:30:00,BISMUTH,10.0,µg/L,0.2356,0,,
16018403502,2022-11-22T13:30:00,CADMIUM,2.0,µg/L,0.1879,0,,
16018403502,2022-11-22T13:30:00,CALCIUM,94.8,mg/L,0.1729,0,,
16018403502,2022-11-22T13:30:00,CHLORIDE,133.0,mg/L,0.2817,0,,
16018403502,2022-11-22T13:30:00,CHROMIUM,2.0,µg/L,0.1829,0,,
16018403502,2022-11-22T13:30:00,COBALT,2.0,µg/L,0.1575,0,,
16018403502,2022-11-22T13:30:00,CONDUCTIVITY,1083.0,µS/cm,0.7039,1,"rolling_mean_7, rolling_mean_14, rolling_mean_30","4.25, 4.15, 3.93"
16018403502,2022-11-22T13:30:00,COPPER,2.61,µg/L,0.0529,0,,
16018403502,2022-11-22T13:30:00,HARDNESS,353.0,mg/L,0.3808,0,,
16018403502,2022-11-22T13:30:00,IRON,151.0,µg/L,0.5854,1,"rate_of_change, rolling_std_30, zscore","-4.15, 1.65, -1.35"
16018403502,2022-11-22T13:30:00,LEAD,14.0,µg/L,0.2544,0,,
16018403502,2022-11-22T13:30:00,LITHIUM,10.0,µg/L,0.1638,0,,
16018403502,2022-11-22T13:30:00,MAGNESIUM,28.2,mg/L,0.091,0,,
16018403502,2022-11-22T13:30:00,MANGANESE,18.0,µg/L,0.2278,0,,
16018403502,2022-11-22T13:30:00,MERCURY,5.0,ng/L,0.0275,0,,
16018403502,2022-11-22T13:30:00,MOLYBDENUM,4.0,µg/L,0.201,0,,
16018403502,2022-11-22T13:30:00,NICKEL,4.29,µg/L,0.1619,0,,
16018403502,2022-11-22T13:30:00,NITRATE,3.16,mg/L,0.0479,0,,
16018403502,2022-11-22T13:30:00,NITROGEN; AMMONIA+AMMONIUM,0.03,mg/L,0.0405,0,,
16018403502,2022-11-22T13:30:00,NITROGEN; NITRATE+NITRITE,3.17,mg/L,0.0479,0,,
16018403502,2022-11-22T13:30:00,NITROGEN; NITRITE,0.008,mg/L,0.0744,0,,
16018403502,2022-11-22T13:30:00,NITROGEN; TOTAL,3.84,mg/L,0.0359,0,,
16018403502,2022-11-22T13:30:00,PH,8.42,,0.0826,0,,
16018403502,2022-11-22T13:30:00,PHENOL,0.63,µg/L,0.0401,0,,
16018403502,2022-11-22T13:30:00,PHOSPHORUS; PHOSPHATE,0.011,mg/L,0.0331,0,,
16018403502,2022-11-22T13:30:00,PHOSPHORUS; TOTAL,26.1,µg/L,0.3254,0,,
16018403502,2022-11-22T13:30:00,POTASSIUM,4.58,mg/L,0.051,0,,
16018403502,2022-11-22T13:30:00,SILVER,18.0,µg/L,0.2735,0,,
16018403502,2022-11-22T13:30:00,SODIUM,79.5,mg/L,0.2006,0,,
16018403502,2022-11-22T13:30:00,SOLIDS; DISSOLVED,680.0,mg/L,0.5707,0,,
16018403502,2022-11-22T13:30:00,SOLIDS; SUSPENDED,6.84,mg/L,0.2169,0,,
16018403502,2022-11-22T13:30:00,SOLIDS; TOTAL,687.0,mg/L,0.555,0,,
16018403502,2022-11-22T13:30:00,STRONTIUM,1200.0,µg/L,0.7405,1,"rolling_mean_7, rolling_mean_14, rolling_mean_30","5.20, 5.09, 4.32"
16018403502,2022-11-22T13:30:00,TIN,18.0,µg/L,0.2735,0,,
16018403502,2022-11-22T13:30:00,TITANIUM,4.3,µg/L,0.0712,0,,
16018403502,2022-11-22T13:30:00,URANIUM,8.49,µg/L,0.0888,0,,
16018403502,2022-11-22T13:30:00,VANADIUM,1.0,µg/L,0.0415,0,,
16018403502,2022-11-22T13:30:00,ZINC,29.8,µg/L,0.2751,0,,
16018403502,2022-11-22T13:30:00,ZIRCONIUM,2.0,µg/L,0.1863,0,,
16018403502,2022-12-13T12:30:00,ALKALINITY,208.6,mg/L as CaCO3,0.2228,0,,
16018403502,2022-12-13T12:30:00,ALUMINUM,170.0,µg/L,0.4923,0,,
16018403502,2022-12-13T12:30:00,BARIUM,41.2,µg/L,0.068,0,,
16018403502,2022-12-13T12:30:00,BERYLLIUM,0.1,µg/L,0.0123,0,,
16018403502,2022-12-13T12:30:00,BISMUTH,5.0,µg/L,0.0452,0,,
16018403502,2022-12-13T12:30:00,CADMIUM,0.9,µg/L,0.0232,0,,
16018403502,2022-12-13T12:30:00,CALCIUM,94.1,mg/L,0.1203,0,,
16018403502,2022-12-13T12:30:00,CHLORIDE,145.0,mg/L,0.2245,0,,
16018403502,2022-12-13T12:30:00,CHROMIUM,1.0,µg/L,0.0193,0,,
16018403502,2022-12-13T12:30:00,COBALT,1.0,µg/L,0.0199,0,,
16018403502,2022-12-13T12:30:00,CONDUCTIVITY,1097.0,µS/cm,0.6177,1,"rolling_mean_7, rolling_mean_14, rolling_mean_30","4.40, 4.23, 3.95"
16018403502,2022-12-13T12:30:00,COPPER,1.38,µg/L,0.0296,0,,
16018403502,2022-12-13T12:30:00,HARDNESS,350.0,mg/L,0.3183,0,,
16018403502,2022-12-13T12:30:00,IRON,152.0,µg/L,0.4567,0,,
16018403502,2022-12-13T12:30:00,LEAD,7.0,µg/L,0.0549,0,,
16018403502,2022-12-13T12:30:00,LITHIUM,5.0,µg/L,0.0571,0,,
16018403502,2022-12-13T12:30:00,MAGNESIUM,27.9,mg/L,0.0531,0,,
16018403502,2022-12-13T12:30:00,MANGANESE,13.2,µg/L,0.1441,0,,
16018403502,2022-12-13T12:30:00,MERCURY,5.0,ng/L,0.0053,0,,
16018403502,2022-12-13T12:30:00,MOLYBDENUM,2.0,µg/L,0.028,0,,
16018403502,2022-12-13T12:30:00,NICKEL,2.0,µg/L,0.0346,0,,
16018403502,2022-12-13T12:30:00,NITRATE,4.22,mg/L,0.0288,0,,
16018403502,2022-12-13T12:30:00,NITROGEN; AMMONIA+AMMONIUM,0.02,mg/L,0.0332,0,,
16018403502,2022-12-13T12:30:00,NITROGEN; NITRATE+NITRITE,4.23,mg/L,0.0288,0,,
16018403502,2022-12-13T12:30:00,NITROGEN; NITRITE,0.011,mg/L,0.0342,0,,
16018403502,2022-12-13T12:30:00,NITROGEN; TOTAL,5.04,mg/L,0.0245,0,,
16018403502,2022-12-13T12:30:00,PH,8.12,,0.0151,0,,
16018403502,2022-12-13T12:30:00,PHENOL,0.63,µg/L,0.0172,0,,
16018403502,2022-12-13T12:30:00,PHOSPHORUS; PHOSPHATE,0.007,mg/L,0.0192,0,,
16018403502,2022-12-13T12:30:00,PHOSPHORUS; TOTAL,24.5,µg/L,0.1807,0,,
16018403502,2022-12-13T12:30:00,POTASSIUM,4.36,mg/L,0.0143,0,,
16018403502,2022-12-13T12:30:00,SILVER,9.0,µg/L,0.0714,0,,
16018403502,2022-12-13T12:30:00,SODIUM,87.3,mg/L,0.1566,0,,
16018403502,2022-12-13T12:30:00,SOLIDS; SUSPENDED,6.03,mg/L,0.1166,0,,
16018403502,2022-12-13T12:30:00,STRONTIUM,1170.0,µg/L,0.7099,1,"rolling_mean_7, rolling_mean_14, rolling_mean_30","5.28, 5.19, 4.34"
16018403502,2022-12-13T12:30:00,TIN,9.0,µg/L,0.0714,0,,
16018403502,2022-12-13T12:30:00,TITANIUM,5.27,µg/L,0.047,0,,
16018403502,2022-12-13T12:30:00,URANIUM,4.1,µg/L,0.0497,0,,
16018403502,2022-12-13T12:30:00,VANADIUM,0.5,µg/L,0.0204,0,,
16018403502,2022-12-13T12:30:00,ZINC,12.7,µg/L,0.1167,0,,
16018403502,2022-12-13T12:30:00,ZIRCONIUM,1.0,µg/L,0.0193,0,,
16018403502,2023-02-07T13:03:00,ALKALINITY,225.6,mg/L as CaCO3,0.328,0,,
16018403502,2023-02-07T13:03:00,ALUMINUM,101.0,µg/L,0.5283,0,,
16018403502,2023-02-07T13:03:00,BARIUM,43.8,µg/L,0.1521,0,,
16018403502,2023-02-07T13:03:00,BERYLLIUM,0.2,µg/L,0.19,0,,
16018403502,2023-02-07T13:03:00,BISMUTH,10.0,µg/L,0.2222,0,,
16018403502,2023-02-07T13:03:00,CADMIUM,2.0,µg/L,0.1905,0,,
16018403502,2023-02-07T13:03:00,CALCIUM,114.0,mg/L,0.2888,0,,
16018403502,2023-02-07T13:03:00,CHLORIDE,197.0,mg/L,0.4012,0,,
16018403502,2023-02-07T13:03:00,CHROMIUM,2.0,µg/L,0.1794,0,,
16018403502,2023-02-07T13:03:00,COBALT,2.0,µg/L,0.1559,0,,
16018403502,2023-02-07T13:03:00,CONDUCTIVITY,1341.0,µS/cm,0.7748,1,"rolling_mean_7, rolling_mean_14, rolling_mean_30","4.72, 4.46, 4.02"
16018403502,2023-02-07T13:03:00,COPPER,3.97,µg/L,0.1194,0,,
16018403502,2023-02-07T13:03:00,HARDNESS,405.0,mg/L,0.4774,0,,
16018403502,2023-02-07T13:03:00,IRON,158.0,µg/L,0.5179,0,,
16018403502,2023-02-07T13:03:00,LEAD,14.0,µg/L,0.2279,0,,
16018403502,2023-02-07T13:03:00,LITHIUM,10.0,µg/L,0.1469,0,,
16018403502,2023-02-07T13:03:00,MAGNESIUM,29.3,mg/L,0.1281,0,,
16018403502,2023-02-07T13:03:00,MANGANESE,17.8,µg/L,0.1988,0,,
16018403502,2023-02-07T13:03:00,MERCURY,5.0,ng/L,0.0646,0,,
16018403502,2023-02-07T13:03:00,MOLYBDENUM,4.0,µg/L,0.2033,0,,
16018403502,2023-02-07T13:03:00,NICKEL,4.0,µg/L,0.1757,0,,
16018403502,2023-02-07T13:03:00,NITRATE,5.94,mg/L,0.1112,0,,
16018403502,2023-02-07T13:03:00,NITROGEN; AMMONIA+AMMONIUM,0.07,mg/L,0.0709,0,,
16018403502,2023-02-07T13:03:00,NITROGEN; NITRATE+NITRITE,6.01,mg/L,0.1112,0,,
16018403502,2023-02-07T13:03:00,NITROGEN; NITRITE,0.07,mg/L,0.1528,0,,
16018403502,2023-02-07T13:03:00,NITROGEN; TOTAL,6.6,mg/L,0.1061,0,,
16018403502,2023-02-07T13:03:00,PH,8.16,,0.0756,0,,
16018403502,2023-02-07T13:03:00,PHENOL,0.63,µg/L,0.0746,0,,
16018403502,2023-02-07T13:03:00,PHOSPHORUS; PHOSPHATE,0.015,mg/L,0.065,0,,
16018403502,2023-02-07T13:03:00,PHOSPHORUS; TOTAL,30.6,µg/L,0.2547,0,,
16018403502,2023-02-07T13:03:00,POTASSIUM,3.89,mg/L,0.0695,0,,
16018403502,2023-02-07T13:03:00,SILVER,18.0,µg/L,0.241,0,,
16018403502,2023-02-07T13:03:00,SODIUM,110.0,mg/L,0.2971,0,,
16018403502,2023-02-07T13:03:00,SOLIDS; SUSPENDED,3.33,mg/L,0.2034,0,,
16018403502,2023-02-07T13:03:00,STRONTIUM,1290.0,µg/L,0.7707,1,"rolling_mean_7, rolling_mean_14, rolling_mean_30","5.45, 5.42, 4.38"
16018403502,2023-02-07T13:03:00,TIN,18.0,µg/L,0.241,0,,
16018403502,2023-02-07T13:03:00,TITANIUM,2.43,µg/L,0.1147,0,,
16018403502,2023-02-07T13:03:00,URANIUM,6.0,µg/L,0.0884,0,,
16018403502,2023-02-07T13:03:00,VANADIUM,1.0,µg/L,0.0657,0,,
16018403502,2023-02-07T13:03:00,ZINC,12.8,µg/L,0.1129,0,,
16018403502,2023-02-22T13:20:00,ALKALINITY,173.9,mg/L as CaCO3,0.3379,0,,
16018403502,2023-02-22T13:20:00,ALUMINUM,288.0,µg/L,0.5855,1,"rolling_std_30, rate_of_change, delta","2.58, 2.45, 1.26"
16018403502,2023-02-22T13:20:00,BARIUM,29.0,µg/L,0.2016,0,,
16018403502,2023-02-22T13:20:00,BERYLLIUM,0.1,µg/L,0.0186,0,,
16018403502,2023-02-22T13:20:00,BISMUTH,5.0,µg/L,0.0526,0,,
16018403502,2023-02-22T13:20:00,CADMIUM,0.9,µg/L,0.0271,0,,
16018403502,2023-02-22T13:20:00,CALCIUM,73.5,mg/L,0.2688,0,,
16018403502,2023-02-22T13:20:00,CHLORIDE,79.7,mg/L,0.3666,0,,
16018403502,2023-02-22T13:20:00,CHROMIUM,1.0,µg/L,0.0268,0,,
16018403502,2023-02-22T13:20:00,COBALT,1.0,µg/L,0.0293,0,,
16018403502,2023-02-22T13:20:00,CONDUCTIVITY,760.0,µS/cm,0.7695,1,"rate_of_change, rolling_mean_7, rolling_mean_14","-7.57, 4.59, 4.43"
16018403502,2023-02-22T13:20:00,COPPER,3.68,µg/L,0.0568,0,,
16018403502,2023-02-22T13:20:00,HARDNESS,265.0,mg/L,0.4711,0,,
16018403502,2023-02-22T13:20:00,IRON,279.0,µg/L,0.5224,0,,
16018403502,2023-02-22T13:20:00,LEAD,7.0,µg/L,0.0715,0,,
16018403502,2023-02-22T13:20:00,LITHIUM,5.0,µg/L,0.0698,0,,
16018403502,2023-02-22T13:20:00,MAGNESIUM,19.7,mg/L,0.1576,0,,
16018403502,2023-02-22T13:20:00,MANGANESE,18.6,µg/L,0.1121,0,,
16018403502,2023-02-22T13:20:00,MERCURY,5.0,ng/L,0.0096,0,,
16018403502,2023-02-22T13:20:00,MOLYBDENUM,2.0,µg/L,0.0391,0,,
16018403502,2023-02-22T13:20:00,NICKEL,2.0,µg/L,0.0375,0,,
16018403502,2023-02-22T13:20:00,NITRATE,6.99,mg/L,0.0783,0,,
16018403502,2023-02-22T13:20:00,NITROGEN; AMMONIA+AMMONIUM,0.09,mg/L,0.0349,0,,
16018403502,2023-02-22T13:20:00,NITROGEN; NITRATE+NITRITE,7.02,mg/L,0.078,0,,
16018403502,2023-02-22T13:20:00,NITROGEN; NITRITE,0.034,mg/L,0.0191,0,,
16018403502,2023-02-22T13:20:00,NITROGEN; TOTAL,7.96,mg/L,0.0823,0,,
16018403502,2023-02-22T13:20:00,PH,8.09,,0.0189,0,,
16018403502,2023-02-22T13:20:00,PHENOL,0.63,µg/L,0.0216,0,,
16018403502,2023-02-22T13:20:00,PHOSPHORUS; PHOSPHATE,0.049,mg/L,0.0279,0,,
16018403502,2023-02-22T13:20:00,PHOSPHORUS; TOTAL,84.2,µg/L,0.2835,0,,
16018403502,2023-02-22T13:20:00,POTASSIUM,2.82,mg/L,0.0892,0,,
16018403502,2023-02-22T13:20:00,SILVER,9.0,µg/L,0.0856,0,,
16018403502,2023-02-22T13:20:00,SOLIDS; SUSPENDED,16.8,mg/L,0.1508,0,,
16018403502,2023-02-22T13:20:00,STRONTIUM,502.0,µg/L,0.862,1,"rate_of_change, delta, rolling_mean_14","-10.27, -5.29, 5.27"
16018403502,2023-02-22T13:20:00,TIN,9.0,µg/L,0.0856,0,,
16018403502,2023-02-22T13:20:00,TITANIUM,5.6,µg/L,0.0582,0,,
16018403502,2023-02-22T13:20:00,URANIUM,3.0,µg/L,0.0601,0,,
16018403502,2023-02-22T13:20:00,VANADIUM,0.67,µg/L,0.0236,0,,
16018403502,2023-02-22T13:20:00,ZINC,8.77,µg/L,0.0941,0,,
16018403502,2023-03-22T13:45:00,ALKALINITY,147.5,mg/L as CaCO3,0.262,0,,
16018403502,2023-03-22T13:45:00,ALUMINUM,593.0,µg/L,0.6433,1,"rolling_std_30, rate_of_change, delta","2.68, 2.14, 2.05"
16018403502,2023-03-22T13:45:00,BARIUM,31.2,µg/L,0.114,0,,
16018403502,2023-03-22T13:45:00,BERYLLIUM,0.1,µg/L,0.0031,0,,
16018403502,2023-03-22T13:45:00,BISMUTH,5.0,µg/L,0.0056,0,,
16018403502,2023-03-22T13:45:00,CADMIUM,0.9,µg/L,0.0018,0,,
16018403502,2023-03-22T13:45:00,CALCIUM,65.4,mg/L,0.1483,0,,
16018403502,2023-03-22T13:45:00,CHLORIDE,63.0,mg/L,0.2191,0,,
16018403502,2023-03-22T13:45:00,CHROMIUM,1.09,µg/L,0.0005,0,,
16018403502,2023-03-22T13:45:00,COBALT,1.0,µg/L,0.0011,0,,
16018403502,2023-03-22T13:45:00,CONDUCTIVITY,626.0,µS/cm,0.6831,1,"rolling_mean_7, rolling_mean_14, rolling_mean_30","4.39, 4.32, 3.98"
16018403502,2023-03-22T13:45:00,COPPER,3.71,µg/L,0.0399,0,,
16018403502,2023-03-22T13:45:00,HARDNESS,234.0,mg/L,0.3753,0,,
16018403502,2023-03-22T13:45:00,IRON,403.0,µg/L,0.4927,0,,
16018403502,2023-03-22T13:45:00,LEAD,7.0,µg/L,0.0178,0,,
16018403502,2023-03-22T13:45:00,LITHIUM,5.0,µg/L,0.0243,0,,
16018403502,2023-03-22T13:45:00,MAGNESIUM,17.2,mg/L,0.133,0,,
16018403502,2023-03-22T13:45:00,MANGANESE,19.1,µg/L,0.0909,0,,
16018403502,2023-03-22T13:45:00,MERCURY,5.0,ng/L,0.0025,0,,
16018403502,2023-03-22T13:45:00,MOLYBDENUM,2.0,µg/L,0.0058,0,,
16018403502,2023-03-22T13:45:00,NICKEL,2.0,µg/L,0.0052,0,,
16018403502,2023-03-22T13:45:00,NITRATE,6.15,mg/L,0.0565,0,,
16018403502,2023-03-22T13:45:00,NITROGEN; AMMONIA+AMMONIUM,0.13,mg/L,0.0631,0,,
16018403502,2023-03-22T13:45:00,NITROGEN; NITRATE+NITRITE,6.18,mg/L,0.0565,0,,
16018403502,2023-03-22T13:45:00,NITROGEN; NITRITE,0.037,mg/L,0.0097,0,,
16018403502,2023-03-22T13:45:00,NITROGEN; TOTAL,7.0,mg/L,0.0501,0,,
16018403502,2023-03-22T13:45:00,PH,8.06,,0.0105,0,,
16018403502,2023-03-22T13:45:00,PHENOL,0.63,µg/L,0.0127,0,,
16018403502,2023-03-22T13:45:00,PHOSPHORUS; PHOSPHATE,0.048,mg/L,0.012,0,,
16018403502,2023-03-22T13:45:00,PHOSPHORUS; TOTAL,89.6,µg/L,0.162,0,,
16018403502,2023-03-22T13:45:00,POTASSIUM,3.13,mg/L,0.0352,0,,
16018403502,2023-03-22T13:45:00,SILVER,9.0,µg/L,0.0292,0,,
16018403502,2023-03-22T13:45:00,SODIUM,38.5,mg/L,0.3337,0,,
16018403502,2023-03-22T13:45:00,SOLIDS; SUSPENDED,22.0,mg/L,0.0866,0,,
16018403502,2023-03-22T13:45:00,STRONTIUM,438.0,µg/L,0.7758,1,"rolling_mean_14, rolling_mean_7, rolling_mean_30","5.06, 4.49, 4.24"
16018403502,2023-03-22T13:45:00,TIN,9.0,µg/L,0.0292,0,,
16018403502,2023-03-22T13:45:00,TITANIUM,12.4,µg/L,0.0706,0,,
16018403502,2023-03-22T13:45:00,URANIUM,3.0,µg/L,0.0298,0,,
16018403502,2023-03-22T13:45:00,VANADIUM,1.03,µg/L,0.0043,0,,
16018403502,2023-03-22T13:45:00,ZINC,13.0,µg/L,0.0674,0,,
16018403502,2023-04-03T11:57:00,ALKALINITY,134.1,mg/L as CaCO3,0.2891,0,,
16018403502,2023-04-03T11:57:00,ALUMINUM,1250.0,µg/L,0.827,1,"rate_of_change, rolling_std_7, delta","10.79, 4.53, 4.41"
16018403502,2023-04-03T11:57:00,BARIUM,50.0,µg/L,0.2031,0,,
16018403502,2023-04-03T11:57:00,BERYLLIUM,0.27,µg/L,0.1509,0,,
16018403502,2023-04-03T11:57:00,BISMUTH,5.0,µg/L,0.0246,0,,
16018403502,2023-04-03T11:57:00,CADMIUM,0.9,µg/L,0.023,0,,
16018403502,2023-04-03T11:57:00,CALCIUM,69.3,mg/L,0.1608,0,,
16018403502,2023-04-03T11:57:00,CHLORIDE,34.4,mg/L,0.3413,0,,
16018403502,2023-04-03T11:57:00,CHROMIUM,1.73,µg/L,0.0834,0,,
16018403502,2023-04-03T11:57:00,COBALT,1.0,µg/L,0.0205,0,,
16018403502,2023-04-03T11:57:00,CONDUCTIVITY,462.0,µS/cm,0.7559,1,"rolling_mean_14, rolling_mean_7, rolling_mean_30","4.16, 4.07, 3.91"
16018403502,2023-04-03T11:57:00,COPPER,6.29,µg/L,0.1464,0,,
16018403502,2023-04-03T11:57:00,HARDNESS,239.0,mg/L,0.3924,0,,
16018403502,2023-04-03T11:57:00,IRON,1360.0,µg/L,0.8517,1,"rate_of_change, delta, rolling_std_7","15.72, 6.42, 4.78"
16018403502,2023-04-03T11:57:00,LEAD,7.0,µg/L,0.0354,0,,
16018403502,2023-04-03T11:57:00,LITHIUM,5.0,µg/L,0.0433,0,,
16018403502,2023-04-03T11:57:00,MAGNESIUM,16.1,mg/L,0.1543,0,,
16018403502,2023-04-03T11:57:00,MANGANESE,171.0,µg/L,0.5392,0,,
16018403502,2023-04-03T11:57:00,MERCURY,19.0,ng/L,0.267,0,,
16018403502,2023-04-03T11:57:00,MOLYBDENUM,2.0,µg/L,0.0268,0,,
16018403502,2023-04-03T11:57:00,NICKEL,2.0,µg/L,0.0255,0,,
16018403502,2023-04-03T11:57:00,NITRATE,4.41,mg/L,0.0605,0,,
16018403502,2023-04-03T11:57:00,NITROGEN; AMMONIA+AMMONIUM,0.31,mg/L,0.1564,0,,
16018403502,2023-04-03T11:57:00,NITROGEN; NITRATE+NITRITE,4.5,mg/L,0.0592,0,,
16018403502,2023-04-03T11:57:00,NITROGEN; NITRITE,0.085,mg/L,0.1238,0,,
16018403502,2023-04-03T11:57:00,NITROGEN; TOTAL,5.64,mg/L,0.0481,0,,
16018403502,2023-04-03T11:57:00,PH,8.1,,0.0313,0,,
16018403502,2023-04-03T11:57:00,PHENOL,0.73,µg/L,0.0284,0,,
16018403502,2023-04-03T11:57:00,PHOSPHORUS; PHOSPHATE,0.166,mg/L,0.1354,0,,
16018403502,2023-04-03T11:57:00,PHOSPHORUS; TOTAL,403.0,µg/L,0.6675,1,"rate_of_change, zscore, delta","5.15, 4.54, 2.10"
16018403502,2023-04-03T11:57:00,POTASSIUM,3.32,mg/L,0.0427,0,,
16018403502,2023-04-03T11:57:00,SILVER,9.0,µg/L,0.046,0,,
16018403502,2023-04-03T11:57:00,SODIUM,22.1,mg/L,0.2341,0,,
16018403502,2023-04-03T11:57:00,SOLIDS; SUSPENDED,282.0,mg/L,0.642,1,"zscore, rate_of_change, delta","5.63, 4.28, 1.75"
16018403502,2023-04-03T11:57:00,STRONTIUM,276.0,µg/L,0.8341,1,"rolling_std_7, rolling_mean_14, rolling_std_14","4.95, 4.70, 4.54"
16018403502,2023-04-03T11:57:00,TIN,9.0,µg/L,0.046,0,,
16018403502,2023-04-03T11:57:00,TITANIUM,6.35,µg/L,0.0923,0,,
16018403502,2023-04-03T11:57:00,URANIUM,3.0,µg/L,0.0503,0,,
16018403502,2023-04-03T11:57:00,VANADIUM,2.88,µg/L,0.1438,0,,
16018403502,2023-04-03T11:57:00,ZINC,30.1,µg/L,0.2552,0,,
16018403502,2023-04-19T13:25:00,ALKALINITY,203.4,mg/L as CaCO3,0.3349,0,,
16018403502,2023-04-19T13:25:00,ALUMINUM,272.0,µg/L,0.7847,1,"rate_of_change, delta, rolling_std_7","-11.91, -6.56, 4.52"
16018403502,2023-04-19T13:25:00,BARIUM,46.4,µg/L,0.1134,0,,
16018403502,2023-04-19T13:25:00,BERYLLIUM,0.11,µg/L,0.0173,0,,
16018403502,2023-04-19T13:25:00,BISMUTH,5.0,µg/L,0.0121,0,,
16018403502,2023-04-19T13:25:00,CADMIUM,1.17,µg/L,0.0186,0,,
16018403502,2023-04-19T13:25:00,CALCIUM,95.7,mg/L,0.2062,0,,
16018403502,2023-04-19T13:25:00,CHLORIDE,90.4,mg/L,0.3034,0,,
16018403502,2023-04-19T13:25:00,CHROMIUM,1.0,µg/L,0.0242,0,,
16018403502,2023-04-19T13:25:00,COBALT,1.0,µg/L,0.0074,0,,
16018403502,2023-04-19T13:25:00,CONDUCTIVITY,874.0,µS/cm,0.7778,1,"rate_of_change, rolling_mean_14, rolling_mean_7","5.03, 4.13, 4.01"
16018403502,2023-04-19T13:25:00,COPPER,2.41,µg/L,0.0576,0,,
16018403502,2023-04-19T13:25:00,HARDNESS,344.0,mg/L,0.4671,0,,
16018403502,2023-04-19T13:25:00,IRON,356.0,µg/L,0.7816,1,"rate_of_change, delta, rolling_std_7","-12.23, -6.73, 4.76"
16018403502,2023-04-19T13:25:00,LEAD,7.0,µg/L,0.0236,0,,
16018403502,2023-04-19T13:25:00,LITHIUM,5.0,µg/L,0.027,0,,
16018403502,2023-04-19T13:25:00,MAGNESIUM,25.6,mg/L,0.1,0,,
16018403502,2023-04-19T13:25:00,MANGANESE,49.6,µg/L,0.3709,0,,
16018403502,2023-04-19T13:25:00,MERCURY,5.0,ng/L,0.0988,0,,
16018403502,2023-04-19T13:25:00,MOLYBDENUM,2.0,µg/L,0.0142,0,,
16018403502,2023-04-19T13:25:00,NICKEL,2.0,µg/L,0.0134,0,,
16018403502,2023-04-19T13:25:00,NITRATE,3.82,mg/L,0.0252,0,,
16018403502,2023-04-19T13:25:00,NITROGEN; AMMONIA+AMMONIUM,0.06,mg/L,0.0212,0,,
16018403502,2023-04-19T13:25:00,NITROGEN; NITRATE+NITRITE,3.84,mg/L,0.0268,0,,
16018403502,2023-04-19T13:25:00,NITROGEN; NITRITE,0.023,mg/L,0.0172,0,,
16018403502,2023-04-19T13:25:00,NITROGEN; TOTAL,4.7,mg/L,0.0231,0,,
16018403502,2023-04-19T13:25:00,PH,8.22,,0.0353,0,,
16018403502,2023-04-19T13:25:00,PHENOL,0.87,µg/L,0.015,0,,
16018403502,2023-04-19T13:25:00,PHOSPHORUS; PHOSPHATE,0.008,mg/L,0.0334,0,,
16018403502,2023-04-19T13:25:00,PHOSPHORUS; TOTAL,70.3,µg/L,0.5167,0,,
16018403502,2023-04-19T13:25:00,POTASSIUM,3.22,mg/L,0.0341,0,,
16018403502,2023-04-19T13:25:00,SILVER,9.0,µg/L,0.0343,0,,
16018403502,2023-04-19T13:25:00,SODIUM,54.4,mg/L,0.2242,0,,
16018403502,2023-04-19T13:25:00,SOLIDS; DISSOLVED,592.0,mg/L,0.5771,0,,
16018403502,2023-04-19T13:25:00,SOLIDS; SUSPENDED,29.5,mg/L,0.4791,0,,
16018403502,2023-04-19T13:25:00,SOLIDS; TOTAL,621.0,mg/L,0.5823,0,,
16018403502,2023-04-19T13:25:00,STRONTIUM,978.0,µg/L,0.855,1,"rate_of_change, delta, rolling_std_7","8.56, 4.71, 4.61"
16018403502,2023-04-19T13:25:00,TIN,9.0,µg/L,0.0343,0,,
16018403502,2023-04-19T13:25:00,TITANIUM,3.82,µg/L,0.0585,0,,
16018403502,2023-04-19T13:25:00,URANIUM,3.0,µg/L,0.0378,0,,
16018403502,2023-04-19T13:25:00,VANADIUM,0.8,µg/L,0.0393,0,,
16018403502,2023-04-19T13:25:00,ZINC,16.5,µg/L,0.1297,0,,
16018403502,2023-04-19T13:25:00,ZIRCONIUM,1.0,µg/L,0.1212,0,,
16018403502,2023-05-10T13:23:00,ALKALINITY,193.5,mg/L as CaCO3,0.2205,0,,
16018403502,2023-05-10T13:23:00,ALUMINUM,380.0,µg/L,0.7056,1,"rolling_std_7, rolling_std_14, rolling_std_30","4.30, 3.76, 3.48"
16018403502,2023-05-10T13:23:00,BARIUM,34.9,µg/L,0.1165,0,,
16018403502,2023-05-10T13:23:00,BERYLLIUM,0.1,µg/L,0.0072,0,,
16018403502,2023-05-10T13:23:00,BISMUTH,5.0,µg/L,0.0075,0,,
16018403502,2023-05-10T13:23:00,CADMIUM,0.9,µg/L,0.0063,0,,
16018403502,2023-05-10T13:23:00,CALCIUM,76.3,mg/L,0.1743,0,,
16018403502,2023-05-10T13:23:00,CHLORIDE,57.7,mg/L,0.2847,0,,
16018403502,2023-05-10T13:23:00,CHROMIUM,1.0,µg/L,0.0059,0,,
16018403502,2023-05-10T13:23:00,COBALT,1.0,µg/L,0.0032,0,,
16018403502,2023-05-10T13:23:00,CONDUCTIVITY,696.0,µS/cm,0.7048,1,"rolling_mean_14, rolling_mean_30, rolling_mean_7","4.03, 3.98, 3.73"
16018403502,2023-05-10T13:23:00,COPPER,2.49,µg/L,0.014,0,,
16018403502,2023-05-10T13:23:00,HARDNESS,283.0,mg/L,0.42,0,,
16018403502,2023-05-10T13:23:00,LEAD,7.0,µg/L,0.0204,0,,
16018403502,2023-05-10T13:23:00,LITHIUM,5.0,µg/L,0.0204,0,,
16018403502,2023-05-10T13:23:00,MAGNESIUM,22.4,mg/L,0.0795,0,,
16018403502,2023-05-10T13:23:00,MANGANESE,44.8,µg/L,0.2088,0,,
16018403502,2023-05-10T13:23:00,MERCURY,5.0,ng/L,0.0253,0,,
16018403502,2023-05-10T13:23:00,MOLYBDENUM,2.0,µg/L,0.0079,0,,
16018403502,2023-05-10T13:23:00,NICKEL,2.0,µg/L,0.0074,0,,
16018403502,2023-05-10T13:23:00,NITRATE,3.98,mg/L,0.0175,0,,
16018403502,2023-05-10T13:23:00,NITROGEN; AMMONIA+AMMONIUM,0.04,mg/L,0.0111,0,,
16018403502,2023-05-10T13:23:00,NITROGEN; NITRATE+NITRITE,4.0,mg/L,0.0175,0,,
16018403502,2023-05-10T13:23:00,NITROGEN; NITRITE,0.018,mg/L,0.0192,0,,
16018403502,2023-05-10T13:23:00,NITROGEN; TOTAL,4.89,mg/L,0.0118,0,,
16018403502,2023-05-10T13:23:00,PH,8.39,,0.0703,0,,
16018403502,2023-05-10T13:23:00,PHENOL,1.0,µg/L,0.0125,0,,
16018403502,2023-05-10T13:23:00,PHOSPHORUS; PHOSPHATE,0.011,mg/L,0.0135,0,,
16018403502,2023-05-10T13:23:00,PHOSPHORUS; TOTAL,0.2,µg/L,0.4406,0,,
16018403502,2023-05-10T13:23:00,POTASSIUM,2.78,mg/L,0.0586,0,,
16018403502,2023-05-10T13:23:00,SILVER,9.0,µg/L,0.0278,0,,
16018403502,2023-05-10T13:23:00,SODIUM,37.6,mg/L,0.1636,0,,
16018403502,2023-05-10T13:23:00,SOLIDS; DISSOLVED,452.0,mg/L,0.5466,0,,
16018403502,2023-05-10T13:23:00,SOLIDS; SUSPENDED,37.6,mg/L,0.2979,0,,
16018403502,2023-05-10T13:23:00,SOLIDS; TOTAL,490.0,mg/L,0.5464,0,,
16018403502,2023-05-10T13:23:00,STRONTIUM,553.0,µg/L,0.8232,1,"rolling_std_14, rolling_std_7, rolling_mean_14","4.41, 4.35, 4.28"
16018403502,2023-05-10T13:23:00,TIN,9.0,µg/L,0.0278,0,,
16018403502,2023-05-10T13:23:00,TITANIUM,8.27,µg/L,0.0564,0,,
16018403502,2023-05-10T13:23:00,URANIUM,3.0,µg/L,0.0341,0,,
16018403502,2023-05-10T13:23:00,VANADIUM,1.16,µg/L,0.0156,0,,
16018403502,2023-05-10T13:23:00,ZINC,13.9,µg/L,0.068,0,,
16018403502,2023-05-10T13:23:00,ZIRCONIUM,1.0,µg/L,0.0053,0,,
16018403502,2023-05-17T13:30:00,ALKALINITY,206.1,mg/L as CaCO3,0.2938,0,,
16018403502,2023-05-17T13:30:00,ALUMINUM,316.0,µg/L,0.677,1,"rolling_std_7, rolling_std_14, rolling_std_30","4.15, 3.72, 2.79"
16018403502,2023-05-17T13:30:00,BARIUM,41.9,µg/L,0.1427,0,,
16018403502,2023-05-17T13:30:00,BERYLLIUM,0.1,µg/L,0.0285,0,,
16018403502,2023-05-17T13:30:00,BISMUTH,5.0,µg/L,0.0317,0,,
16018403502,2023-05-17T13:30:00,CADMIUM,0.9,µg/L,0.0269,0,,
16018403502,2023-05-17T13:30:00,CALCIUM,85.3,mg/L,0.1996,0,,
16018403502,2023-05-17T13:30:00,CHLORIDE,72.2,mg/L,0.2958,0,,
16018403502,2023-05-17T13:30:00,CHROMIUM,1.0,µg/L,0.0275,0,,
16018403502,2023-05-17T13:30:00,COBALT,1.0,µg/L,0.0269,0,,
16018403502,2023-05-17T13:30:00,CONDUCTIVITY,804.0,µS/cm,0.7088,1,"rolling_mean_14, rolling_mean_30, rolling_mean_7","4.01, 4.00, 3.52"
16018403502,2023-05-17T13:30:00,COPPER,2.43,µg/L,0.0372,0,,
16018403502,2023-05-17T13:30:00,HARDNESS,318.0,mg/L,0.441,0,,
16018403502,2023-05-17T13:30:00,IRON,360.0,µg/L,0.6382,1,"rolling_std_7, rolling_std_14, rolling_std_30","4.60, 3.86, 2.96"
16018403502,2023-05-17T13:30:00,LEAD,7.0,µg/L,0.0423,0,,
16018403502,2023-05-17T13:30:00,LITHIUM,5.0,µg/L,0.0474,0,,
16018403502,2023-05-17T13:30:00,MAGNESIUM,25.5,mg/L,0.0892,0,,
16018403502,2023-05-17T13:30:00,MANGANESE,53.8,µg/L,0.2636,0,,
16018403502,2023-05-17T13:30:00,MERCURY,5.0,ng/L,0.0509,0,,
16018403502,2023-05-17T13:30:00,MOLYBDENUM,2.0,µg/L,0.0328,0,,
16018403502,2023-05-17T13:30:00,NICKEL,2.0,µg/L,0.0314,0,,
16018403502,2023-05-17T13:30:00,NITRATE,3.8,mg/L,0.0375,0,,
16018403502,2023-05-17T13:30:00,NITROGEN; AMMONIA+AMMONIUM,0.07,mg/L,0.0341,0,,
16018403502,2023-05-17T13:30:00,NITROGEN; NITRATE+NITRITE,3.83,mg/L,0.0375,0,,
16018403502,2023-05-17T13:30:00,NITROGEN; NITRITE,0.03,mg/L,0.0295,0,,
16018403502,2023-05-17T13:30:00,NITROGEN; TOTAL,4.38,mg/L,0.0369,0,,
16018403502,2023-05-17T13:30:00,PH,8.32,,0.0797,0,,
16018403502,2023-05-17T13:30:00,PHENOL,0.63,µg/L,0.0483,0,,
16018403502,2023-05-17T13:30:00,PHOSPHORUS; PHOSPHATE,0.02,mg/L,0.0307,0,,
16018403502,2023-05-17T13:30:00,PHOSPHORUS; TOTAL,47.6,µg/L,0.4623,0,,
16018403502,2023-05-17T13:30:00,POTASSIUM,2.85,mg/L,0.0689,0,,
16018403502,2023-05-17T13:30:00,SILVER,9.0,µg/L,0.0499,0,,
16018403502,2023-05-17T13:30:00,SODIUM,43.9,mg/L,0.1877,0,,
16018403502,2023-05-17T13:30:00,SOLIDS; SUSPENDED,39.8,mg/L,0.307,0,,
16018403502,2023-05-17T13:30:00,STRONTIUM,808.0,µg/L,0.8017,1,"rate_of_change, rolling_std_14, rolling_mean_30","7.13, 4.40, 4.24"
16018403502,2023-05-17T13:30:00,TIN,9.0,µg/L,0.0499,0,,
16018403502,2023-05-17T13:30:00,TITANIUM,5.72,µg/L,0.0801,0,,
16018403502,2023-05-17T13:30:00,URANIUM,3.0,µg/L,0.0622,0,,
16018403502,2023-05-17T13:30:00,VANADIUM,0.73,µg/L,0.0478,0,,
16018403502,2023-05-17T13:30:00,ZINC,11.2,µg/L,0.1033,0,,
16018403502,2023-05-17T13:30:00,ZIRCONIUM,1.0,µg/L,0.0283,0,,
16018403502,2023-06-21T12:45:00,ALKALINITY,169.4,mg/L as CaCO3,0.2753,0,,
16018403502,2023-06-21T12:45:00,ALUMINUM,218.0,µg/L,0.6477,1,"rolling_std_7, rolling_std_14, rolling_std_30","3.96, 3.69, 2.79"
16018403502,2023-06-21T12:45:00,BARIUM,42.4,µg/L,0.081,0,,
16018403502,2023-06-21T12:45:00,BERYLLIUM,0.1,µg/L,0.0139,0,,
16018403502,2023-06-21T12:45:00,BISMUTH,5.0,µg/L,0.0106,0,,
16018403502,2023-06-21T12:45:00,CADMIUM,0.9,µg/L,0.0093,0,,
16018403502,2023-06-21T12:45:00,CALCIUM,75.6,mg/L,0.1507,0,,
16018403502,2023-06-21T12:45:00,CHLORIDE,109.0,mg/L,0.2318,0,,
16018403502,2023-06-21T12:45:00,CHROMIUM,1.0,µg/L,0.0108,0,,
16018403502,2023-06-21T12:45:00,COBALT,1.0,µg/L,0.0093,0,,
16018403502,2023-06-21T12:45:00,CONDUCTIVITY,865.0,µS/cm,0.5943,1,"rolling_mean_30, rolling_mean_14, rolling_mean_7","4.01, 4.00, 3.18"
16018403502,2023-06-21T12:45:00,COPPER,2.31,µg/L,0.0207,0,,
16018403502,2023-06-21T12:45:00,HARDNESS,287.0,mg/L,0.3405,0,,
16018403502,2023-06-21T12:45:00,IRON,307.0,µg/L,0.6376,1,"rolling_std_7, rolling_std_14, rolling_std_30","4.44, 3.84, 2.80"
16018403502,2023-06-21T12:45:00,LEAD,7.0,µg/L,0.0191,0,,
16018403502,2023-06-21T12:45:00,LITHIUM,5.0,µg/L,0.0235,0,,
16018403502,2023-06-21T12:45:00,MAGNESIUM,23.8,mg/L,0.0659,0,,
16018403502,2023-06-21T12:45:00,MANGANESE,33.0,µg/L,0.2246,0,,
16018403502,2023-06-21T12:45:00,MERCURY,5.0,ng/L,0.031,0,,
16018403502,2023-06-21T12:45:00,MOLYBDENUM,2.0,µg/L,0.0109,0,,
16018403502,2023-06-21T12:45:00,NICKEL,2.0,µg/L,0.0118,0,,
16018403502,2023-06-21T12:45:00,NITRATE,2.21,mg/L,0.0362,0,,
16018403502,2023-06-21T12:45:00,NITROGEN; AMMONIA+AMMONIUM,0.05,mg/L,0.0137,0,,
16018403502,2023-06-21T12:45:00,NITROGEN; NITRATE+NITRITE,2.24,mg/L,0.0362,0,,
16018403502,2023-06-21T12:45:00,NITROGEN; NITRITE,0.028,mg/L,0.0129,0,,
16018403502,2023-06-21T12:45:00,NITROGEN; TOTAL,2.76,mg/L,0.0452,0,,
16018403502,2023-06-21T12:45:00,PH,8.4,,0.0713,0,,
16018403502,2023-06-21T12:45:00,PHENOL,0.63,µg/L,0.0159,0,,
16018403502,2023-06-21T12:45:00,PHOSPHORUS; PHOSPHATE,0.005,mg/L,0.0251,0,,
16018403502,2023-06-21T12:45:00,PHOSPHORUS; TOTAL,53.0,µg/L,0.3336,0,,
16018403502,2023-06-21T12:45:00,POTASSIUM,3.5,mg/L,0.018,0,,
16018403502,2023-06-21T12:45:00,SILVER,9.0,µg/L,0.0313,0,,
16018403502,2023-06-21T12:45:00,SODIUM,66.7,mg/L,0.1807,0,,
16018403502,2023-06-21T12:45:00,SOLIDS; DISSOLVED,638.0,mg/L,0.583,1,"rolling_mean_7, rolling_mean_30, rolling_mean_14","2.55, 2.42, 2.41"
16018403502,2023-06-21T12:45:00,SOLIDS; SUSPENDED,21.8,mg/L,0.3078,0,,
16018403502,2023-06-21T12:45:00,SOLIDS; TOTAL,660.0,mg/L,0.5813,0,,
16018403502,2023-06-21T12:45:00,STRONTIUM,986.0,µg/L,0.7476,1,"rolling_std_14, rolling_mean_30, rolling_mean_14","4.38, 4.28, 4.17"
16018403502,2023-06-21T12:45:00,TIN,9.0,µg/L,0.0313,0,,
16018403502,2023-06-21T12:45:00,TITANIUM,3.2,µg/L,0.0501,0,,
16018403502,2023-06-21T12:45:00,URANIUM,3.0,µg/L,0.0386,0,,
16018403502,2023-06-21T12:45:00,VANADIUM,0.81,µg/L,0.0141,0,,
16018403502,2023-06-21T12:45:00,ZINC,12.7,µg/L,0.0617,0,,
16018403502,2023-06-21T12:45:00,ZIRCONIUM,1.0,µg/L,0.0116,0,,
16018403502,2023-07-18T13:52:00,ALKALINITY,178.1,mg/L as CaCO3,0.2127,0,,
16018403502,2023-07-18T13:52:00,ALUMINUM,242.0,µg/L,0.6293,1,"rolling_std_7, rolling_std_14, rolling_std_30","4.01, 3.70, 2.79"
16018403502,2023-07-18T13:52:00,BARIUM,35.7,µg/L,0.0958,0,,
16018403502,2023-07-18T13:52:00,BERYLLIUM,0.1,µg/L,0.0048,0,,
16018403502,2023-07-18T13:52:00,BISMUTH,5.0,µg/L,0.003,0,,
16018403502,2023-07-18T13:52:00,CADMIUM,0.9,µg/L,0.0006,0,,
16018403502,2023-07-18T13:52:00,CALCIUM,64.6,mg/L,0.1516,0,,
16018403502,2023-07-18T13:52:00,CHLORIDE,42.2,mg/L,0.3097,0,,
16018403502,2023-07-18T13:52:00,CHROMIUM,1.0,µg/L,0.0016,0,,
16018403502,2023-07-18T13:52:00,COBALT,1.0,µg/L,0.0006,0,,
16018403502,2023-07-18T13:52:00,CONDUCTIVITY,562.0,µS/cm,0.6937,1,"rolling_mean_30, rolling_mean_14, rolling_mean_7","3.98, 3.86, 3.04"
16018403502,2023-07-18T13:52:00,COPPER,3.07,µg/L,0.0208,0,,
16018403502,2023-07-18T13:52:00,HARDNESS,238.0,mg/L,0.3806,0,,
16018403502,2023-07-18T13:52:00,IRON,322.0,µg/L,0.6173,1,"rolling_std_7, rolling_std_14, rolling_std_30","4.26, 3.82, 2.80"
16018403502,2023-07-18T13:52:00,LEAD,7.0,µg/L,0.0119,0,,
16018403502,2023-07-18T13:52:00,LITHIUM,5.0,µg/L,0.015,0,,
16018403502,2023-07-18T13:52:00,MAGNESIUM,18.6,mg/L,0.127,0,,
16018403502,2023-07-18T13:52:00,MANGANESE,35.5,µg/L,0.1789,0,,
16018403502,2023-07-18T13:52:00,MERCURY,5.0,ng/L,0.0231,0,,
16018403502,2023-07-18T13:52:00,MOLYBDENUM,2.0,µg/L,0.0035,0,,
16018403502,2023-07-18T13:52:00,NICKEL,2.0,µg/L,0.0037,0,,
16018403502,2023-07-18T13:52:00,NITRATE,6.29,mg/L,0.0637,0,,
16018403502,2023-07-18T13:52:00,NITROGEN; AMMONIA+AMMONIUM,0.07,mg/L,0.0048,0,,
16018403502,2023-07-18T13:52:00,NITROGEN; NITRATE+NITRITE,6.35,mg/L,0.0648,0,,
16018403502,2023-07-18T13:52:00,NITROGEN; NITRITE,0.065,mg/L,0.053,0,,
16018403502,2023-07-18T13:52:00,NITROGEN; TOTAL,7.07,mg/L,0.0652,0,,
16018403502,2023-07-18T13:52:00,PH,7.93,,0.0397,0,,
16018403502,2023-07-18T13:52:00,PHENOL,0.74,µg/L,0.007,0,,
16018403502,2023-07-18T13:52:00,PHOSPHORUS; PHOSPHATE,0.028,mg/L,0.0069,0,,
16018403502,2023-07-18T13:52:00,PHOSPHORUS; TOTAL,73.8,µg/L,0.3424,0,,
16018403502,2023-07-18T13:52:00,POTASSIUM,3.75,mg/L,0.0058,0,,
16018403502,2023-07-18T13:52:00,SILVER,9.0,µg/L,0.0241,0,,
16018403502,2023-07-18T13:52:00,SODIUM,25.8,mg/L,0.2156,0,,
16018403502,2023-07-18T13:52:00,SOLIDS; SUSPENDED,28.3,mg/L,0.2897,0,,
16018403502,2023-07-18T13:52:00,STRONTIUM,373.0,µg/L,0.8154,1,"rolling_std_14, rate_of_change, rolling_std_30","4.53, -4.43, 4.18"
16018403502,2023-07-18T13:52:00,TIN,9.0,µg/L,0.0241,0,,
16018403502,2023-07-18T13:52:00,TITANIUM,4.35,µg/L,0.0272,0,,
16018403502,2023-07-18T13:52:00,URANIUM,3.0,µg/L,0.0297,0,,
16018403502,2023-07-18T13:52:00,VANADIUM,1.18,µg/L,0.0137,0,,
16018403502,2023-07-18T13:52:00,ZINC,17.4,µg/L,0.0691,0,,
16018403502,2023-07-18T13:52:00,ZIRCONIUM,1.0,µg/L,0.0027,0,,
16018403502,2023-08-21T14:05:00,ALKALINITY,179.6,mg/L as CaCO3,0.2106,0,,
16018403502,2023-08-21T14:05:00,ALUMINUM,286.0,µg/L,0.6376,1,"rolling_std_7, rolling_std_14, rolling_std_30","4.02, 3.64, 2.79"
16018403502,2023-08-21T14:05:00,BARIUM,39.5,µg/L,0.0695,0,,
16018403502,2023-08-21T14:05:00,BERYLLIUM,0.1,µg/L,0.0071,0,,
16018403502,2023-08-21T14:05:00,BISMUTH,5.0,µg/L,0.0053,0,,
16018403502,2023-08-21T14:05:00,CADMIUM,0.9,µg/L,0.0029,0,,
16018403502,2023-08-21T14:05:00,CALCIUM,68.0,mg/L,0.1419,0,,
16018403502,2023-08-21T14:05:00,CHLORIDE,88.6,mg/L,0.2355,0,,
16018403502,2023-08-21T14:05:00,CHROMIUM,1.01,µg/L,0.0044,0,,
16018403502,2023-08-21T14:05:00,COBALT,1.0,µg/L,0.0029,0,,
16018403502,2023-08-21T14:05:00,CONDUCTIVITY,750.0,µS/cm,0.6419,1,"rolling_mean_30, rolling_mean_14, rolling_mean_7","3.98, 3.80, 3.13"
16018403502,2023-08-21T14:05:00,COPPER,2.6,µg/L,0.0173,0,,
16018403502,2023-08-21T14:05:00,HARDNESS,263.0,mg/L,0.329,0,,
16018403502,2023-08-21T14:05:00,IRON,252.0,µg/L,0.6363,1,"rolling_std_7, rolling_std_14, rolling_std_30","4.29, 3.80, 2.78"
16018403502,2023-08-21T14:05:00,LEAD,7.0,µg/L,0.0139,0,,
16018403502,2023-08-21T14:05:00,LITHIUM,5.0,µg/L,0.0178,0,,
16018403502,2023-08-21T14:05:00,MAGNESIUM,22.6,mg/L,0.0727,0,,
16018403502,2023-08-21T14:05:00,MANGANESE,27.7,µg/L,0.1979,0,,
16018403502,2023-08-21T14:05:00,MERCURY,5.0,ng/L,0.0255,0,,
16018403502,2023-08-21T14:05:00,MOLYBDENUM,2.0,µg/L,0.0057,0,,
16018403502,2023-08-21T14:05:00,NICKEL,2.0,µg/L,0.0066,0,,
16018403502,2023-08-21T14:05:00,NITRATE,2.27,mg/L,0.0475,0,,
16018403502,2023-08-21T14:05:00,NITROGEN; AMMONIA+AMMONIUM,0.02,mg/L,0.0213,0,,
16018403502,2023-08-21T14:05:00,NITROGEN; NITRATE+NITRITE,2.29,mg/L,0.0477,0,,
16018403502,2023-08-21T14:05:00,NITROGEN; NITRITE,0.019,mg/L,0.0204,0,,
16018403502,2023-08-21T14:05:00,NITROGEN; TOTAL,3.01,mg/L,0.0409,0,,
16018403502,2023-08-21T14:05:00,PH,8.39,,0.0613,0,,
16018403502,2023-08-21T14:05:00,PHENOL,0.63,µg/L,0.0117,0,,
16018403502,2023-08-21T14:05:00,PHOSPHORUS; PHOSPHATE,0.011,mg/L,0.0091,0,,
16018403502,2023-08-21T14:05:00,PHOSPHORUS; TOTAL,32.0,µg/L,0.3635,0,,
16018403502,2023-08-21T14:05:00,POTASSIUM,3.75,mg/L,0.0087,0,,
16018403502,2023-08-21T14:05:00,SILVER,9.0,µg/L,0.026,0,,
16018403502,2023-08-21T14:05:00,SODIUM,50.9,mg/L,0.1639,0,,
16018403502,2023-08-21T14:05:00,SOLIDS; DISSOLVED,488.0,mg/L,0.5687,0,,
16018403502,2023-08-21T14:05:00,SOLIDS; SUSPENDED,18.3,mg/L,0.2997,0,,
16018403502,2023-08-21T14:05:00,SOLIDS; TOTAL,506.0,mg/L,0.5849,1,"rolling_mean_7, rolling_mean_30, rolling_mean_14","2.59, 2.54, 2.49"
16018403502,2023-08-21T14:05:00,STRONTIUM,670.0,µg/L,0.7629,1,"rolling_std_14, rolling_mean_30, rolling_std_30","4.54, 4.19, 4.13"
16018403502,2023-08-21T14:05:00,TIN,9.0,µg/L,0.026,0,,
16018403502,2023-08-21T14:05:00,TITANIUM,8.57,µg/L,0.0546,0,,
16018403502,2023-08-21T14:05:00,URANIUM,3.0,µg/L,0.0322,0,,
16018403502,2023-08-21T14:05:00,VANADIUM,0.85,µg/L,0.0122,0,,
16018403502,2023-08-21T14:05:00,ZINC,8.54,µg/L,0.0913,0,,
16018403502,2023-08-21T14:05:00,ZIRCONIUM,1.0,µg/L,0.0031,0,,
16018403502,2023-10-24T13:50:00,ALKALINITY,229.0,mg/L as CaCO3,0.3725,0,,
16018403502,2023-10-24T13:50:00,ALUMINUM,231.0,µg/L,0.5931,1,"rolling_std_14, rolling_std_30, is_gap","3.64, 2.75, 1.53"
16018403502,2023-10-24T13:50:00,BARIUM,40.4,µg/L,0.1447,0,,
16018403502,2023-10-24T13:50:00,BERYLLIUM,0.1,µg/L,0.0702,0,,
16018403502,2023-10-24T13:50:00,BISMUTH,5.0,µg/L,0.0695,0,,
16018403502,2023-10-24T13:50:00,CADMIUM,0.9,µg/L,0.0678,0,,
16018403502,2023-10-24T13:50:00,CALCIUM,87.4,mg/L,0.2415,0,,
16018403502,2023-10-24T13:50:00,CHLORIDE,118.0,mg/L,0.3142,0,,
16018403502,2023-10-24T13:50:00,CHROMIUM,1.0,µg/L,0.0691,0,,
16018403502,2023-10-24T13:50:00,COBALT,1.0,µg/L,0.0678,0,,
16018403502,2023-10-24T13:50:00,CONDUCTIVITY,989.0,µS/cm,0.7227,1,"rolling_mean_30, rolling_mean_14, rolling_mean_7","4.02, 3.83, 3.51"
16018403502,2023-10-24T13:50:00,COPPER,2.77,µg/L,0.0771,0,,
16018403502,2023-10-24T13:50:00,HARDNESS,336.0,mg/L,0.455,0,,
16018403502,2023-10-24T13:50:00,IRON,308.0,µg/L,0.6736,1,"rolling_std_7, rolling_std_14, rolling_std_30","4.34, 3.78, 2.78"
16018403502,2023-10-24T13:50:00,LEAD,7.0,µg/L,0.072,0,,
16018403502,2023-10-24T13:50:00,LITHIUM,5.0,µg/L,0.0765,0,,
16018403502,2023-10-24T13:50:00,MAGNESIUM,28.7,mg/L,0.1526,0,,
16018403502,2023-10-24T13:50:00,MANGANESE,22.9,µg/L,0.2335,0,,
16018403502,2023-10-24T13:50:00,MERCURY,5.0,ng/L,0.0855,0,,
16018403502,2023-10-24T13:50:00,MOLYBDENUM,2.0,µg/L,0.0687,0,,
16018403502,2023-10-24T13:50:00,NICKEL,2.0,µg/L,0.0694,0,,
16018403502,2023-10-24T13:50:00,NITRATE,3.41,mg/L,0.0791,0,,
16018403502,2023-10-24T13:50:00,NITROGEN; AMMONIA+AMMONIUM,0.04,mg/L,0.0752,0,,
16018403502,2023-10-24T13:50:00,NITROGEN; NITRATE+NITRITE,3.43,mg/L,0.0794,0,,
16018403502,2023-10-24T13:50:00,NITROGEN; NITRITE,0.015,mg/L,0.082,0,,
16018403502,2023-10-24T13:50:00,NITROGEN; TOTAL,3.91,mg/L,0.0713,0,,
16018403502,2023-10-24T13:50:00,PH,8.4,,0.1151,0,,
16018403502,2023-10-24T13:50:00,PHENOL,0.63,µg/L,0.0725,0,,
16018403502,2023-10-24T13:50:00,PHOSPHORUS; PHOSPHATE,0.013,mg/L,0.0692,0,,
16018403502,2023-10-24T13:50:00,PHOSPHORUS; TOTAL,39.8,µg/L,0.3314,0,,
16018403502,2023-10-24T13:50:00,POTASSIUM,4.24,mg/L,0.0789,0,,
16018403502,2023-10-24T13:50:00,SILVER,9.0,µg/L,0.0862,0,,
16018403502,2023-10-24T13:50:00,SODIUM,69.6,mg/L,0.242,0,,
16018403502,2023-10-24T13:50:00,SOLIDS; SUSPENDED,22.0,mg/L,0.2895,0,,
16018403502,2023-10-24T13:50:00,STRONTIUM,1040.0,µg/L,0.8041,1,"rolling_std_14, rolling_mean_30, rolling_std_30","4.52, 4.29, 3.98"
16018403502,2023-10-24T13:50:00,TIN,9.0,µg/L,0.0862,0,,
16018403502,2023-10-24T13:50:00,TITANIUM,3.45,µg/L,0.121,0,,
16018403502,2023-10-24T13:50:00,URANIUM,3.0,µg/L,0.0862,0,,
16018403502,2023-10-24T13:50:00,VANADIUM,0.5,µg/L,0.0865,0,,
16018403502,2023-10-24T13:50:00,ZINC,12.2,µg/L,0.1251,0,,
16018403502,2023-10-24T13:50:00,ZIRCONIUM,1.0,µg/L,0.0678,0,,
16018403502,2023-11-07T14:10:00,ALKALINITY,244.7,mg/L as CaCO3,0.3038,0,,
16018403502,2023-11-07T14:10:00,ALUMINUM,284.0,µg/L,0.5904,1,"rolling_std_14, rolling_std_30, rolling_mean_14","3.64, 2.70, 1.26"
16018403502,2023-11-07T14:10:00,BARIUM,42.7,µg/L,0.0788,0,,
16018403502,2023-11-07T14:10:00,BERYLLIUM,0.1,µg/L,0.0133,0,,
16018403502,2023-11-07T14:10:00,BISMUTH,5.0,µg/L,0.0115,0,,
16018403502,2023-11-07T14:10:00,CADMIUM,0.9,µg/L,0.0101,0,,
16018403502,2023-11-07T14:10:00,CALCIUM,88.9,mg/L,0.1231,0,,
16018403502,2023-11-07T14:10:00,CHLORIDE,115.0,mg/L,0.1943,0,,
16018403502,2023-11-07T14:10:00,CHROMIUM,1.0,µg/L,0.0105,0,,
16018403502,2023-11-07T14:10:00,COBALT,1.28,µg/L,0.0269,0,,
16018403502,2023-11-07T14:10:00,CONDUCTIVITY,981.0,µS/cm,0.6218,1,"rolling_mean_30, rolling_mean_14, rolling_mean_7","3.99, 3.84, 3.58"
16018403502,2023-11-07T14:10:00,COPPER,2.01,µg/L,0.0249,0,,
16018403502,2023-11-07T14:10:00,HARDNESS,342.0,mg/L,0.3366,0,,
16018403502,2023-11-07T14:10:00,IRON,413.0,µg/L,0.6144,1,"rolling_std_14, rolling_std_30, rate_of_change","3.78, 2.70, 1.48"
16018403502,2023-11-07T14:10:00,LEAD,7.0,µg/L,0.0208,0,,
16018403502,2023-11-07T14:10:00,LITHIUM,5.0,µg/L,0.0194,0,,
16018403502,2023-11-07T14:10:00,MAGNESIUM,29.1,mg/L,0.0829,0,,
16018403502,2023-11-07T14:10:00,MANGANESE,31.1,µg/L,0.1598,0,,
16018403502,2023-11-07T14:10:00,MERCURY,5.0,ng/L,0.0316,0,,
16018403502,2023-11-07T14:10:00,MOLYBDENUM,2.0,µg/L,0.0122,0,,
16018403502,2023-11-07T14:10:00,NICKEL,2.0,µg/L,0.0126,0,,
16018403502,2023-11-07T14:10:00,NITRATE,3.29,mg/L,0.02,0,,
16018403502,2023-11-07T14:10:00,NITROGEN; AMMONIA+AMMONIUM,0.04,mg/L,0.0186,0,,
16018403502,2023-11-07T14:10:00,NITROGEN; NITRATE+NITRITE,3.3,mg/L,0.0203,0,,
16018403502,2023-11-07T14:10:00,NITROGEN; NITRITE,0.012,mg/L,0.0285,0,,
16018403502,2023-11-07T14:10:00,PH,8.23,,0.0291,0,,
16018403502,2023-11-07T14:10:00,PHENOL,0.63,µg/L,0.017,0,,
16018403502,2023-11-07T14:10:00,PHOSPHORUS; PHOSPHATE,0.014,mg/L,0.0119,0,,
16018403502,2023-11-07T14:10:00,PHOSPHORUS; TOTAL,44.5,µg/L,0.2606,0,,
16018403502,2023-11-07T14:10:00,POTASSIUM,4.75,mg/L,0.0563,0,,
16018403502,2023-11-07T14:10:00,SILVER,9.0,µg/L,0.0321,0,,
16018403502,2023-11-07T14:10:00,SODIUM,72.3,mg/L,0.1346,0,,
16018403502,2023-11-07T14:10:00,SOLIDS; DISSOLVED,652.0,mg/L,0.5968,1,"rolling_mean_7, rolling_mean_30, rolling_mean_14","2.49, 2.42, 2.40"
16018403502,2023-11-07T14:10:00,SOLIDS; SUSPENDED,26.4,mg/L,0.2267,0,,
16018403502,2023-11-07T14:10:00,SOLIDS; TOTAL,678.0,mg/L,0.6075,1,"rolling_mean_7, rolling_mean_30, rolling_mean_14","2.61, 2.56, 2.53"
16018403502,2023-11-07T14:10:00,STRONTIUM,1030.0,µg/L,0.688,1,"rolling_std_14, rolling_mean_30, rolling_std_30","4.29, 4.28, 3.96"
16018403502,2023-11-07T14:10:00,TIN,9.0,µg/L,0.0321,0,,
16018403502,2023-11-07T14:10:00,TITANIUM,2.3,µg/L,0.0489,0,,
16018403502,2023-11-07T14:10:00,URANIUM,3.0,µg/L,0.0305,0,,
16018403502,2023-11-07T14:10:00,VANADIUM,0.5,µg/L,0.0246,0,,
16018403502,2023-11-07T14:10:00,ZINC,13.8,µg/L,0.0587,0,,
16018403502,2023-11-07T14:10:00,ZIRCONIUM,1.0,µg/L,0.0103,0,,
16018403502,2023-12-05T14:50:00,ALKALINITY,218.2,mg/L as CaCO3,0.2633,0,,
16018403502,2023-12-05T14:50:00,ALUMINUM,407.0,µg/L,0.6105,1,"rolling_std_14, rolling_std_30, rolling_mean_14","3.54, 2.70, 1.37"
16018403502,2023-12-05T14:50:00,BARIUM,39.4,µg/L,0.075,0,,
16018403502,2023-12-05T14:50:00,BERYLLIUM,0.1,µg/L,0.0042,0,,
16018403502,2023-12-05T14:50:00,BISMUTH,5.0,µg/L,0.0022,0,,
16018403502,2023-12-05T14:50:00,CADMIUM,0.9,µg/L,0.0013,0,,
16018403502,2023-12-05T14:50:00,CALCIUM,85.2,mg/L,0.1144,0,,
16018403502,2023-12-05T14:50:00,CHLORIDE,106.0,mg/L,0.1745,0,,
16018403502,2023-12-05T14:50:00,CHROMIUM,1.0,µg/L,0.001,0,,
16018403502,2023-12-05T14:50:00,COBALT,1.0,µg/L,0.0031,0,,
16018403502,2023-12-05T14:50:00,CONDUCTIVITY,895.0,µS/cm,0.6264,1,"rolling_mean_30, rolling_mean_14, rolling_mean_7","3.94, 3.77, 3.72"
16018403502,2023-12-05T14:50:00,COPPER,2.62,µg/L,0.0116,0,,
16018403502,2023-12-05T14:50:00,HARDNESS,321.0,mg/L,0.3187,0,,
16018403502,2023-12-05T14:50:00,IRON,432.0,µg/L,0.5459,0,,
16018403502,2023-12-05T14:50:00,LEAD,7.0,µg/L,0.0094,0,,
16018403502,2023-12-05T14:50:00,LITHIUM,5.0,µg/L,0.0101,0,,
16018403502,2023-12-05T14:50:00,MAGNESIUM,26.4,mg/L,0.0669,0,,
16018403502,2023-12-05T14:50:00,MANGANESE,18.4,µg/L,0.1631,0,,
16018403502,2023-12-05T14:50:00,MERCURY,5.0,ng/L,0.0217,0,,
16018403502,2023-12-05T14:50:00,MOLYBDENUM,2.0,µg/L,0.0021,0,,
16018403502,2023-12-05T14:50:00,NICKEL,2.46,µg/L,0.0095,0,,
16018403502,2023-12-05T14:50:00,NITRATE,4.38,mg/L,0.0232,0,,
16018403502,2023-12-05T14:50:00,NITROGEN; AMMONIA+AMMONIUM,0.02,mg/L,0.0139,0,,
16018403502,2023-12-05T14:50:00,NITROGEN; NITRATE+NITRITE,4.41,mg/L,0.0247,0,,
16018403502,2023-12-05T14:50:00,NITROGEN; NITRITE,0.025,mg/L,0.0037,0,,
16018403502,2023-12-05T14:50:00,NITROGEN; TOTAL,5.43,mg/L,0.0749,0,,
16018403502,2023-12-05T14:50:00,PH,8.24,,0.0163,0,,
16018403502,2023-12-05T14:50:00,PHENOL,0.64,µg/L,0.0043,0,,
16018403502,2023-12-05T14:50:00,PHOSPHORUS; PHOSPHATE,0.016,mg/L,0.0028,0,,
16018403502,2023-12-05T14:50:00,PHOSPHORUS; TOTAL,68.2,µg/L,0.2889,0,,
16018403502,2023-12-05T14:50:00,POTASSIUM,4.52,mg/L,0.0262,0,,
16018403502,2023-12-05T14:50:00,SILVER,9.0,µg/L,0.019,0,,
16018403502,2023-12-05T14:50:00,SODIUM,62.9,mg/L,0.1327,0,,
16018403502,2023-12-05T14:50:00,SOLIDS; SUSPENDED,17.7,mg/L,0.2316,0,,
16018403502,2023-12-05T14:50:00,STRONTIUM,825.0,µg/L,0.7286,1,"rolling_mean_30, rolling_std_14, rolling_std_30","4.21, 4.03, 3.91"
16018403502,2023-12-05T14:50:00,TIN,9.0,µg/L,0.019,0,,
16018403502,2023-12-05T14:50:00,TITANIUM,5.1,µg/L,0.0362,0,,
16018403502,2023-12-05T14:50:00,URANIUM,3.0,µg/L,0.0184,0,,
16018403502,2023-12-05T14:50:00,VANADIUM,0.5,µg/L,0.0138,0,,
16018403502,2023-12-05T14:50:00,ZINC,27.6,µg/L,0.1472,0,,
16018403502,2023-12-05T14:50:00,ZIRCONIUM,1.0,µg/L,0.0002,0,,
16018403502,2023-12-13T14:30:00,ALKALINITY,242.2,mg/L as CaCO3,0.36,0,,
16018403502,2023-12-13T14:30:00,ALUMINUM,350.0,µg/L,0.6059,1,"rolling_std_14, rolling_std_30, rolling_mean_14","3.47, 2.70, 1.43"
16018403502,2023-12-13T14:30:00,BARIUM,40.8,µg/L,0.0859,0,,
16018403502,2023-12-13T14:30:00,BERYLLIUM,0.1,µg/L,0.0263,0,,
16018403502,2023-12-13T14:30:00,BISMUTH,5.0,µg/L,0.0265,0,,
16018403502,2023-12-13T14:30:00,CADMIUM,0.9,µg/L,0.026,0,,
16018403502,2023-12-13T14:30:00,CALCIUM,91.4,mg/L,0.1747,0,,
16018403502,2023-12-13T14:30:00,CHLORIDE,81.8,mg/L,0.2978,0,,
16018403502,2023-12-13T14:30:00,CHROMIUM,1.0,µg/L,0.0252,0,,
16018403502,2023-12-13T14:30:00,COBALT,1.0,µg/L,0.0252,0,,
16018403502,2023-12-13T14:30:00,CONDUCTIVITY,879.0,µS/cm,0.6105,1,"rolling_mean_30, rolling_mean_7, rolling_mean_14","3.95, 3.78, 3.69"
16018403502,2023-12-13T14:30:00,COPPER,2.62,µg/L,0.0367,0,,
16018403502,2023-12-13T14:30:00,HARDNESS,340.0,mg/L,0.3826,0,,
16018403502,2023-12-13T14:30:00,IRON,391.0,µg/L,0.6093,1,"rolling_std_14, rolling_std_30, rolling_mean_14","3.68, 2.63, 1.53"
16018403502,2023-12-13T14:30:00,LEAD,7.0,µg/L,0.0359,0,,
16018403502,2023-12-13T14:30:00,LITHIUM,5.0,µg/L,0.0371,0,,
16018403502,2023-12-13T14:30:00,MAGNESIUM,27.1,mg/L,0.084,0,,
16018403502,2023-12-13T14:30:00,MANGANESE,16.3,µg/L,0.18,0,,
16018403502,2023-12-13T14:30:00,MERCURY,5.0,ng/L,0.047,0,,
16018403502,2023-12-13T14:30:00,MOLYBDENUM,2.0,µg/L,0.026,0,,
16018403502,2023-12-13T14:30:00,NICKEL,2.0,µg/L,0.0403,0,,
16018403502,2023-12-13T14:30:00,NITRATE,6.24,mg/L,0.0953,0,,
16018403502,2023-12-13T14:30:00,NITROGEN; AMMONIA+AMMONIUM,0.02,mg/L,0.0387,0,,
16018403502,2023-12-13T14:30:00,NITROGEN; NITRATE+NITRITE,6.28,mg/L,0.0953,0,,
16018403502,2023-12-13T14:30:00,NITROGEN; NITRITE,0.037,mg/L,0.0349,0,,
16018403502,2023-12-13T14:30:00,NITROGEN; TOTAL,7.02,mg/L,0.0918,0,,
16018403502,2023-12-13T14:30:00,PH,8.38,,0.0714,0,,
16018403502,2023-12-13T14:30:00,PHENOL,0.7,µg/L,0.0295,0,,
16018403502,2023-12-13T14:30:00,PHOSPHORUS; PHOSPHATE,0.024,mg/L,0.0302,0,,
16018403502,2023-12-13T14:30:00,PHOSPHORUS; TOTAL,34.6,µg/L,0.3857,0,,
16018403502,2023-12-13T14:30:00,POTASSIUM,3.95,mg/L,0.045,0,,
16018403502,2023-12-13T14:30:00,SILVER,9.0,µg/L,0.0415,0,,
16018403502,2023-12-13T14:30:00,SODIUM,46.8,mg/L,0.216,0,,
16018403502,2023-12-13T14:30:00,SOLIDS; DISSOLVED,554.0,mg/L,0.5332,0,,
16018403502,2023-12-13T14:30:00,SOLIDS; SUSPENDED,11.2,mg/L,0.2643,0,,
16018403502,2023-12-13T14:30:00,SOLIDS; TOTAL,565.0,mg/L,0.5465,0,,
16018403502,2023-12-13T14:30:00,STRONTIUM,728.0,µg/L,0.7217,1,"rolling_mean_30, rolling_std_30, rolling_std_14","4.21, 3.91, 3.75"
16018403502,2023-12-13T14:30:00,TIN,9.0,µg/L,0.0415,0,,
16018403502,2023-12-13T14:30:00,TITANIUM,3.86,µg/L,0.0676,0,,
16018403502,2023-12-13T14:30:00,URANIUM,3.0,µg/L,0.0481,0,,
16018403502,2023-12-13T14:30:00,VANADIUM,0.68,µg/L,0.0372,0,,
16018403502,2023-12-13T14:30:00,ZINC,10.6,µg/L,0.1954,0,,
16018403502,2023-12-13T14:30:00,ZIRCONIUM,1.0,µg/L,0.0241,0,,
16018403502,2024-01-16T14:00:00,ALKALINITY,192.9,mg/L as CaCO3,0.2748,0,,
16018403502,2024-01-16T14:00:00,ALUMINUM,52.5,µg/L,0.6381,1,"rolling_std_14, rolling_std_30, delta","3.52, 2.77, -1.99"
16018403502,2024-01-16T14:00:00,BARIUM,56.0,µg/L,0.1786,0,,
16018403502,2024-01-16T14:00:00,BERYLLIUM,0.1,µg/L,0.0071,0,,
16018403502,2024-01-16T14:00:00,BISMUTH,5.0,µg/L,0.0059,0,,
16018403502,2024-01-16T14:00:00,CADMIUM,0.9,µg/L,0.0049,0,,
16018403502,2024-01-16T14:00:00,CALCIUM,77.9,mg/L,0.1408,0,,
16018403502,2024-01-16T14:00:00,CHLORIDE,77.9,mg/L,0.1664,0,,
16018403502,2024-01-16T14:00:00,COBALT,1.0,µg/L,0.0072,0,,
16018403502,2024-01-16T14:00:00,CONDUCTIVITY,716.0,µS/cm,0.6101,1,"rolling_mean_30, rolling_mean_7, rolling_mean_14","3.94, 3.67, 3.47"
16018403502,2024-01-16T14:00:00,COPPER,1.84,µg/L,0.0074,0,,
16018403502,2024-01-16T14:00:00,HARDNESS,320.0,mg/L,0.3121,0,,
16018403502,2024-01-16T14:00:00,IRON,83.8,µg/L,0.6505,1,"rolling_std_14, rolling_std_30, delta","3.75, 2.71, -2.06"
16018403502,2024-01-16T14:00:00,LEAD,7.0,µg/L,0.0114,0,,
16018403502,2024-01-16T14:00:00,LITHIUM,5.0,µg/L,0.016,0,,
16018403502,2024-01-16T14:00:00,MAGNESIUM,30.5,mg/L,0.093,0,,
16018403502,2024-01-16T14:00:00,MANGANESE,8.54,µg/L,0.1671,0,,
16018403502,2024-01-16T14:00:00,MERCURY,5.0,ng/L,0.025,0,,
16018403502,2024-01-16T14:00:00,MOLYBDENUM,2.0,µg/L,0.0043,0,,
16018403502,2024-01-16T14:00:00,NICKEL,2.0,µg/L,0.0067,0,,
16018403502,2024-01-16T14:00:00,NITROGEN; TOTAL,6.36,mg/L,0.034,0,,
16018403502,2024-01-16T14:00:00,PH,8.3,,0.0276,0,,
16018403502,2024-01-16T14:00:00,PHENOL,0.63,µg/L,0.0094,0,,
16018403502,2024-01-16T14:00:00,PHOSPHORUS; TOTAL,116.0,µg/L,0.3489,0,,
16018403502,2024-01-16T14:00:00,POTASSIUM,3.06,mg/L,0.0397,0,,
16018403502,2024-01-16T14:00:00,SILVER,9.0,µg/L,0.0192,0,,
16018403502,2024-01-16T14:00:00,SODIUM,117.0,mg/L,0.3236,0,,
16018403502,2024-01-16T14:00:00,SOLIDS; SUSPENDED,21.6,mg/L,0.2263,0,,
16018403502,2024-01-16T14:00:00,STRONTIUM,612.0,µg/L,0.6901,1,"rolling_mean_30, rolling_std_30, rolling_mean_7","4.21, 3.92, 3.32"
16018403502,2024-01-16T14:00:00,TIN,9.0,µg/L,0.0192,0,,
16018403502,2024-01-16T14:00:00,TITANIUM,2.09,µg/L,0.0438,0,,
16018403502,2024-01-16T14:00:00,URANIUM,3.0,µg/L,0.0262,0,,
16018403502,2024-01-16T14:00:00,VANADIUM,0.5,µg/L,0.0204,0,,
16018403502,2024-01-16T14:00:00,ZINC,6.25,µg/L,0.0971,0,,
16018403502,2024-01-16T14:00:00,ZIRCONIUM,1.0,µg/L,0.0031,0,,
16018403502,2024-02-27T13:56:00,ALKALINITY,231.1,mg/L as CaCO3,0.3744,0,,
16018403502,2024-02-27T13:56:00,ALUMINUM,131.0,µg/L,0.6159,1,"rolling_std_14, rolling_std_30, is_gap","3.61, 2.80, 1.53"
16018403502,2024-02-27T13:56:00,BARIUM,37.8,µg/L,0.1863,0,,
16018403502,2024-02-27T13:56:00,BERYLLIUM,0.1,µg/L,0.0615,0,,
16018403502,2024-02-27T13:56:00,BISMUTH,5.0,µg/L,0.0601,0,,
16018403502,2024-02-27T13:56:00,CADMIUM,0.9,µg/L,0.0602,0,,
16018403502,2024-02-27T13:56:00,CALCIUM,90.3,mg/L,0.2211,0,,
16018403502,2024-02-27T13:56:00,CHLORIDE,103.0,mg/L,0.2689,0,,
16018403502,2024-02-27T13:56:00,CHROMIUM,1.0,µg/L,0.0856,0,,
16018403502,2024-02-27T13:56:00,COBALT,1.0,µg/L,0.0622,0,,
16018403502,2024-02-27T13:56:00,CONDUCTIVITY,958.0,µS/cm,0.6778,1,"rolling_mean_30, rolling_mean_7, rolling_mean_14","3.96, 3.95, 3.54"
16018403502,2024-02-27T13:56:00,COPPER,1.35,µg/L,0.076,0,,
16018403502,2024-02-27T13:56:00,HARDNESS,342.0,mg/L,0.3982,0,,
16018403502,2024-02-27T13:56:00,IRON,123.0,µg/L,0.6169,1,"rolling_std_14, rolling_std_30, is_gap","3.78, 2.75, 1.53"
16018403502,2024-02-27T13:56:00,LEAD,7.0,µg/L,0.0622,0,,
16018403502,2024-02-27T13:56:00,LITHIUM,5.0,µg/L,0.0663,0,,
16018403502,2024-02-27T13:56:00,MAGNESIUM,28.2,mg/L,0.1201,0,,
16018403502,2024-02-27T13:56:00,MANGANESE,15.1,µg/L,0.2323,0,,
16018403502,2024-02-27T13:56:00,MERCURY,5.0,ng/L,0.0756,0,,
16018403502,2024-02-27T13:56:00,MOLYBDENUM,2.0,µg/L,0.059,0,,
16018403502,2024-02-27T13:56:00,NICKEL,2.0,µg/L,0.0613,0,,
16018403502,2024-02-27T13:56:00,NITRATE,5.81,mg/L,0.1102,0,,
16018403502,2024-02-27T13:56:00,NITROGEN; AMMONIA+AMMONIUM,0.07,mg/L,0.0852,0,,
16018403502,2024-02-27T13:56:00,NITROGEN; NITRATE+NITRITE,5.87,mg/L,0.1102,0,,
16018403502,2024-02-27T13:56:00,NITROGEN; NITRITE,0.056,mg/L,0.1045,0,,
16018403502,2024-02-27T13:56:00,NITROGEN; TOTAL,6.57,mg/L,0.0885,0,,
16018403502,2024-02-27T13:56:00,PH,8.28,,0.0739,0,,
16018403502,2024-02-27T13:56:00,PHENOL,0.63,µg/L,0.0603,0,,
16018403502,2024-02-27T13:56:00,PHOSPHORUS; PHOSPHATE,0.012,mg/L,0.082,0,,
16018403502,2024-02-27T13:56:00,PHOSPHORUS; TOTAL,31.2,µg/L,0.4049,0,,
16018403502,2024-02-27T13:56:00,POTASSIUM,3.14,mg/L,0.0886,0,,
16018403502,2024-02-27T13:56:00,SILVER,9.0,µg/L,0.0694,0,,
16018403502,2024-02-27T13:56:00,SODIUM,60.2,mg/L,0.2927,0,,
16018403502,2024-02-27T13:56:00,SOLIDS; SUSPENDED,8.21,mg/L,0.2938,0,,
16018403502,2024-02-27T13:56:00,STRONTIUM,835.0,µg/L,0.742,1,"rolling_mean_30, rolling_std_30, rolling_mean_7","4.20, 3.92, 3.65"
16018403502,2024-02-27T13:56:00,TIN,9.0,µg/L,0.0694,0,,
16018403502,2024-02-27T13:56:00,TITANIUM,6.0,µg/L,0.1016,0,,
16018403502,2024-02-27T13:56:00,URANIUM,3.0,µg/L,0.0754,0,,
16018403502,2024-02-27T13:56:00,VANADIUM,0.5,µg/L,0.0746,0,,
16018403502,2024-02-27T13:56:00,ZINC,26.3,µg/L,0.2092,0,,
16018403502,2024-02-27T13:56:00,ZIRCONIUM,1.0,µg/L,0.0596,0,,
16018403502,2024-03-18T14:00:00,ALKALINITY,210.3,mg/L as CaCO3,0.2704,0,,
16018403502,2024-03-18T14:00:00,ALUMINUM,678.0,µg/L,0.7404,1,"rate_of_change, rolling_std_14, delta","5.36, 3.70, 3.67"
16018403502,2024-03-18T14:00:00,BARIUM,34.8,µg/L,0.1089,0,,
16018403502,2024-03-18T14:00:00,BERYLLIUM,0.1,µg/L,0.0066,0,,
16018403502,2024-03-18T14:00:00,BISMUTH,5.0,µg/L,0.0057,0,,
16018403502,2024-03-18T14:00:00,CADMIUM,0.9,µg/L,0.0052,0,,
16018403502,2024-03-18T14:00:00,CALCIUM,75.1,mg/L,0.1607,0,,
16018403502,2024-03-18T14:00:00,CHLORIDE,65.4,mg/L,0.2444,0,,
16018403502,2024-03-18T14:00:00,CHROMIUM,1.0,µg/L,0.0062,0,,
16018403502,2024-03-18T14:00:00,COBALT,1.0,µg/L,0.0075,0,,
16018403502,2024-03-18T14:00:00,CONDUCTIVITY,691.0,µS/cm,0.6704,1,"rolling_mean_30, rolling_mean_7, rolling_mean_14","3.95, 3.91, 3.56"
16018403502,2024-03-18T14:00:00,COPPER,3.52,µg/L,0.0445,0,,
16018403502,2024-03-18T14:00:00,HARDNESS,274.0,mg/L,0.4073,0,,
16018403502,2024-03-18T14:00:00,IRON,477.0,µg/L,0.7033,1,"rolling_std_14, rate_of_change, rolling_std_30","3.77, 3.47, 2.77"
16018403502,2024-03-18T14:00:00,LEAD,7.0,µg/L,0.0118,0,,
16018403502,2024-03-18T14:00:00,LITHIUM,5.0,µg/L,0.0158,0,,
16018403502,2024-03-18T14:00:00,MAGNESIUM,20.9,mg/L,0.1121,0,,
16018403502,2024-03-18T14:00:00,MANGANESE,24.0,µg/L,0.1578,0,,
16018403502,2024-03-18T14:00:00,MERCURY,5.0,ng/L,0.0251,0,,
16018403502,2024-03-18T14:00:00,MOLYBDENUM,2.0,µg/L,0.0047,0,,
16018403502,2024-03-18T14:00:00,NICKEL,2.0,µg/L,0.0066,0,,
16018403502,2024-03-18T14:00:00,NITRATE,5.07,mg/L,0.0306,0,,
16018403502,2024-03-18T14:00:00,NITROGEN; AMMONIA+AMMONIUM,0.02,mg/L,0.0205,0,,
16018403502,2024-03-18T14:00:00,NITROGEN; NITRATE+NITRITE,5.12,mg/L,0.03,0,,
16018403502,2024-03-18T14:00:00,NITROGEN; NITRITE,0.048,mg/L,0.0202,0,,
16018403502,2024-03-18T14:00:00,NITROGEN; TOTAL,5.19,mg/L,0.0259,0,,
16018403502,2024-03-18T14:00:00,PH,8.27,,0.0178,0,,
16018403502,2024-03-18T14:00:00,PHENOL,0.63,µg/L,0.0074,0,,
16018403502,2024-03-18T14:00:00,PHOSPHORUS; PHOSPHATE,0.018,mg/L,0.0058,0,,
16018403502,2024-03-18T14:00:00,PHOSPHORUS; TOTAL,104.0,µg/L,0.3533,0,,
16018403502,2024-03-18T14:00:00,POTASSIUM,3.21,mg/L,0.0188,0,,
16018403502,2024-03-18T14:00:00,SILVER,9.0,µg/L,0.0189,0,,
16018403502,2024-03-18T14:00:00,SODIUM,39.8,mg/L,0.1756,0,,
16018403502,2024-03-18T14:00:00,SOLIDS; DISSOLVED,449.0,mg/L,0.567,0,,
16018403502,2024-03-18T14:00:00,SOLIDS; SUSPENDED,22.3,mg/L,0.2481,0,,
16018403502,2024-03-18T14:00:00,SOLIDS; TOTAL,472.0,mg/L,0.5782,0,,
16018403502,2024-03-18T14:00:00,STRONTIUM,462.0,µg/L,0.7678,1,"rolling_mean_30, rolling_std_30, rate_of_change","4.17, 4.03, -3.64"
16018403502,2024-03-18T14:00:00,TIN,9.0,µg/L,0.0189,0,,
16018403502,2024-03-18T14:00:00,TITANIUM,19.7,µg/L,0.2195,0,,
16018403502,2024-03-18T14:00:00,URANIUM,3.0,µg/L,0.0238,0,,
16018403502,2024-03-18T14:00:00,VANADIUM,1.02,µg/L,0.0142,0,,
16018403502,2024-03-18T14:00:00,ZINC,11.5,µg/L,0.1164,0,,
16018403502,2024-03-18T14:00:00,ZIRCONIUM,1.0,µg/L,0.0049,0,,
16018403502,2024-04-22T14:30:00,ALKALINITY,226.5,mg/L as CaCO3,0.3447,0,,
16018403502,2024-04-22T14:30:00,ALUMINUM,466.0,µg/L,0.6337,1,"rolling_std_30, rolling_std_7, rolling_std_14","2.88, 2.17, 1.75"
16018403502,2024-04-22T14:30:00,BARIUM,36.5,µg/L,0.146,0,,
16018403502,2024-04-22T14:30:00,BERYLLIUM,0.1,µg/L,0.0619,0,,
16018403502,2024-04-22T14:30:00,BISMUTH,5.0,µg/L,0.0598,0,,
16018403502,2024-04-22T14:30:00,CADMIUM,0.9,µg/L,0.0604,0,,
16018403502,2024-04-22T14:30:00,CALCIUM,78.1,mg/L,0.1969,0,,
16018403502,2024-04-22T14:30:00,CHLORIDE,60.6,mg/L,0.2716,0,,
16018403502,2024-04-22T14:30:00,CHROMIUM,1.0,µg/L,0.0622,0,,
16018403502,2024-04-22T14:30:00,COBALT,1.0,µg/L,0.0624,0,,
16018403502,2024-04-22T14:30:00,CONDUCTIVITY,682.0,µS/cm,0.6228,1,"rolling_mean_30, rolling_mean_7, rolling_mean_14","3.93, 3.69, 3.64"
16018403502,2024-04-22T14:30:00,COPPER,3.3,µg/L,0.0729,0,,
16018403502,2024-04-22T14:30:00,HARDNESS,288.0,mg/L,0.3879,0,,
16018403502,2024-04-22T14:30:00,IRON,354.0,µg/L,0.6304,1,"rolling_std_14, rolling_std_30, rolling_std_7","3.77, 2.75, 1.55"
16018403502,2024-04-22T14:30:00,LEAD,7.0,µg/L,0.0619,0,,
16018403502,2024-04-22T14:30:00,LITHIUM,5.0,µg/L,0.0664,0,,
16018403502,2024-04-22T14:30:00,MAGNESIUM,22.6,mg/L,0.1197,0,,
16018403502,2024-04-22T14:30:00,MANGANESE,30.4,µg/L,0.1863,0,,
16018403502,2024-04-22T14:30:00,MERCURY,5.0,ng/L,0.0661,0,,
16018403502,2024-04-22T14:30:00,MOLYBDENUM,2.0,µg/L,0.0585,0,,
16018403502,2024-04-22T14:30:00,NICKEL,2.0,µg/L,0.0611,0,,
16018403502,2024-04-22T14:30:00,NITRATE,4.49,mg/L,0.0733,0,,
16018403502,2024-04-22T14:30:00,NITROGEN; AMMONIA+AMMONIUM,0.02,mg/L,0.0724,0,,
16018403502,2024-04-22T14:30:00,NITROGEN; NITRATE+NITRITE,4.52,mg/L,0.0733,0,,
16018403502,2024-04-22T14:30:00,NITROGEN; NITRITE,0.028,mg/L,0.0614,0,,
16018403502,2024-04-22T14:30:00,NITROGEN; TOTAL,5.88,mg/L,0.0723,0,,
16018403502,2024-04-22T14:30:00,PH,8.4,,0.0954,0,,
16018403502,2024-04-22T14:30:00,PHENOL,0.63,µg/L,0.0596,0,,
16018403502,2024-04-22T14:30:00,PHOSPHORUS; PHOSPHATE,0.009,mg/L,0.062,0,,
16018403502,2024-04-22T14:30:00,PHOSPHORUS; TOTAL,46.1,µg/L,0.3348,0,,
16018403502,2024-04-22T14:30:00,POTASSIUM,2.93,mg/L,0.0995,0,,
16018403502,2024-04-22T14:30:00,SILVER,9.0,µg/L,0.0692,0,,
16018403502,2024-04-22T14:30:00,SODIUM,36.0,mg/L,0.2252,0,,
16018403502,2024-04-22T14:30:00,SOLIDS; SUSPENDED,27.7,mg/L,0.2092,0,,
16018403502,2024-04-22T14:30:00,STRONTIUM,513.0,µg/L,0.6701,1,"rolling_std_30, rolling_mean_30, rolling_mean_14","4.15, 4.10, 3.31"
16018403502,2024-04-22T14:30:00,TIN,9.0,µg/L,0.0692,0,,
16018403502,2024-04-22T14:30:00,TITANIUM,12.2,µg/L,0.1572,0,,
16018403502,2024-04-22T14:30:00,URANIUM,3.0,µg/L,0.074,0,,
16018403502,2024-04-22T14:30:00,VANADIUM,0.84,µg/L,0.064,0,,
16018403502,2024-04-22T14:30:00,ZINC,11.3,µg/L,0.1158,0,,
16018403502,2024-04-22T14:30:00,ZIRCONIUM,1.0,µg/L,0.0601,0,,
16018403502,2024-05-22T15:00:00,ALKALINITY,218.8,mg/L as CaCO3,0.2554,0,,
16018403502,2024-05-22T15:00:00,ALUMINUM,272.0,µg/L,0.573,0,,
16018403502,2024-05-22T15:00:00,BARIUM,43.7,µg/L,0.0859,0,,
16018403502,2024-05-22T15:00:00,BERYLLIUM,0.1,µg/L,0.0057,0,,
16018403502,2024-05-22T15:00:00,BISMUTH,5.0,µg/L,0.0053,0,,
16018403502,2024-05-22T15:00:00,CADMIUM,0.9,µg/L,0.0043,0,,
16018403502,2024-05-22T15:00:00,CALCIUM,85.5,mg/L,0.1249,0,,
16018403502,2024-05-22T15:00:00,CHLORIDE,86.3,mg/L,0.1974,0,,
16018403502,2024-05-22T15:00:00,CHROMIUM,1.0,µg/L,0.006,0,,
16018403502,2024-05-22T15:00:00,COBALT,1.0,µg/L,0.005,0,,
16018403502,2024-05-22T15:00:00,CONDUCTIVITY,773.0,µS/cm,0.5665,0,,
16018403502,2024-05-22T15:00:00,COPPER,3.83,µg/L,0.0308,0,,
16018403502,2024-05-22T15:00:00,HARDNESS,321.0,mg/L,0.3194,0,,
16018403502,2024-05-22T15:00:00,IRON,358.0,µg/L,0.4736,0,,
16018403502,2024-05-22T15:00:00,LEAD,7.0,µg/L,0.0109,0,,
16018403502,2024-05-22T15:00:00,LITHIUM,5.0,µg/L,0.0149,0,,
16018403502,2024-05-22T15:00:00,MAGNESIUM,26.1,mg/L,0.0604,0,,
16018403502,2024-05-22T15:00:00,MANGANESE,42.4,µg/L,0.1287,0,,
16018403502,2024-05-22T15:00:00,MERCURY,5.0,ng/L,0.0141,0,,
16018403502,2024-05-22T15:00:00,MOLYBDENUM,2.0,µg/L,0.0038,0,,
16018403502,2024-05-22T15:00:00,NICKEL,2.0,µg/L,0.0057,0,,
16018403502,2024-05-22T15:00:00,NITRATE,2.91,mg/L,0.0231,0,,
16018403502,2024-05-22T15:00:00,NITROGEN; AMMONIA+AMMONIUM,0.09,mg/L,0.0148,0,,
16018403502,2024-05-22T15:00:00,NITROGEN; NITRATE+NITRITE,2.95,mg/L,0.0231,0,,
16018403502,2024-05-22T15:00:00,NITROGEN; NITRITE,0.04,mg/L,0.01,0,,
16018403502,2024-05-22T15:00:00,NITROGEN; TOTAL,4.09,mg/L,0.0218,0,,
16018403502,2024-05-22T15:00:00,PH,8.27,,0.0161,0,,
16018403502,2024-05-22T15:00:00,PHENOL,0.63,µg/L,0.0051,0,,
16018403502,2024-05-22T15:00:00,PHOSPHORUS; PHOSPHATE,0.009,mg/L,0.0084,0,,
16018403502,2024-05-22T15:00:00,PHOSPHORUS; TOTAL,66.2,µg/L,0.2166,0,,
16018403502,2024-05-22T15:00:00,POTASSIUM,3.32,mg/L,0.0172,0,,
16018403502,2024-05-22T15:00:00,SILVER,9.0,µg/L,0.0187,0,,
16018403502,2024-05-22T15:00:00,SODIUM,50.8,mg/L,0.1491,0,,
16018403502,2024-05-22T15:00:00,SOLIDS; SUSPENDED,40.1,mg/L,0.1645,0,,
16018403502,2024-05-22T15:00:00,STRONTIUM,771.0,µg/L,0.6767,1,"rolling_std_30, rolling_mean_30, rolling_mean_14","4.15, 4.06, 3.23"
16018403502,2024-05-22T15:00:00,TIN,9.0,µg/L,0.0187,0,,
16018403502,2024-05-22T15:00:00,TITANIUM,4.11,µg/L,0.0683,0,,
16018403502,2024-05-22T15:00:00,URANIUM,3.0,µg/L,0.0221,0,,
16018403502,2024-05-22T15:00:00,VANADIUM,0.95,µg/L,0.0064,0,,
16018403502,2024-05-22T15:00:00,ZINC,10.3,µg/L,0.0665,0,,
16018403502,2024-05-22T15:00:00,ZIRCONIUM,1.0,µg/L,0.004,0,,
16018403502,2024-06-24T13:50:00,ALKALINITY,186.9,mg/L as CaCO3,0.2678,0,,
16018403502,2024-06-24T13:50:00,ALUMINUM,352.0,µg/L,0.5466,0,,
16018403502,2024-06-24T13:50:00,BARIUM,45.2,µg/L,0.0798,0,,
16018403502,2024-06-24T13:50:00,BERYLLIUM,0.1,µg/L,0.0055,0,,
16018403502,2024-06-24T13:50:00,BISMUTH,5.0,µg/L,0.0051,0,,
16018403502,2024-06-24T13:50:00,CADMIUM,0.9,µg/L,0.0041,0,,
16018403502,2024-06-24T13:50:00,CALCIUM,80.9,mg/L,0.1163,0,,
16018403502,2024-06-24T13:50:00,CHLORIDE,107.0,mg/L,0.1823,0,,
16018403502,2024-06-24T13:50:00,CHROMIUM,1.0,µg/L,0.0057,0,,
16018403502,2024-06-24T13:50:00,COBALT,1.0,µg/L,0.0048,0,,
16018403502,2024-06-24T13:50:00,CONDUCTIVITY,830.0,µS/cm,0.5523,0,,
16018403502,2024-06-24T13:50:00,COPPER,3.65,µg/L,0.0263,0,,
16018403502,2024-06-24T13:50:00,HARDNESS,306.0,mg/L,0.3037,0,,
16018403502,2024-06-24T13:50:00,IRON,509.0,µg/L,0.5714,0,,
16018403502,2024-06-24T13:50:00,LEAD,7.0,µg/L,0.0106,0,,
16018403502,2024-06-24T13:50:00,LITHIUM,5.0,µg/L,0.0117,0,,
16018403502,2024-06-24T13:50:00,MAGNESIUM,25.3,mg/L,0.0497,0,,
16018403502,2024-06-24T13:50:00,MANGANESE,54.9,µg/L,0.138,0,,
16018403502,2024-06-24T13:50:00,MERCURY,5.0,ng/L,0.0139,0,,
16018403502,2024-06-24T13:50:00,MOLYBDENUM,2.0,µg/L,0.0035,0,,
16018403502,2024-06-24T13:50:00,NICKEL,3.56,µg/L,0.0651,0,,
16018403502,2024-06-24T13:50:00,NITRATE,2.28,mg/L,0.0206,0,,
16018403502,2024-06-24T13:50:00,NITROGEN; AMMONIA+AMMONIUM,0.06,mg/L,0.0082,0,,
16018403502,2024-06-24T13:50:00,NITROGEN; NITRATE+NITRITE,2.32,mg/L,0.0203,0,,
16018403502,2024-06-24T13:50:00,NITROGEN; NITRITE,0.041,mg/L,0.0118,0,,
16018403502,2024-06-24T13:50:00,NITROGEN; TOTAL,3.03,mg/L,0.02,0,,
16018403502,2024-06-24T13:50:00,PH,8.22,,0.0107,0,,
16018403502,2024-06-24T13:50:00,PHENOL,0.63,µg/L,0.0046,0,,
16018403502,2024-06-24T13:50:00,PHOSPHORUS; PHOSPHATE,0.041,mg/L,0.0138,0,,
16018403502,2024-06-24T13:50:00,PHOSPHORUS; TOTAL,81.8,µg/L,0.2062,0,,
16018403502,2024-06-24T13:50:00,POTASSIUM,3.61,mg/L,0.0067,0,,
16018403502,2024-06-24T13:50:00,SILVER,9.0,µg/L,0.018,0,,
16018403502,2024-06-24T13:50:00,SODIUM,62.2,mg/L,0.1387,0,,
16018403502,2024-06-24T13:50:00,SOLIDS; DISSOLVED,644.0,mg/L,0.5992,1,"rolling_mean_14, rolling_mean_30, rolling_mean_7","2.48, 2.41, 2.32"
16018403502,2024-06-24T13:50:00,SOLIDS; SUSPENDED,40.8,mg/L,0.1437,0,,
16018403502,2024-06-24T13:50:00,SOLIDS; TOTAL,685.0,mg/L,0.6179,1,"rolling_mean_14, rolling_mean_30, rolling_mean_7","2.61, 2.55, 2.45"
16018403502,2024-06-24T13:50:00,STRONTIUM,823.0,µg/L,0.61,1,"rolling_std_30, rolling_mean_30, rolling_mean_14","4.04, 3.98, 3.33"
16018403502,2024-06-24T13:50:00,TIN,9.0,µg/L,0.018,0,,
16018403502,2024-06-24T13:50:00,TITANIUM,4.95,µg/L,0.0372,0,,
16018403502,2024-06-24T13:50:00,URANIUM,3.05,µg/L,0.0212,0,,
16018403502,2024-06-24T13:50:00,VANADIUM,0.84,µg/L,0.0047,0,,
16018403502,2024-06-24T13:50:00,ZINC,9.07,µg/L,0.061,0,,
16018403502,2024-06-24T13:50:00,ZIRCONIUM,1.0,µg/L,0.0037,0,,
16018403502,2024-07-17T15:10:00,ALKALINITY,177.6,mg/L as CaCO3,0.2316,0,,
16018403502,2024-07-17T15:10:00,ALUMINUM,831.0,µg/L,0.7459,1,"rate_of_change, delta, rolling_std_30","4.08, 3.21, 3.09"
16018403502,2024-07-17T15:10:00,BARIUM,41.6,µg/L,0.0823,0,,
16018403502,2024-07-17T15:10:00,BERYLLIUM,0.1,µg/L,0.0054,0,,
16018403502,2024-07-17T15:10:00,BISMUTH,5.0,µg/L,0.0048,0,,
16018403502,2024-07-17T15:10:00,CADMIUM,0.9,µg/L,0.0043,0,,
16018403502,2024-07-17T15:10:00,CALCIUM,69.8,mg/L,0.1415,0,,
16018403502,2024-07-17T15:10:00,CHLORIDE,48.5,mg/L,0.2822,0,,
16018403502,2024-07-17T15:10:00,CHROMIUM,1.57,µg/L,0.0493,0,,
16018403502,2024-07-17T15:10:00,COBALT,1.0,µg/L,0.005,0,,
16018403502,2024-07-17T15:10:00,CONDUCTIVITY,580.0,µS/cm,0.644,1,"rolling_mean_30, rolling_mean_14, rolling_mean_7","3.82, 3.57, 3.28"
16018403502,2024-07-17T15:10:00,COPPER,4.05,µg/L,0.0313,0,,
16018403502,2024-07-17T15:10:00,HARDNESS,253.0,mg/L,0.3712,0,,
16018403502,2024-07-17T15:10:00,IRON,1230.0,µg/L,0.8147,1,"rate_of_change, delta, rolling_std_7","6.13, 4.84, 4.17"
16018403502,2024-07-17T15:10:00,LEAD,7.0,µg/L,0.0103,0,,
16018403502,2024-07-17T15:10:00,LITHIUM,5.0,µg/L,0.0091,0,,
16018403502,2024-07-17T15:10:00,MAGNESIUM,19.0,mg/L,0.1209,0,,
16018403502,2024-07-17T15:10:00,MANGANESE,59.0,µg/L,0.1286,0,,
16018403502,2024-07-17T15:10:00,MERCURY,5.0,ng/L,0.0136,0,,
16018403502,2024-07-17T15:10:00,MOLYBDENUM,2.0,µg/L,0.0038,0,,
16018403502,2024-07-17T15:10:00,NICKEL,2.0,µg/L,0.0257,0,,
16018403502,2024-07-17T15:10:00,NITRATE,4.26,mg/L,0.0293,0,,
16018403502,2024-07-17T15:10:00,NITROGEN; AMMONIA+AMMONIUM,0.13,mg/L,0.0325,0,,
16018403502,2024-07-17T15:10:00,NITROGEN; NITRATE+NITRITE,4.3,mg/L,0.0274,0,,
16018403502,2024-07-17T15:10:00,NITROGEN; NITRITE,0.045,mg/L,0.0111,0,,
16018403502,2024-07-17T15:10:00,NITROGEN; TOTAL,5.22,mg/L,0.0262,0,,
16018403502,2024-07-17T15:10:00,PH,8.14,,0.0215,0,,
16018403502,2024-07-17T15:10:00,PHENOL,0.63,µg/L,0.0049,0,,
16018403502,2024-07-17T15:10:00,PHOSPHORUS; PHOSPHATE,0.075,mg/L,0.0491,0,,
16018403502,2024-07-17T15:10:00,PHOSPHORUS; TOTAL,191.0,µg/L,0.3758,0,,
16018403502,2024-07-17T15:10:00,POTASSIUM,4.27,mg/L,0.0183,0,,
16018403502,2024-07-17T15:10:00,SILVER,9.0,µg/L,0.0175,0,,
16018403502,2024-07-17T15:10:00,SODIUM,30.5,mg/L,0.2137,0,,
16018403502,2024-07-17T15:10:00,SOLIDS; SUSPENDED,75.4,mg/L,0.2572,0,,
16018403502,2024-07-17T15:10:00,STRONTIUM,416.0,µg/L,0.7237,1,"rolling_std_30, rolling_mean_30, rate_of_change","4.01, 3.83, -3.45"
16018403502,2024-07-17T15:10:00,TIN,9.0,µg/L,0.0175,0,,
16018403502,2024-07-17T15:10:00,TITANIUM,4.47,µg/L,0.0309,0,,
16018403502,2024-07-17T15:10:00,URANIUM,3.0,µg/L,0.0212,0,,
16018403502,2024-07-17T15:10:00,VANADIUM,2.19,µg/L,0.0948,0,,
16018403502,2024-07-17T15:10:00,ZINC,14.3,µg/L,0.0657,0,,
16018403502,2024-07-17T15:10:00,ZIRCONIUM,1.0,µg/L,0.004,0,,
16018403502,2024-08-12T13:40:00,ALKALINITY,189.4,mg/L as CaCO3,0.2223,0,,
16018403502,2024-08-12T13:40:00,ALUMINUM,227.0,µg/L,0.6981,1,"rate_of_change, delta, rolling_std_30","-4.55, -4.05, 3.08"
16018403502,2024-08-12T13:40:00,BARIUM,42.5,µg/L,0.0692,0,,
16018403502,2024-08-12T13:40:00,BERYLLIUM,0.1,µg/L,0.0044,0,,
16018403502,2024-08-12T13:40:00,BISMUTH,5.0,µg/L,0.0038,0,,
16018403502,2024-08-12T13:40:00,CADMIUM,0.9,µg/L,0.003,0,,
16018403502,2024-08-12T13:40:00,CALCIUM,80.4,mg/L,0.1205,0,,
16018403502,2024-08-12T13:40:00,CHLORIDE,75.5,mg/L,0.2124,0,,
16018403502,2024-08-12T13:40:00,CHROMIUM,1.0,µg/L,0.0094,0,,
16018403502,2024-08-12T13:40:00,COBALT,1.0,µg/L,0.0037,0,,
16018403502,2024-08-12T13:40:00,CONDUCTIVITY,734.0,µS/cm,0.5941,1,"rolling_mean_30, rolling_mean_14, rolling_mean_7","3.78, 3.52, 3.30"
16018403502,2024-08-12T13:40:00,COPPER,3.92,µg/L,0.0228,0,,
16018403502,2024-08-12T13:40:00,HARDNESS,301.0,mg/L,0.3418,0,,
16018403502,2024-08-12T13:40:00,IRON,390.0,µg/L,0.7546,1,"rate_of_change, delta, rolling_std_7","-6.33, -5.63, 3.79"
16018403502,2024-08-12T13:40:00,LEAD,7.0,µg/L,0.0093,0,,
16018403502,2024-08-12T13:40:00,LITHIUM,5.0,µg/L,0.0075,0,,
16018403502,2024-08-12T13:40:00,MAGNESIUM,24.3,mg/L,0.0652,0,,
16018403502,2024-08-12T13:40:00,MANGANESE,34.4,µg/L,0.1741,0,,
16018403502,2024-08-12T13:40:00,MERCURY,5.0,ng/L,0.0126,0,,
16018403502,2024-08-12T13:40:00,MOLYBDENUM,2.0,µg/L,0.0025,0,,
16018403502,2024-08-12T13:40:00,NICKEL,3.07,µg/L,0.0324,0,,
16018403502,2024-08-12T13:40:00,NITRATE,2.02,mg/L,0.0388,0,,
16018403502,2024-08-12T13:40:00,NITROGEN; AMMONIA+AMMONIUM,0.03,mg/L,0.0165,0,,
16018403502,2024-08-12T13:40:00,NITROGEN; NITRATE+NITRITE,2.04,mg/L,0.0375,0,,
16018403502,2024-08-12T13:40:00,NITROGEN; NITRITE,0.023,mg/L,0.0096,0,,
16018403502,2024-08-12T13:40:00,NITROGEN; TOTAL,2.74,mg/L,0.0404,0,,
16018403502,2024-08-12T13:40:00,PH,8.58,,0.0815,0,,
16018403502,2024-08-12T13:40:00,PHENOL,0.63,µg/L,0.0036,0,,
16018403502,2024-08-12T13:40:00,PHOSPHORUS; PHOSPHATE,0.015,mg/L,0.0089,0,,
16018403502,2024-08-12T13:40:00,PHOSPHORUS; TOTAL,64.6,µg/L,0.3573,0,,
16018403502,2024-08-12T13:40:00,POTASSIUM,3.66,mg/L,0.0078,0,,
16018403502,2024-08-12T13:40:00,SILVER,9.0,µg/L,0.0164,0,,
16018403502,2024-08-12T13:40:00,SODIUM,44.3,mg/L,0.1456,0,,
16018403502,2024-08-12T13:40:00,SOLIDS; DISSOLVED,477.0,mg/L,0.5746,0,,
16018403502,2024-08-12T13:40:00,SOLIDS; SUSPENDED,22.7,mg/L,0.2483,0,,
16018403502,2024-08-12T13:40:00,SOLIDS; TOTAL,500.0,mg/L,0.5855,1,"rolling_mean_14, rolling_mean_30, rolling_mean_7","2.61, 2.53, 2.45"
16018403502,2024-08-12T13:40:00,STRONTIUM,852.0,µg/L,0.722,1,"rolling_std_30, rolling_mean_30, rate_of_change","3.80, 3.74, 3.30"
16018403502,2024-08-12T13:40:00,TIN,9.0,µg/L,0.0164,0,,
16018403502,2024-08-12T13:40:00,TITANIUM,3.66,µg/L,0.0332,0,,
16018403502,2024-08-12T13:40:00,URANIUM,7.87,µg/L,0.0558,0,,
16018403502,2024-08-12T13:40:00,VANADIUM,0.5,µg/L,0.0325,0,,
16018403502,2024-08-12T13:40:00,ZINC,6.52,µg/L,0.0983,0,,
16018403502,2024-08-12T13:40:00,ZIRCONIUM,1.0,µg/L,0.0027,0,,
16018403502,2024-09-23T11:30:00,ALKALINITY,170.8,mg/L as CaCO3,0.3365,0,,
16018403502,2024-09-23T11:30:00,ALUMINUM,149.0,µg/L,0.6278,1,"rolling_std_30, rolling_std_7, rolling_std_14","3.08, 2.64, 2.56"
16018403502,2024-09-23T11:30:00,BARIUM,39.5,µg/L,0.1349,0,,
16018403502,2024-09-23T11:30:00,BERYLLIUM,0.1,µg/L,0.0617,0,,
16018403502,2024-09-23T11:30:00,BISMUTH,5.0,µg/L,0.0601,0,,
16018403502,2024-09-23T11:30:00,CADMIUM,0.9,µg/L,0.0607,0,,
16018403502,2024-09-23T11:30:00,CHLORIDE,97.6,mg/L,0.2617,0,,
16018403502,2024-09-23T11:30:00,CHROMIUM,1.0,µg/L,0.0624,0,,
16018403502,2024-09-23T11:30:00,COBALT,1.0,µg/L,0.0605,0,,
16018403502,2024-09-23T11:30:00,CONDUCTIVITY,825.0,µS/cm,0.613,1,"rolling_mean_30, rolling_mean_14, rolling_mean_7","3.78, 3.62, 3.20"
16018403502,2024-09-23T11:30:00,COPPER,2.8,µg/L,0.067,0,,
16018403502,2024-09-23T11:30:00,HARDNESS,312.0,mg/L,0.3783,0,,
16018403502,2024-09-23T11:30:00,IRON,199.0,µg/L,0.6974,1,"rolling_std_7, rolling_std_30, rolling_std_14","3.65, 3.51, 3.40"
16018403502,2024-09-23T11:30:00,LEAD,7.0,µg/L,0.0622,0,,
16018403502,2024-09-23T11:30:00,LITHIUM,5.0,µg/L,0.0606,0,,
16018403502,2024-09-23T11:30:00,MAGNESIUM,27.7,mg/L,0.1282,0,,
16018403502,2024-09-23T11:30:00,MANGANESE,19.2,µg/L,0.2164,0,,
16018403502,2024-09-23T11:30:00,MERCURY,5.0,ng/L,0.0664,0,,
16018403502,2024-09-23T11:30:00,MOLYBDENUM,2.0,µg/L,0.059,0,,
16018403502,2024-09-23T11:30:00,NICKEL,2.0,µg/L,0.0677,0,,
16018403502,2024-09-23T11:30:00,NITRATE,2.23,mg/L,0.0743,0,,
16018403502,2024-09-23T11:30:00,NITROGEN; AMMONIA+AMMONIUM,0.06,mg/L,0.0629,0,,
16018403502,2024-09-23T11:30:00,NITROGEN; NITRATE+NITRITE,2.27,mg/L,0.0743,0,,
16018403502,2024-09-23T11:30:00,NITROGEN; NITRITE,0.035,mg/L,0.062,0,,
16018403502,2024-09-23T11:30:00,NITROGEN; TOTAL,2.84,mg/L,0.0843,0,,
16018403502,2024-09-23T11:30:00,PH,8.34,,0.0759,0,,
16018403502,2024-09-23T11:30:00,PHENOL,0.72,µg/L,0.0686,0,,
16018403502,2024-09-23T11:30:00,PHOSPHORUS; PHOSPHATE,0.01,mg/L,0.062,0,,
16018403502,2024-09-23T11:30:00,PHOSPHORUS; TOTAL,22.4,µg/L,0.3518,0,,
16018403502,2024-09-23T11:30:00,POTASSIUM,4.04,mg/L,0.0662,0,,
16018403502,2024-09-23T11:30:00,SILVER,9.0,µg/L,0.0694,0,,
16018403502,2024-09-23T11:30:00,SODIUM,55.8,mg/L,0.1921,0,,
16018403502,2024-09-23T11:30:00,SOLIDS; DISSOLVED,557.0,mg/L,0.5149,0,,
16018403502,2024-09-23T11:30:00,SOLIDS; SUSPENDED,14.5,mg/L,0.2236,0,,
16018403502,2024-09-23T11:30:00,SOLIDS; TOTAL,571.0,mg/L,0.5241,0,,
16018403502,2024-09-23T11:30:00,STRONTIUM,881.0,µg/L,0.6452,1,"rolling_std_30, rolling_mean_30, rolling_mean_14","3.76, 3.71, 3.32"
16018403502,2024-09-23T11:30:00,TIN,9.0,µg/L,0.0694,0,,
16018403502,2024-09-23T11:30:00,TITANIUM,3.11,µg/L,0.0927,0,,
16018403502,2024-09-23T11:30:00,URANIUM,3.0,µg/L,0.1019,0,,
16018403502,2024-09-23T11:30:00,VANADIUM,0.5,µg/L,0.0744,0,,
16018403502,2024-09-23T11:30:00,ZINC,12.1,µg/L,0.1244,0,,
16018403502,2024-09-23T11:30:00,ZIRCONIUM,1.0,µg/L,0.0599,0,,
16018403502,2024-10-31T13:10:00,ALKALINITY,192.1,mg/L as CaCO3,0.3187,0,,
16018403502,2024-10-31T13:10:00,ALUMINUM,393.0,µg/L,0.6787,1,"rolling_std_30, rolling_std_14, rolling_std_7","3.06, 2.56, 2.33"
16018403502,2024-10-31T13:10:00,ANTIMONY,0.5,µg/L,0.0375,0,,
16018403502,2024-10-31T13:10:00,ARSENIC,1.0,µg/L,0.0368,0,,
16018403502,2024-10-31T13:10:00,BARIUM,43.0,µg/L,0.151,0,,
16018403502,2024-10-31T13:10:00,BERYLLIUM,0.5,µg/L,0.2077,0,,
16018403502,2024-10-31T13:10:00,BORON,54.0,µg/L,0.1067,0,,
16018403502,2024-10-31T13:10:00,CADMIUM,0.5,µg/L,0.1098,0,,
16018403502,2024-10-31T13:10:00,CALCIUM,529.0,mg/L,0.7141,1,"zscore, delta, rolling_std_7","5.92, 3.01, 1.71"
16018403502,2024-10-31T13:10:00,CHLORIDE,135.0,mg/L,0.3144,0,,
16018403502,2024-10-31T13:10:00,CHROMIUM,5.0,µg/L,0.237,0,,
16018403502,2024-10-31T13:10:00,COBALT,1.0,µg/L,0.0607,0,,
16018403502,2024-10-31T13:10:00,CONDUCTIVITY,938.0,µS/cm,0.6397,1,"rolling_mean_30, rolling_mean_14, rolling_mean_7","3.78, 3.69, 3.38"
16018403502,2024-10-31T13:10:00,COPPER,5.0,µg/L,0.1103,0,,
16018403502,2024-10-31T13:10:00,HARDNESS,1460.0,mg/L,0.8697,1,"delta, rate_of_change, zscore","7.70, 5.91, 5.86"
16018403502,2024-10-31T13:10:00,IRON,728.0,µg/L,0.7908,1,"rolling_std_7, rolling_std_30, delta","3.76, 3.60, 3.55"
16018403502,2024-10-31T13:10:00,LEAD,0.9,µg/L,0.189,0,,
16018403502,2024-10-31T13:10:00,MAGNESIUM,34.4,mg/L,0.1876,0,,
16018403502,2024-10-31T13:10:00,MANGANESE,41.9,µg/L,0.2222,0,,
16018403502,2024-10-31T13:10:00,MERCURY,5.0,ng/L,0.0672,0,,
16018403502,2024-10-31T13:10:00,MOLYBDENUM,1.0,µg/L,0.1332,0,,
16018403502,2024-10-31T13:10:00,NICKEL,2.0,µg/L,0.0628,0,,
16018403502,2024-10-31T13:10:00,NITRATE,3.58,mg/L,0.0672,0,,
16018403502,2024-10-31T13:10:00,NITROGEN; AMMONIA+AMMONIUM,0.05,mg/L,0.0615,0,,
16018403502,2024-10-31T13:10:00,NITROGEN; NITRATE+NITRITE,3.59,mg/L,0.0666,0,,
16018403502,2024-10-31T13:10:00,NITROGEN; NITRITE,0.017,mg/L,0.0724,0,,
16018403502,2024-10-31T13:10:00,NITROGEN; TOTAL,4.16,mg/L,0.069,0,,
16018403502,2024-10-31T13:10:00,PH,8.23,,0.069,0,,
16018403502,2024-10-31T13:10:00,PHENOL,0.63,µg/L,0.0629,0,,
16018403502,2024-10-31T13:10:00,PHOSPHORUS; PHOSPHATE,0.02,mg/L,0.062,0,,
16018403502,2024-10-31T13:10:00,PHOSPHORUS; TOTAL,23.2,µg/L,0.2974,0,,
16018403502,2024-10-31T13:10:00,POTASSIUM,4.91,mg/L,0.1018,0,,
16018403502,2024-10-31T13:10:00,SELENIUM,5.0,µg/L,0.0379,0,,
16018403502,2024-10-31T13:10:00,SILVER,0.5,µg/L,0.2114,0,,
16018403502,2024-10-31T13:10:00,SODIUM,10.3,mg/L,0.342,0,,
16018403502,2024-10-31T13:10:00,SOLIDS; SUSPENDED,39.6,mg/L,0.2551,0,,
16018403502,2024-10-31T13:10:00,STRONTIUM,970.0,µg/L,0.6681,1,"rolling_std_30, rolling_mean_30, rolling_mean_14","3.73, 3.70, 3.43"
16018403502,2024-10-31T13:10:00,THALLIUM,0.5,µg/L,0.0375,0,,
16018403502,2024-10-31T13:10:00,TITANIUM,6.0,µg/L,0.0926,0,,
16018403502,2024-10-31T13:10:00,URANIUM,0.7,µg/L,0.1181,0,,
16018403502,2024-10-31T13:10:00,VANADIUM,1.2,µg/L,0.0727,0,,
16018403502,2024-10-31T13:10:00,ZINC,17.0,µg/L,0.133,0,,
16018403502,2024-11-20T14:55:00,ALKALINITY,199.5,mg/L as CaCO3,0.2113,0,,
16018403502,2024-11-20T14:55:00,ALUMINUM,201.0,µg/L,0.6271,1,"rolling_std_30, rolling_std_14, rolling_std_7","3.08, 2.58, 2.41"
16018403502,2024-11-20T14:55:00,ANTIMONY,0.5,µg/L,0.0041,0,,
16018403502,2024-11-20T14:55:00,ARSENIC,1.0,µg/L,0.0035,0,,
16018403502,2024-11-20T14:55:00,BARIUM,43.0,µg/L,0.0731,0,,
16018403502,2024-11-20T14:55:00,BERYLLIUM,0.5,µg/L,0.1144,0,,
16018403502,2024-11-20T14:55:00,BORON,56.0,µg/L,0.1002,0,,
16018403502,2024-11-20T14:55:00,CADMIUM,0.5,µg/L,0.0344,0,,
16018403502,2024-11-20T14:55:00,CALCIUM,95.0,mg/L,0.5898,1,"rate_of_change, delta, rolling_std_7","-4.22, -2.91, 1.70"
16018403502,2024-11-20T14:55:00,CHLORIDE,137.0,mg/L,0.1897,0,,
16018403502,2024-11-20T14:55:00,CHROMIUM,5.0,µg/L,0.1272,0,,
16018403502,2024-11-20T14:55:00,COBALT,1.0,µg/L,0.0059,0,,
16018403502,2024-11-20T14:55:00,CONDUCTIVITY,949.0,µS/cm,0.5632,0,,
16018403502,2024-11-20T14:55:00,COPPER,5.0,µg/L,0.0509,0,,
16018403502,2024-11-20T14:55:00,HARDNESS,350.0,mg/L,0.7738,1,"rate_of_change, delta, rolling_std_7","-10.81, -7.45, 4.82"
16018403502,2024-11-20T14:55:00,IRON,322.0,µg/L,0.7426,1,"rate_of_change, rolling_std_7, rolling_std_30","-3.95, 3.80, 3.59"
16018403502,2024-11-20T14:55:00,LEAD,0.5,µg/L,0.0996,0,,
16018403502,2024-11-20T14:55:00,MAGNESIUM,27.5,mg/L,0.0908,0,,
16018403502,2024-11-20T14:55:00,MANGANESE,19.3,µg/L,0.1733,0,,
16018403502,2024-11-20T14:55:00,MERCURY,5.0,ng/L,0.015,0,,
16018403502,2024-11-20T14:55:00,MOLYBDENUM,1.2,µg/L,0.0383,0,,
16018403502,2024-11-20T14:55:00,NICKEL,2.0,µg/L,0.0092,0,,
16018403502,2024-11-20T14:55:00,NITRATE,3.89,mg/L,0.0082,0,,
16018403502,2024-11-20T14:55:00,NITROGEN; AMMONIA+AMMONIUM,0.03,mg/L,0.0135,0,,
16018403502,2024-11-20T14:55:00,NITROGEN; NITRATE+NITRITE,3.9,mg/L,0.0082,0,,
16018403502,2024-11-20T14:55:00,NITROGEN; NITRITE,0.011,mg/L,0.0238,0,,
16018403502,2024-11-20T14:55:00,NITROGEN; TOTAL,4.67,mg/L,0.0095,0,,
16018403502,2024-11-20T14:55:00,PH,8.25,,0.0128,0,,
16018403502,2024-11-20T14:55:00,PHENOL,0.63,µg/L,0.0058,0,,
16018403502,2024-11-20T14:55:00,PHOSPHORUS; PHOSPHATE,0.008,mg/L,0.012,0,,
16018403502,2024-11-20T14:55:00,PHOSPHORUS; TOTAL,3.2,µg/L,0.277,0,,
16018403502,2024-11-20T14:55:00,POTASSIUM,4.97,mg/L,0.0514,0,,
16018403502,2024-11-20T14:55:00,SELENIUM,5.0,µg/L,0.0055,0,,
16018403502,2024-11-20T14:55:00,SILVER,0.5,µg/L,0.1039,0,,
16018403502,2024-11-20T14:55:00,SODIUM,78.4,mg/L,0.2792,0,,
16018403502,2024-11-20T14:55:00,SOLIDS; DISSOLVED,780.0,mg/L,0.6477,1,"zscore, rolling_mean_14, rolling_mean_7","2.70, 2.51, 2.49"
16018403502,2024-11-20T14:55:00,SOLIDS; SUSPENDED,9.7,mg/L,0.2339,0,,
16018403502,2024-11-20T14:55:00,SOLIDS; TOTAL,790.0,mg/L,0.6514,1,"rolling_mean_14, rolling_mean_7, zscore","2.62, 2.59, 2.58"
16018403502,2024-11-20T14:55:00,STRONTIUM,1030.0,µg/L,0.6512,1,"rolling_mean_30, rolling_mean_7, rolling_std_30","3.65, 3.65, 3.59"
16018403502,2024-11-20T14:55:00,THALLIUM,0.5,µg/L,0.0041,0,,
16018403502,2024-11-20T14:55:00,TITANIUM,5.0,µg/L,0.0365,0,,
16018403502,2024-11-20T14:55:00,URANIUM,0.6,µg/L,0.0415,0,,
16018403502,2024-11-20T14:55:00,VANADIUM,0.7,µg/L,0.0104,0,,
16018403502,2024-11-20T14:55:00,ZINC,6.0,µg/L,0.1078,0,,
16018403502,2024-12-10T13:10:00,ALKALINITY,217.0,mg/L as CaCO3,0.2437,0,,
16018403502,2024-12-10T13:10:00,ALUMINUM,72.0,µg/L,0.6243,1,"rolling_std_30, rolling_std_14, rolling_std_7","3.11, 2.74, 2.67"
16018403502,2024-12-10T13:10:00,ANTIMONY,0.7,µg/L,0.0291,0,,
16018403502,2024-12-10T13:10:00,ARSENIC,1.0,µg/L,0.0035,0,,
16018403502,2024-12-10T13:10:00,BARIUM,49.2,µg/L,0.1214,0,,
16018403502,2024-12-10T13:10:00,BERYLLIUM,0.5,µg/L,0.0995,0,,
16018403502,2024-12-10T13:10:00,BORON,53.0,µg/L,0.1069,0,,
16018403502,2024-12-10T13:10:00,CADMIUM,0.5,µg/L,0.0323,0,,
16018403502,2024-12-10T13:10:00,CALCIUM,102.0,mg/L,0.4021,0,,
16018403502,2024-12-10T13:10:00,CHLORIDE,121.0,mg/L,0.1995,0,,
16018403502,2024-12-10T13:10:00,CHROMIUM,5.0,µg/L,0.1045,0,,
16018403502,2024-12-10T13:10:00,COBALT,1.0,µg/L,0.0059,0,,
16018403502,2024-12-10T13:10:00,CONDUCTIVITY,971.0,µS/cm,0.5741,0,,
16018403502,2024-12-10T13:10:00,COPPER,5.0,µg/L,0.0501,0,,
16018403502,2024-12-10T13:10:00,HARDNESS,362.0,mg/L,0.6337,1,"rolling_std_7, rolling_std_14, rolling_std_30","4.79, 3.90, 2.67"
16018403502,2024-12-10T13:10:00,IRON,135.0,µg/L,0.7066,1,"rolling_std_7, rolling_std_14, rolling_std_30","4.12, 3.69, 3.62"
16018403502,2024-12-10T13:10:00,LEAD,0.5,µg/L,0.1007,0,,
16018403502,2024-12-10T13:10:00,MAGNESIUM,25.8,mg/L,0.0639,0,,
16018403502,2024-12-10T13:10:00,MANGANESE,10.2,µg/L,0.1513,0,,
16018403502,2024-12-10T13:10:00,MERCURY,5.0,ng/L,0.015,0,,
16018403502,2024-12-10T13:10:00,MOLYBDENUM,1.5,µg/L,0.018,0,,
16018403502,2024-12-10T13:10:00,NICKEL,2.0,µg/L,0.0092,0,,
16018403502,2024-12-10T13:10:00,NITRATE,4.1,mg/L,0.009,0,,
16018403502,2024-12-10T13:10:00,NITROGEN; AMMONIA+AMMONIUM,0.03,mg/L,0.0111,0,,
16018403502,2024-12-10T13:10:00,NITROGEN; NITRATE+NITRITE,4.12,mg/L,0.0096,0,,
16018403502,2024-12-10T13:10:00,NITROGEN; NITRITE,0.012,mg/L,0.0182,0,,
16018403502,2024-12-10T13:10:00,NITROGEN; TOTAL,4.5,mg/L,0.0082,0,,
16018403502,2024-12-10T13:10:00,PH,8.27,,0.0156,0,,
16018403502,2024-12-10T13:10:00,PHENOL,0.74,µg/L,0.0204,0,,
16018403502,2024-12-10T13:10:00,PHOSPHORUS; PHOSPHATE,0.008,mg/L,0.011,0,,
16018403502,2024-12-10T13:10:00,PHOSPHORUS; TOTAL,16.0,µg/L,0.2715,0,,
16018403502,2024-12-10T13:10:00,POTASSIUM,4.47,mg/L,0.0263,0,,
16018403502,2024-12-10T13:10:00,SELENIUM,5.0,µg/L,0.0055,0,,
16018403502,2024-12-10T13:10:00,SILVER,0.5,µg/L,0.1037,0,,
16018403502,2024-12-10T13:10:00,SODIUM,67.4,mg/L,0.1673,0,,
16018403502,2024-12-10T13:10:00,SOLIDS; SUSPENDED,4.26,mg/L,0.182,0,,
16018403502,2024-12-10T13:10:00,STRONTIUM,1090.0,µg/L,0.6687,1,"rolling_mean_7, rolling_mean_30, rolling_std_30","3.88, 3.67, 3.62"
16018403502,2024-12-10T13:10:00,THALLIUM,0.5,µg/L,0.0041,0,,
16018403502,2024-12-10T13:10:00,TITANIUM,5.0,µg/L,0.0313,0,,
16018403502,2024-12-10T13:10:00,URANIUM,0.8,µg/L,0.0321,0,,
16018403502,2024-12-10T13:10:00,VANADIUM,0.5,µg/L,0.0214,0,,
16018403502,2024-12-10T13:10:00,ZINC,17.0,µg/L,0.1049,0,,
16018409202,2019-04-08T10:45:00,"AMMONIUM, TOTAL   UNFIL.REAC",0.074,mg/L,0.0389,0,,
16018409202,2019-04-08T10:45:00,"CHLORIDE,         UNFIL.REAC",60.4,mg/L,0.1114,0,,
16018409202,2019-04-08T10:45:00,"CONDUCTIVITY, AMBIENT",674.0,MICROMHOS/CM (CONDUCTIVITY),0.4846,0,,
16018409202,2019-04-08T10:45:00,DISSOLVED OXYGEN,11.85,mg/L,0.0502,0,,
16018409202,2019-04-08T10:45:00,"NITRATES TOTAL,   UNFIL.REAC",3.8,mg/L,0.039,0,,
16018409202,2019-04-08T10:45:00,"NITRITE,  UNFILTERED REACTIVE",0.034,mg/L,0.0389,0,,
16018409202,2019-04-08T10:45:00,NITROGEN; TOTAL,3.78,mg/L,0.039,0,,
16018409202,2019-04-08T10:45:00,PH FIELD,8.25,NO DIMENSION/SCALE,0.0419,0,,
16018409202,2019-04-08T10:45:00,"PHOSPHATE,FILTERED REACTIVE",0.032,mg/L,0.0389,0,,
16018409202,2019-04-08T10:45:00,"PHOSPHORUS,UNFILTERED TOTAL",61.8,µg/L,0.1114,0,,
16018409202,2019-04-08T10:45:00,"RESIDUE,FILTERED",422.0,mg/L,0.3971,0,,
16018409202,2019-04-08T10:45:00,"RESIDUE,PARTICULATE",10.3,mg/L,0.0456,0,,
16018409202,2019-04-08T10:45:00,"RESIDUE,TOTAL",432.0,mg/L,0.3991,0,,
16018409202,2019-04-08T10:45:00,STREAM CONDITION,8.0,NO DIMENSION/SCALE,0.0417,0,,
16018409202,2019-04-08T10:45:00,"TEMPERATURE, WATER",8.7,DEGREES CELSIUS,0.0423,0,,
16018409202,2019-05-16T10:45:00,"AMMONIUM, TOTAL   UNFIL.REAC",0.018,mg/L,0.0729,0,,
16018409202,2019-05-16T10:45:00,"CHLORIDE,         UNFIL.REAC",64.1,mg/L,0.167,0,,
16018409202,2019-05-16T10:45:00,"CONDUCTIVITY, AMBIENT",709.0,MICROMHOS/CM (CONDUCTIVITY),0.5483,0,,
16018409202,2019-05-16T10:45:00,DISSOLVED OXYGEN,11.64,mg/L,0.083,0,,
16018409202,2019-05-16T10:45:00,"NITRATES TOTAL,   UNFIL.REAC",3.79,mg/L,0.074,0,,
16018409202,2019-05-16T10:45:00,"NITRITE,  UNFILTERED REACTIVE",0.017,mg/L,0.0705,0,,
16018409202,2019-05-16T10:45:00,NITROGEN; TOTAL,4.03,mg/L,0.0695,0,,
16018409202,2019-05-16T10:45:00,PH FIELD,8.27,NO DIMENSION/SCALE,0.0745,0,,
16018409202,2019-05-16T10:45:00,"PHOSPHATE,FILTERED REACTIVE",0.0051,mg/L,0.0722,0,,
16018409202,2019-05-16T10:45:00,"PHOSPHORUS,UNFILTERED TOTAL",47.6,µg/L,0.2034,0,,
16018409202,2019-05-16T10:45:00,"RESIDUE,FILTERED",458.0,mg/L,0.4745,0,,
16018409202,2019-05-16T10:45:00,"RESIDUE,PARTICULATE",24.8,mg/L,0.1843,0,,
16018409202,2019-05-16T10:45:00,"RESIDUE,TOTAL",483.0,mg/L,0.4912,0,,
16018409202,2019-05-16T10:45:00,STREAM CONDITION,8.0,NO DIMENSION/SCALE,0.0669,0,,
16018409202,2019-05-16T10:45:00,"TEMPERATURE, WATER",12.3,DEGREES CELSIUS,0.0988,0,,
16018409202,2019-06-10T10:55:00,"AMMONIUM, TOTAL   UNFIL.REAC",0.027,mg/L,0.0047,0,,
16018409202,2019-06-10T10:55:00,"CHLORIDE,         UNFIL.REAC",75.0,mg/L,0.134,0,,
16018409202,2019-06-10T10:55:00,"CONDUCTIVITY, AMBIENT",780.0,MICROMHOS/CM (CONDUCTIVITY),0.5135,0,,
16018409202,2019-06-10T10:55:00,DISSOLVED OXYGEN,8.7,mg/L,0.0559,0,,
16018409202,2019-06-10T10:55:00,"NITRATES TOTAL,   UNFIL.REAC",3.09,mg/L,0.029,0,,
16018409202,2019-06-10T10:55:00,"NITRITE,  UNFILTERED REACTIVE",0.027,mg/L,0.0054,0,,
16018409202,2019-06-10T10:55:00,NITROGEN; TOTAL,3.28,mg/L,0.027,0,,
16018409202,2019-06-10T10:55:00,PH FIELD,8.12,NO DIMENSION/SCALE,0.03,0,,
16018409202,2019-06-10T10:55:00,"PHOSPHATE,FILTERED REACTIVE",0.0137,mg/L,0.0029,0,,
16018409202,2019-06-10T10:55:00,"PHOSPHORUS,UNFILTERED TOTAL",481.0,µg/L,0.7305,1,"rate_of_change, rolling_std_30, rolling_std_14","3.40, 3.12, 3.06"
16018409202,2019-06-10T10:55:00,"RESIDUE,FILTERED",502.0,mg/L,0.4235,0,,
16018409202,2019-06-10T10:55:00,"RESIDUE,PARTICULATE",17.8,mg/L,0.0834,0,,
16018409202,2019-06-10T10:55:00,"RESIDUE,TOTAL",520.0,mg/L,0.4263,0,,
16018409202,2019-06-10T10:55:00,STREAM CONDITION,8.0,NO DIMENSION/SCALE,0.0074,0,,
16018409202,2019-06-10T10:55:00,"TEMPERATURE, WATER",21.0,DEGREES CELSIUS,0.0959,0,,
16018409202,2019-07-15T11:00:00,"AMMONIUM, TOTAL   UNFIL.REAC",0.05,mg/L,0.0684,0,,
16018409202,2019-07-15T11:00:00,"CHLORIDE,         UNFIL.REAC",109.0,mg/L,0.292,0,,
16018409202,2019-07-15T11:00:00,"CONDUCTIVITY, AMBIENT",874.0,MICROMHOS/CM (CONDUCTIVITY),0.592,1,"rolling_mean_30, rolling_mean_14, rolling_mean_7","3.39, 3.38, 3.34"
16018409202,2019-07-15T11:00:00,DISSOLVED OXYGEN,8.71,mg/L,0.0777,0,,
16018409202,2019-07-15T11:00:00,"NITRATES TOTAL,   UNFIL.REAC",2.79,mg/L,0.0894,0,,
16018409202,2019-07-15T11:00:00,"NITRITE,  UNFILTERED REACTIVE",0.015,mg/L,0.0743,0,,
16018409202,2019-07-15T11:00:00,NITROGEN; TOTAL,3.03,mg/L,0.0871,0,,
16018409202,2019-07-15T11:00:00,"PHOSPHATE,FILTERED REACTIVE",0.0192,mg/L,0.0637,0,,
16018409202,2019-07-15T11:00:00,"PHOSPHORUS,UNFILTERED TOTAL",61.1,µg/L,0.6731,1,"delta, rolling_std_30, rolling_std_14","-2.82, 2.64, 2.59"
16018409202,2019-07-15T11:00:00,"RESIDUE,FILTERED",623.0,mg/L,0.5671,0,,
16018409202,2019-07-15T11:00:00,"RESIDUE,PARTICULATE",20.1,mg/L,0.1191,0,,
16018409202,2019-07-15T11:00:00,"RESIDUE,TOTAL",643.0,mg/L,0.5694,0,,
16018409202,2019-07-15T11:00:00,STREAM CONDITION,8.0,NO DIMENSION/SCALE,0.0664,0,,
16018409202,2019-07-15T11:00:00,"TEMPERATURE, WATER",25.1,DEGREES CELSIUS,0.1571,0,,
16018409202,2019-08-14T11:00:00,"AMMONIUM, TOTAL   UNFIL.REAC",0.024,mg/L,0.0195,0,,
16018409202,2019-08-14T11:00:00,"CHLORIDE,         UNFIL.REAC",112.0,mg/L,0.162,0,,
16018409202,2019-08-14T11:00:00,"CONDUCTIVITY, AMBIENT",876.0,MICROMHOS/CM (CONDUCTIVITY),0.5009,0,,
16018409202,2019-08-14T11:00:00,DISSOLVED OXYGEN,8.17,mg/L,0.0298,0,,
16018409202,2019-08-14T11:00:00,"NITRATES TOTAL,   UNFIL.REAC",2.94,mg/L,0.0163,0,,
16018409202,2019-08-14T11:00:00,"NITRITE,  UNFILTERED REACTIVE",0.014,mg/L,0.017,0,,
16018409202,2019-08-14T11:00:00,NITROGEN; TOTAL,3.41,mg/L,0.0066,0,,
16018409202,2019-08-14T11:00:00,PH FIELD,8.35,NO DIMENSION/SCALE,0.0957,0,,
16018409202,2019-08-14T11:00:00,"PHOSPHATE,FILTERED REACTIVE",0.0052,mg/L,0.018,0,,
16018409202,2019-08-14T11:00:00,"PHOSPHORUS,UNFILTERED TOTAL",33.0,µg/L,0.5043,0,,
16018409202,2019-08-14T11:00:00,"RESIDUE,FILTERED",615.0,mg/L,0.4442,0,,
16018409202,2019-08-14T11:00:00,"RESIDUE,PARTICULATE",8.2,mg/L,0.1162,0,,
16018409202,2019-08-14T11:00:00,"RESIDUE,TOTAL",623.0,mg/L,0.4548,0,,
16018409202,2019-08-14T11:00:00,STREAM CONDITION,7.0,NO DIMENSION/SCALE,0.0782,0,,
16018409202,2019-08-14T11:00:00,"TEMPERATURE, WATER",22.3,DEGREES CELSIUS,0.0782,0,,
16018409202,2019-09-11T10:45:00,"AMMONIUM, TOTAL   UNFIL.REAC",0.028,mg/L,0.0045,0,,
16018409202,2019-09-11T10:45:00,"CHLORIDE,         UNFIL.REAC",110.0,mg/L,0.1575,0,,
16018409202,2019-09-11T10:45:00,"CONDUCTIVITY, AMBIENT",871.0,MICROMHOS/CM (CONDUCTIVITY),0.5057,0,,
16018409202,2019-09-11T10:45:00,DISSOLVED OXYGEN,8.52,mg/L,0.0263,0,,
16018409202,2019-09-11T10:45:00,"NITRATES TOTAL,   UNFIL.REAC",3.44,mg/L,0.012,0,,
16018409202,2019-09-11T10:45:00,"NITRITE,  UNFILTERED REACTIVE",0.013,mg/L,0.0138,0,,
16018409202,2019-09-11T10:45:00,NITROGEN; TOTAL,3.87,mg/L,0.0174,0,,
16018409202,2019-09-11T10:45:00,PH FIELD,8.54,NO DIMENSION/SCALE,0.0506,0,,
16018409202,2019-09-11T10:45:00,"PHOSPHATE,FILTERED REACTIVE",0.0064,mg/L,0.0134,0,,
16018409202,2019-09-11T10:45:00,"PHOSPHORUS,UNFILTERED TOTAL",39.2,µg/L,0.4668,0,,
16018409202,2019-09-11T10:45:00,"RESIDUE,FILTERED",726.0,mg/L,0.5349,0,,
16018409202,2019-09-11T10:45:00,"RESIDUE,PARTICULATE",14.3,mg/L,0.0641,0,,
16018409202,2019-09-11T10:45:00,"RESIDUE,TOTAL",740.0,mg/L,0.5391,0,,
16018409202,2019-09-11T10:45:00,STREAM CONDITION,3.0,NO DIMENSION/SCALE,0.0973,0,,
16018409202,2019-09-11T10:45:00,"TEMPERATURE, WATER",21.1,DEGREES CELSIUS,0.0631,0,,
16018409202,2019-10-09T11:20:00,"AMMONIUM, TOTAL   UNFIL.REAC",0.037,mg/L,0.0032,0,,
16018409202,2019-10-09T11:20:00,"CHLORIDE,         UNFIL.REAC",85.9,mg/L,0.1738,0,,
16018409202,2019-10-09T11:20:00,"CONDUCTIVITY, AMBIENT",800.0,MICROMHOS/CM (CONDUCTIVITY),0.5191,0,,
16018409202,2019-10-09T11:20:00,DISSOLVED OXYGEN,10.62,mg/L,0.0331,0,,
16018409202,2019-10-09T11:20:00,"NITRATES TOTAL,   UNFIL.REAC",2.83,mg/L,0.0164,0,,
16018409202,2019-10-09T11:20:00,"NITRITE,  UNFILTERED REACTIVE",0.009,mg/L,0.0203,0,,
16018409202,2019-10-09T11:20:00,NITROGEN; TOTAL,3.45,mg/L,0.0057,0,,
16018409202,2019-10-09T11:20:00,PH FIELD,8.49,NO DIMENSION/SCALE,0.0268,0,,
16018409202,2019-10-09T11:20:00,"PHOSPHATE,FILTERED REACTIVE",0.016,mg/L,0.0068,0,,
16018409202,2019-10-09T11:20:00,"PHOSPHORUS,UNFILTERED TOTAL",40.3,µg/L,0.4507,0,,
16018409202,2019-10-09T11:20:00,"RESIDUE,FILTERED",502.0,mg/L,0.5361,0,,
16018409202,2019-10-09T11:20:00,"RESIDUE,PARTICULATE",10.7,mg/L,0.0724,0,,
16018409202,2019-10-09T11:20:00,"RESIDUE,TOTAL",512.0,mg/L,0.5399,0,,
16018409202,2019-10-09T11:20:00,STREAM CONDITION,8.0,NO DIMENSION/SCALE,0.0353,0,,
16018409202,2019-10-09T11:20:00,"TEMPERATURE, WATER",13.7,DEGREES CELSIUS,0.0878,0,,
16018409202,2019-11-06T11:15:00,"AMMONIUM, TOTAL   UNFIL.REAC",0.053,mg/L,0.0146,0,,
16018409202,2019-11-06T11:15:00,"CHLORIDE,         UNFIL.REAC",59.4,mg/L,0.1867,0,,
16018409202,2019-11-06T11:15:00,"CONDUCTIVITY, AMBIENT",733.0,MICROMHOS/CM (CONDUCTIVITY),0.5437,0,,
16018409202,2019-11-06T11:15:00,DISSOLVED OXYGEN,12.77,mg/L,0.0611,0,,
16018409202,2019-11-06T11:15:00,"NITRATES TOTAL,   UNFIL.REAC",5.94,mg/L,0.0856,0,,
16018409202,2019-11-06T11:15:00,"NITRITE,  UNFILTERED REACTIVE",0.027,mg/L,0.0173,0,,
16018409202,2019-11-06T11:15:00,NITROGEN; TOTAL,7.04,mg/L,0.0927,0,,
16018409202,2019-11-06T11:15:00,PH FIELD,8.51,NO DIMENSION/SCALE,0.0255,0,,
16018409202,2019-11-06T11:15:00,"PHOSPHATE,FILTERED REACTIVE",0.0535,mg/L,0.0621,0,,
16018409202,2019-11-06T11:15:00,"PHOSPHORUS,UNFILTERED TOTAL",98.1,µg/L,0.4824,0,,
16018409202,2019-11-06T11:15:00,"RESIDUE,FILTERED",460.0,mg/L,0.462,0,,
16018409202,2019-11-06T11:15:00,"RESIDUE,PARTICULATE",11.7,mg/L,0.0577,0,,
16018409202,2019-11-06T11:15:00,"RESIDUE,TOTAL",471.0,mg/L,0.4698,0,,
16018409202,2019-11-06T11:15:00,STREAM CONDITION,8.0,NO DIMENSION/SCALE,0.0157,0,,
16018409202,2019-11-06T11:15:00,"TEMPERATURE, WATER",6.1,DEGREES CELSIUS,0.1086,0,,
16018409202,2020-01-13T11:10:00,"AMMONIUM, TOTAL   UNFIL.REAC",0.135,mg/L,0.1393,0,,
16018409202,2020-01-13T11:10:00,"CHLORIDE,         UNFIL.REAC",30.6,mg/L,0.3154,0,,
16018409202,2020-01-13T11:10:00,"CONDUCTIVITY, AMBIENT",404.0,MICROMHOS/CM (CONDUCTIVITY),0.7036,1,"rolling_mean_7, rolling_mean_30, rolling_mean_14","3.36, 3.33, 3.32"
16018409202,2020-01-13T11:10:00,DISSOLVED OXYGEN,12.92,mg/L,0.1068,0,,
16018409202,2020-01-13T11:10:00,"NITRATES TOTAL,   UNFIL.REAC",3.69,mg/L,0.0891,0,,
16018409202,2020-01-13T11:10:00,"NITRITE,  UNFILTERED REACTIVE",0.035,mg/L,0.0975,0,,
16018409202,2020-01-13T11:10:00,NITROGEN; TOTAL,4.97,mg/L,0.0865,0,,
16018409202,2020-01-13T11:10:00,PH FIELD,8.35,NO DIMENSION/SCALE,0.0777,0,,
16018409202,2020-01-13T11:10:00,"PHOSPHATE,FILTERED REACTIVE",0.134,mg/L,0.1397,0,,
16018409202,2020-01-13T11:10:00,"PHOSPHORUS,UNFILTERED TOTAL",584.0,µg/L,0.7363,1,"delta, rolling_std_30, rolling_std_14","3.26, 2.66, 2.60"
16018409202,2020-01-13T11:10:00,"RESIDUE,FILTERED",240.0,mg/L,0.6378,1,"rolling_mean_7, zscore, rolling_mean_30","2.17, -2.11, 2.11"
16018409202,2020-01-13T11:10:00,"RESIDUE,PARTICULATE",353.0,mg/L,0.6321,1,"zscore, delta, is_gap","3.01, 2.29, 1.53"
16018409202,2020-01-13T11:10:00,"RESIDUE,TOTAL",592.0,mg/L,0.5626,0,,
16018409202,2020-01-13T11:10:00,STREAM CONDITION,3.0,NO DIMENSION/SCALE,0.1575,0,,
16018409202,2020-01-13T11:10:00,"TEMPERATURE, WATER",2.5,DEGREES CELSIUS,0.1845,0,,
16018409202,2020-01-13T11:10:00,"TURBIDITY, FIELD",210.9,FORMAZIN NEPHELOMETRIC UNIT,0.2358,0,,
16018409202,2020-03-11T12:05:00,"AMMONIUM, TOTAL   UNFIL.REAC",0.099,mg/L,0.088,0,,
16018409202,2020-03-11T12:05:00,"CHLORIDE,         UNFIL.REAC",70.7,mg/L,0.2734,0,,
16018409202,2020-03-11T12:05:00,"CONDUCTIVITY, AMBIENT",666.0,MICROMHOS/CM (CONDUCTIVITY),0.6521,1,"rolling_mean_30, rolling_mean_14, rolling_mean_7","3.29, 3.28, 3.28"
16018409202,2020-03-11T12:05:00,DISSOLVED OXYGEN,12.57,mg/L,0.0905,0,,
16018409202,2020-03-11T12:05:00,"NITRATES TOTAL,   UNFIL.REAC",5.16,mg/L,0.0965,0,,
16018409202,2020-03-11T12:05:00,"NITRITE,  UNFILTERED REACTIVE",0.04,mg/L,0.1002,0,,
16018409202,2020-03-11T12:05:00,NITROGEN; TOTAL,6.48,mg/L,0.1041,0,,
16018409202,2020-03-11T12:05:00,PH FIELD,7.98,NO DIMENSION/SCALE,0.1402,0,,
16018409202,2020-03-11T12:05:00,"PHOSPHATE,FILTERED REACTIVE",0.0208,mg/L,0.0699,0,,
16018409202,2020-03-11T12:05:00,"PHOSPHORUS,UNFILTERED TOTAL",291.0,µg/L,0.6485,1,"rolling_std_30, rolling_std_14, rolling_std_7","2.55, 2.49, 2.13"
16018409202,2020-03-11T12:05:00,"RESIDUE,FILTERED",414.0,mg/L,0.5911,1,"rolling_mean_7, rolling_mean_30, rolling_mean_14","2.11, 2.06, 2.06"
16018409202,2020-03-11T12:05:00,"RESIDUE,PARTICULATE",223.0,mg/L,0.5621,0,,
16018409202,2020-03-11T12:05:00,"RESIDUE,TOTAL",637.0,mg/L,0.539,0,,
16018409202,2020-03-11T12:05:00,STREAM CONDITION,3.0,NO DIMENSION/SCALE,0.1087,0,,
16018409202,2020-03-11T12:05:00,"TEMPERATURE, WATER",4.5,DEGREES CELSIUS,0.1538,0,,
16018409202,2020-03-11T12:05:00,"TURBIDITY, FIELD",80.0,FORMAZIN NEPHELOMETRIC UNIT,0.4687,0,,
16018409202,2020-10-08T11:20:00,"AMMONIUM, TOTAL   UNFIL.REAC",0.021,mg/L,0.2091,0,,
16018409202,2020-10-08T11:20:00,"CHLORIDE,         UNFIL.REAC",92.1,mg/L,0.38,0,,
16018409202,2020-10-08T11:20:00,"CONDUCTIVITY, AMBIENT",798.0,MICROMHOS/CM (CONDUCTIVITY),0.67,1,"time_gap_days, rolling_mean_30, rolling_mean_14","4.21, 3.31, 3.31"
16018409202,2020-10-08T11:20:00,DISSOLVED OXYGEN,11.3,mg/L,0.222,0,,
16018409202,2020-10-08T11:20:00,"NITRATES TOTAL,   UNFIL.REAC",3.01,mg/L,0.2204,0,,
16018409202,2020-10-08T11:20:00,"NITRITE,  UNFILTERED REACTIVE",0.008,mg/L,0.2252,0,,
16018409202,2020-10-08T11:20:00,NTOT,3.38,mg/L,0.0397,0,,
16018409202,2020-10-08T11:20:00,PH FIELD,8.2,NO DIMENSION/SCALE,0.2043,0,,
16018409202,2020-10-08T11:20:00,"PHOSPHATE,FILTERED REACTIVE",0.0121,mg/L,0.1942,0,,
16018409202,2020-10-08T11:20:00,"PHOSPHORUS,UNFILTERED TOTAL",28.0,µg/L,0.6758,1,"time_gap_days, rolling_std_30, rolling_std_14","4.21, 2.47, 2.41"
16018409202,2020-10-08T11:20:00,"RESIDUE,FILTERED",510.0,mg/L,0.6178,1,"time_gap_days, rolling_mean_30, rolling_mean_14","4.21, 2.07, 2.06"
16018409202,2020-10-08T11:20:00,"RESIDUE,PARTICULATE",9.5,mg/L,0.6045,1,"time_gap_days, is_gap, delta","4.21, 1.53, -1.43"
16018409202,2020-10-08T11:20:00,"RESIDUE,TOTAL",520.0,mg/L,0.6109,1,"time_gap_days, rolling_mean_7, rolling_mean_30","4.21, 2.47, 2.39"
16018409202,2020-10-08T11:20:00,STREAM CONDITION,8.0,NO DIMENSION/SCALE,0.229,0,,
16018409202,2020-10-08T11:20:00,"TEMPERATURE, WATER",12.2,DEGREES CELSIUS,0.2552,0,,
16018409202,2020-10-08T11:20:00,"TURBIDITY, FIELD",7.3,FORMAZIN NEPHELOMETRIC UNIT,0.5394,0,,
16018409202,2020-11-24T11:30:00,"AMMONIUM, TOTAL   UNFIL.REAC",0.022,mg/L,0.0694,0,,
16018409202,2020-11-24T11:30:00,"CHLORIDE,         UNFIL.REAC",79.9,mg/L,0.2298,0,,
16018409202,2020-11-24T11:30:00,"CONDUCTIVITY, AMBIENT",847.0,MICROMHOS/CM (CONDUCTIVITY),0.5871,1,"rolling_mean_30, rolling_mean_14, rolling_mean_7","3.36, 3.35, 3.20"
16018409202,2020-11-24T11:30:00,DISSOLVED OXYGEN,14.69,mg/L,0.1228,0,,
16018409202,2020-11-24T11:30:00,"NITRATES TOTAL,   UNFIL.REAC",4.29,mg/L,0.0741,0,,
16018409202,2020-11-24T11:30:00,"NITRITE,  UNFILTERED REACTIVE",0.01,mg/L,0.0759,0,,
16018409202,2020-11-24T11:30:00,NTOT,4.1,mg/L,0.0681,0,,
16018409202,2020-11-24T11:30:00,PH FIELD,8.46,NO DIMENSION/SCALE,0.0815,0,,
16018409202,2020-11-24T11:30:00,"PHOSPHATE,FILTERED REACTIVE",0.0069,mg/L,0.0643,0,,
16018409202,2020-11-24T11:30:00,"PHOSPHORUS,UNFILTERED TOTAL",18.2,µg/L,0.5561,0,,
16018409202,2020-11-24T11:30:00,STREAM CONDITION,8.0,NO DIMENSION/SCALE,0.0704,0,,
16018409202,2020-11-24T11:30:00,"TEMPERATURE, WATER",4.2,DEGREES CELSIUS,0.1533,0,,
16018409202,2020-11-24T11:30:00,"TURBIDITY, FIELD",4.2,FORMAZIN NEPHELOMETRIC UNIT,0.3845,0,,
16018409202,2020-12-10T10:50:00,"ALKALINITY, TOTAL",238.0,mg/L,0.2697,0,,
16018409202,2020-12-10T10:50:00,"AMMONIUM, TOTAL   UNFIL.REAC",0.022,mg/L,0.0221,0,,
16018409202,2020-12-10T10:50:00,"CHLORIDE,         UNFIL.REAC",122.0,mg/L,0.2807,0,,
16018409202,2020-12-10T10:50:00,"CONDUCTIVITY, 25C",999.0,MICRO SIEMENS PER CENTIMETER,0.6106,1,"rolling_mean_30, rolling_mean_14, rolling_mean_7","4.60, 4.59, 4.54"
16018409202,2020-12-10T10:50:00,"CONDUCTIVITY, AMBIENT",1010.0,MICROMHOS/CM (CONDUCTIVITY),0.6246,1,"rolling_mean_30, rolling_mean_14, rolling_mean_7","3.46, 3.45, 3.30"
16018409202,2020-12-10T10:50:00,DISSOLVED OXYGEN,14.96,mg/L,0.0779,0,,
16018409202,2020-12-10T10:50:00,"NITRATES TOTAL,   UNFIL.REAC",5.46,mg/L,0.0621,0,,
16018409202,2020-12-10T10:50:00,"NITRITE,  UNFILTERED REACTIVE",0.019,mg/L,0.0103,0,,
16018409202,2020-12-10T10:50:00,NTOT,6.14,mg/L,0.05,0,,
16018409202,2020-12-10T10:50:00,PH (-LOG H+ CONCN),8.41,NO DIMENSION/SCALE,0.0419,0,,
16018409202,2020-12-10T10:50:00,PH FIELD,8.27,NO DIMENSION/SCALE,0.0212,0,,
16018409202,2020-12-10T10:50:00,"PHOSPHATE,FILTERED REACTIVE",0.0081,mg/L,0.0143,0,,
16018409202,2020-12-10T10:50:00,"PHOSPHORUS,UNFILTERED TOTAL",19.8,µg/L,0.5048,0,,
16018409202,2020-12-10T10:50:00,"RESIDUE,PARTICULATE",3.5,mg/L,0.4631,0,,
16018409202,2020-12-10T10:50:00,STREAM CONDITION,8.0,NO DIMENSION/SCALE,0.0278,0,,
16018409202,2020-12-10T10:50:00,"TEMPERATURE, WATER",1.7,DEGREES CELSIUS,0.0876,0,,
16018409202,2020-12-10T10:50:00,"TURBIDITY, FIELD",2.8,FORMAZIN NEPHELOMETRIC UNIT,0.3082,0,,
16018409202,2021-01-27T10:10:00,"ALKALINITY, TOTAL",256.0,mg/L,0.3517,0,,
16018409202,2021-01-27T10:10:00,"AMMONIUM, TOTAL   UNFIL.REAC",0.024,mg/L,0.0678,0,,
16018409202,2021-01-27T10:10:00,"CHLORIDE,         UNFIL.REAC",113.0,mg/L,0.2544,0,,
16018409202,2021-01-27T10:10:00,"CONDUCTIVITY, 25C",1020.0,MICRO SIEMENS PER CENTIMETER,0.6829,1,"rolling_mean_30, rolling_mean_14, rolling_mean_7","4.66, 4.65, 4.59"
16018409202,2021-01-27T10:10:00,"CONDUCTIVITY, AMBIENT",10900.0,MICROMHOS/CM (CONDUCTIVITY),1.0,1,"delta, rolling_std_7, rate_of_change","66.35, 44.55, 40.36"
16018409202,2021-01-27T10:10:00,DISSOLVED OXYGEN,13.01,mg/L,0.0876,0,,
16018409202,2021-01-27T10:10:00,"NITRATES TOTAL,   UNFIL.REAC",6.39,mg/L,0.1027,0,,
16018409202,2021-01-27T10:10:00,"NITRITE,  UNFILTERED REACTIVE",0.021,mg/L,0.0635,0,,
16018409202,2021-01-27T10:10:00,NITROGEN; TOTAL,7.14,mg/L,0.3119,0,,
16018409202,2021-01-27T10:10:00,PH (-LOG H+ CONCN),8.45,NO DIMENSION/SCALE,0.0743,0,,
16018409202,2021-01-27T10:10:00,PH FIELD,8.1,NO DIMENSION/SCALE,0.0986,0,,
16018409202,2021-01-27T10:10:00,"PHOSPHATE,FILTERED REACTIVE",0.0077,mg/L,0.064,0,,
16018409202,2021-01-27T10:10:00,"PHOSPHORUS,UNFILTERED TOTAL",18.3,µg/L,0.5549,0,,
16018409202,2021-01-27T10:10:00,"RESIDUE,PARTICULATE",59.0,mg/L,0.4747,0,,
16018409202,2021-01-27T10:10:00,STREAM CONDITION,8.0,NO DIMENSION/SCALE,0.0725,0,,
16018409202,2021-01-27T10:10:00,"TEMPERATURE, WATER",0.8,DEGREES CELSIUS,0.1376,0,,
16018409202,2021-01-27T10:10:00,"TURBIDITY, FIELD",1.8,FORMAZIN NEPHELOMETRIC UNIT,0.3559,0,,
16018409202,2021-02-23T10:40:00,"ALKALINITY, TOTAL",249.0,mg/L,0.2506,0,,
16018409202,2021-02-23T10:40:00,"AMMONIUM, TOTAL   UNFIL.REAC",0.047,mg/L,0.006,0,,
16018409202,2021-02-23T10:40:00,"CHLORIDE,         UNFIL.REAC",158.0,mg/L,0.3043,0,,
16018409202,2021-02-23T10:40:00,"CONDUCTIVITY, 25C",1190.0,MICRO SIEMENS PER CENTIMETER,0.6913,1,"rolling_mean_30, rolling_mean_14, rolling_mean_7","4.96, 4.95, 4.89"
16018409202,2021-02-23T10:40:00,"CONDUCTIVITY, AMBIENT",1208.0,MICROMHOS/CM (CONDUCTIVITY),0.9641,1,"rate_of_change, delta, rolling_std_7","-70.20, -65.02, 44.25"
16018409202,2021-02-23T10:40:00,DISSOLVED OXYGEN,12.16,mg/L,0.0311,0,,
16018409202,2021-02-23T10:40:00,"NITRATES TOTAL,   UNFIL.REAC",6.51,mg/L,0.0477,0,,
16018409202,2021-02-23T10:40:00,"NITRITE,  UNFILTERED REACTIVE",0.068,mg/L,0.0953,0,,
16018409202,2021-02-23T10:40:00,NITROGEN; TOTAL,7.18,mg/L,0.0407,0,,
16018409202,2021-02-23T10:40:00,PH (-LOG H+ CONCN),8.26,NO DIMENSION/SCALE,0.031,0,,
16018409202,2021-02-23T10:40:00,PH FIELD,7.82,NO DIMENSION/SCALE,0.0822,0,,
16018409202,2021-02-23T10:40:00,"PHOSPHATE,FILTERED REACTIVE",0.0078,mg/L,0.0063,0,,
16018409202,2021-02-23T10:40:00,"PHOSPHORUS,UNFILTERED TOTAL",21.9,µg/L,0.4926,0,,
16018409202,2021-02-23T10:40:00,"RESIDUE,PARTICULATE",4.1,mg/L,0.3973,0,,
16018409202,2021-02-23T10:40:00,STREAM CONDITION,4.0,NO DIMENSION/SCALE,0.0593,0,,
16018409202,2021-02-23T10:40:00,"TEMPERATURE, WATER",1.9,DEGREES CELSIUS,0.059,0,,
16018409202,2021-02-23T10:40:00,"TURBIDITY, FIELD",2.5,FORMAZIN NEPHELOMETRIC UNIT,0.2745,0,,
16018409202,2021-03-09T10:30:00,"ALKALINITY, TOTAL",222.0,mg/L,0.3383,0,,
16018409202,2021-03-09T10:30:00,"AMMONIUM, TOTAL   UNFIL.REAC",0.033,mg/L,0.0131,0,,
16018409202,2021-03-09T10:30:00,"CHLORIDE,         UNFIL.REAC",119.0,mg/L,0.2852,0,,
16018409202,2021-03-09T10:30:00,"CONDUCTIVITY, 25C",951.0,MICRO SIEMENS PER CENTIMETER,0.7248,1,"rolling_mean_30, rolling_mean_14, rolling_mean_7","4.81, 4.80, 4.75"
16018409202,2021-03-09T10:30:00,"CONDUCTIVITY, AMBIENT",981.0,MICROMHOS/CM (CONDUCTIVITY),0.9184,1,"rolling_std_7, rolling_std_14, rolling_std_30","43.77, 36.73, 35.13"
16018409202,2021-03-09T10:30:00,DISSOLVED OXYGEN,13.91,mg/L,0.0592,0,,
16018409202,2021-03-09T10:30:00,"NITRATES TOTAL,   UNFIL.REAC",6.04,mg/L,0.0444,0,,
16018409202,2021-03-09T10:30:00,"NITRITE,  UNFILTERED REACTIVE",0.076,mg/L,0.0847,0,,
16018409202,2021-03-09T10:30:00,NITROGEN; TOTAL,6.4,mg/L,0.039,0,,
16018409202,2021-03-09T10:30:00,PH (-LOG H+ CONCN),8.39,NO DIMENSION/SCALE,0.0202,0,,
16018409202,2021-03-09T10:30:00,PH FIELD,8.33,NO DIMENSION/SCALE,0.0327,0,,
16018409202,2021-03-09T10:30:00,"PHOSPHATE,FILTERED REACTIVE",0.0107,mg/L,0.013,0,,
16018409202,2021-03-09T10:30:00,"PHOSPHORUS,UNFILTERED TOTAL",27.3,µg/L,0.4389,0,,
16018409202,2021-03-09T10:30:00,"RESIDUE,PARTICULATE",6.0,mg/L,0.374,0,,
16018409202,2021-03-09T10:30:00,STREAM CONDITION,8.0,NO DIMENSION/SCALE,0.0514,0,,
16018409202,2021-03-09T10:30:00,"TEMPERATURE, WATER",3.4,DEGREES CELSIUS,0.0677,0,,
16018409202,2021-03-09T10:30:00,"TURBIDITY, FIELD",4.0,FORMAZIN NEPHELOMETRIC UNIT,0.2313,0,,
16018409202,2021-04-14T11:00:00,CHLORIDE,86.9,mg/L,0.1411,0,,
16018409202,2021-04-14T11:00:00,CONDUCTIVITY,719.0,µS/cm,0.5052,0,,
16018409202,2021-04-14T11:00:00,NITRATE,3.7,mg/L,0.039,0,,
16018409202,2021-04-14T11:00:00,NITROGEN; AMMONIA+AMMONIUM,0.09,mg/L,0.0386,0,,
16018409202,2021-04-14T11:00:00,NITROGEN; NITRATE+NITRITE,3.7,mg/L,0.039,0,,
16018409202,2021-04-14T11:00:00,NITROGEN; NITRITE,0.037,mg/L,0.0389,0,,
16018409202,2021-04-14T11:00:00,NITROGEN; TOTAL,4.12,mg/L,0.0817,0,,
16018409202,2021-04-14T11:00:00,PHOSPHORUS; PHOSPHATE,0.017,mg/L,0.0388,0,,
16018409202,2021-04-14T11:00:00,PHOSPHORUS; TOTAL,78.2,µg/L,0.1306,0,,
16018409202,2021-04-14T11:00:00,SOLIDS; DISSOLVED,467.0,mg/L,0.4018,0,,
16018409202,2021-04-14T11:00:00,SOLIDS; SUSPENDED,35.6,mg/L,0.0762,0,,
16018409202,2021-04-14T11:00:00,SOLIDS; TOTAL,503.0,mg/L,0.4199,0,,
16018409202,2021-05-12T10:50:00,CHLORIDE,107.0,mg/L,0.1829,0,,
16018409202,2021-05-12T10:50:00,CONDUCTIVITY,891.0,µS/cm,0.5869,1,"rolling_mean_30, rolling_mean_14, rolling_mean_7","3.62, 3.61, 3.57"
16018409202,2021-05-12T10:50:00,NITRATE,3.74,mg/L,0.0145,0,,
16018409202,2021-05-12T10:50:00,NITROGEN; AMMONIA+AMMONIUM,0.06,mg/L,0.0154,0,,
16018409202,2021-05-12T10:50:00,NITROGEN; NITRATE+NITRITE,3.77,mg/L,0.013,0,,
16018409202,2021-05-12T10:50:00,NITROGEN; NITRITE,0.028,mg/L,0.0138,0,,
16018409202,2021-05-12T10:50:00,NITROGEN; TOTAL,4.32,mg/L,0.0056,0,,
16018409202,2021-05-12T10:50:00,PHOSPHORUS; PHOSPHATE,0.011,mg/L,0.0138,0,,
16018409202,2021-05-12T10:50:00,PHOSPHORUS; TOTAL,36.5,µg/L,0.2107,0,,
16018409202,2021-05-12T10:50:00,SOLIDS; DISSOLVED,609.0,mg/L,0.5125,0,,
16018409202,2021-05-12T10:50:00,SOLIDS; SUSPENDED,15.5,mg/L,0.1379,0,,
16018409202,2021-05-12T10:50:00,SOLIDS; TOTAL,625.0,mg/L,0.5001,0,,
16018409202,2021-06-07T16:43:00,CHLORIDE,125.0,mg/L,0.2093,0,,
16018409202,2021-06-07T16:43:00,CONDUCTIVITY,912.0,µS/cm,0.5456,0,,
16018409202,2021-06-07T16:43:00,NITRATE,2.93,mg/L,0.0291,0,,
16018409202,2021-06-07T16:43:00,NITROGEN; AMMONIA+AMMONIUM,0.06,mg/L,0.0116,0,,
16018409202,2021-06-07T16:43:00,NITROGEN; NITRATE+NITRITE,2.96,mg/L,0.027,0,,
16018409202,2021-06-07T16:43:00,NITROGEN; NITRITE,0.026,mg/L,0.0139,0,,
16018409202,2021-06-07T16:43:00,NITROGEN; TOTAL,3.62,mg/L,0.0153,0,,
16018409202,2021-06-07T16:43:00,PHOSPHORUS; PHOSPHATE,0.005,mg/L,0.0198,0,,
16018409202,2021-06-07T16:43:00,PHOSPHORUS; TOTAL,35.2,µg/L,0.1316,0,,
16018409202,2021-06-07T16:43:00,SOLIDS; DISSOLVED,599.0,mg/L,0.4469,0,,
16018409202,2021-06-07T16:43:00,SOLIDS; SUSPENDED,11.5,mg/L,0.1052,0,,
16018409202,2021-06-07T16:43:00,SOLIDS; TOTAL,611.0,mg/L,0.4435,0,,
16018409202,2021-07-13T15:05:00,CHLORIDE,123.0,mg/L,0.2478,0,,
16018409202,2021-07-13T15:05:00,CONDUCTIVITY,868.0,µS/cm,0.6074,1,"rolling_mean_30, rolling_mean_14, rolling_mean_7","3.84, 3.83, 3.79"
16018409202,2021-07-13T15:05:00,NITRATE,3.04,mg/L,0.0708,0,,
16018409202,2021-07-13T15:05:00,NITROGEN; AMMONIA+AMMONIUM,0.05,mg/L,0.0743,0,,
16018409202,2021-07-13T15:05:00,NITROGEN; NITRATE+NITRITE,3.06,mg/L,0.0713,0,,
16018409202,2021-07-13T15:05:00,NITROGEN; NITRITE,0.02,mg/L,0.0872,0,,
16018409202,2021-07-13T15:05:00,NITROGEN; TOTAL,3.49,mg/L,0.0717,0,,
16018409202,2021-07-13T15:05:00,PHOSPHORUS; PHOSPHATE,0.016,mg/L,0.0696,0,,
16018409202,2021-07-13T15:05:00,PHOSPHORUS; TOTAL,46.2,µg/L,0.1927,0,,
16018409202,2021-07-13T15:05:00,SOLIDS; DISSOLVED,662.0,mg/L,0.5347,0,,
16018409202,2021-07-13T15:05:00,SOLIDS; SUSPENDED,17.4,mg/L,0.1586,0,,
16018409202,2021-07-13T15:05:00,SOLIDS; TOTAL,679.0,mg/L,0.5419,0,,
16018409202,2021-08-17T11:05:00,CHLORIDE,112.0,mg/L,0.1671,0,,
16018409202,2021-08-17T11:05:00,CONDUCTIVITY,825.0,µS/cm,0.5502,0,,
16018409202,2021-08-17T11:05:00,NITRATE,2.02,mg/L,0.0474,0,,
16018409202,2021-08-17T11:05:00,NITROGEN; AMMONIA+AMMONIUM,0.06,mg/L,0.0105,0,,
16018409202,2021-08-17T11:05:00,NITROGEN; NITRATE+NITRITE,2.04,mg/L,0.0498,0,,
16018409202,2021-08-17T11:05:00,NITROGEN; NITRITE,0.018,mg/L,0.0266,0,,
16018409202,2021-08-17T11:05:00,NITROGEN; TOTAL,2.68,mg/L,0.0426,0,,
16018409202,2021-08-17T11:05:00,PHOSPHORUS; PHOSPHATE,0.01,mg/L,0.0145,0,,
16018409202,2021-08-17T11:05:00,PHOSPHORUS; TOTAL,36.6,µg/L,0.1281,0,,
16018409202,2021-09-14T16:32:00,CHLORIDE,61.1,mg/L,0.2631,0,,
16018409202,2021-09-14T16:32:00,CONDUCTIVITY,476.0,µS/cm,0.6653,1,"rolling_mean_30, rolling_mean_14, rolling_mean_7","3.50, 3.50, 3.46"
16018409202,2021-09-14T16:32:00,NITRATE,1.2,mg/L,0.0456,0,,
16018409202,2021-09-14T16:32:00,NITROGEN; AMMONIA+AMMONIUM,0.06,mg/L,0.0048,0,,
16018409202,2021-09-14T16:32:00,NITROGEN; NITRATE+NITRITE,1.25,mg/L,0.0456,0,,
16018409202,2021-09-14T16:32:00,NITROGEN; NITRITE,0.048,mg/L,0.047,0,,
16018409202,2021-09-14T16:32:00,NITROGEN; TOTAL,2.24,mg/L,0.0359,0,,
16018409202,2021-09-14T16:32:00,PHOSPHORUS; TOTAL,75.7,µg/L,0.2164,0,,
16018409202,2021-09-14T16:32:00,SOLIDS; DISSOLVED,309.0,mg/L,0.6505,1,"delta, rolling_mean_30, rolling_mean_14","-2.37, 2.23, 2.22"
16018409202,2021-09-14T16:32:00,SOLIDS; SUSPENDED,94.6,mg/L,0.3724,0,,
16018409202,2021-09-14T16:32:00,SOLIDS; TOTAL,404.0,mg/L,0.6129,1,"rolling_mean_30, rolling_mean_14, rolling_mean_7","2.40, 2.40, 2.37"
16018409202,2021-10-18T08:52:00,CHLORIDE,78.3,mg/L,0.1842,0,,
16018409202,2021-10-18T08:52:00,CONDUCTIVITY,788.0,µS/cm,0.6287,1,"rolling_mean_30, rolling_mean_14, rolling_mean_7","3.51, 3.50, 3.46"
16018409202,2021-10-18T08:52:00,NITRATE,3.02,mg/L,0.0225,0,,
16018409202,2021-10-18T08:52:00,NITROGEN; AMMONIA+AMMONIUM,0.04,mg/L,0.038,0,,
16018409202,2021-10-18T08:52:00,NITROGEN; NITRATE+NITRITE,3.03,mg/L,0.0225,0,,
16018409202,2021-10-18T08:52:00,NITROGEN; NITRITE,0.015,mg/L,0.0292,0,,
16018409202,2021-10-18T08:52:00,NITROGEN; TOTAL,4.23,mg/L,0.0181,0,,
16018409202,2021-10-18T08:52:00,PHOSPHORUS; PHOSPHATE,0.036,mg/L,0.1049,0,,
16018409202,2021-10-18T08:52:00,PHOSPHORUS; TOTAL,92.1,µg/L,0.1917,0,,
16018409202,2021-10-18T08:52:00,SOLIDS; DISSOLVED,512.0,mg/L,0.553,0,,
16018409202,2021-10-18T08:52:00,SOLIDS; SUSPENDED,29.7,mg/L,0.2423,0,,
16018409202,2021-10-18T08:52:00,SOLIDS; TOTAL,542.0,mg/L,0.5121,0,,
16018409202,2021-11-18T16:20:00,CHLORIDE,87.5,mg/L,0.1631,0,,
16018409202,2021-11-18T16:20:00,CONDUCTIVITY,856.0,µS/cm,0.5497,0,,
16018409202,2021-11-18T16:20:00,NITRATE,3.96,mg/L,0.0318,0,,
16018409202,2021-11-18T16:20:00,NITROGEN; AMMONIA+AMMONIUM,0.02,mg/L,0.0662,0,,
16018409202,2021-11-18T16:20:00,NITROGEN; NITRATE+NITRITE,3.97,mg/L,0.0318,0,,
16018409202,2021-11-18T16:20:00,NITROGEN; NITRITE,0.015,mg/L,0.0177,0,,
16018409202,2021-11-18T16:20:00,NITROGEN; TOTAL,4.87,mg/L,0.0145,0,,
16018409202,2021-11-18T16:20:00,PHOSPHORUS; PHOSPHATE,0.01,mg/L,0.0124,0,,
16018409202,2021-11-18T16:20:00,PHOSPHORUS; TOTAL,27.4,µg/L,0.2383,0,,
16018409202,2021-11-18T16:20:00,SOLIDS; DISSOLVED,537.0,mg/L,0.4451,0,,
16018409202,2021-11-18T16:20:00,SOLIDS; SUSPENDED,7.46,mg/L,0.1871,0,,
16018409202,2021-11-18T16:20:00,SOLIDS; TOTAL,544.0,mg/L,0.4331,0,,
16018409202,2022-04-12T13:22:00,CHLORIDE,78.7,mg/L,0.3179,0,,
16018409202,2022-04-12T13:22:00,CONDUCTIVITY,754.0,µS/cm,0.6478,1,"rolling_mean_30, rolling_mean_14, rolling_mean_7","3.53, 3.53, 3.46"
16018409202,2022-04-12T13:22:00,NITRATE,3.99,mg/L,0.1421,0,,
16018409202,2022-04-12T13:22:00,NITROGEN; AMMONIA+AMMONIUM,0.03,mg/L,0.1514,0,,
16018409202,2022-04-12T13:22:00,NITROGEN; NITRATE+NITRITE,4.02,mg/L,0.1434,0,,
16018409202,2022-04-12T13:22:00,NITROGEN; NITRITE,0.023,mg/L,0.1211,0,,
16018409202,2022-04-12T13:22:00,NITROGEN; TOTAL,4.67,mg/L,0.1304,0,,
16018409202,2022-04-12T13:22:00,PHOSPHORUS; PHOSPHATE,0.013,mg/L,0.1233,0,,
16018409202,2022-04-12T13:22:00,PHOSPHORUS; TOTAL,29.8,µg/L,0.2999,0,,
16018409202,2022-04-12T13:22:00,SOLIDS; DISSOLVED,490.0,mg/L,0.5651,0,,
16018409202,2022-04-12T13:22:00,SOLIDS; SUSPENDED,7.2,mg/L,0.2987,0,,
16018409202,2022-04-12T13:22:00,SOLIDS; TOTAL,497.0,mg/L,0.5625,0,,
16018409202,2022-05-10T16:32:00,CHLORIDE,76.6,mg/L,0.1375,0,,
16018409202,2022-05-10T16:32:00,CONDUCTIVITY,769.0,µS/cm,0.4948,0,,
16018409202,2022-05-10T16:32:00,NITRATE,3.73,mg/L,0.0139,0,,
16018409202,2022-05-10T16:32:00,NITROGEN; AMMONIA+AMMONIUM,0.04,mg/L,0.01,0,,
16018409202,2022-05-10T16:32:00,NITROGEN; NITRATE+NITRITE,3.76,mg/L,0.0149,0,,
16018409202,2022-05-10T16:32:00,NITROGEN; NITRITE,0.028,mg/L,0.0068,0,,
16018409202,2022-05-10T16:32:00,NITROGEN; TOTAL,4.68,mg/L,0.0076,0,,
16018409202,2022-05-10T16:32:00,PHOSPHORUS; PHOSPHATE,0.014,mg/L,0.0031,0,,
16018409202,2022-05-10T16:32:00,PHOSPHORUS; TOTAL,37.1,µg/L,0.1263,0,,
16018409202,2022-05-10T16:32:00,SOLIDS; DISSOLVED,500.0,mg/L,0.423,0,,
16018409202,2022-05-10T16:32:00,SOLIDS; SUSPENDED,12.9,mg/L,0.1319,0,,
16018409202,2022-05-10T16:32:00,SOLIDS; TOTAL,513.0,mg/L,0.4289,0,,
16018409202,2022-06-14T11:20:00,CHLORIDE,110.0,mg/L,0.2006,0,,
16018409202,2022-06-14T11:20:00,CONDUCTIVITY,859.0,µS/cm,0.5308,0,,
16018409202,2022-06-14T11:20:00,NITRATE,2.94,mg/L,0.0129,0,,
16018409202,2022-06-14T11:20:00,NITROGEN; AMMONIA+AMMONIUM,0.05,mg/L,0.0109,0,,
16018409202,2022-06-14T11:20:00,NITROGEN; NITRATE+NITRITE,2.96,mg/L,0.0129,0,,
16018409202,2022-06-14T11:20:00,NITROGEN; NITRITE,0.022,mg/L,0.0116,0,,
16018409202,2022-06-14T11:20:00,NITROGEN; TOTAL,3.99,mg/L,0.0118,0,,
16018409202,2022-06-14T11:20:00,PHOSPHORUS; PHOSPHATE,0.016,mg/L,0.0139,0,,
16018409202,2022-06-14T11:20:00,PHOSPHORUS; TOTAL,58.5,µg/L,0.1728,0,,
16018409202,2022-06-14T11:20:00,SOLIDS; DISSOLVED,597.0,mg/L,0.4679,0,,
16018409202,2022-06-14T11:20:00,SOLIDS; SUSPENDED,29.7,mg/L,0.1712,0,,
16018409202,2022-06-14T11:20:00,SOLIDS; TOTAL,627.0,mg/L,0.4854,0,,
16018409202,2022-07-12T11:00:00,CHLORIDE,133.0,mg/L,0.2173,0,,
16018409202,2022-07-12T11:00:00,CONDUCTIVITY,913.0,µS/cm,0.5292,0,,
16018409202,2022-07-12T11:00:00,NITRATE,2.56,mg/L,0.0128,0,,
16018409202,2022-07-12T11:00:00,NITROGEN; AMMONIA+AMMONIUM,0.05,mg/L,0.0032,0,,
16018409202,2022-07-12T11:00:00,NITROGEN; NITRATE+NITRITE,2.59,mg/L,0.0128,0,,
16018409202,2022-07-12T11:00:00,NITROGEN; NITRITE,0.026,mg/L,0.0044,0,,
16018409202,2022-07-12T11:00:00,NITROGEN; TOTAL,3.47,mg/L,0.0148,0,,
16018409202,2022-07-12T11:00:00,PHOSPHORUS; PHOSPHATE,0.017,mg/L,0.0079,0,,
16018409202,2022-07-12T11:00:00,PHOSPHORUS; TOTAL,30.8,µg/L,0.1761,0,,
16018409202,2022-07-12T11:00:00,SOLIDS; DISSOLVED,667.0,mg/L,0.4801,0,,
16018409202,2022-07-12T11:00:00,SOLIDS; SUSPENDED,11.2,mg/L,0.1687,0,,
16018409202,2022-07-12T11:00:00,SOLIDS; TOTAL,678.0,mg/L,0.4783,0,,
16018409202,2022-08-24T14:48:00,ALKALINITY,162.0,mg/L as CaCO3,0.2036,0,,
16018409202,2022-08-24T14:48:00,CHLORIDE,127.0,mg/L,0.2621,0,,
16018409202,2022-08-24T14:48:00,CONDUCTIVITY,884.0,µS/cm,0.609,1,"rolling_mean_7, rolling_mean_30, rolling_mean_14","3.71, 3.64, 3.63"
16018409202,2022-08-24T14:48:00,NITRATE,2.47,mg/L,0.0686,0,,
16018409202,2022-08-24T14:48:00,NITROGEN; AMMONIA+AMMONIUM,0.03,mg/L,0.0859,0,,
16018409202,2022-08-24T14:48:00,NITROGEN; NITRATE+NITRITE,2.5,mg/L,0.0687,0,,
16018409202,2022-08-24T14:48:00,NITROGEN; NITRITE,0.026,mg/L,0.0613,0,,
16018409202,2022-08-24T14:48:00,NITROGEN; TOTAL,3.67,mg/L,0.0631,0,,
16018409202,2022-08-24T14:48:00,PH,7.92,,0.0417,0,,
16018409202,2022-08-24T14:48:00,PHOSPHORUS; PHOSPHATE,0.022,mg/L,0.0719,0,,
16018409202,2022-08-24T14:48:00,PHOSPHORUS; TOTAL,36.4,µg/L,0.1955,0,,
16018409202,2022-08-24T14:48:00,SOLIDS; SUSPENDED,15.9,mg/L,0.1877,0,,
16018409202,2022-09-26T10:23:00,ALKALINITY,170.0,mg/L as CaCO3,0.1994,0,,
16018409202,2022-09-26T10:23:00,CHLORIDE,125.0,mg/L,0.176,0,,
16018409202,2022-09-26T10:23:00,CONDUCTIVITY,910.0,µS/cm,0.5399,0,,
16018409202,2022-09-26T10:23:00,NITRATE,2.79,mg/L,0.0067,0,,
16018409202,2022-09-26T10:23:00,NITROGEN; AMMONIA+AMMONIUM,0.04,mg/L,0.0082,0,,
16018409202,2022-09-26T10:23:00,NITROGEN; NITRATE+NITRITE,2.81,mg/L,0.0069,0,,
16018409202,2022-09-26T10:23:00,NITROGEN; NITRITE,0.016,mg/L,0.0177,0,,
16018409202,2022-09-26T10:23:00,NITROGEN; TOTAL,3.34,mg/L,0.0171,0,,
16018409202,2022-09-26T10:23:00,PH,8.07,,0.0216,0,,
16018409202,2022-09-26T10:23:00,PHOSPHORUS; PHOSPHATE,0.014,mg/L,0.0058,0,,
16018409202,2022-09-26T10:23:00,PHOSPHORUS; TOTAL,31.9,µg/L,0.1138,0,,
16018409202,2022-09-26T10:23:00,SOLIDS; SUSPENDED,8.58,mg/L,0.1313,0,,
16018409202,2022-10-12T10:40:00,CHLORIDE,123.0,mg/L,0.1759,0,,
16018409202,2022-10-12T10:40:00,CONDUCTIVITY,931.0,µS/cm,0.5743,0,,
16018409202,2022-10-12T10:40:00,NITRATE,3.16,mg/L,0.016,0,,
16018409202,2022-10-12T10:40:00,NITROGEN; AMMONIA+AMMONIUM,0.02,mg/L,0.041,0,,
16018409202,2022-10-12T10:40:00,NITROGEN; NITRATE+NITRITE,3.18,mg/L,0.016,0,,
16018409202,2022-10-12T10:40:00,NITROGEN; NITRITE,0.012,mg/L,0.0405,0,,
16018409202,2022-10-12T10:40:00,NITROGEN; TOTAL,3.91,mg/L,0.0161,0,,
16018409202,2022-10-12T10:40:00,PHOSPHORUS; PHOSPHATE,0.009,mg/L,0.0235,0,,
16018409202,2022-10-12T10:40:00,PHOSPHORUS; TOTAL,20.7,µg/L,0.1586,0,,
16018409202,2022-10-12T10:40:00,SOLIDS; DISSOLVED,598.0,mg/L,0.5551,0,,
16018409202,2022-10-12T10:40:00,SOLIDS; SUSPENDED,5.83,mg/L,0.1313,0,,
16018409202,2022-10-12T10:40:00,SOLIDS; TOTAL,604.0,mg/L,0.5514,0,,
16018409202,2022-11-15T10:45:00,ALKALINITY,234.0,mg/L as CaCO3,0.3944,0,,
16018409202,2022-11-15T10:45:00,CHLORIDE,141.0,mg/L,0.2325,0,,
16018409202,2022-11-15T10:45:00,CONDUCTIVITY,1049.0,µS/cm,0.6302,1,"rolling_mean_7, rolling_mean_14, rolling_mean_30","4.06, 3.80, 3.79"
16018409202,2022-11-15T10:45:00,NITRATE,3.66,mg/L,0.0223,0,,
16018409202,2022-11-15T10:45:00,NITROGEN; AMMONIA+AMMONIUM,0.02,mg/L,0.0375,0,,
16018409202,2022-11-15T10:45:00,NITROGEN; NITRATE+NITRITE,3.67,mg/L,0.0204,0,,
16018409202,2022-11-15T10:45:00,NITROGEN; NITRITE,0.007,mg/L,0.046,0,,
16018409202,2022-11-15T10:45:00,NITROGEN; TOTAL,4.59,mg/L,0.0152,0,,
16018409202,2022-11-15T10:45:00,PH,8.08,,0.0771,0,,
16018409202,2022-11-15T10:45:00,PHOSPHORUS; PHOSPHATE,0.009,mg/L,0.0172,0,,
16018409202,2022-11-15T10:45:00,PHOSPHORUS; TOTAL,18.5,µg/L,0.1197,0,,
16018409202,2022-11-15T10:45:00,SOLIDS; SUSPENDED,12.2,mg/L,0.1142,0,,
16018409202,2023-04-03T11:05:00,CHLORIDE,33.1,mg/L,0.4658,0,,
16018409202,2023-04-03T11:05:00,CONDUCTIVITY,455.0,µS/cm,0.7757,1,"delta, rolling_mean_7, rolling_mean_30","-3.98, 3.83, 3.67"
16018409202,2023-04-03T11:05:00,NITRATE,4.76,mg/L,0.1633,0,,
16018409202,2023-04-03T11:05:00,NITROGEN; AMMONIA+AMMONIUM,0.21,mg/L,0.2318,0,,
16018409202,2023-04-03T11:05:00,NITROGEN; NITRATE+NITRITE,4.82,mg/L,0.1672,0,,
16018409202,2023-04-03T11:05:00,NITROGEN; NITRITE,0.064,mg/L,0.2042,0,,
16018409202,2023-04-03T11:05:00,NITROGEN; TOTAL,5.86,mg/L,0.1438,0,,
16018409202,2023-04-03T11:05:00,PHOSPHORUS; PHOSPHATE,0.135,mg/L,0.2406,0,,
16018409202,2023-04-03T11:05:00,PHOSPHORUS; TOTAL,421.0,µg/L,0.6728,1,"zscore, delta, time_gap_days","4.27, 2.70, 2.45"
16018409202,2023-04-03T11:05:00,SOLIDS; DISSOLVED,296.0,mg/L,0.6635,1,"time_gap_days, rolling_mean_30, rolling_mean_14","3.28, 2.21, 2.21"
16018409202,2023-04-03T11:05:00,SOLIDS; SUSPENDED,268.0,mg/L,0.6028,1,"zscore, time_gap_days, delta","4.00, 2.45, 1.72"
16018409202,2023-04-03T11:05:00,SOLIDS; TOTAL,564.0,mg/L,0.5836,1,"time_gap_days, rolling_mean_7, rolling_mean_30","3.28, 2.43, 2.42"
16018409202,2023-05-10T11:39:00,ALKALINITY,200.7,mg/L as CaCO3,0.4211,0,,
16018409202,2023-05-10T11:39:00,CHLORIDE,70.5,mg/L,0.3129,0,,
16018409202,2023-05-10T11:39:00,CONDUCTIVITY,727.0,µS/cm,0.683,1,"rolling_mean_7, rolling_mean_30, rolling_mean_14","3.74, 3.65, 3.59"
16018409202,2023-05-10T11:39:00,NITRATE,4.19,mg/L,0.0855,0,,
16018409202,2023-05-10T11:39:00,NITROGEN; AMMONIA+AMMONIUM,0.05,mg/L,0.0692,0,,
16018409202,2023-05-10T11:39:00,NITROGEN; NITRATE+NITRITE,4.21,mg/L,0.0855,0,,
16018409202,2023-05-10T11:39:00,NITROGEN; NITRITE,0.018,mg/L,0.0685,0,,
16018409202,2023-05-10T11:39:00,NITROGEN; TOTAL,4.84,mg/L,0.0722,0,,
16018409202,2023-05-10T11:39:00,PH,8.43,,0.1828,0,,
16018409202,2023-05-10T11:39:00,PHOSPHORUS; PHOSPHATE,0.009,mg/L,0.067,0,,
16018409202,2023-05-10T11:39:00,PHOSPHORUS; TOTAL,32.8,µg/L,0.5743,0,,
16018409202,2023-05-10T11:39:00,SOLIDS; SUSPENDED,17.2,mg/L,0.5113,0,,
16018409202,2023-06-13T11:10:00,CHLORIDE,139.0,mg/L,0.2886,0,,
16018409202,2023-06-13T11:10:00,CONDUCTIVITY,964.0,µS/cm,0.6455,1,"rolling_mean_7, rolling_mean_30, rolling_mean_14","3.78, 3.69, 3.64"
16018409202,2023-06-13T11:10:00,NITRATE,3.61,mg/L,0.0154,0,,
16018409202,2023-06-13T11:10:00,NITROGEN; AMMONIA+AMMONIUM,0.05,mg/L,0.0062,0,,
16018409202,2023-06-13T11:10:00,NITROGEN; NITRATE+NITRITE,3.64,mg/L,0.0154,0,,
16018409202,2023-06-13T11:10:00,NITROGEN; NITRITE,0.022,mg/L,0.0057,0,,
16018409202,2023-06-13T11:10:00,NITROGEN; TOTAL,4.21,mg/L,0.0061,0,,
16018409202,2023-06-13T11:10:00,PHOSPHORUS; PHOSPHATE,0.008,mg/L,0.0081,0,,
16018409202,2023-06-13T11:10:00,PHOSPHORUS; TOTAL,56.7,µg/L,0.3686,0,,
16018409202,2023-06-13T11:10:00,SOLIDS; DISSOLVED,777.0,mg/L,0.7113,1,"delta, rolling_mean_7, rolling_mean_30","3.23, 2.35, 2.30"
16018409202,2023-06-13T11:10:00,SOLIDS; SUSPENDED,46.4,mg/L,0.3278,0,,
16018409202,2023-06-13T11:10:00,SOLIDS; TOTAL,823.0,mg/L,0.666,1,"zscore, rolling_mean_7, rolling_mean_30","2.63, 2.62, 2.52"
16018409202,2023-07-06T11:00:00,CHLORIDE,88.6,mg/L,0.2491,0,,
16018409202,2023-07-06T11:00:00,CONDUCTIVITY,742.0,µS/cm,0.6368,1,"rolling_mean_14, rolling_mean_7, rolling_mean_30","3.73, 3.67, 3.67"
16018409202,2023-07-06T11:00:00,NITRATE,3.26,mg/L,0.0091,0,,
16018409202,2023-07-06T11:00:00,NITROGEN; AMMONIA+AMMONIUM,0.03,mg/L,0.0121,0,,
16018409202,2023-07-06T11:00:00,NITROGEN; NITRATE+NITRITE,3.29,mg/L,0.0091,0,,
16018409202,2023-07-06T11:00:00,NITROGEN; NITRITE,0.022,mg/L,0.0048,0,,
16018409202,2023-07-06T11:00:00,NITROGEN; TOTAL,3.86,mg/L,0.0107,0,,
16018409202,2023-07-06T11:00:00,PHOSPHORUS; PHOSPHATE,0.007,mg/L,0.0077,0,,
16018409202,2023-07-06T11:00:00,PHOSPHORUS; TOTAL,30.2,µg/L,0.3725,0,,
16018409202,2023-07-06T11:00:00,SOLIDS; DISSOLVED,482.0,mg/L,0.5963,1,"rate_of_change, rolling_mean_7, rolling_mean_14","-2.50, 2.35, 2.30"
16018409202,2023-07-06T11:00:00,SOLIDS; SUSPENDED,22.5,mg/L,0.3161,0,,
16018409202,2023-07-06T11:00:00,SOLIDS; TOTAL,505.0,mg/L,0.5958,1,"rate_of_change, rolling_mean_7, rolling_mean_14","-2.70, 2.63, 2.51"
16018409202,2023-08-15T11:39:00,ALKALINITY,186.5,mg/L as CaCO3,0.352,0,,
16018409202,2023-08-15T11:39:00,CHLORIDE,93.6,mg/L,0.2538,0,,
16018409202,2023-08-15T11:39:00,CONDUCTIVITY,809.0,µS/cm,0.635,1,"rolling_mean_14, rolling_mean_30, rolling_mean_7","3.74, 3.67, 3.60"
16018409202,2023-08-15T11:39:00,NITRATE,3.08,mg/L,0.0607,0,,
16018409202,2023-08-15T11:39:00,NITROGEN; AMMONIA+AMMONIUM,0.05,mg/L,0.064,0,,
16018409202,2023-08-15T11:39:00,NITROGEN; NITRATE+NITRITE,3.1,mg/L,0.0607,0,,
16018409202,2023-08-15T11:39:00,NITROGEN; NITRITE,0.017,mg/L,0.0661,0,,
16018409202,2023-08-15T11:39:00,NITROGEN; TOTAL,3.96,mg/L,0.061,0,,
16018409202,2023-08-15T11:39:00,PH,8.34,,0.1213,0,,
16018409202,2023-08-15T11:39:00,PHOSPHORUS; PHOSPHATE,0.019,mg/L,0.0619,0,,
16018409202,2023-08-15T11:39:00,PHOSPHORUS; TOTAL,65.5,µg/L,0.445,0,,
16018409202,2023-08-15T11:39:00,SOLIDS; SUSPENDED,11.3,mg/L,0.3474,0,,
16018409202,2023-09-12T11:04:00,ALKALINITY,182.4,mg/L as CaCO3,0.1963,0,,
16018409202,2023-09-12T11:04:00,CHLORIDE,116.0,mg/L,0.2016,0,,
16018409202,2023-09-12T11:04:00,CONDUCTIVITY,883.0,µS/cm,0.5857,1,"rolling_mean_14, rolling_mean_30, rolling_mean_7","3.75, 3.68, 3.57"
16018409202,2023-09-12T11:04:00,NITRATE,3.09,mg/L,0.0051,0,,
16018409202,2023-09-12T11:04:00,NITROGEN; AMMONIA+AMMONIUM,0.05,mg/L,0.0032,0,,
16018409202,2023-09-12T11:04:00,NITROGEN; NITRATE+NITRITE,3.11,mg/L,0.0051,0,,
16018409202,2023-09-12T11:04:00,NITROGEN; NITRITE,0.018,mg/L,0.0061,0,,
16018409202,2023-09-12T11:04:00,NITROGEN; TOTAL,3.73,mg/L,0.013,0,,
16018409202,2023-09-12T11:04:00,PH,8.17,,0.014,0,,
16018409202,2023-09-12T11:04:00,PHOSPHORUS; PHOSPHATE,0.017,mg/L,0.0032,0,,
16018409202,2023-09-12T11:04:00,PHOSPHORUS; TOTAL,29.6,µg/L,0.36,0,,
16018409202,2023-09-12T11:04:00,SOLIDS; SUSPENDED,15.6,mg/L,0.2817,0,,
16018409202,2023-10-12T11:47:00,ALKALINITY,211.6,mg/L as CaCO3,0.2461,0,,
16018409202,2023-10-12T11:47:00,CHLORIDE,118.0,mg/L,0.1727,0,,
16018409202,2023-10-12T11:47:00,CONDUCTIVITY,903.0,µS/cm,0.5428,0,,
16018409202,2023-10-12T11:47:00,NITRATE,3.14,mg/L,0.0072,0,,
16018409202,2023-10-12T11:47:00,NITROGEN; AMMONIA+AMMONIUM,0.02,mg/L,0.0178,0,,
16018409202,2023-10-12T11:47:00,NITROGEN; NITRATE+NITRITE,3.16,mg/L,0.0079,0,,
16018409202,2023-10-12T11:47:00,NITROGEN; NITRITE,0.015,mg/L,0.0152,0,,
16018409202,2023-10-12T11:47:00,NITROGEN; TOTAL,3.86,mg/L,0.0108,0,,
16018409202,2023-10-12T11:47:00,PH,8.35,,0.0269,0,,
16018409202,2023-10-12T11:47:00,PHOSPHORUS; PHOSPHATE,0.015,mg/L,0.0052,0,,
16018409202,2023-10-12T11:47:00,PHOSPHORUS; TOTAL,33.9,µg/L,0.3438,0,,
16018409202,2023-10-12T11:47:00,SOLIDS; SUSPENDED,13.4,mg/L,0.2895,0,,
16018409202,2023-11-14T11:23:00,ALKALINITY,264.1,mg/L as CaCO3,0.3478,0,,
16018409202,2023-11-14T11:23:00,CHLORIDE,82.3,mg/L,0.2173,0,,
16018409202,2023-11-14T11:23:00,CONDUCTIVITY,805.0,µS/cm,0.5794,0,,
16018409202,2023-11-14T11:23:00,NITRATE,3.68,mg/L,0.0167,0,,
16018409202,2023-11-14T11:23:00,NITROGEN; AMMONIA+AMMONIUM,0.02,mg/L,0.016,0,,
16018409202,2023-11-14T11:23:00,NITROGEN; NITRATE+NITRITE,3.69,mg/L,0.0157,0,,
16018409202,2023-11-14T11:23:00,NITROGEN; NITRITE,0.008,mg/L,0.0349,0,,
16018409202,2023-11-14T11:23:00,PH,8.29,,0.0183,0,,
16018409202,2023-11-14T11:23:00,PHOSPHORUS; PHOSPHATE,0.009,mg/L,0.0066,0,,
16018409202,2023-11-14T11:23:00,PHOSPHORUS; TOTAL,23.6,µg/L,0.2762,0,,
16018409202,2023-11-14T11:23:00,SOLIDS; SUSPENDED,8.75,mg/L,0.2215,0,,
16018409202,2024-04-10T11:30:00,ALKALINITY,223.9,mg/L as CaCO3,0.4145,0,,
16018409202,2024-04-10T11:30:00,CHLORIDE,62.9,mg/L,0.3613,0,,
16018409202,2024-04-10T11:30:00,CONDUCTIVITY,727.0,µS/cm,0.6828,1,"rolling_mean_14, rolling_mean_7, rolling_mean_30","3.77, 3.71, 3.68"
16018409202,2024-04-10T11:30:00,NITRATE,4.64,mg/L,0.1648,0,,
16018409202,2024-04-10T11:30:00,NITROGEN; AMMONIA+AMMONIUM,0.03,mg/L,0.1341,0,,
16018409202,2024-04-10T11:30:00,NITROGEN; NITRATE+NITRITE,4.66,mg/L,0.1648,0,,
16018409202,2024-04-10T11:30:00,NITROGEN; NITRITE,0.023,mg/L,0.1294,0,,
16018409202,2024-04-10T11:30:00,NITROGEN; TOTAL,5.3,mg/L,0.1688,0,,
16018409202,2024-04-10T11:30:00,PH,8.56,,0.1679,0,,
16018409202,2024-04-10T11:30:00,PHOSPHORUS; PHOSPHATE,0.006,mg/L,0.1285,0,,
16018409202,2024-04-10T11:30:00,PHOSPHORUS; TOTAL,26.3,µg/L,0.4012,0,,
16018409202,2024-04-10T11:30:00,SOLIDS; SUSPENDED,7.11,mg/L,0.336,0,,
16018409202,2024-05-14T10:25:00,ALKALINITY,229.0,mg/L as CaCO3,0.2327,0,,
16018409202,2024-05-14T10:25:00,CHLORIDE,83.8,mg/L,0.1874,0,,
16018409202,2024-05-14T10:25:00,CONDUCTIVITY,785.0,µS/cm,0.5559,0,,
16018409202,2024-05-14T10:25:00,NITRATE,4.3,mg/L,0.0327,0,,
16018409202,2024-05-14T10:25:00,NITROGEN; AMMONIA+AMMONIUM,0.04,mg/L,0.0058,0,,
16018409202,2024-05-14T10:25:00,NITROGEN; NITRATE+NITRITE,4.32,mg/L,0.0327,0,,
16018409202,2024-05-14T10:25:00,NITROGEN; NITRITE,0.021,mg/L,0.0057,0,,
16018409202,2024-05-14T10:25:00,NITROGEN; TOTAL,4.71,mg/L,0.0144,0,,
16018409202,2024-05-14T10:25:00,PH,8.32,,0.0201,0,,
16018409202,2024-05-14T10:25:00,PHOSPHORUS; PHOSPHATE,0.009,mg/L,0.0079,0,,
16018409202,2024-05-14T10:25:00,PHOSPHORUS; TOTAL,31.2,µg/L,0.2673,0,,
16018409202,2024-05-14T10:25:00,SOLIDS; SUSPENDED,10.2,mg/L,0.214,0,,
16018409202,2024-06-10T11:05:00,ALKALINITY,208.0,mg/L as CaCO3,0.2473,0,,
16018409202,2024-06-10T11:05:00,CHLORIDE,95.0,mg/L,0.1572,0,,
16018409202,2024-06-10T11:05:00,CONDUCTIVITY,740.0,µS/cm,0.555,0,,
16018409202,2024-06-10T11:05:00,NITRATE,3.9,mg/L,0.0166,0,,
16018409202,2024-06-10T11:05:00,NITROGEN; AMMONIA+AMMONIUM,0.05,mg/L,0.0051,0,,
16018409202,2024-06-10T11:05:00,NITROGEN; NITRATE+NITRITE,3.92,mg/L,0.0166,0,,
16018409202,2024-06-10T11:05:00,NITROGEN; NITRITE,0.023,mg/L,0.0038,0,,
16018409202,2024-06-10T11:05:00,NITROGEN; TOTAL,4.66,mg/L,0.0087,0,,
16018409202,2024-06-10T11:05:00,PH,8.25,,0.0099,0,,
16018409202,2024-06-10T11:05:00,PHOSPHORUS; PHOSPHATE,0.021,mg/L,0.0059,0,,
16018409202,2024-06-10T11:05:00,PHOSPHORUS; TOTAL,89.7,µg/L,0.3557,0,,
16018409202,2024-06-10T11:05:00,SOLIDS; SUSPENDED,48.6,mg/L,0.2804,0,,
16018409202,2024-07-02T10:45:00,ALKALINITY,199.5,mg/L as CaCO3,0.2293,0,,
16018409202,2024-07-02T10:45:00,CHLORIDE,95.5,mg/L,0.1445,0,,
16018409202,2024-07-02T10:45:00,CONDUCTIVITY,802.0,µS/cm,0.5527,0,,
16018409202,2024-07-02T10:45:00,NITRATE,3.18,mg/L,0.0135,0,,
16018409202,2024-07-02T10:45:00,NITROGEN; AMMONIA+AMMONIUM,0.03,mg/L,0.0111,0,,
16018409202,2024-07-02T10:45:00,NITROGEN; NITRATE+NITRITE,3.19,mg/L,0.0135,0,,
16018409202,2024-07-02T10:45:00,NITROGEN; NITRITE,0.014,mg/L,0.0173,0,,
16018409202,2024-07-02T10:45:00,NITROGEN; TOTAL,3.78,mg/L,0.0223,0,,
16018409202,2024-07-02T10:45:00,PH,8.3,,0.0159,0,,
16018409202,2024-07-02T10:45:00,PHOSPHORUS; PHOSPHATE,0.019,mg/L,0.0066,0,,
16018409202,2024-07-02T10:45:00,PHOSPHORUS; TOTAL,46.5,µg/L,0.327,0,,
16018409202,2024-07-02T10:45:00,SOLIDS; SUSPENDED,22.7,mg/L,0.2609,0,,
16018409202,2024-08-07T11:00:00,ALKALINITY,189.0,mg/L as CaCO3,0.3231,0,,
16018409202,2024-08-07T11:00:00,CHLORIDE,77.9,mg/L,0.2594,0,,
16018409202,2024-08-07T11:00:00,CONDUCTIVITY,699.0,µS/cm,0.6213,1,"rolling_mean_30, rolling_mean_14, rolling_mean_7","3.64, 3.55, 3.45"
16018409202,2024-08-07T11:00:00,NITRATE,2.86,mg/L,0.0693,0,,
16018409202,2024-08-07T11:00:00,NITROGEN; AMMONIA+AMMONIUM,0.05,mg/L,0.064,0,,
16018409202,2024-08-07T11:00:00,NITROGEN; NITRATE+NITRITE,2.87,mg/L,0.0703,0,,
16018409202,2024-08-07T11:00:00,NITROGEN; NITRITE,0.016,mg/L,0.0659,0,,
16018409202,2024-08-07T11:00:00,NITROGEN; TOTAL,3.28,mg/L,0.0772,0,,
16018409202,2024-08-07T11:00:00,PH,8.45,,0.0871,0,,
16018409202,2024-08-07T11:00:00,PHOSPHORUS; PHOSPHATE,0.015,mg/L,0.0615,0,,
16018409202,2024-08-07T11:00:00,PHOSPHORUS; TOTAL,26.4,µg/L,0.3447,0,,
16018409202,2024-08-07T11:00:00,SOLIDS; SUSPENDED,15.7,mg/L,0.2778,0,,
16018409202,2024-09-03T10:20:00,ALKALINITY,185.0,mg/L as CaCO3,0.2292,0,,
16018409202,2024-09-03T10:20:00,CHLORIDE,114.0,mg/L,0.2073,0,,
16018409202,2024-09-03T10:20:00,CONDUCTIVITY,882.0,µS/cm,0.5777,0,,
16018409202,2024-09-03T10:20:00,NITRATE,2.85,mg/L,0.0158,0,,
16018409202,2024-09-03T10:20:00,NITROGEN; AMMONIA+AMMONIUM,0.04,mg/L,0.0035,0,,
16018409202,2024-09-03T10:20:00,NITROGEN; NITRATE+NITRITE,2.87,mg/L,0.0158,0,,
16018409202,2024-09-03T10:20:00,NITROGEN; NITRITE,0.017,mg/L,0.0062,0,,
16018409202,2024-09-03T10:20:00,NITROGEN; TOTAL,3.54,mg/L,0.0162,0,,
16018409202,2024-09-03T10:20:00,PH,8.31,,0.0166,0,,
16018409202,2024-09-03T10:20:00,PHOSPHORUS; PHOSPHATE,0.016,mg/L,0.0038,0,,
16018409202,2024-09-03T10:20:00,PHOSPHORUS; TOTAL,32.4,µg/L,0.2603,0,,
16018409202,2024-09-03T10:20:00,SOLIDS; SUSPENDED,16.1,mg/L,0.1952,0,,
16018409202,2024-10-17T11:06:00,ALKALINITY,191.6,mg/L as CaCO3,0.3174,0,,
16018409202,2024-10-17T11:06:00,CHLORIDE,137.0,mg/L,0.296,0,,
16018409202,2024-10-17T11:06:00,CONDUCTIVITY,948.0,µS/cm,0.6218,1,"rolling_mean_30, rolling_mean_14, rolling_mean_7","3.69, 3.67, 3.54"
16018409202,2024-10-17T11:06:00,NITRATE,4.33,mg/L,0.092,0,,
16018409202,2024-10-17T11:06:00,NITROGEN; AMMONIA+AMMONIUM,0.02,mg/L,0.0697,0,,
16018409202,2024-10-17T11:06:00,NITROGEN; NITRATE+NITRITE,4.34,mg/L,0.092,0,,
16018409202,2024-10-17T11:06:00,NITROGEN; NITRITE,0.009,mg/L,0.0869,0,,
16018409202,2024-10-17T11:06:00,NITROGEN; TOTAL,4.81,mg/L,0.0818,0,,
16018409202,2024-10-17T11:06:00,PH,8.24,,0.065,0,,
16018409202,2024-10-17T11:06:00,PHOSPHORUS; PHOSPHATE,0.008,mg/L,0.0614,0,,
16018409202,2024-10-17T11:06:00,PHOSPHORUS; TOTAL,19.0,µg/L,0.2556,0,,
16018409202,2024-10-17T11:06:00,SOLIDS; SUSPENDED,8.42,mg/L,0.2179,0,,
16018409202,2024-11-12T11:46:00,ALKALINITY,204.5,mg/L as CaCO3,0.2294,0,,
16018409202,2024-11-12T11:46:00,CHLORIDE,141.0,mg/L,0.2012,0,,
16018409202,2024-11-12T11:46:00,CONDUCTIVITY,1017.0,µS/cm,0.592,1,"rolling_mean_14, rolling_mean_7, rolling_mean_30","3.77, 3.74, 3.71"
16018409202,2024-11-12T11:46:00,NITRATE,4.39,mg/L,0.0335,0,,
16018409202,2024-11-12T11:46:00,NITROGEN; AMMONIA+AMMONIUM,0.02,mg/L,0.0139,0,,
16018409202,2024-11-12T11:46:00,NITROGEN; NITRATE+NITRITE,4.4,mg/L,0.0335,0,,
16018409202,2024-11-12T11:46:00,NITROGEN; NITRITE,0.011,mg/L,0.0157,0,,
16018409202,2024-11-12T11:46:00,NITROGEN; TOTAL,4.87,mg/L,0.0236,0,,
16018409202,2024-11-12T11:46:00,PH,8.43,,0.0248,0,,
16018409202,2024-11-12T11:46:00,PHOSPHORUS; PHOSPHATE,0.006,mg/L,0.0071,0,,
16018409202,2024-11-12T11:46:00,PHOSPHORUS; TOTAL,23.1,µg/L,0.1821,0,,
16018409202,2024-11-12T11:46:00,SOLIDS; SUSPENDED,10.0,mg/L,0.1454,0,,
16018409302,2019-04-08T09:50:00,"ALKALINITY, TOTAL",207.0,mg/L,0.2355,0,,
16018409302,2019-04-08T09:50:00,"ALUMINIUM, UNFILTERED TOTAL",1300.0,µg/L,0.6285,1,"rolling_mean_30, rolling_mean_14, rolling_mean_7","6.12, 6.11, 6.04"
16018409302,2019-04-08T09:50:00,"AMMONIUM, TOTAL   UNFIL.REAC",0.037,mg/L,0.0389,0,,
16018409302,2019-04-08T09:50:00,"BARIUM,  UNFILTERED TOTAL",44.8,µg/L,0.0945,0,,
16018409302,2019-04-08T09:50:00,"BERYLIUM,UNFILTERED TOTAL",0.0649,µg/L,0.0389,0,,
16018409302,2019-04-08T09:50:00,"BISMUTH, UNFILTERED TOTAL",-6.85,µg/L,0.0789,0,,
16018409302,2019-04-08T09:50:00,"CADMIUM, UNFILTERED TOTAL",1.35,µg/L,0.0375,0,,
16018409302,2019-04-08T09:50:00,"CALCIUM, UNFILTERED TOTAL",76.9,mg/L,0.1285,0,,
16018409302,2019-04-08T09:50:00,"CARBON, DISSOLVED INORGANIC",51.1,mg/L,0.1028,0,,
16018409302,2019-04-08T09:50:00,"CARBON, DISSOLVED ORGANIC",4.8,mg/L,0.0378,0,,
16018409302,2019-04-08T09:50:00,"CHLORIDE,         UNFIL.REAC",77.9,mg/L,0.1306,0,,
16018409302,2019-04-08T09:50:00,"CHROMIUM, UNFILTERED TOTAL",1.75,µg/L,0.0359,0,,
16018409302,2019-04-08T09:50:00,"COBALT,   UNFILTERED TOTAL",0.621,µg/L,0.0375,0,,
16018409302,2019-04-08T09:50:00,"CONDUCTIVITY, 25C",690.0,MICRO SIEMENS PER CENTIMETER,0.4946,0,,
16018409302,2019-04-08T09:50:00,"CONDUCTIVITY, AMBIENT",714.0,MICROMHOS/CM (CONDUCTIVITY),0.5052,0,,
16018409302,2019-04-08T09:50:00,"COPPER,   UNFILTERED TOTAL",4.9,µg/L,0.0379,0,,
16018409302,2019-04-08T09:50:00,DISSOLVED OXYGEN,10.99,mg/L,0.0488,0,,
16018409302,2019-04-08T09:50:00,"HARDNESS,   TOTAL",282.0,mg/L,0.3073,0,,
16018409302,2019-04-08T09:50:00,"IRON,     UNFILTERED TOTAL",1730.0,µg/L,0.6415,1,"rolling_mean_30, rolling_mean_14, rolling_mean_7","8.30, 8.29, 8.19"
16018409302,2019-04-08T09:50:00,"LEAD,     UNFILTERED TOTAL",-2.31,µg/L,0.0532,0,,
16018409302,2019-04-08T09:50:00,"LITHIUM,  UNFILTERED TOTAL",5.85,µg/L,0.0399,0,,
16018409302,2019-04-08T09:50:00,"MAGNESIUM,UNFILTERED TOTAL",21.9,mg/L,0.0665,0,,
16018409302,2019-04-08T09:50:00,"MANGANESE,UNFILTERED TOTAL",107.0,µg/L,0.1704,0,,
16018409302,2019-04-08T09:50:00,"MOLYBDENUM,UNFILTERED TOTAL",-0.836,µg/L,0.0477,0,,
16018409302,2019-04-08T09:50:00,"NICKEL,   UNFILTERED TOTAL",1.63,µg/L,0.0375,0,,
16018409302,2019-04-08T09:50:00,"NITRATES TOTAL,   UNFIL.REAC",1.73,mg/L,0.0362,0,,
16018409302,2019-04-08T09:50:00,"NITRITE,  UNFILTERED REACTIVE",0.014,mg/L,0.0388,0,,
16018409302,2019-04-08T09:50:00,PH (-LOG H+ CONCN),8.29,NO DIMENSION/SCALE,0.0419,0,,
16018409302,2019-04-08T09:50:00,PH FIELD,8.33,NO DIMENSION/SCALE,0.0419,0,,
16018409302,2019-04-08T09:50:00,"PHOSPHATE,FILTERED REACTIVE",0.0143,mg/L,0.0388,0,,
16018409302,2019-04-08T09:50:00,"PHOSPHORUS,UNFILTERED TOTAL",170.0,µg/L,0.2097,0,,
16018409302,2019-04-08T09:50:00,"POTASSIUM,UNFILTERED TOTAL",2.66,mg/L,0.0394,0,,
16018409302,2019-04-08T09:50:00,"RESIDUE,PARTICULATE",129.0,mg/L,0.1901,0,,
16018409302,2019-04-08T09:50:00,"SILICATES,UNFILTERED REACTIVE",1.66,mg/L,0.0375,0,,
16018409302,2019-04-08T09:50:00,"SILVER,   UNFILTERED TOTAL",-0.201,µg/L,0.0433,0,,
16018409302,2019-04-08T09:50:00,"SODIUM,   UNFILTERED TOTAL",46.7,mg/L,0.0981,0,,
16018409302,2019-04-08T09:50:00,STREAM CONDITION,8.0,NO DIMENSION/SCALE,0.0417,0,,
16018409302,2019-04-08T09:50:00,"STRONTIUM, UNFILTERED TOTAL",315.0,µg/L,0.3287,0,,
16018409302,2019-04-08T09:50:00,"TEMPERATURE, WATER",8.6,DEGREES CELSIUS,0.0423,0,,
16018409302,2019-04-08T09:50:00,TIN       UNFILTERED TOTAL,-1.67,µg/L,0.0532,0,,
16018409302,2019-04-08T09:50:00,"TITANIUM,  UNFILTERED TOTAL",2.88,µg/L,0.039,0,,
16018409302,2019-04-08T09:50:00,"URANIUM,   UNFILTERED TOTAL",-0.658,µg/L,0.0456,0,,
16018409302,2019-04-08T09:50:00,"VANADIUM,  UNFILTERED TOTAL",2.61,µg/L,0.0394,0,,
16018409302,2019-04-08T09:50:00,"ZINC,  UNFILTERED TOTAL",19.9,µg/L,0.0635,0,,
16018409302,2019-04-08T09:50:00,"ZIRCONIUM,  UNFILTERED TOTAL",0.116,µg/L,0.0389,0,,
16018409302,2019-04-08T23:50:00,NITROGEN; TOTAL,1.85,mg/L,0.0359,0,,
16018409302,2019-05-16T09:45:00,"ALKALINITY, TOTAL",245.0,mg/L,0.3527,0,,
16018409302,2019-05-16T09:45:00,"AMMONIUM, TOTAL   UNFIL.REAC",0.03,mg/L,0.0706,0,,
16018409302,2019-05-16T09:45:00,"CARBON, DISSOLVED INORGANIC",61.1,mg/L,0.191,0,,
16018409302,2019-05-16T09:45:00,"CARBON, DISSOLVED ORGANIC",6.1,mg/L,0.0772,0,,
16018409302,2019-05-16T09:45:00,"CHLORIDE,         UNFIL.REAC",50.8,mg/L,0.2535,0,,
16018409302,2019-05-16T09:45:00,"CONDUCTIVITY, 25C",670.0,MICRO SIEMENS PER CENTIMETER,0.5464,0,,
16018409302,2019-05-16T09:45:00,"CONDUCTIVITY, AMBIENT",666.0,MICROMHOS/CM (CONDUCTIVITY),0.5549,0,,
16018409302,2019-05-16T09:45:00,DISSOLVED OXYGEN,10.16,mg/L,0.0815,0,,
16018409302,2019-05-16T09:45:00,"HARDNESS,   TOTAL",307.0,mg/L,0.3813,0,,
16018409302,2019-05-16T09:45:00,"NITRATES TOTAL,   UNFIL.REAC",1.56,mg/L,0.0743,0,,
16018409302,2019-05-16T09:45:00,"NITRITE,  UNFILTERED REACTIVE",0.014,mg/L,0.0625,0,,
16018409302,2019-05-16T09:45:00,NITROGEN; TOTAL,1.84,mg/L,0.0739,0,,
16018409302,2019-05-16T09:45:00,PH (-LOG H+ CONCN),8.38,NO DIMENSION/SCALE,0.0757,0,,
16018409302,2019-05-16T09:45:00,PH FIELD,8.31,NO DIMENSION/SCALE,0.0772,0,,
16018409302,2019-05-16T09:45:00,"PHOSPHATE,FILTERED REACTIVE",0.0134,mg/L,0.0717,0,,
16018409302,2019-05-16T09:45:00,"PHOSPHORUS,UNFILTERED TOTAL",72.1,µg/L,0.4447,0,,
16018409302,2019-05-16T09:45:00,"RESIDUE,PARTICULATE",32.7,mg/L,0.4272,0,,
16018409302,2019-05-16T09:45:00,"SILICATES,UNFILTERED REACTIVE",1.22,mg/L,0.0757,0,,
16018409302,2019-05-16T09:45:00,STREAM CONDITION,8.0,NO DIMENSION/SCALE,0.0669,0,,
16018409302,2019-05-16T09:45:00,"TEMPERATURE, WATER",12.8,DEGREES CELSIUS,0.1071,0,,
16018409302,2019-06-10T09:55:00,"ALKALINITY, TOTAL",256.0,mg/L,0.2543,0,,
16018409302,2019-06-10T09:55:00,"ALUMINIUM, UNFILTERED TOTAL",897.0,µg/L,0.8437,1,"rolling_mean_30, rolling_mean_14, rolling_mean_7","5.11, 5.10, 5.04"
16018409302,2019-06-10T09:55:00,"AMMONIUM, TOTAL   UNFIL.REAC",0.187,mg/L,0.0297,0,,
16018409302,2019-06-10T09:55:00,"BARIUM,  UNFILTERED TOTAL",59.8,µg/L,0.2164,0,,
16018409302,2019-06-10T09:55:00,"BERYLIUM,UNFILTERED TOTAL",0.0232,µg/L,0.0822,0,,
16018409302,2019-06-10T09:55:00,"BISMUTH, UNFILTERED TOTAL",-6.07,µg/L,0.1257,0,,
16018409302,2019-06-10T09:55:00,"CADMIUM, UNFILTERED TOTAL",1.26,µg/L,0.0832,0,,
16018409302,2019-06-10T09:55:00,"CALCIUM, UNFILTERED TOTAL",91.9,mg/L,0.2483,0,,
16018409302,2019-06-10T09:55:00,"CARBON, DISSOLVED INORGANIC",64.2,mg/L,0.1012,0,,
16018409302,2019-06-10T09:55:00,"CARBON, DISSOLVED ORGANIC",7.7,mg/L,0.0311,0,,
16018409302,2019-06-10T09:55:00,"CHLORIDE,         UNFIL.REAC",67.3,mg/L,0.1354,0,,
16018409302,2019-06-10T09:55:00,"CHROMIUM, UNFILTERED TOTAL",1.25,µg/L,0.0795,0,,
16018409302,2019-06-10T09:55:00,"COBALT,   UNFILTERED TOTAL",0.708,µg/L,0.0769,0,,
16018409302,2019-06-10T09:55:00,"CONDUCTIVITY, 25C",765.0,MICRO SIEMENS PER CENTIMETER,0.5316,0,,
16018409302,2019-06-10T09:55:00,"CONDUCTIVITY, AMBIENT",767.0,MICROMHOS/CM (CONDUCTIVITY),0.5325,0,,
16018409302,2019-06-10T09:55:00,"COPPER,   UNFILTERED TOTAL",4.85,µg/L,0.0822,0,,
16018409302,2019-06-10T09:55:00,DISSOLVED OXYGEN,6.93,mg/L,0.0512,0,,
16018409302,2019-06-10T09:55:00,"HARDNESS,   TOTAL",337.0,mg/L,0.3334,0,,
16018409302,2019-06-10T09:55:00,"IRON,     UNFILTERED TOTAL",1420.0,µg/L,0.8034,1,"rolling_mean_30, rolling_mean_14, rolling_mean_7","7.52, 7.50, 7.42"
16018409302,2019-06-10T09:55:00,"LEAD,     UNFILTERED TOTAL",-3.31,µg/L,0.108,0,,
16018409302,2019-06-10T09:55:00,"LITHIUM,  UNFILTERED TOTAL",8.32,µg/L,0.0879,0,,
16018409302,2019-06-10T09:55:00,"MAGNESIUM,UNFILTERED TOTAL",26.1,mg/L,0.1236,0,,
16018409302,2019-06-10T09:55:00,"MANGANESE,UNFILTERED TOTAL",176.0,µg/L,0.4066,0,,
16018409302,2019-06-10T09:55:00,"MOLYBDENUM,UNFILTERED TOTAL",-1.63,µg/L,0.102,0,,
16018409302,2019-06-10T09:55:00,"NICKEL,   UNFILTERED TOTAL",1.36,µg/L,0.0836,0,,
16018409302,2019-06-10T09:55:00,"NITRATES TOTAL,   UNFIL.REAC",1.82,mg/L,0.0155,0,,
16018409302,2019-06-10T09:55:00,"NITRITE,  UNFILTERED REACTIVE",0.08,mg/L,0.0307,0,,
16018409302,2019-06-10T09:55:00,PH (-LOG H+ CONCN),8.14,NO DIMENSION/SCALE,0.0271,0,,
16018409302,2019-06-10T09:55:00,PH FIELD,8.15,NO DIMENSION/SCALE,0.0302,0,,
16018409302,2019-06-10T09:55:00,"PHOSPHATE,FILTERED REACTIVE",0.0197,mg/L,0.0242,0,,
16018409302,2019-06-10T09:55:00,"PHOSPHORUS,UNFILTERED TOTAL",135.0,µg/L,0.3216,0,,
16018409302,2019-06-10T09:55:00,"POTASSIUM,UNFILTERED TOTAL",2.75,mg/L,0.078,0,,
16018409302,2019-06-10T09:55:00,"RESIDUE,PARTICULATE",88.4,mg/L,0.2839,0,,
16018409302,2019-06-10T09:55:00,"SILICATES,UNFILTERED REACTIVE",2.82,mg/L,0.0327,0,,
16018409302,2019-06-10T09:55:00,"SILVER,   UNFILTERED TOTAL",-0.0899,µg/L,0.0812,0,,
16018409302,2019-06-10T09:55:00,"SODIUM,   UNFILTERED TOTAL",41.6,mg/L,0.1731,0,,
16018409302,2019-06-10T09:55:00,STREAM CONDITION,8.0,NO DIMENSION/SCALE,0.0074,0,,
16018409302,2019-06-10T09:55:00,"STRONTIUM, UNFILTERED TOTAL",330.0,µg/L,0.4149,0,,
16018409302,2019-06-10T09:55:00,"TEMPERATURE, WATER",18.9,DEGREES CELSIUS,0.0851,0,,
16018409302,2019-06-10T09:55:00,TIN       UNFILTERED TOTAL,-2.2,µg/L,0.1006,0,,
16018409302,2019-06-10T09:55:00,"TITANIUM,  UNFILTERED TOTAL",3.81,µg/L,0.0789,0,,
16018409302,2019-06-10T09:55:00,"URANIUM,   UNFILTERED TOTAL",2.81,µg/L,0.1037,0,,
16018409302,2019-06-10T09:55:00,"VANADIUM,  UNFILTERED TOTAL",2.07,µg/L,0.0807,0,,
16018409302,2019-06-10T09:55:00,"ZINC,  UNFILTERED TOTAL",20.6,µg/L,0.115,0,,
16018409302,2019-06-10T09:55:00,"ZIRCONIUM,  UNFILTERED TOTAL",0.238,µg/L,0.0798,0,,
16018409302,2019-06-10T23:55:00,NITROGEN; TOTAL,2.47,mg/L,0.0264,0,,
16018409302,2019-07-15T09:55:00,"ALKALINITY, TOTAL",251.0,mg/L,0.2599,0,,
16018409302,2019-07-15T09:55:00,"ALUMINIUM, UNFILTERED TOTAL",829.0,µg/L,0.7412,1,"rolling_mean_30, rolling_mean_14, rolling_mean_7","4.65, 4.64, 4.59"
16018409302,2019-07-15T09:55:00,"AMMONIUM, TOTAL   UNFIL.REAC",0.082,mg/L,0.0191,0,,
16018409302,2019-07-15T09:55:00,"BARIUM,  UNFILTERED TOTAL",76.7,µg/L,0.1551,0,,
16018409302,2019-07-15T09:55:00,"BERYLIUM,UNFILTERED TOTAL",-0.00567,µg/L,0.0276,0,,
16018409302,2019-07-15T09:55:00,"BISMUTH, UNFILTERED TOTAL",-6.64,µg/L,0.0643,0,,
16018409302,2019-07-15T09:55:00,"CADMIUM, UNFILTERED TOTAL",1.28,µg/L,0.013,0,,
16018409302,2019-07-15T09:55:00,"CALCIUM, UNFILTERED TOTAL",89.0,mg/L,0.126,0,,
16018409302,2019-07-15T09:55:00,"CARBON, DISSOLVED INORGANIC",62.5,mg/L,0.1051,0,,
16018409302,2019-07-15T09:55:00,"CARBON, DISSOLVED ORGANIC",5.0,mg/L,0.0401,0,,
16018409302,2019-07-15T09:55:00,"CHLORIDE,         UNFIL.REAC",53.6,mg/L,0.1359,0,,
16018409302,2019-07-15T09:55:00,"CHROMIUM, UNFILTERED TOTAL",1.67,µg/L,0.0166,0,,
16018409302,2019-07-15T09:55:00,"COBALT,   UNFILTERED TOTAL",0.41,µg/L,0.0425,0,,
16018409302,2019-07-15T09:55:00,"CONDUCTIVITY, 25C",712.0,MICRO SIEMENS PER CENTIMETER,0.4899,0,,
16018409302,2019-07-15T09:55:00,"CONDUCTIVITY, AMBIENT",774.0,MICROMHOS/CM (CONDUCTIVITY),0.4883,0,,
16018409302,2019-07-15T09:55:00,"COPPER,   UNFILTERED TOTAL",3.33,µg/L,0.0452,0,,
16018409302,2019-07-15T09:55:00,DISSOLVED OXYGEN,7.38,mg/L,0.0371,0,,
16018409302,2019-07-15T09:55:00,"HARDNESS,   TOTAL",341.0,mg/L,0.3186,0,,
16018409302,2019-07-15T09:55:00,"IRON,     UNFILTERED TOTAL",1320.0,µg/L,0.7259,1,"rolling_mean_30, rolling_mean_14, rolling_mean_7","7.09, 7.07, 6.99"
16018409302,2019-07-15T09:55:00,"LEAD,     UNFILTERED TOTAL",-3.9,µg/L,0.0557,0,,
16018409302,2019-07-15T09:55:00,"LITHIUM,  UNFILTERED TOTAL",8.21,µg/L,0.0258,0,,
16018409302,2019-07-15T09:55:00,"MAGNESIUM,UNFILTERED TOTAL",28.9,mg/L,0.0811,0,,
16018409302,2019-07-15T09:55:00,"MANGANESE,UNFILTERED TOTAL",143.0,µg/L,0.2501,0,,
16018409302,2019-07-15T09:55:00,"MOLYBDENUM,UNFILTERED TOTAL",-1.1,µg/L,0.0332,0,,
16018409302,2019-07-15T09:55:00,"NICKEL,   UNFILTERED TOTAL",0.357,µg/L,0.039,0,,
16018409302,2019-07-15T09:55:00,"NITRATES TOTAL,   UNFIL.REAC",1.8,mg/L,0.0184,0,,
16018409302,2019-07-15T09:55:00,"NITRITE,  UNFILTERED REACTIVE",0.046,mg/L,0.021,0,,
16018409302,2019-07-15T09:55:00,PH (-LOG H+ CONCN),8.23,NO DIMENSION/SCALE,0.017,0,,
16018409302,2019-07-15T09:55:00,"PHOSPHATE,FILTERED REACTIVE",0.0608,mg/L,0.0513,0,,
16018409302,2019-07-15T09:55:00,"PHOSPHORUS,UNFILTERED TOTAL",146.0,µg/L,0.2353,0,,
16018409302,2019-07-15T09:55:00,"POTASSIUM,UNFILTERED TOTAL",2.72,mg/L,0.0186,0,,
16018409302,2019-07-15T09:55:00,"RESIDUE,PARTICULATE",81.1,mg/L,0.181,0,,
16018409302,2019-07-15T09:55:00,"SILICATES,UNFILTERED REACTIVE",5.1,mg/L,0.059,0,,
16018409302,2019-07-15T09:55:00,"SILVER,   UNFILTERED TOTAL",0.956,µg/L,0.0468,0,,
16018409302,2019-07-15T09:55:00,"SODIUM,   UNFILTERED TOTAL",30.8,mg/L,0.1169,0,,
16018409302,2019-07-15T09:55:00,STREAM CONDITION,8.0,NO DIMENSION/SCALE,0.0164,0,,
16018409302,2019-07-15T09:55:00,"STRONTIUM, UNFILTERED TOTAL",333.0,µg/L,0.3158,0,,
16018409302,2019-07-15T09:55:00,"TEMPERATURE, WATER",20.7,DEGREES CELSIUS,0.0843,0,,
16018409302,2019-07-15T09:55:00,TIN       UNFILTERED TOTAL,-1.23,µg/L,0.0566,0,,
16018409302,2019-07-15T09:55:00,"TITANIUM,  UNFILTERED TOTAL",3.97,µg/L,0.0222,0,,
16018409302,2019-07-15T09:55:00,"URANIUM,   UNFILTERED TOTAL",4.15,µg/L,0.0516,0,,
16018409302,2019-07-15T09:55:00,"VANADIUM,  UNFILTERED TOTAL",2.73,µg/L,0.0224,0,,
16018409302,2019-07-15T09:55:00,"ZINC,  UNFILTERED TOTAL",8.71,µg/L,0.1148,0,,
16018409302,2019-07-15T09:55:00,"ZIRCONIUM,  UNFILTERED TOTAL",0.148,µg/L,0.0156,0,,
16018409302,2019-07-15T23:55:00,NITROGEN; TOTAL,2.09,mg/L,0.0145,0,,
16018409302,2019-08-14T10:00:00,"ALKALINITY, TOTAL",245.0,mg/L,0.2527,0,,
16018409302,2019-08-14T10:00:00,"ALUMINIUM, UNFILTERED TOTAL",952.0,µg/L,0.6981,1,"rolling_mean_30, rolling_mean_14, rolling_mean_7","4.58, 4.57, 4.52"
16018409302,2019-08-14T10:00:00,"AMMONIUM, TOTAL   UNFIL.REAC",0.038,mg/L,0.016,0,,
16018409302,2019-08-14T10:00:00,"BARIUM,  UNFILTERED TOTAL",92.7,µg/L,0.1663,0,,
16018409302,2019-08-14T10:00:00,"BERYLIUM,UNFILTERED TOTAL",-0.0418,µg/L,0.0324,0,,
16018409302,2019-08-14T10:00:00,"BISMUTH, UNFILTERED TOTAL",-5.31,µg/L,0.0942,0,,
16018409302,2019-08-14T10:00:00,"CADMIUM, UNFILTERED TOTAL",0.787,µg/L,0.0361,0,,
16018409302,2019-08-14T10:00:00,"CALCIUM, UNFILTERED TOTAL",83.3,mg/L,0.1175,0,,
16018409302,2019-08-14T10:00:00,"CARBON, DISSOLVED INORGANIC",61.1,mg/L,0.0933,0,,
16018409302,2019-08-14T10:00:00,"CARBON, DISSOLVED ORGANIC",3.4,mg/L,0.0444,0,,
16018409302,2019-08-14T10:00:00,"CHLORIDE,         UNFIL.REAC",72.4,mg/L,0.1484,0,,
16018409302,2019-08-14T10:00:00,"CHROMIUM, UNFILTERED TOTAL",1.4,µg/L,0.0094,0,,
16018409302,2019-08-14T10:00:00,"COBALT,   UNFILTERED TOTAL",0.223,µg/L,0.0418,0,,
16018409302,2019-08-14T10:00:00,"CONDUCTIVITY, 25C",760.0,MICRO SIEMENS PER CENTIMETER,0.4896,0,,
16018409302,2019-08-14T10:00:00,"CONDUCTIVITY, AMBIENT",763.0,MICROMHOS/CM (CONDUCTIVITY),0.4844,0,,
16018409302,2019-08-14T10:00:00,"COPPER,   UNFILTERED TOTAL",3.3,µg/L,0.0176,0,,
16018409302,2019-08-14T10:00:00,DISSOLVED OXYGEN,6.84,mg/L,0.0294,0,,
16018409302,2019-08-14T10:00:00,"HARDNESS,   TOTAL",334.0,mg/L,0.3133,0,,
16018409302,2019-08-14T10:00:00,"IRON,     UNFILTERED TOTAL",1530.0,µg/L,0.7361,1,"rolling_mean_30, rolling_mean_14, rolling_mean_7","7.14, 7.12, 7.04"
16018409302,2019-08-14T10:00:00,"LEAD,     UNFILTERED TOTAL",-2.27,µg/L,0.0607,0,,
16018409302,2019-08-14T10:00:00,"LITHIUM,  UNFILTERED TOTAL",12.0,µg/L,0.0647,0,,
16018409302,2019-08-14T10:00:00,"MAGNESIUM,UNFILTERED TOTAL",30.7,mg/L,0.0708,0,,
16018409302,2019-08-14T10:00:00,"MANGANESE,UNFILTERED TOTAL",160.0,µg/L,0.21,0,,
16018409302,2019-08-14T10:00:00,"MOLYBDENUM,UNFILTERED TOTAL",-1.25,µg/L,0.0222,0,,
16018409302,2019-08-14T10:00:00,"NICKEL,   UNFILTERED TOTAL",0.873,µg/L,0.01,0,,
16018409302,2019-08-14T10:00:00,"NITRATES TOTAL,   UNFIL.REAC",1.18,mg/L,0.0483,0,,
16018409302,2019-08-14T10:00:00,"NITRITE,  UNFILTERED REACTIVE",0.015,mg/L,0.0185,0,,
16018409302,2019-08-14T10:00:00,NITROGEN; TOTAL,1.61,mg/L,0.0267,0,,
16018409302,2019-08-14T10:00:00,PH (-LOG H+ CONCN),8.36,NO DIMENSION/SCALE,0.0247,0,,
16018409302,2019-08-14T10:00:00,PH FIELD,8.51,NO DIMENSION/SCALE,0.1045,0,,
16018409302,2019-08-14T10:00:00,"PHOSPHATE,FILTERED REACTIVE",0.0285,mg/L,0.0098,0,,
16018409302,2019-08-14T10:00:00,"PHOSPHORUS,UNFILTERED TOTAL",181.0,µg/L,0.272,0,,
16018409302,2019-08-14T10:00:00,"POTASSIUM,UNFILTERED TOTAL",2.61,mg/L,0.0333,0,,
16018409302,2019-08-14T10:00:00,"RESIDUE,PARTICULATE",138.0,mg/L,0.2741,0,,
16018409302,2019-08-14T10:00:00,"SILICATES,UNFILTERED REACTIVE",4.06,mg/L,0.0235,0,,
16018409302,2019-08-14T10:00:00,"SILVER,   UNFILTERED TOTAL",0.0752,µg/L,0.0161,0,,
16018409302,2019-08-14T10:00:00,"SODIUM,   UNFILTERED TOTAL",39.4,mg/L,0.0812,0,,
16018409302,2019-08-14T10:00:00,STREAM CONDITION,8.0,NO DIMENSION/SCALE,0.0092,0,,
16018409302,2019-08-14T10:00:00,"STRONTIUM, UNFILTERED TOTAL",305.0,µg/L,0.3556,0,,
16018409302,2019-08-14T10:00:00,"TEMPERATURE, WATER",20.3,DEGREES CELSIUS,0.062,0,,
16018409302,2019-08-14T10:00:00,TIN       UNFILTERED TOTAL,0.791,µg/L,0.0773,0,,
16018409302,2019-08-14T10:00:00,"TITANIUM,  UNFILTERED TOTAL",8.13,µg/L,0.066,0,,
16018409302,2019-08-14T10:00:00,"URANIUM,   UNFILTERED TOTAL",-0.854,µg/L,0.066,0,,
16018409302,2019-08-14T10:00:00,"VANADIUM,  UNFILTERED TOTAL",2.62,µg/L,0.0073,0,,
16018409302,2019-08-14T10:00:00,"ZINC,  UNFILTERED TOTAL",13.2,µg/L,0.0621,0,,
16018409302,2019-08-14T10:00:00,"ZIRCONIUM,  UNFILTERED TOTAL",0.0619,µg/L,0.0291,0,,
16018409302,2019-09-11T09:50:00,"ALKALINITY, TOTAL",71.2,mg/L,0.4937,0,,
16018409302,2019-09-11T09:50:00,"ALUMINIUM, UNFILTERED TOTAL",2330.0,µg/L,0.9318,1,"rate_of_change, delta, rolling_std_30","9.64, 9.25, 8.43"
16018409302,2019-09-11T09:50:00,"AMMONIUM, TOTAL   UNFIL.REAC",0.384,mg/L,0.0532,0,,
16018409302,2019-09-11T09:50:00,"BARIUM,  UNFILTERED TOTAL",65.7,µg/L,0.1727,0,,
16018409302,2019-09-11T09:50:00,"BERYLIUM,UNFILTERED TOTAL",0.139,µg/L,0.0449,0,,
16018409302,2019-09-11T09:50:00,"BISMUTH, UNFILTERED TOTAL",-5.73,µg/L,0.0644,0,,
16018409302,2019-09-11T09:50:00,"CADMIUM, UNFILTERED TOTAL",1.41,µg/L,0.0158,0,,
16018409302,2019-09-11T09:50:00,"CALCIUM, UNFILTERED TOTAL",62.7,mg/L,0.1712,0,,
16018409302,2019-09-11T09:50:00,"CARBON, DISSOLVED INORGANIC",17.8,mg/L,0.2328,0,,
16018409302,2019-09-11T09:50:00,"CARBON, DISSOLVED ORGANIC",5.9,mg/L,0.0252,0,,
16018409302,2019-09-11T09:50:00,"CHLORIDE,         UNFIL.REAC",84.2,mg/L,0.1495,0,,
16018409302,2019-09-11T09:50:00,"CHROMIUM, UNFILTERED TOTAL",4.18,µg/L,0.0683,0,,
16018409302,2019-09-11T09:50:00,"COBALT,   UNFILTERED TOTAL",1.33,µg/L,0.0559,0,,
16018409302,2019-09-11T09:50:00,"CONDUCTIVITY, 25C",446.0,MICRO SIEMENS PER CENTIMETER,0.6196,1,"rolling_mean_30, rolling_mean_14, rolling_mean_7","2.96, 2.95, 2.92"
16018409302,2019-09-11T09:50:00,"CONDUCTIVITY, AMBIENT",478.0,MICROMHOS/CM (CONDUCTIVITY),0.609,1,"rolling_mean_30, rolling_mean_14, rolling_mean_7","3.06, 3.05, 3.02"
16018409302,2019-09-11T09:50:00,"COPPER,   UNFILTERED TOTAL",13.5,µg/L,0.1123,0,,
16018409302,2019-09-11T09:50:00,DISSOLVED OXYGEN,6.47,mg/L,0.0246,0,,
16018409302,2019-09-11T09:50:00,"HARDNESS,   TOTAL",192.0,mg/L,0.4907,0,,
16018409302,2019-09-11T09:50:00,"IRON,     UNFILTERED TOTAL",3580.0,µg/L,0.9588,1,"rate_of_change, delta, rolling_std_30","14.34, 13.75, 12.89"
16018409302,2019-09-11T09:50:00,"LEAD,     UNFILTERED TOTAL",5.46,µg/L,0.1222,0,,
16018409302,2019-09-11T09:50:00,"LITHIUM,  UNFILTERED TOTAL",12.7,µg/L,0.0471,0,,
16018409302,2019-09-11T09:50:00,"MAGNESIUM,UNFILTERED TOTAL",8.6,mg/L,0.1579,0,,
16018409302,2019-09-11T09:50:00,"MANGANESE,UNFILTERED TOTAL",369.0,µg/L,0.5395,0,,
16018409302,2019-09-11T09:50:00,"MOLYBDENUM,UNFILTERED TOTAL",-0.826,µg/L,0.0304,0,,
16018409302,2019-09-11T09:50:00,"NICKEL,   UNFILTERED TOTAL",4.32,µg/L,0.0714,0,,
16018409302,2019-09-11T09:50:00,"NITRATES TOTAL,   UNFIL.REAC",0.779,mg/L,0.0499,0,,
16018409302,2019-09-11T09:50:00,"NITRITE,  UNFILTERED REACTIVE",0.099,mg/L,0.0427,0,,
16018409302,2019-09-11T09:50:00,PH (-LOG H+ CONCN),8.03,NO DIMENSION/SCALE,0.0448,0,,
16018409302,2019-09-11T09:50:00,PH FIELD,9.08,NO DIMENSION/SCALE,0.0555,0,,
16018409302,2019-09-11T09:50:00,"PHOSPHATE,FILTERED REACTIVE",0.216,mg/L,0.0614,0,,
16018409302,2019-09-11T09:50:00,"PHOSPHORUS,UNFILTERED TOTAL",491.0,µg/L,0.6412,1,"zscore, rate_of_change, delta","2.24, 2.18, 2.08"
16018409302,2019-09-11T09:50:00,"POTASSIUM,UNFILTERED TOTAL",3.04,mg/L,0.0451,0,,
16018409302,2019-09-11T09:50:00,"RESIDUE,PARTICULATE",360.0,mg/L,0.5694,0,,
16018409302,2019-09-11T09:50:00,"SILICATES,UNFILTERED REACTIVE",1.32,mg/L,0.0377,0,,
16018409302,2019-09-11T09:50:00,"SILVER,   UNFILTERED TOTAL",-0.234,µg/L,0.027,0,,
16018409302,2019-09-11T09:50:00,"SODIUM,   UNFILTERED TOTAL",49.1,mg/L,0.1015,0,,
16018409302,2019-09-11T09:50:00,STREAM CONDITION,3.0,NO DIMENSION/SCALE,0.1009,0,,
16018409302,2019-09-11T09:50:00,"STRONTIUM, UNFILTERED TOTAL",278.0,µg/L,0.3418,0,,
16018409302,2019-09-11T09:50:00,"TEMPERATURE, WATER",19.9,DEGREES CELSIUS,0.0548,0,,
16018409302,2019-09-11T09:50:00,TIN       UNFILTERED TOTAL,-2.06,µg/L,0.0606,0,,
16018409302,2019-09-11T09:50:00,"TITANIUM,  UNFILTERED TOTAL",5.41,µg/L,0.0351,0,,
16018409302,2019-09-11T09:50:00,"URANIUM,   UNFILTERED TOTAL",3.01,µg/L,0.0431,0,,
16018409302,2019-09-11T09:50:00,"VANADIUM,  UNFILTERED TOTAL",6.99,µg/L,0.0738,0,,
16018409302,2019-09-11T09:50:00,"ZINC,  UNFILTERED TOTAL",84.2,µg/L,0.3075,0,,
16018409302,2019-09-11T09:50:00,"ZIRCONIUM,  UNFILTERED TOTAL",0.405,µg/L,0.0498,0,,
16018409302,2019-09-11T23:50:00,NITROGEN; TOTAL,1.52,mg/L,0.0244,0,,
16018409302,2019-10-09T10:05:00,"ALKALINITY, TOTAL",258.0,mg/L,0.4662,0,,
16018409302,2019-10-09T10:05:00,"ALUMINIUM, UNFILTERED TOTAL",350.0,µg/L,0.9318,1,"rate_of_change, delta, rolling_std_30","-13.83, -13.28, 9.08"
16018409302,2019-10-09T10:05:00,"AMMONIUM, TOTAL   UNFIL.REAC",0.055,mg/L,0.017,0,,
16018409302,2019-10-09T10:05:00,"BARIUM,  UNFILTERED TOTAL",82.0,µg/L,0.148,0,,
16018409302,2019-10-09T10:05:00,"BERYLIUM,UNFILTERED TOTAL",-0.0486,µg/L,0.0229,0,,
16018409302,2019-10-09T10:05:00,"BISMUTH, UNFILTERED TOTAL",-5.93,µg/L,0.0601,0,,
16018409302,2019-10-09T10:05:00,"CADMIUM, UNFILTERED TOTAL",1.43,µg/L,0.0121,0,,
16018409302,2019-10-09T10:05:00,"CALCIUM, UNFILTERED TOTAL",94.4,mg/L,0.1991,0,,
16018409302,2019-10-09T10:05:00,"CARBON, DISSOLVED INORGANIC",62.6,mg/L,0.206,0,,
16018409302,2019-10-09T10:05:00,"CARBON, DISSOLVED ORGANIC",5.2,mg/L,0.0039,0,,
16018409302,2019-10-09T10:05:00,"CHLORIDE,         UNFIL.REAC",56.2,mg/L,0.1618,0,,
16018409302,2019-10-09T10:05:00,"CHROMIUM, UNFILTERED TOTAL",0.675,µg/L,0.0471,0,,
16018409302,2019-10-09T10:05:00,"COBALT,   UNFILTERED TOTAL",0.935,µg/L,0.0156,0,,
16018409302,2019-10-09T10:05:00,"CONDUCTIVITY, 25C",789.0,MICRO SIEMENS PER CENTIMETER,0.6244,1,"rolling_mean_30, rolling_mean_14, rolling_mean_7","3.04, 3.04, 3.00"
16018409302,2019-10-09T10:05:00,"CONDUCTIVITY, AMBIENT",797.0,MICROMHOS/CM (CONDUCTIVITY),0.6178,1,"rolling_mean_30, rolling_mean_14, rolling_mean_7","3.13, 3.13, 3.09"
16018409302,2019-10-09T10:05:00,"COPPER,   UNFILTERED TOTAL",2.35,µg/L,0.0789,0,,
16018409302,2019-10-09T10:05:00,DISSOLVED OXYGEN,9.3,mg/L,0.0317,0,,
16018409302,2019-10-09T10:05:00,"HARDNESS,   TOTAL",368.0,mg/L,0.4721,0,,
16018409302,2019-10-09T10:05:00,"IRON,     UNFILTERED TOTAL",559.0,µg/L,0.9556,1,"rate_of_change, delta, rolling_std_30","-21.10, -20.27, 13.82"
16018409302,2019-10-09T10:05:00,"LEAD,     UNFILTERED TOTAL",-5.83,µg/L,0.1058,0,,
16018409302,2019-10-09T10:05:00,"LITHIUM,  UNFILTERED TOTAL",7.01,µg/L,0.0525,0,,
16018409302,2019-10-09T10:05:00,"MAGNESIUM,UNFILTERED TOTAL",32.1,mg/L,0.1402,0,,
16018409302,2019-10-09T10:05:00,"MANGANESE,UNFILTERED TOTAL",85.9,µg/L,0.4848,0,,
16018409302,2019-10-09T10:05:00,"MOLYBDENUM,UNFILTERED TOTAL",-0.815,µg/L,0.029,0,,
16018409302,2019-10-09T10:05:00,"NICKEL,   UNFILTERED TOTAL",-0.649,µg/L,0.0688,0,,
16018409302,2019-10-09T10:05:00,"NITRATES TOTAL,   UNFIL.REAC",1.18,mg/L,0.013,0,,
16018409302,2019-10-09T10:05:00,"NITRITE,  UNFILTERED REACTIVE",0.013,mg/L,0.0169,0,,
16018409302,2019-10-09T10:05:00,NITROGEN; TOTAL,1.71,mg/L,0.0046,0,,
16018409302,2019-10-09T10:05:00,PH (-LOG H+ CONCN),8.26,NO DIMENSION/SCALE,0.0117,0,,
16018409302,2019-10-09T10:05:00,PH FIELD,8.36,NO DIMENSION/SCALE,0.0133,0,,
16018409302,2019-10-09T10:05:00,"PHOSPHATE,FILTERED REACTIVE",0.0418,mg/L,0.0121,0,,
16018409302,2019-10-09T10:05:00,"PHOSPHORUS,UNFILTERED TOTAL",86.0,µg/L,0.5777,0,,
16018409302,2019-10-09T10:05:00,"POTASSIUM,UNFILTERED TOTAL",3.92,mg/L,0.0563,0,,
16018409302,2019-10-09T10:05:00,"RESIDUE,PARTICULATE",28.6,mg/L,0.5177,0,,
16018409302,2019-10-09T10:05:00,"SILICATES,UNFILTERED REACTIVE",4.84,mg/L,0.0451,0,,
16018409302,2019-10-09T10:05:00,"SILVER,   UNFILTERED TOTAL",1.31,µg/L,0.0629,0,,
16018409302,2019-10-09T10:05:00,"SODIUM,   UNFILTERED TOTAL",33.6,mg/L,0.1179,0,,
16018409302,2019-10-09T10:05:00,STREAM CONDITION,8.0,NO DIMENSION/SCALE,0.0349,0,,
16018409302,2019-10-09T10:05:00,"STRONTIUM, UNFILTERED TOTAL",452.0,µg/L,0.5145,0,,
16018409302,2019-10-09T10:05:00,"TEMPERATURE, WATER",11.3,DEGREES CELSIUS,0.0862,0,,
16018409302,2019-10-09T10:05:00,TIN       UNFILTERED TOTAL,3.81,µg/L,0.1041,0,,
16018409302,2019-10-09T10:05:00,"TITANIUM,  UNFILTERED TOTAL",3.89,µg/L,0.0241,0,,
16018409302,2019-10-09T10:05:00,"URANIUM,   UNFILTERED TOTAL",3.93,µg/L,0.0354,0,,
16018409302,2019-10-09T10:05:00,"VANADIUM,  UNFILTERED TOTAL",1.12,µg/L,0.0565,0,,
16018409302,2019-10-09T10:05:00,"ZINC,  UNFILTERED TOTAL",5.46,µg/L,0.2909,0,,
16018409302,2019-10-09T10:05:00,"ZIRCONIUM,  UNFILTERED TOTAL",0.116,µg/L,0.0208,0,,
16018409302,2019-11-06T10:15:00,"ALKALINITY, TOTAL",256.0,mg/L,0.3316,0,,
16018409302,2019-11-06T10:15:00,"ALUMINIUM, UNFILTERED TOTAL",338.0,µg/L,0.8409,1,"rolling_std_30, rolling_std_14, rolling_std_7","9.19, 9.00, 7.64"
16018409302,2019-11-06T10:15:00,"AMMONIUM, TOTAL   UNFIL.REAC",0.029,mg/L,0.0177,0,,
16018409302,2019-11-06T10:15:00,"BARIUM,  UNFILTERED TOTAL",46.9,µg/L,0.1966,0,,
16018409302,2019-11-06T10:15:00,"BERYLIUM,UNFILTERED TOTAL",-0.0283,µg/L,0.016,0,,
16018409302,2019-11-06T10:15:00,"BISMUTH, UNFILTERED TOTAL",-5.45,µg/L,0.0672,0,,
16018409302,2019-11-06T10:15:00,"CADMIUM, UNFILTERED TOTAL",0.515,µg/L,0.0616,0,,
16018409302,2019-11-06T10:15:00,"CALCIUM, UNFILTERED TOTAL",89.0,mg/L,0.1227,0,,
16018409302,2019-11-06T10:15:00,"CARBON, DISSOLVED INORGANIC",62.0,mg/L,0.1082,0,,
16018409302,2019-11-06T10:15:00,"CARBON, DISSOLVED ORGANIC",8.9,mg/L,0.0696,0,,
16018409302,2019-11-06T10:15:00,"CHLORIDE,         UNFIL.REAC",48.7,mg/L,0.1275,0,,
16018409302,2019-11-06T10:15:00,"CHROMIUM, UNFILTERED TOTAL",0.391,µg/L,0.0194,0,,
16018409302,2019-11-06T10:15:00,"COBALT,   UNFILTERED TOTAL",0.0921,µg/L,0.036,0,,
16018409302,2019-11-06T10:15:00,"CONDUCTIVITY, 25C",705.0,MICRO SIEMENS PER CENTIMETER,0.499,0,,
16018409302,2019-11-06T10:15:00,"CONDUCTIVITY, AMBIENT",712.0,MICROMHOS/CM (CONDUCTIVITY),0.5001,0,,
16018409302,2019-11-06T10:15:00,"COPPER,   UNFILTERED TOTAL",9.42,µg/L,0.0665,0,,
16018409302,2019-11-06T10:15:00,DISSOLVED OXYGEN,11.18,mg/L,0.0548,0,,
16018409302,2019-11-06T10:15:00,"HARDNESS,   TOTAL",321.0,mg/L,0.3588,0,,
16018409302,2019-11-06T10:15:00,"IRON,     UNFILTERED TOTAL",603.0,µg/L,0.8718,1,"rolling_std_30, rolling_std_14, rolling_std_7","13.82, 13.53, 11.49"
16018409302,2019-11-06T10:15:00,"LEAD,     UNFILTERED TOTAL",-4.93,µg/L,0.061,0,,
16018409302,2019-11-06T10:15:00,"LITHIUM,  UNFILTERED TOTAL",5.27,µg/L,0.0444,0,,
16018409302,2019-11-06T10:15:00,"MAGNESIUM,UNFILTERED TOTAL",24.1,mg/L,0.0865,0,,
16018409302,2019-11-06T10:15:00,"MANGANESE,UNFILTERED TOTAL",67.9,µg/L,0.347,0,,
16018409302,2019-11-06T10:15:00,"MOLYBDENUM,UNFILTERED TOTAL",-0.91,µg/L,0.0231,0,,
16018409302,2019-11-06T10:15:00,"NICKEL,   UNFILTERED TOTAL",0.3,µg/L,0.0229,0,,
16018409302,2019-11-06T10:15:00,"NITRATES TOTAL,   UNFIL.REAC",1.75,mg/L,0.0131,0,,
16018409302,2019-11-06T10:15:00,"NITRITE,  UNFILTERED REACTIVE",0.014,mg/L,0.0147,0,,
16018409302,2019-11-06T10:15:00,NITROGEN; TOTAL,2.41,mg/L,0.0317,0,,
16018409302,2019-11-06T10:15:00,PH (-LOG H+ CONCN),8.26,NO DIMENSION/SCALE,0.0136,0,,
16018409302,2019-11-06T10:15:00,PH FIELD,8.4,NO DIMENSION/SCALE,0.0094,0,,
16018409302,2019-11-06T10:15:00,"PHOSPHATE,FILTERED REACTIVE",0.0442,mg/L,0.0034,0,,
16018409302,2019-11-06T10:15:00,"PHOSPHORUS,UNFILTERED TOTAL",96.7,µg/L,0.4141,0,,
16018409302,2019-11-06T10:15:00,"POTASSIUM,UNFILTERED TOTAL",3.79,mg/L,0.0301,0,,
16018409302,2019-11-06T10:15:00,"RESIDUE,PARTICULATE",25.7,mg/L,0.3601,0,,
16018409302,2019-11-06T10:15:00,"SILICATES,UNFILTERED REACTIVE",4.66,mg/L,0.0258,0,,
16018409302,2019-11-06T10:15:00,"SILVER,   UNFILTERED TOTAL",0.332,µg/L,0.0209,0,,
16018409302,2019-11-06T10:15:00,"SODIUM,   UNFILTERED TOTAL",28.2,mg/L,0.1075,0,,
16018409302,2019-11-06T10:15:00,STREAM CONDITION,8.0,NO DIMENSION/SCALE,0.0182,0,,
16018409302,2019-11-06T10:15:00,"STRONTIUM, UNFILTERED TOTAL",318.0,µg/L,0.4504,0,,
16018409302,2019-11-06T10:15:00,"TEMPERATURE, WATER",5.7,DEGREES CELSIUS,0.1008,0,,
16018409302,2019-11-06T10:15:00,TIN       UNFILTERED TOTAL,-3.53,µg/L,0.0871,0,,
16018409302,2019-11-06T10:15:00,"TITANIUM,  UNFILTERED TOTAL",3.63,µg/L,0.0125,0,,
16018409302,2019-11-06T10:15:00,"URANIUM,   UNFILTERED TOTAL",6.09,µg/L,0.058,0,,
16018409302,2019-11-06T10:15:00,"VANADIUM,  UNFILTERED TOTAL",1.1,µg/L,0.0256,0,,
16018409302,2019-11-06T10:15:00,"ZINC,  UNFILTERED TOTAL",4.91,µg/L,0.1344,0,,
16018409302,2019-11-06T10:15:00,"ZIRCONIUM,  UNFILTERED TOTAL",0.125,µg/L,0.0055,0,,
16018409302,2020-01-13T10:34:00,"ALKALINITY, TOTAL",114.0,mg/L,0.4993,0,,
16018409302,2020-01-13T10:34:00,"ALUMINIUM, UNFILTERED TOTAL",1040.0,µg/L,0.9314,1,"rolling_std_30, rolling_std_14, rolling_std_7","8.48, 8.31, 7.50"
16018409302,2020-01-13T10:34:00,"AMMONIUM, TOTAL   UNFIL.REAC",0.06,mg/L,0.0715,0,,
16018409302,2020-01-13T10:34:00,"BARIUM,  UNFILTERED TOTAL",39.3,µg/L,0.2358,0,,
16018409302,2020-01-13T10:34:00,"BERYLIUM,UNFILTERED TOTAL",0.0993,µg/L,0.0887,0,,
16018409302,2020-01-13T10:34:00,"BISMUTH, UNFILTERED TOTAL",-5.71,µg/L,0.1249,0,,
16018409302,2020-01-13T10:34:00,"CADMIUM, UNFILTERED TOTAL",0.545,µg/L,0.1037,0,,
16018409302,2020-01-13T10:34:00,"CALCIUM, UNFILTERED TOTAL",41.4,mg/L,0.3422,0,,
16018409302,2020-01-13T10:34:00,"CARBON, DISSOLVED INORGANIC",27.5,mg/L,0.2852,0,,
16018409302,2020-01-13T10:34:00,"CARBON, DISSOLVED ORGANIC",5.6,mg/L,0.0909,0,,
16018409302,2020-01-13T10:34:00,"CHLORIDE,         UNFIL.REAC",21.8,mg/L,0.3071,0,,
16018409302,2020-01-13T10:34:00,"CHROMIUM, UNFILTERED TOTAL",0.798,µg/L,0.0855,0,,
16018409302,2020-01-13T10:34:00,"COBALT,   UNFILTERED TOTAL",0.593,µg/L,0.0697,0,,
16018409302,2020-01-13T10:34:00,"CONDUCTIVITY, 25C",332.0,MICRO SIEMENS PER CENTIMETER,0.6901,1,"rolling_mean_30, rolling_mean_14, rolling_mean_7","2.85, 2.84, 2.77"
16018409302,2020-01-13T10:34:00,"CONDUCTIVITY, AMBIENT",347.0,MICROMHOS/CM (CONDUCTIVITY),0.6873,1,"rolling_mean_30, rolling_mean_14, rolling_mean_7","2.93, 2.93, 2.86"
16018409302,2020-01-13T10:34:00,"COPPER,   UNFILTERED TOTAL",4.75,µg/L,0.1053,0,,
16018409302,2020-01-13T10:34:00,DISSOLVED OXYGEN,12.43,mg/L,0.117,0,,
16018409302,2020-01-13T10:34:00,"HARDNESS,   TOTAL",144.0,mg/L,0.5674,0,,
16018409302,2020-01-13T10:34:00,"IRON,     UNFILTERED TOTAL",973.0,µg/L,0.9371,1,"rolling_std_30, rolling_std_14, rolling_std_7","13.06, 12.79, 11.67"
16018409302,2020-01-13T10:34:00,"LEAD,     UNFILTERED TOTAL",-3.45,µg/L,0.1118,0,,
16018409302,2020-01-13T10:34:00,"LITHIUM,  UNFILTERED TOTAL",11.7,µg/L,0.1256,0,,
16018409302,2020-01-13T10:34:00,"MAGNESIUM,UNFILTERED TOTAL",9.78,mg/L,0.2165,0,,
16018409302,2020-01-13T10:34:00,"MANGANESE,UNFILTERED TOTAL",109.0,µg/L,0.4486,0,,
16018409302,2020-01-13T10:34:00,"MOLYBDENUM,UNFILTERED TOTAL",-0.815,µg/L,0.091,0,,
16018409302,2020-01-13T10:34:00,"NICKEL,   UNFILTERED TOTAL",1.61,µg/L,0.0837,0,,
16018409302,2020-01-13T10:34:00,"NITRATES TOTAL,   UNFIL.REAC",1.71,mg/L,0.078,0,,
16018409302,2020-01-13T10:34:00,"NITRITE,  UNFILTERED REACTIVE",0.03,mg/L,0.0689,0,,
16018409302,2020-01-13T10:34:00,NITROGEN; TOTAL,4.85,mg/L,0.1612,0,,
16018409302,2020-01-13T10:34:00,PH (-LOG H+ CONCN),8.14,NO DIMENSION/SCALE,0.0865,0,,
16018409302,2020-01-13T10:34:00,PH FIELD,8.65,NO DIMENSION/SCALE,0.0882,0,,
16018409302,2020-01-13T10:34:00,"PHOSPHATE,FILTERED REACTIVE",0.143,mg/L,0.0915,0,,
16018409302,2020-01-13T10:34:00,"PHOSPHORUS,UNFILTERED TOTAL",368.0,µg/L,0.6416,1,"delta, rolling_std_30, rolling_std_14","1.82, 1.66, 1.62"
16018409302,2020-01-13T10:34:00,"POTASSIUM,UNFILTERED TOTAL",5.32,mg/L,0.1271,0,,
16018409302,2020-01-13T10:34:00,"RESIDUE,PARTICULATE",88.1,mg/L,0.473,0,,
16018409302,2020-01-13T10:34:00,"SILICATES,UNFILTERED REACTIVE",2.66,mg/L,0.0795,0,,
16018409302,2020-01-13T10:34:00,"SILVER,   UNFILTERED TOTAL",-0.482,µg/L,0.106,0,,
16018409302,2020-01-13T10:34:00,"SODIUM,   UNFILTERED TOTAL",12.6,mg/L,0.2595,0,,
16018409302,2020-01-13T10:34:00,STREAM CONDITION,3.0,NO DIMENSION/SCALE,0.1597,0,,
16018409302,2020-01-13T10:34:00,"STRONTIUM, UNFILTERED TOTAL",127.0,µg/L,0.584,1,"zscore, is_gap, delta","-2.24, 1.53, -1.28"
16018409302,2020-01-13T10:34:00,"TEMPERATURE, WATER",2.9,DEGREES CELSIUS,0.1693,0,,
16018409302,2020-01-13T10:34:00,TIN       UNFILTERED TOTAL,-3.79,µg/L,0.1227,0,,
16018409302,2020-01-13T10:34:00,"TITANIUM,  UNFILTERED TOTAL",5.83,µg/L,0.0873,0,,
16018409302,2020-01-13T10:34:00,"TURBIDITY, FIELD",40.0,FORMAZIN NEPHELOMETRIC UNIT,0.0786,0,,
16018409302,2020-01-13T10:34:00,"URANIUM,   UNFILTERED TOTAL",4.62,µg/L,0.0937,0,,
16018409302,2020-01-13T10:34:00,"VANADIUM,  UNFILTERED TOTAL",1.84,µg/L,0.0778,0,,
16018409302,2020-01-13T10:34:00,"ZINC,  UNFILTERED TOTAL",14.3,µg/L,0.2281,0,,
16018409302,2020-01-13T10:34:00,"ZIRCONIUM,  UNFILTERED TOTAL",0.313,µg/L,0.0879,0,,
16018409302,2020-03-11T11:20:00,"ALKALINITY, TOTAL",187.0,mg/L,0.4563,0,,
16018409302,2020-03-11T11:20:00,"ALUMINIUM, UNFILTERED TOTAL",638.0,µg/L,0.8973,1,"rolling_std_30, rolling_std_14, rolling_std_7","8.09, 7.92, 7.63"
16018409302,2020-03-11T11:20:00,"AMMONIUM, TOTAL   UNFIL.REAC",0.061,mg/L,0.0694,0,,
16018409302,2020-03-11T11:20:00,"BARIUM,  UNFILTERED TOTAL",41.6,µg/L,0.212,0,,
16018409302,2020-03-11T11:20:00,"BERYLIUM,UNFILTERED TOTAL",0.127,µg/L,0.0864,0,,
16018409302,2020-03-11T11:20:00,"BISMUTH, UNFILTERED TOTAL",-5.87,µg/L,0.1172,0,,
16018409302,2020-03-11T11:20:00,"CADMIUM, UNFILTERED TOTAL",1.61,µg/L,0.0862,0,,
16018409302,2020-03-11T11:20:00,"CALCIUM, UNFILTERED TOTAL",70.3,mg/L,0.2459,0,,
16018409302,2020-03-11T11:20:00,"CARBON, DISSOLVED INORGANIC",45.7,mg/L,0.2166,0,,
16018409302,2020-03-11T11:20:00,"CARBON, DISSOLVED ORGANIC",5.1,mg/L,0.0709,0,,
16018409302,2020-03-11T11:20:00,"CHLORIDE,         UNFIL.REAC",38.7,mg/L,0.2251,0,,
16018409302,2020-03-11T11:20:00,"CHROMIUM, UNFILTERED TOTAL",1.36,µg/L,0.0727,0,,
16018409302,2020-03-11T11:20:00,"COBALT,   UNFILTERED TOTAL",0.912,µg/L,0.0733,0,,
16018409302,2020-03-11T11:20:00,"CONDUCTIVITY, 25C",532.0,MICRO SIEMENS PER CENTIMETER,0.6224,1,"rolling_mean_30, rolling_mean_14, rolling_mean_7","2.79, 2.78, 2.60"
16018409302,2020-03-11T11:20:00,"CONDUCTIVITY, AMBIENT",540.0,MICROMHOS/CM (CONDUCTIVITY),0.6189,1,"rolling_mean_30, rolling_mean_14, rolling_mean_7","2.87, 2.86, 2.70"
16018409302,2020-03-11T11:20:00,"COPPER,   UNFILTERED TOTAL",3.77,µg/L,0.0887,0,,
16018409302,2020-03-11T11:20:00,DISSOLVED OXYGEN,11.62,mg/L,0.0928,0,,
16018409302,2020-03-11T11:20:00,"HARDNESS,   TOTAL",244.0,mg/L,0.4877,0,,
16018409302,2020-03-11T11:20:00,"IRON,     UNFILTERED TOTAL",753.0,µg/L,0.9261,1,"rolling_std_30, rolling_std_14, rolling_std_7","12.63, 12.37, 12.04"
16018409302,2020-03-11T11:20:00,"LEAD,     UNFILTERED TOTAL",-5.12,µg/L,0.1296,0,,
16018409302,2020-03-11T11:20:00,"LITHIUM,  UNFILTERED TOTAL",4.14,µg/L,0.1426,0,,
16018409302,2020-03-11T11:20:00,"MAGNESIUM,UNFILTERED TOTAL",16.7,mg/L,0.1713,0,,
16018409302,2020-03-11T11:20:00,"MANGANESE,UNFILTERED TOTAL",81.9,µg/L,0.4283,0,,
16018409302,2020-03-11T11:20:00,"MOLYBDENUM,UNFILTERED TOTAL",-0.939,µg/L,0.0802,0,,
16018409302,2020-03-11T11:20:00,"NICKEL,   UNFILTERED TOTAL",0.714,µg/L,0.0765,0,,
16018409302,2020-03-11T11:20:00,"NITRATES TOTAL,   UNFIL.REAC",2.23,mg/L,0.1013,0,,
16018409302,2020-03-11T11:20:00,"NITRITE,  UNFILTERED REACTIVE",0.018,mg/L,0.0707,0,,
16018409302,2020-03-11T11:20:00,NITROGEN; TOTAL,3.11,mg/L,0.081,0,,
16018409302,2020-03-11T11:20:00,PH (-LOG H+ CONCN),8.19,NO DIMENSION/SCALE,0.072,0,,
16018409302,2020-03-11T11:20:00,PH FIELD,8.06,NO DIMENSION/SCALE,0.1079,0,,
16018409302,2020-03-11T11:20:00,"PHOSPHATE,FILTERED REACTIVE",0.0396,mg/L,0.0716,0,,
16018409302,2020-03-11T11:20:00,"PHOSPHORUS,UNFILTERED TOTAL",171.0,µg/L,0.5619,0,,
16018409302,2020-03-11T11:20:00,"POTASSIUM,UNFILTERED TOTAL",3.39,mg/L,0.0774,0,,
16018409302,2020-03-11T11:20:00,"RESIDUE,PARTICULATE",98.6,mg/L,0.4217,0,,
16018409302,2020-03-11T11:20:00,"SILICATES,UNFILTERED REACTIVE",2.68,mg/L,0.0693,0,,
16018409302,2020-03-11T11:20:00,"SILVER,   UNFILTERED TOTAL",0.416,µg/L,0.0785,0,,
16018409302,2020-03-11T11:20:00,"SODIUM,   UNFILTERED TOTAL",21.3,mg/L,0.1878,0,,
16018409302,2020-03-11T11:20:00,STREAM CONDITION,3.0,NO DIMENSION/SCALE,0.1087,0,,
16018409302,2020-03-11T11:20:00,"STRONTIUM, UNFILTERED TOTAL",221.0,µg/L,0.5058,0,,
16018409302,2020-03-11T11:20:00,"TEMPERATURE, WATER",4.5,DEGREES CELSIUS,0.1445,0,,
16018409302,2020-03-11T11:20:00,TIN       UNFILTERED TOTAL,-1.64,µg/L,0.1015,0,,
16018409302,2020-03-11T11:20:00,"TITANIUM,  UNFILTERED TOTAL",4.77,µg/L,0.0696,0,,
16018409302,2020-03-11T11:20:00,"TURBIDITY, FIELD",62.0,FORMAZIN NEPHELOMETRIC UNIT,0.2274,0,,
16018409302,2020-03-11T11:20:00,"URANIUM,   UNFILTERED TOTAL",5.04,µg/L,0.0859,0,,
16018409302,2020-03-11T11:20:00,"VANADIUM,  UNFILTERED TOTAL",1.61,µg/L,0.078,0,,
16018409302,2020-03-11T11:20:00,"ZINC,  UNFILTERED TOTAL",12.5,µg/L,0.2101,0,,
16018409302,2020-03-11T11:20:00,"ZIRCONIUM,  UNFILTERED TOTAL",0.2,µg/L,0.0726,0,,
16018409302,2020-10-08T10:05:00,"ALKALINITY, TOTAL",191.0,mg/L,0.5112,0,,
16018409302,2020-10-08T10:05:00,"ALUMINIUM, UNFILTERED TOTAL",310.0,µg/L,0.9145,1,"rolling_std_30, rolling_std_7, rolling_std_14","8.12, 8.09, 7.95"
16018409302,2020-10-08T10:05:00,"AMMONIUM, TOTAL   UNFIL.REAC",0.073,mg/L,0.1978,0,,
16018409302,2020-10-08T10:05:00,"BARIUM,  UNFILTERED TOTAL",66.7,µg/L,0.3418,0,,
16018409302,2020-10-08T10:05:00,"BERYLIUM,UNFILTERED TOTAL",0.00353,µg/L,0.1973,0,,
16018409302,2020-10-08T10:05:00,"BISMUTH, UNFILTERED TOTAL",-7.45,µg/L,0.3038,0,,
16018409302,2020-10-08T10:05:00,"CADMIUM, UNFILTERED TOTAL",0.54,µg/L,0.2352,0,,
16018409302,2020-10-08T10:05:00,"CALCIUM, UNFILTERED TOTAL",56.6,mg/L,0.3438,0,,
16018409302,2020-10-08T10:05:00,"CARBON, DISSOLVED INORGANIC",47.3,mg/L,0.3102,0,,
16018409302,2020-10-08T10:05:00,"CARBON, DISSOLVED ORGANIC",3.5,mg/L,0.2341,0,,
16018409302,2020-10-08T10:05:00,"CHLORIDE,         UNFIL.REAC",86.0,mg/L,0.3866,0,,
16018409302,2020-10-08T10:05:00,"CHROMIUM, UNFILTERED TOTAL",1.06,µg/L,0.2081,0,,
16018409302,2020-10-08T10:05:00,"COBALT,   UNFILTERED TOTAL",0.386,µg/L,0.2105,0,,
16018409302,2020-10-08T10:05:00,"CONDUCTIVITY, 25C",712.0,MICRO SIEMENS PER CENTIMETER,0.6635,1,"time_gap_days, rolling_mean_30, rolling_mean_14","4.21, 2.82, 2.82"
16018409302,2020-10-08T10:05:00,"CONDUCTIVITY, AMBIENT",720.0,MICROMHOS/CM (CONDUCTIVITY),0.6635,1,"time_gap_days, rolling_mean_30, rolling_mean_14","4.21, 2.90, 2.89"
16018409302,2020-10-08T10:05:00,"COPPER,   UNFILTERED TOTAL",1.86,µg/L,0.24,0,,
16018409302,2020-10-08T10:05:00,DISSOLVED OXYGEN,7.67,mg/L,0.2318,0,,
16018409302,2020-10-08T10:05:00,"HARDNESS,   TOTAL",237.0,mg/L,0.5434,0,,
16018409302,2020-10-08T10:05:00,"IRON,     UNFILTERED TOTAL",486.0,µg/L,0.9563,1,"rolling_std_7, rolling_std_30, rolling_std_14","12.59, 12.52, 12.27"
16018409302,2020-10-08T10:05:00,"LEAD,     UNFILTERED TOTAL",-9.19,µg/L,0.3042,0,,
16018409302,2020-10-08T10:05:00,"LITHIUM,  UNFILTERED TOTAL",8.69,µg/L,0.2298,0,,
16018409302,2020-10-08T10:05:00,"MAGNESIUM,UNFILTERED TOTAL",23.2,mg/L,0.2702,0,,
16018409302,2020-10-08T10:05:00,"MANGANESE,UNFILTERED TOTAL",88.1,µg/L,0.5095,0,,
16018409302,2020-10-08T10:05:00,"MOLYBDENUM,UNFILTERED TOTAL",0.042,µg/L,0.2588,0,,
16018409302,2020-10-08T10:05:00,"NICKEL,   UNFILTERED TOTAL",-0.316,µg/L,0.2357,0,,
16018409302,2020-10-08T10:05:00,"NITRATES TOTAL,   UNFIL.REAC",1.05,mg/L,0.2316,0,,
16018409302,2020-10-08T10:05:00,"NITRITE,  UNFILTERED REACTIVE",0.023,mg/L,0.1919,0,,
16018409302,2020-10-08T10:05:00,NTOT,1.45,mg/L,0.0375,0,,
16018409302,2020-10-08T10:05:00,PH (-LOG H+ CONCN),8.18,NO DIMENSION/SCALE,0.1924,0,,
16018409302,2020-10-08T10:05:00,PH FIELD,8.21,NO DIMENSION/SCALE,0.2073,0,,
16018409302,2020-10-08T10:05:00,"PHOSPHATE,FILTERED REACTIVE",0.0236,mg/L,0.2015,0,,
16018409302,2020-10-08T10:05:00,"PHOSPHORUS,UNFILTERED TOTAL",74.7,µg/L,0.5942,1,"time_gap_days, rolling_std_7, is_gap","4.21, 1.59, 1.53"
16018409302,2020-10-08T10:05:00,"POTASSIUM,UNFILTERED TOTAL",2.81,mg/L,0.2074,0,,
16018409302,2020-10-08T10:05:00,"RESIDUE,PARTICULATE",24.1,mg/L,0.5334,0,,
16018409302,2020-10-08T10:05:00,"SILICATES,UNFILTERED REACTIVE",3.1,mg/L,0.2086,0,,
16018409302,2020-10-08T10:05:00,"SILVER,   UNFILTERED TOTAL",-0.545,µg/L,0.2394,0,,
16018409302,2020-10-08T10:05:00,"SODIUM,   UNFILTERED TOTAL",51.3,mg/L,0.3568,0,,
16018409302,2020-10-08T10:05:00,STREAM CONDITION,8.0,NO DIMENSION/SCALE,0.2301,0,,
16018409302,2020-10-08T10:05:00,"STRONTIUM, UNFILTERED TOTAL",326.0,µg/L,0.5874,1,"time_gap_days, is_gap, rolling_mean_30","4.21, 1.53, 1.07"
16018409302,2020-10-08T10:05:00,"TEMPERATURE, WATER",10.8,DEGREES CELSIUS,0.2436,0,,
16018409302,2020-10-08T10:05:00,TIN       UNFILTERED TOTAL,-0.528,µg/L,0.2386,0,,
16018409302,2020-10-08T10:05:00,"TITANIUM,  UNFILTERED TOTAL",6.71,µg/L,0.2273,0,,
16018409302,2020-10-08T10:05:00,"TURBIDITY, FIELD",19.4,FORMAZIN NEPHELOMETRIC UNIT,0.3731,0,,
16018409302,2020-10-08T10:05:00,"URANIUM,   UNFILTERED TOTAL",3.39,µg/L,0.2212,0,,
16018409302,2020-10-08T10:05:00,"VANADIUM,  UNFILTERED TOTAL",1.45,µg/L,0.2198,0,,
16018409302,2020-10-08T10:05:00,"ZINC,  UNFILTERED TOTAL",13.3,µg/L,0.3184,0,,
16018409302,2020-10-08T10:05:00,"ZIRCONIUM,  UNFILTERED TOTAL",0.175,µg/L,0.1963,0,,
16018409302,2020-11-24T10:25:00,"ALKALINITY, TOTAL",219.0,mg/L,0.4064,0,,
16018409302,2020-11-24T10:25:00,"ALUMINIUM, UNFILTERED TOTAL",184.0,µg/L,0.8466,1,"rolling_std_7, rolling_std_30, rolling_std_14","8.55, 8.24, 8.07"
16018409302,2020-11-24T10:25:00,"AMMONIUM, TOTAL   UNFIL.REAC",0.043,mg/L,0.0675,0,,
16018409302,2020-11-24T10:25:00,"BARIUM,  UNFILTERED TOTAL",85.5,µg/L,0.2288,0,,
16018409302,2020-11-24T10:25:00,"BERYLIUM,UNFILTERED TOTAL",-0.0165,µg/L,0.0691,0,,
16018409302,2020-11-24T10:25:00,"BISMUTH, UNFILTERED TOTAL",-8.1,µg/L,0.1918,0,,
16018409302,2020-11-24T10:25:00,"CADMIUM, UNFILTERED TOTAL",0.396,µg/L,0.0971,0,,
16018409302,2020-11-24T10:25:00,"CALCIUM, UNFILTERED TOTAL",80.5,mg/L,0.2319,0,,
16018409302,2020-11-24T10:25:00,"CARBON, DISSOLVED INORGANIC",53.7,mg/L,0.1795,0,,
16018409302,2020-11-24T10:25:00,"CARBON, DISSOLVED ORGANIC",2.2,mg/L,0.1206,0,,
16018409302,2020-11-24T10:25:00,"CHLORIDE,         UNFIL.REAC",221.0,mg/L,0.5056,0,,
16018409302,2020-11-24T10:25:00,"CHROMIUM, UNFILTERED TOTAL",1.26,µg/L,0.0662,0,,
16018409302,2020-11-24T10:25:00,"COBALT,   UNFILTERED TOTAL",-0.0887,µg/L,0.1112,0,,
16018409302,2020-11-24T10:25:00,"CONDUCTIVITY, 25C",1400.0,MICRO SIEMENS PER CENTIMETER,0.8204,1,"delta, rolling_std_7, rolling_std_30","4.62, 3.78, 3.29"
16018409302,2020-11-24T10:25:00,"CONDUCTIVITY, AMBIENT",1417.0,MICROMHOS/CM (CONDUCTIVITY),0.8167,1,"delta, rolling_std_7, rolling_std_30","4.68, 3.77, 3.28"
16018409302,2020-11-24T10:25:00,"COPPER,   UNFILTERED TOTAL",3.95,µg/L,0.0797,0,,
16018409302,2020-11-24T10:25:00,DISSOLVED OXYGEN,12.95,mg/L,0.1282,0,,
16018409302,2020-11-24T10:25:00,"HARDNESS,   TOTAL",319.0,mg/L,0.4724,0,,
16018409302,2020-11-24T10:25:00,"IRON,     UNFILTERED TOTAL",262.0,µg/L,0.9205,1,"rolling_std_7, rolling_std_30, rolling_std_14","13.09, 12.62, 12.36"
16018409302,2020-11-24T10:25:00,"LEAD,     UNFILTERED TOTAL",-6.19,µg/L,0.1376,0,,
16018409302,2020-11-24T10:25:00,"LITHIUM,  UNFILTERED TOTAL",5.87,µg/L,0.0937,0,,
16018409302,2020-11-24T10:25:00,"MAGNESIUM,UNFILTERED TOTAL",28.6,mg/L,0.1521,0,,
16018409302,2020-11-24T10:25:00,"MANGANESE,UNFILTERED TOTAL",47.1,µg/L,0.4328,0,,
16018409302,2020-11-24T10:25:00,"MOLYBDENUM,UNFILTERED TOTAL",0.545,µg/L,0.1304,0,,
16018409302,2020-11-24T10:25:00,"NICKEL,   UNFILTERED TOTAL",2.72,µg/L,0.0987,0,,
16018409302,2020-11-24T10:25:00,"NITRATES TOTAL,   UNFIL.REAC",1.46,mg/L,0.0608,0,,
16018409302,2020-11-24T10:25:00,"NITRITE,  UNFILTERED REACTIVE",0.012,mg/L,0.0683,0,,
16018409302,2020-11-24T10:25:00,NTOT,1.86,mg/L,0.0697,0,,
16018409302,2020-11-24T10:25:00,PH (-LOG H+ CONCN),8.27,NO DIMENSION/SCALE,0.0721,0,,
16018409302,2020-11-24T10:25:00,PH FIELD,8.26,NO DIMENSION/SCALE,0.0679,0,,
16018409302,2020-11-24T10:25:00,"PHOSPHATE,FILTERED REACTIVE",0.0131,mg/L,0.0701,0,,
16018409302,2020-11-24T10:25:00,"PHOSPHORUS,UNFILTERED TOTAL",31.2,µg/L,0.5254,0,,
16018409302,2020-11-24T10:25:00,"POTASSIUM,UNFILTERED TOTAL",2.66,mg/L,0.0707,0,,
16018409302,2020-11-24T10:25:00,"RESIDUE,PARTICULATE",15.3,mg/L,0.4014,0,,
16018409302,2020-11-24T10:25:00,"SILICATES,UNFILTERED REACTIVE",2.76,mg/L,0.0637,0,,
16018409302,2020-11-24T10:25:00,"SILVER,   UNFILTERED TOTAL",0.195,µg/L,0.0703,0,,
16018409302,2020-11-24T10:25:00,"SODIUM,   UNFILTERED TOTAL",156.0,mg/L,0.4499,0,,
16018409302,2020-11-24T10:25:00,STREAM CONDITION,8.0,NO DIMENSION/SCALE,0.0704,0,,
16018409302,2020-11-24T10:25:00,"STRONTIUM, UNFILTERED TOTAL",431.0,µg/L,0.5349,0,,
16018409302,2020-11-24T10:25:00,"TEMPERATURE, WATER",2.3,DEGREES CELSIUS,0.1582,0,,
16018409302,2020-11-24T10:25:00,TIN       UNFILTERED TOTAL,-13.8,µg/L,0.2367,0,,
16018409302,2020-11-24T10:25:00,"TITANIUM,  UNFILTERED TOTAL",5.62,µg/L,0.0692,0,,
16018409302,2020-11-24T10:25:00,"TURBIDITY, FIELD",9.3,FORMAZIN NEPHELOMETRIC UNIT,0.2199,0,,
16018409302,2020-11-24T10:25:00,"URANIUM,   UNFILTERED TOTAL",6.11,µg/L,0.0989,0,,
16018409302,2020-11-24T10:25:00,"VANADIUM,  UNFILTERED TOTAL",0.458,µg/L,0.0913,0,,
16018409302,2020-11-24T10:25:00,"ZINC,  UNFILTERED TOTAL",7.68,µg/L,0.2063,0,,
16018409302,2020-11-24T10:25:00,"ZIRCONIUM,  UNFILTERED TOTAL",0.0186,µg/L,0.1053,0,,
16018409302,2020-12-10T09:50:00,"ALKALINITY, TOTAL",243.0,mg/L,0.3216,0,,
16018409302,2020-12-10T09:50:00,"AMMONIUM, TOTAL   UNFIL.REAC",0.05,mg/L,0.0117,0,,
16018409302,2020-12-10T09:50:00,"CHLORIDE,         UNFIL.REAC",95.7,mg/L,0.3896,0,,
16018409302,2020-12-10T09:50:00,"CONDUCTIVITY, 25C",988.0,MICRO SIEMENS PER CENTIMETER,0.7533,1,"rate_of_change, rolling_std_7, rolling_mean_7","-5.04, 3.71, 3.45"
16018409302,2020-12-10T09:50:00,"CONDUCTIVITY, AMBIENT",1039.0,MICROMHOS/CM (CONDUCTIVITY),0.7598,1,"rate_of_change, rolling_std_7, rolling_mean_7","-4.62, 3.78, 3.53"
16018409302,2020-12-10T09:50:00,DISSOLVED OXYGEN,13.23,mg/L,0.0656,0,,
16018409302,2020-12-10T09:50:00,"NITRATES TOTAL,   UNFIL.REAC",2.3,mg/L,0.0577,0,,
16018409302,2020-12-10T09:50:00,"NITRITE,  UNFILTERED REACTIVE",0.022,mg/L,0.0101,0,,
16018409302,2020-12-10T09:50:00,NTOT,2.7,mg/L,0.0395,0,,
16018409302,2020-12-10T09:50:00,PH (-LOG H+ CONCN),8.3,NO DIMENSION/SCALE,0.0255,0,,
16018409302,2020-12-10T09:50:00,PH FIELD,8.24,NO DIMENSION/SCALE,0.0196,0,,
16018409302,2020-12-10T09:50:00,"PHOSPHATE,FILTERED REACTIVE",0.0236,mg/L,0.0146,0,,
16018409302,2020-12-10T09:50:00,"PHOSPHORUS,UNFILTERED TOTAL",38.4,µg/L,0.4025,0,,
16018409302,2020-12-10T09:50:00,"RESIDUE,PARTICULATE",8.0,mg/L,0.2848,0,,
16018409302,2020-12-10T09:50:00,STREAM CONDITION,8.0,NO DIMENSION/SCALE,0.0281,0,,
16018409302,2020-12-10T09:50:00,"TEMPERATURE, WATER",1.3,DEGREES CELSIUS,0.0802,0,,
16018409302,2020-12-10T09:50:00,"TURBIDITY, FIELD",5.3,FORMAZIN NEPHELOMETRIC UNIT,0.153,0,,
16018409302,2021-04-14T10:00:00,ALKALINITY,219.1,mg/L as CaCO3,0.2463,0,,
16018409302,2021-04-14T10:00:00,ALUMINUM,422.0,µg/L,0.3971,0,,
16018409302,2021-04-14T10:00:00,BARIUM,59.2,µg/L,0.1138,0,,
16018409302,2021-04-14T10:00:00,BERYLLIUM,0.1,µg/L,0.0386,0,,
16018409302,2021-04-14T10:00:00,BISMUTH,5.0,µg/L,0.0379,0,,
16018409302,2021-04-14T10:00:00,CADMIUM,1.0,µg/L,0.0368,0,,
16018409302,2021-04-14T10:00:00,CALCIUM,70.9,mg/L,0.119,0,,
16018409302,2021-04-14T10:00:00,CARBON; DISSOLVED INORGANIC,53.3,mg/L,0.1053,0,,
16018409302,2021-04-14T10:00:00,CARBON; DISSOLVED ORGANIC,6.82,mg/L,0.0413,0,,
16018409302,2021-04-14T10:00:00,CHLORIDE,73.5,mg/L,0.1215,0,,
16018409302,2021-04-14T10:00:00,CHROMIUM,1.0,µg/L,0.0368,0,,
16018409302,2021-04-14T10:00:00,COBALT,1.3,µg/L,0.0375,0,,
16018409302,2021-04-14T10:00:00,CONDUCTIVITY,733.0,µS/cm,0.5166,0,,
16018409302,2021-04-14T10:00:00,COPPER,3.3,µg/L,0.0394,0,,
16018409302,2021-04-14T10:00:00,HARDNESS,274.0,mg/L,0.2961,0,,
16018409302,2021-04-14T10:00:00,IRON,482.0,µg/L,0.4112,0,,
16018409302,2021-04-14T10:00:00,LEAD,7.0,µg/L,0.0416,0,,
16018409302,2021-04-14T10:00:00,LITHIUM,5.0,µg/L,0.0379,0,,
16018409302,2021-04-14T10:00:00,MAGNESIUM,23.5,mg/L,0.0669,0,,
16018409302,2021-04-14T10:00:00,MANGANESE,78.7,µg/L,0.1306,0,,
16018409302,2021-04-14T10:00:00,MOLYBDENUM,2.0,µg/L,0.0361,0,,
16018409302,2021-04-14T10:00:00,NICKEL,2.0,µg/L,0.0361,0,,
16018409302,2021-04-14T10:00:00,NITRATE,2.3,mg/L,0.0385,0,,
16018409302,2021-04-14T10:00:00,NITROGEN; AMMONIA+AMMONIUM,0.06,mg/L,0.0389,0,,
16018409302,2021-04-14T10:00:00,NITROGEN; NITRATE+NITRITE,2.3,mg/L,0.0385,0,,
16018409302,2021-04-14T10:00:00,NITROGEN; NITRITE,0.024,mg/L,0.0388,0,,
16018409302,2021-04-14T10:00:00,NITROGEN; TOTAL,2.85,mg/L,0.2981,0,,
16018409302,2021-04-14T10:00:00,PH,8.32,,0.0419,0,,
16018409302,2021-04-14T10:00:00,PHOSPHORUS; PHOSPHATE,0.025,mg/L,0.0388,0,,
16018409302,2021-04-14T10:00:00,PHOSPHORUS; TOTAL,102.0,µg/L,0.1674,0,,
16018409302,2021-04-14T10:00:00,POTASSIUM,3.2,mg/L,0.039,0,,
16018409302,2021-04-14T10:00:00,SILICON; REACTIVE SILICATE,3.17,mg/L,0.039,0,,
16018409302,2021-04-14T10:00:00,SILVER,9.0,µg/L,0.0426,0,,
16018409302,2021-04-14T10:00:00,SODIUM,42.5,mg/L,0.082,0,,
16018409302,2021-04-14T10:00:00,SOLIDS; DISSOLVED,509.0,mg/L,0.4242,0,,
16018409302,2021-04-14T10:00:00,SOLIDS; SUSPENDED,52.2,mg/L,0.1053,0,,
16018409302,2021-04-14T10:00:00,SOLIDS; TOTAL,561.0,mg/L,0.4453,0,,
16018409302,2021-04-14T10:00:00,STRONTIUM,353.0,µg/L,0.3619,0,,
16018409302,2021-04-14T10:00:00,TIN,9.0,µg/L,0.0426,0,,
16018409302,2021-04-14T10:00:00,TITANIUM,9.0,µg/L,0.0426,0,,
16018409302,2021-04-14T10:00:00,URANIUM,6.56,µg/L,0.0401,0,,
16018409302,2021-04-14T10:00:00,VANADIUM,1.46,µg/L,0.0375,0,,
16018409302,2021-04-14T10:00:00,ZINC,9.4,µg/L,0.0427,0,,
16018409302,2021-04-14T10:00:00,ZIRCONIUM,1.0,µg/L,0.0368,0,,
16018409302,2021-05-12T09:55:00,ALKALINITY,247.0,mg/L as CaCO3,0.2699,0,,
16018409302,2021-05-12T09:55:00,ALUMINUM,346.0,µg/L,0.4471,0,,
16018409302,2021-05-12T09:55:00,BARIUM,61.0,µg/L,0.0965,0,,
16018409302,2021-05-12T09:55:00,BERYLLIUM,0.1,µg/L,0.0032,0,,
16018409302,2021-05-12T09:55:00,BISMUTH,5.0,µg/L,0.0035,0,,
16018409302,2021-05-12T09:55:00,CADMIUM,0.9,µg/L,0.0125,0,,
16018409302,2021-05-12T09:55:00,CALCIUM,80.8,mg/L,0.1257,0,,
16018409302,2021-05-12T09:55:00,CARBON; DISSOLVED INORGANIC,62.4,mg/L,0.1116,0,,
16018409302,2021-05-12T09:55:00,CARBON; DISSOLVED ORGANIC,6.2,mg/L,0.0171,0,,
16018409302,2021-05-12T09:55:00,CHLORIDE,85.0,mg/L,0.1288,0,,
16018409302,2021-05-12T09:55:00,CHROMIUM,1.0,µg/L,0.0009,0,,
16018409302,2021-05-12T09:55:00,COBALT,1.0,µg/L,0.015,0,,
16018409302,2021-05-12T09:55:00,CONDUCTIVITY,828.0,µS/cm,0.5341,0,,
16018409302,2021-05-12T09:55:00,COPPER,3.0,µg/L,0.0163,0,,
16018409302,2021-05-12T09:55:00,HARDNESS,326.0,mg/L,0.351,0,,
16018409302,2021-05-12T09:55:00,IRON,406.0,µg/L,0.4547,0,,
16018409302,2021-05-12T09:55:00,LEAD,7.0,µg/L,0.0061,0,,
16018409302,2021-05-12T09:55:00,LITHIUM,5.0,µg/L,0.0035,0,,
16018409302,2021-05-12T09:55:00,MAGNESIUM,30.2,mg/L,0.0743,0,,
16018409302,2021-05-12T09:55:00,MANGANESE,126.0,µg/L,0.245,0,,
16018409302,2021-05-12T09:55:00,MOLYBDENUM,2.0,µg/L,0.0013,0,,
16018409302,2021-05-12T09:55:00,NICKEL,4.0,µg/L,0.0279,0,,
16018409302,2021-05-12T09:55:00,NITRATE,0.86,mg/L,0.0274,0,,
16018409302,2021-05-12T09:55:00,NITROGEN; AMMONIA+AMMONIUM,0.06,mg/L,0.0032,0,,
16018409302,2021-05-12T09:55:00,NITROGEN; NITRATE+NITRITE,0.88,mg/L,0.0274,0,,
16018409302,2021-05-12T09:55:00,NITROGEN; NITRITE,0.023,mg/L,0.0144,0,,
16018409302,2021-05-12T09:55:00,NITROGEN; TOTAL,1.33,mg/L,0.0282,0,,
16018409302,2021-05-12T09:55:00,PH,8.31,,0.0191,0,,
16018409302,2021-05-12T09:55:00,PHOSPHORUS; PHOSPHATE,0.02,mg/L,0.0128,0,,
16018409302,2021-05-12T09:55:00,PHOSPHORUS; TOTAL,63.3,µg/L,0.2021,0,,
16018409302,2021-05-12T09:55:00,POTASSIUM,2.0,mg/L,0.0207,0,,
16018409302,2021-05-12T09:55:00,SILICON; REACTIVE SILICATE,1.44,mg/L,0.0294,0,,
16018409302,2021-05-12T09:55:00,SILVER,9.0,µg/L,0.0087,0,,
16018409302,2021-05-12T09:55:00,SODIUM,45.7,mg/L,0.0784,0,,
16018409302,2021-05-12T09:55:00,SOLIDS; DISSOLVED,570.0,mg/L,0.4497,0,,
16018409302,2021-05-12T09:55:00,SOLIDS; SUSPENDED,25.8,mg/L,0.1642,0,,
16018409302,2021-05-12T09:55:00,SOLIDS; TOTAL,596.0,mg/L,0.439,0,,
16018409302,2021-05-12T09:55:00,STRONTIUM,375.0,µg/L,0.3435,0,,
16018409302,2021-05-12T09:55:00,TIN,11.0,µg/L,0.0368,0,,
16018409302,2021-05-12T09:55:00,TITANIUM,9.0,µg/L,0.0087,0,,
16018409302,2021-05-12T09:55:00,URANIUM,3.0,µg/L,0.0449,0,,
16018409302,2021-05-12T09:55:00,VANADIUM,1.0,µg/L,0.0129,0,,
16018409302,2021-05-12T09:55:00,ZINC,21.6,µg/L,0.1,0,,
16018409302,2021-05-12T09:55:00,ZIRCONIUM,1.0,µg/L,0.0009,0,,
16018409302,2021-06-07T16:43:00,ALKALINITY,236.0,mg/L as CaCO3,0.2495,0,,
16018409302,2021-06-07T16:43:00,ALUMINUM,333.0,µg/L,0.3627,0,,
16018409302,2021-06-07T16:43:00,BARIUM,80.0,µg/L,0.1786,0,,
16018409302,2021-06-07T16:43:00,BERYLLIUM,0.1,µg/L,0.0042,0,,
16018409302,2021-06-07T16:43:00,BISMUTH,5.0,µg/L,0.0043,0,,
16018409302,2021-06-07T16:43:00,CADMIUM,0.9,µg/L,0.008,0,,
16018409302,2021-06-07T16:43:00,CALCIUM,69.7,mg/L,0.1297,0,,
16018409302,2021-06-07T16:43:00,CARBON; DISSOLVED INORGANIC,60.2,mg/L,0.0951,0,,
16018409302,2021-06-07T16:43:00,CARBON; DISSOLVED ORGANIC,4.82,mg/L,0.0294,0,,
16018409302,2021-06-07T16:43:00,CHLORIDE,85.6,mg/L,0.1068,0,,
16018409302,2021-06-07T16:43:00,CHROMIUM,1.0,µg/L,0.002,0,,
16018409302,2021-06-07T16:43:00,COBALT,1.0,µg/L,0.0079,0,,
16018409302,2021-06-07T16:43:00,CONDUCTIVITY,787.0,µS/cm,0.5211,0,,
16018409302,2021-06-07T16:43:00,COPPER,3.0,µg/L,0.0089,0,,
16018409302,2021-06-07T16:43:00,HARDNESS,295.0,mg/L,0.3219,0,,
16018409302,2021-06-07T16:43:00,IRON,595.0,µg/L,0.5208,0,,
16018409302,2021-06-07T16:43:00,LEAD,7.0,µg/L,0.007,0,,
16018409302,2021-06-07T16:43:00,LITHIUM,8.0,µg/L,0.0471,0,,
16018409302,2021-06-07T16:43:00,MAGNESIUM,29.3,mg/L,0.0528,0,,
16018409302,2021-06-07T16:43:00,MANGANESE,303.0,µg/L,0.521,0,,
16018409302,2021-06-07T16:43:00,MOLYBDENUM,2.0,µg/L,0.0024,0,,
16018409302,2021-06-07T16:43:00,NICKEL,3.0,µg/L,0.0098,0,,
16018409302,2021-06-07T16:43:00,NITRATE,0.54,mg/L,0.0181,0,,
16018409302,2021-06-07T16:43:00,NITROGEN; AMMONIA+AMMONIUM,0.23,mg/L,0.0298,0,,
16018409302,2021-06-07T16:43:00,NITROGEN; NITRATE+NITRITE,0.6,mg/L,0.0181,0,,
16018409302,2021-06-07T16:43:00,NITROGEN; NITRITE,0.058,mg/L,0.029,0,,
16018409302,2021-06-07T16:43:00,NITROGEN; TOTAL,1.29,mg/L,0.0177,0,,
16018409302,2021-06-07T16:43:00,PH,8.1,,0.0332,0,,
16018409302,2021-06-07T16:43:00,PHOSPHORUS; PHOSPHATE,0.037,mg/L,0.0263,0,,
16018409302,2021-06-07T16:43:00,PHOSPHORUS; TOTAL,137.0,µg/L,0.2937,0,,
16018409302,2021-06-07T16:43:00,POTASSIUM,3.0,mg/L,0.0164,0,,
16018409302,2021-06-07T16:43:00,SILICON; REACTIVE SILICATE,4.5,mg/L,0.0428,0,,
16018409302,2021-06-07T16:43:00,SILVER,9.0,µg/L,0.0085,0,,
16018409302,2021-06-07T16:43:00,SODIUM,45.7,mg/L,0.0742,0,,
16018409302,2021-06-07T16:43:00,SOLIDS; DISSOLVED,512.0,mg/L,0.4549,0,,
16018409302,2021-06-07T16:43:00,SOLIDS; SUSPENDED,45.6,mg/L,0.1404,0,,
16018409302,2021-06-07T16:43:00,SOLIDS; TOTAL,557.0,mg/L,0.4644,0,,
16018409302,2021-06-07T16:43:00,STRONTIUM,368.0,µg/L,0.3409,0,,
16018409302,2021-06-07T16:43:00,TIN,10.7,µg/L,0.0206,0,,
16018409302,2021-06-07T16:43:00,TITANIUM,7.0,µg/L,0.0384,0,,
16018409302,2021-06-07T16:43:00,URANIUM,3.0,µg/L,0.0215,0,,
16018409302,2021-06-07T16:43:00,VANADIUM,2.0,µg/L,0.0267,0,,
16018409302,2021-06-07T16:43:00,ZINC,7.0,µg/L,0.1099,0,,
16018409302,2021-06-07T16:43:00,ZIRCONIUM,1.0,µg/L,0.002,0,,
16018409302,2021-07-13T10:00:00,ALKALINITY,246.0,mg/L as CaCO3,0.3245,0,,
16018409302,2021-07-13T10:00:00,ALUMINUM,610.0,µg/L,0.6374,1,"delta, rolling_mean_30, rolling_mean_14","1.86, 1.71, 1.71"
16018409302,2021-07-13T10:00:00,BARIUM,78.5,µg/L,0.184,0,,
16018409302,2021-07-13T10:00:00,BERYLLIUM,0.1,µg/L,0.0641,0,,
16018409302,2021-07-13T10:00:00,BISMUTH,5.0,µg/L,0.0637,0,,
16018409302,2021-07-13T10:00:00,CADMIUM,0.9,µg/L,0.0625,0,,
16018409302,2021-07-13T10:00:00,CALCIUM,80.1,mg/L,0.2047,0,,
16018409302,2021-07-13T10:00:00,CARBON; DISSOLVED INORGANIC,62.5,mg/L,0.1679,0,,
16018409302,2021-07-13T10:00:00,CARBON; DISSOLVED ORGANIC,7.93,mg/L,0.1077,0,,
16018409302,2021-07-13T10:00:00,CHLORIDE,69.7,mg/L,0.2265,0,,
16018409302,2021-07-13T10:00:00,CHROMIUM,1.27,µg/L,0.0954,0,,
16018409302,2021-07-13T10:00:00,COBALT,1.81,µg/L,0.0952,0,,
16018409302,2021-07-13T10:00:00,CONDUCTIVITY,760.0,µS/cm,0.5832,1,"rolling_mean_30, rolling_mean_14, rolling_mean_7","3.48, 3.47, 3.43"
16018409302,2021-07-13T10:00:00,COPPER,4.24,µg/L,0.0986,0,,
16018409302,2021-07-13T10:00:00,HARDNESS,315.0,mg/L,0.3775,0,,
16018409302,2021-07-13T10:00:00,IRON,1020.0,µg/L,0.7806,1,"rolling_std_30, rolling_std_14, rolling_std_7","3.51, 3.44, 2.92"
16018409302,2021-07-13T10:00:00,LEAD,7.0,µg/L,0.0637,0,,
16018409302,2021-07-13T10:00:00,LITHIUM,7.26,µg/L,0.0714,0,,
16018409302,2021-07-13T10:00:00,MAGNESIUM,28.0,mg/L,0.1073,0,,
16018409302,2021-07-13T10:00:00,MANGANESE,166.0,µg/L,0.4931,0,,
16018409302,2021-07-13T10:00:00,MOLYBDENUM,2.0,µg/L,0.0614,0,,
16018409302,2021-07-13T10:00:00,NICKEL,2.0,µg/L,0.077,0,,
16018409302,2021-07-13T10:00:00,NITRATE,1.45,mg/L,0.071,0,,
16018409302,2021-07-13T10:00:00,NITROGEN; AMMONIA+AMMONIUM,0.08,mg/L,0.0667,0,,
16018409302,2021-07-13T10:00:00,NITROGEN; NITRATE+NITRITE,1.51,mg/L,0.0713,0,,
16018409302,2021-07-13T10:00:00,NITROGEN; NITRITE,0.057,mg/L,0.0739,0,,
16018409302,2021-07-13T10:00:00,NITROGEN; TOTAL,2.07,mg/L,0.0663,0,,
16018409302,2021-07-13T10:00:00,PH,8.23,,0.0682,0,,
16018409302,2021-07-13T10:00:00,PHOSPHORUS; PHOSPHATE,0.044,mg/L,0.0816,0,,
16018409302,2021-07-13T10:00:00,PHOSPHORUS; TOTAL,220.0,µg/L,0.452,0,,
16018409302,2021-07-13T10:00:00,POTASSIUM,3.1,mg/L,0.0668,0,,
16018409302,2021-07-13T10:00:00,SILICON; REACTIVE SILICATE,5.15,mg/L,0.0799,0,,
16018409302,2021-07-13T10:00:00,SILVER,9.0,µg/L,0.0673,0,,
16018409302,2021-07-13T10:00:00,SODIUM,41.9,mg/L,0.1558,0,,
16018409302,2021-07-13T10:00:00,SOLIDS; DISSOLVED,494.0,mg/L,0.4892,0,,
16018409302,2021-07-13T10:00:00,SOLIDS; SUSPENDED,122.0,mg/L,0.3663,0,,
16018409302,2021-07-13T10:00:00,SOLIDS; TOTAL,616.0,mg/L,0.5381,0,,
16018409302,2021-07-13T10:00:00,STRONTIUM,355.0,µg/L,0.4222,0,,
16018409302,2021-07-13T10:00:00,TIN,9.0,µg/L,0.092,0,,
16018409302,2021-07-13T10:00:00,TITANIUM,6.59,µg/L,0.0882,0,,
16018409302,2021-07-13T10:00:00,URANIUM,3.0,µg/L,0.0682,0,,
16018409302,2021-07-13T10:00:00,VANADIUM,2.52,µg/L,0.0867,0,,
16018409302,2021-07-13T10:00:00,ZINC,14.4,µg/L,0.1368,0,,
16018409302,2021-07-13T10:00:00,ZIRCONIUM,1.0,µg/L,0.0622,0,,
16018409302,2021-08-17T10:00:00,ALKALINITY,231.0,mg/L as CaCO3,0.2611,0,,
16018409302,2021-08-17T10:00:00,ALUMINUM,453.0,µg/L,0.5077,0,,
16018409302,2021-08-17T10:00:00,BARIUM,82.5,µg/L,0.129,0,,
16018409302,2021-08-17T10:00:00,BERYLLIUM,0.1,µg/L,0.0139,0,,
16018409302,2021-08-17T10:00:00,BISMUTH,5.0,µg/L,0.0127,0,,
16018409302,2021-08-17T10:00:00,CADMIUM,1.09,µg/L,0.0523,0,,
16018409302,2021-08-17T10:00:00,CALCIUM,68.0,mg/L,0.1346,0,,
16018409302,2021-08-17T10:00:00,CARBON; DISSOLVED INORGANIC,60.1,mg/L,0.1052,0,,
16018409302,2021-08-17T10:00:00,CARBON; DISSOLVED ORGANIC,6.08,mg/L,0.0239,0,,
16018409302,2021-08-17T10:00:00,CHLORIDE,58.5,mg/L,0.1527,0,,
16018409302,2021-08-17T10:00:00,CHROMIUM,1.0,µg/L,0.0194,0,,
16018409302,2021-08-17T10:00:00,COBALT,1.37,µg/L,0.0188,0,,
16018409302,2021-08-17T10:00:00,CONDUCTIVITY,704.0,µS/cm,0.5375,0,,
16018409302,2021-08-17T10:00:00,COPPER,3.06,µg/L,0.025,0,,
16018409302,2021-08-17T10:00:00,HARDNESS,299.0,mg/L,0.3022,0,,
16018409302,2021-08-17T10:00:00,IRON,718.0,µg/L,0.6784,1,"rolling_std_30, rolling_std_14, rolling_mean_30","3.05, 2.98, 2.81"
16018409302,2021-08-17T10:00:00,LEAD,7.0,µg/L,0.0154,0,,
16018409302,2021-08-17T10:00:00,LITHIUM,8.23,µg/L,0.0395,0,,
16018409302,2021-08-17T10:00:00,MAGNESIUM,31.4,mg/L,0.0765,0,,
16018409302,2021-08-17T10:00:00,MANGANESE,118.0,µg/L,0.3402,0,,
16018409302,2021-08-17T10:00:00,MOLYBDENUM,2.0,µg/L,0.0103,0,,
16018409302,2021-08-17T10:00:00,NICKEL,2.0,µg/L,0.0245,0,,
16018409302,2021-08-17T10:00:00,NITRATE,0.72,mg/L,0.0279,0,,
16018409302,2021-08-17T10:00:00,NITROGEN; AMMONIA+AMMONIUM,0.03,mg/L,0.0279,0,,
16018409302,2021-08-17T10:00:00,NITROGEN; NITRATE+NITRITE,0.73,mg/L,0.0281,0,,
16018409302,2021-08-17T10:00:00,NITROGEN; NITRITE,0.01,mg/L,0.0411,0,,
16018409302,2021-08-17T10:00:00,NITROGEN; TOTAL,1.34,mg/L,0.0266,0,,
16018409302,2021-08-17T10:00:00,PH,8.32,,0.0264,0,,
16018409302,2021-08-17T10:00:00,PHOSPHORUS; PHOSPHATE,0.033,mg/L,0.017,0,,
16018409302,2021-08-17T10:00:00,PHOSPHORUS; TOTAL,157.0,µg/L,0.3303,0,,
16018409302,2021-08-17T10:00:00,POTASSIUM,2.83,mg/L,0.0148,0,,
16018409302,2021-08-17T10:00:00,SILICON; REACTIVE SILICATE,4.03,mg/L,0.0248,0,,
16018409302,2021-08-17T10:00:00,SILVER,9.0,µg/L,0.0173,0,,
16018409302,2021-08-17T10:00:00,SODIUM,36.2,mg/L,0.1328,0,,
16018409302,2021-08-17T10:00:00,SOLIDS; SUSPENDED,68.2,mg/L,0.2437,0,,
16018409302,2021-08-17T10:00:00,STRONTIUM,351.0,µg/L,0.3382,0,,
16018409302,2021-08-17T10:00:00,TIN,9.0,µg/L,0.0301,0,,
16018409302,2021-08-17T10:00:00,TITANIUM,2.8,µg/L,0.0835,0,,
16018409302,2021-08-17T10:00:00,URANIUM,3.0,µg/L,0.0191,0,,
16018409302,2021-08-17T10:00:00,VANADIUM,2.29,µg/L,0.0229,0,,
16018409302,2021-08-17T10:00:00,ZINC,8.63,µg/L,0.0825,0,,
16018409302,2021-08-17T10:00:00,ZIRCONIUM,1.0,µg/L,0.0112,0,,
16018409302,2021-09-14T09:30:00,ALKALINITY,154.0,mg/L as CaCO3,0.3972,0,,
16018409302,2021-09-14T09:30:00,ALUMINUM,647.0,µg/L,0.5732,0,,
16018409302,2021-09-14T09:30:00,BARIUM,51.4,µg/L,0.1925,0,,
16018409302,2021-09-14T09:30:00,BERYLLIUM,0.1,µg/L,0.0032,0,,
16018409302,2021-09-14T09:30:00,BISMUTH,5.0,µg/L,0.0035,0,,
16018409302,2021-09-14T09:30:00,CADMIUM,0.97,µg/L,0.006,0,,
16018409302,2021-09-14T09:30:00,CALCIUM,49.7,mg/L,0.1758,0,,
16018409302,2021-09-14T09:30:00,CARBON; DISSOLVED INORGANIC,37.1,mg/L,0.1867,0,,
16018409302,2021-09-14T09:30:00,CARBON; DISSOLVED ORGANIC,7.33,mg/L,0.0218,0,,
16018409302,2021-09-14T09:30:00,CHLORIDE,45.6,mg/L,0.1493,0,,
16018409302,2021-09-14T09:30:00,CHROMIUM,1.18,µg/L,0.0147,0,,
16018409302,2021-09-14T09:30:00,COBALT,1.66,µg/L,0.0172,0,,
16018409302,2021-09-14T09:30:00,CONDUCTIVITY,463.0,µS/cm,0.5983,1,"rolling_mean_30, rolling_mean_14, rolling_mean_7","3.15, 3.15, 3.11"
16018409302,2021-09-14T09:30:00,COPPER,5.46,µg/L,0.0661,0,,
16018409302,2021-09-14T09:30:00,HARDNESS,192.0,mg/L,0.4518,0,,
16018409302,2021-09-14T09:30:00,IRON,853.0,µg/L,0.6318,1,"rolling_mean_30, rolling_mean_14, rolling_mean_7","2.98, 2.98, 2.94"
16018409302,2021-09-14T09:30:00,LEAD,7.0,µg/L,0.0061,0,,
16018409302,2021-09-14T09:30:00,LITHIUM,5.0,µg/L,0.036,0,,
16018409302,2021-09-14T09:30:00,MAGNESIUM,16.6,mg/L,0.157,0,,
16018409302,2021-09-14T09:30:00,MANGANESE,138.0,µg/L,0.3085,0,,
16018409302,2021-09-14T09:30:00,MOLYBDENUM,2.0,µg/L,0.0013,0,,
16018409302,2021-09-14T09:30:00,NICKEL,2.0,µg/L,0.0104,0,,
16018409302,2021-09-14T09:30:00,NITRATE,0.6,mg/L,0.0156,0,,
16018409302,2021-09-14T09:30:00,NITROGEN; AMMONIA+AMMONIUM,0.1,mg/L,0.0093,0,,
16018409302,2021-09-14T09:30:00,NITROGEN; NITRATE+NITRITE,0.62,mg/L,0.0156,0,,
16018409302,2021-09-14T09:30:00,NITROGEN; NITRITE,0.024,mg/L,0.0066,0,,
16018409302,2021-09-14T09:30:00,NITROGEN; TOTAL,1.34,mg/L,0.0139,0,,
16018409302,2021-09-14T09:30:00,PH,8.12,,0.0295,0,,
16018409302,2021-09-14T09:30:00,PHOSPHORUS; PHOSPHATE,0.045,mg/L,0.0241,0,,
16018409302,2021-09-14T09:30:00,PHOSPHORUS; TOTAL,245.0,µg/L,0.4013,0,,
16018409302,2021-09-14T09:30:00,POTASSIUM,3.17,mg/L,0.0092,0,,
16018409302,2021-09-14T09:30:00,SILICON; REACTIVE SILICATE,3.55,mg/L,0.0078,0,,
16018409302,2021-09-14T09:30:00,SILVER,9.0,µg/L,0.0087,0,,
16018409302,2021-09-14T09:30:00,SODIUM,32.4,mg/L,0.1164,0,,
16018409302,2021-09-14T09:30:00,SOLIDS; SUSPENDED,148.0,mg/L,0.3362,0,,
16018409302,2021-09-14T09:30:00,STRONTIUM,300.0,µg/L,0.4097,0,,
16018409302,2021-09-14T09:30:00,TIN,9.0,µg/L,0.0217,0,,
16018409302,2021-09-14T09:30:00,TITANIUM,6.42,µg/L,0.0285,0,,
16018409302,2021-09-14T09:30:00,URANIUM,3.0,µg/L,0.0097,0,,
16018409302,2021-09-14T09:30:00,VANADIUM,2.36,µg/L,0.0104,0,,
16018409302,2021-09-14T09:30:00,ZINC,20.8,µg/L,0.1061,0,,
16018409302,2021-09-14T09:30:00,ZIRCONIUM,1.0,µg/L,0.0009,0,,
16018409302,2021-10-18T10:00:00,ALKALINITY,261.0,mg/L as CaCO3,0.359,0,,
16018409302,2021-10-18T10:00:00,ALUMINUM,767.0,µg/L,0.5742,0,,
16018409302,2021-10-18T10:00:00,BARIUM,53.0,µg/L,0.1204,0,,
16018409302,2021-10-18T10:00:00,BERYLLIUM,0.1,µg/L,0.0071,0,,
16018409302,2021-10-18T10:00:00,BISMUTH,5.0,µg/L,0.0073,0,,
16018409302,2021-10-18T10:00:00,CADMIUM,0.9,µg/L,0.0151,0,,
16018409302,2021-10-18T10:00:00,CALCIUM,80.1,mg/L,0.1793,0,,
16018409302,2021-10-18T10:00:00,CARBON; DISSOLVED INORGANIC,67.2,mg/L,0.1797,0,,
16018409302,2021-10-18T10:00:00,CARBON; DISSOLVED ORGANIC,9.42,mg/L,0.0629,0,,
16018409302,2021-10-18T10:00:00,CHLORIDE,45.7,mg/L,0.1381,0,,
16018409302,2021-10-18T10:00:00,CHROMIUM,1.25,µg/L,0.0262,0,,
16018409302,2021-10-18T10:00:00,COBALT,1.0,µg/L,0.0195,0,,
16018409302,2021-10-18T10:00:00,CONDUCTIVITY,689.0,µS/cm,0.5765,0,,
16018409302,2021-10-18T10:00:00,COPPER,3.73,µg/L,0.0272,0,,
16018409302,2021-10-18T10:00:00,HARDNESS,303.0,mg/L,0.3935,0,,
16018409302,2021-10-18T10:00:00,IRON,703.0,µg/L,0.5987,1,"rolling_mean_30, rolling_mean_14, rolling_mean_7","3.00, 3.00, 2.96"
16018409302,2021-10-18T10:00:00,LEAD,7.0,µg/L,0.01,0,,
16018409302,2021-10-18T10:00:00,LITHIUM,5.0,µg/L,0.0181,0,,
16018409302,2021-10-18T10:00:00,MAGNESIUM,24.9,mg/L,0.0693,0,,
16018409302,2021-10-18T10:00:00,MANGANESE,85.0,µg/L,0.3421,0,,
16018409302,2021-10-18T10:00:00,MOLYBDENUM,2.0,µg/L,0.0052,0,,
16018409302,2021-10-18T10:00:00,NICKEL,2.0,µg/L,0.0121,0,,
16018409302,2021-10-18T10:00:00,NITRATE,1.9,mg/L,0.0344,0,,
16018409302,2021-10-18T10:00:00,NITROGEN; AMMONIA+AMMONIUM,0.04,mg/L,0.0219,0,,
16018409302,2021-10-18T10:00:00,NITROGEN; NITRATE+NITRITE,1.92,mg/L,0.0341,0,,
16018409302,2021-10-18T10:00:00,NITROGEN; NITRITE,0.019,mg/L,0.0179,0,,
16018409302,2021-10-18T10:00:00,NITROGEN; TOTAL,3.23,mg/L,0.036,0,,
16018409302,2021-10-18T10:00:00,PH,7.78,,0.0811,0,,
16018409302,2021-10-18T10:00:00,PHOSPHORUS; PHOSPHATE,0.109,mg/L,0.0642,0,,
16018409302,2021-10-18T10:00:00,PHOSPHORUS; TOTAL,249.0,µg/L,0.3281,0,,
16018409302,2021-10-18T10:00:00,POTASSIUM,5.42,mg/L,0.0699,0,,
16018409302,2021-10-18T10:00:00,SILICON; REACTIVE SILICATE,5.55,mg/L,0.0415,0,,
16018409302,2021-10-18T10:00:00,SILVER,9.0,µg/L,0.0119,0,,
16018409302,2021-10-18T10:00:00,SODIUM,28.4,mg/L,0.1221,0,,
16018409302,2021-10-18T10:00:00,SOLIDS; DISSOLVED,448.0,mg/L,0.5502,0,,
16018409302,2021-10-18T10:00:00,SOLIDS; SUSPENDED,73.8,mg/L,0.2816,0,,
16018409302,2021-10-18T10:00:00,SOLIDS; TOTAL,522.0,mg/L,0.5824,0,,
16018409302,2021-10-18T10:00:00,STRONTIUM,317.0,µg/L,0.3251,0,,
16018409302,2021-10-18T10:00:00,TIN,9.0,µg/L,0.0205,0,,
16018409302,2021-10-18T10:00:00,TITANIUM,24.1,µg/L,0.1596,0,,
16018409302,2021-10-18T10:00:00,URANIUM,3.0,µg/L,0.0121,0,,
16018409302,2021-10-18T10:00:00,VANADIUM,2.01,µg/L,0.0109,0,,
16018409302,2021-10-18T10:00:00,ZINC,6.69,µg/L,0.1075,0,,
16018409302,2021-10-18T10:00:00,ZIRCONIUM,1.0,µg/L,0.0048,0,,
16018409302,2021-11-18T09:45:00,ALKALINITY,291.0,mg/L as CaCO3,0.3268,0,,
16018409302,2021-11-18T09:45:00,ALUMINUM,239.0,µg/L,0.6721,1,"delta, rate_of_change, rolling_std_30","-3.54, -3.33, 2.20"
16018409302,2021-11-18T09:45:00,BARIUM,46.3,µg/L,0.136,0,,
16018409302,2021-11-18T09:45:00,BERYLLIUM,0.1,µg/L,0.0053,0,,
16018409302,2021-11-18T09:45:00,BISMUTH,5.0,µg/L,0.0055,0,,
16018409302,2021-11-18T09:45:00,CADMIUM,0.9,µg/L,0.0133,0,,
16018409302,2021-11-18T09:45:00,CALCIUM,92.1,mg/L,0.1632,0,,
16018409302,2021-11-18T09:45:00,CARBON; DISSOLVED INORGANIC,70.6,mg/L,0.1163,0,,
16018409302,2021-11-18T09:45:00,CARBON; DISSOLVED ORGANIC,6.55,mg/L,0.0312,0,,
16018409302,2021-11-18T09:45:00,CHLORIDE,56.0,mg/L,0.1227,0,,
16018409302,2021-11-18T09:45:00,CHROMIUM,1.0,µg/L,0.0174,0,,
16018409302,2021-11-18T09:45:00,COBALT,1.0,µg/L,0.0121,0,,
16018409302,2021-11-18T09:45:00,CONDUCTIVITY,771.0,µS/cm,0.5036,0,,
16018409302,2021-11-18T09:45:00,COPPER,2.69,µg/L,0.0218,0,,
16018409302,2021-11-18T09:45:00,HARDNESS,344.0,mg/L,0.3569,0,,
16018409302,2021-11-18T09:45:00,IRON,419.0,µg/L,0.643,1,"rolling_mean_7, rolling_mean_30, rolling_mean_14","2.92, 2.83, 2.83"
16018409302,2021-11-18T09:45:00,LEAD,7.0,µg/L,0.0082,0,,
16018409302,2021-11-18T09:45:00,LITHIUM,5.0,µg/L,0.0171,0,,
16018409302,2021-11-18T09:45:00,MAGNESIUM,27.7,mg/L,0.0628,0,,
16018409302,2021-11-18T09:45:00,MANGANESE,58.4,µg/L,0.3278,0,,
16018409302,2021-11-18T09:45:00,MOLYBDENUM,2.0,µg/L,0.0034,0,,
16018409302,2021-11-18T09:45:00,NICKEL,2.0,µg/L,0.0092,0,,
16018409302,2021-11-18T09:45:00,NITRATE,2.49,mg/L,0.0418,0,,
16018409302,2021-11-18T09:45:00,NITROGEN; AMMONIA+AMMONIUM,0.03,mg/L,0.0158,0,,
16018409302,2021-11-18T09:45:00,NITROGEN; NITRATE+NITRITE,2.5,mg/L,0.0412,0,,
16018409302,2021-11-18T09:45:00,NITROGEN; NITRITE,0.009,mg/L,0.0193,0,,
16018409302,2021-11-18T09:45:00,NITROGEN; TOTAL,3.29,mg/L,0.0262,0,,
16018409302,2021-11-18T09:45:00,PH,8.08,,0.0146,0,,
16018409302,2021-11-18T09:45:00,PHOSPHORUS; PHOSPHATE,0.037,mg/L,0.0083,0,,
16018409302,2021-11-18T09:45:00,PHOSPHORUS; TOTAL,73.8,µg/L,0.431,0,,
16018409302,2021-11-18T09:45:00,POTASSIUM,3.78,mg/L,0.0263,0,,
16018409302,2021-11-18T09:45:00,SILICON; REACTIVE SILICATE,3.99,mg/L,0.0197,0,,
16018409302,2021-11-18T09:45:00,SILVER,9.0,µg/L,0.0105,0,,
16018409302,2021-11-18T09:45:00,SODIUM,33.8,mg/L,0.0837,0,,
16018409302,2021-11-18T09:45:00,SOLIDS; DISSOLVED,501.0,mg/L,0.4183,0,,
16018409302,2021-11-18T09:45:00,SOLIDS; SUSPENDED,13.6,mg/L,0.2987,0,,
16018409302,2021-11-18T09:45:00,SOLIDS; TOTAL,515.0,mg/L,0.4473,0,,
16018409302,2021-11-18T09:45:00,STRONTIUM,367.0,µg/L,0.3632,0,,
16018409302,2021-11-18T09:45:00,TIN,9.0,µg/L,0.0192,0,,
16018409302,2021-11-18T09:45:00,TITANIUM,2.82,µg/L,0.121,0,,
16018409302,2021-11-18T09:45:00,URANIUM,3.1,µg/L,0.0078,0,,
16018409302,2021-11-18T09:45:00,VANADIUM,0.5,µg/L,0.0743,0,,
16018409302,2021-11-18T09:45:00,ZINC,3.77,µg/L,0.0886,0,,
16018409302,2021-11-18T09:45:00,ZIRCONIUM,1.0,µg/L,0.003,0,,
16018409302,2022-03-15T12:50:00,ALKALINITY,252.0,mg/L as CaCO3,0.4375,0,,
16018409302,2022-03-15T12:50:00,CHLORIDE,82.6,mg/L,0.2954,0,,
16018409302,2022-03-15T12:50:00,CONDUCTIVITY,765.0,µS/cm,0.5988,1,"rolling_mean_30, rolling_mean_14, rolling_mean_7","3.20, 3.20, 3.08"
16018409302,2022-03-15T12:50:00,NITRATE,1.4,mg/L,0.1276,0,,
16018409302,2022-03-15T12:50:00,NITROGEN; AMMONIA+AMMONIUM,0.07,mg/L,0.1182,0,,
16018409302,2022-03-15T12:50:00,NITROGEN; NITRATE+NITRITE,1.42,mg/L,0.1276,0,,
16018409302,2022-03-15T12:50:00,NITROGEN; NITRITE,0.016,mg/L,0.1246,0,,
16018409302,2022-03-15T12:50:00,NITROGEN; TOTAL,2.07,mg/L,0.1266,0,,
16018409302,2022-03-15T12:50:00,PH,7.96,,0.1406,0,,
16018409302,2022-03-15T12:50:00,PHOSPHORUS; PHOSPHATE,0.034,mg/L,0.1163,0,,
16018409302,2022-03-15T12:50:00,PHOSPHORUS; TOTAL,61.6,µg/L,0.4498,0,,
16018409302,2022-03-15T12:50:00,SOLIDS; SUSPENDED,36.6,mg/L,0.3621,0,,
16018409302,2022-04-12T10:00:00,ALKALINITY,255.0,mg/L as CaCO3,0.2699,0,,
16018409302,2022-04-12T10:00:00,ALUMINUM,228.0,µg/L,0.6157,1,"time_gap_days, rolling_std_30, rolling_std_14","2.60, 2.31, 2.26"
16018409302,2022-04-12T10:00:00,BARIUM,44.2,µg/L,0.2774,0,,
16018409302,2022-04-12T10:00:00,BERYLLIUM,0.1,µg/L,0.1263,0,,
16018409302,2022-04-12T10:00:00,BISMUTH,5.0,µg/L,0.1255,0,,
16018409302,2022-04-12T10:00:00,CADMIUM,0.9,µg/L,0.1323,0,,
16018409302,2022-04-12T10:00:00,CALCIUM,78.3,mg/L,0.272,0,,
16018409302,2022-04-12T10:00:00,CARBON; DISSOLVED INORGANIC,60.9,mg/L,0.2432,0,,
16018409302,2022-04-12T10:00:00,CARBON; DISSOLVED ORGANIC,4.87,mg/L,0.1612,0,,
16018409302,2022-04-12T10:00:00,CHLORIDE,77.5,mg/L,0.1187,0,,
16018409302,2022-04-12T10:00:00,CHROMIUM,1.0,µg/L,0.134,0,,
16018409302,2022-04-12T10:00:00,COBALT,1.0,µg/L,0.138,0,,
16018409302,2022-04-12T10:00:00,CONDUCTIVITY,759.0,µS/cm,0.4725,0,,
16018409302,2022-04-12T10:00:00,COPPER,0.54,µg/L,0.2067,0,,
16018409302,2022-04-12T10:00:00,HARDNESS,305.0,mg/L,0.4813,0,,
16018409302,2022-04-12T10:00:00,IRON,323.0,µg/L,0.689,1,"rolling_std_30, rolling_mean_7, rolling_std_14","2.90, 2.86, 2.84"
16018409302,2022-04-12T10:00:00,LEAD,7.0,µg/L,0.1252,0,,
16018409302,2022-04-12T10:00:00,LITHIUM,5.0,µg/L,0.1381,0,,
16018409302,2022-04-12T10:00:00,MAGNESIUM,26.6,mg/L,0.186,0,,
16018409302,2022-04-12T10:00:00,MANGANESE,81.7,µg/L,0.4519,0,,
16018409302,2022-04-12T10:00:00,MOLYBDENUM,2.0,µg/L,0.1265,0,,
16018409302,2022-04-12T10:00:00,NICKEL,2.0,µg/L,0.1297,0,,
16018409302,2022-04-12T10:00:00,NITRATE,1.15,mg/L,0.0076,0,,
16018409302,2022-04-12T10:00:00,NITROGEN; AMMONIA+AMMONIUM,0.05,mg/L,0.005,0,,
16018409302,2022-04-12T10:00:00,NITROGEN; NITRATE+NITRITE,1.16,mg/L,0.0076,0,,
16018409302,2022-04-12T10:00:00,NITROGEN; NITRITE,0.014,mg/L,0.0144,0,,
16018409302,2022-04-12T10:00:00,NITROGEN; TOTAL,1.64,mg/L,0.0148,0,,
16018409302,2022-04-12T10:00:00,PH,8.07,,0.0095,0,,
16018409302,2022-04-12T10:00:00,PHOSPHORUS; PHOSPHATE,0.014,mg/L,0.0157,0,,
16018409302,2022-04-12T10:00:00,PHOSPHORUS; TOTAL,33.1,µg/L,0.3435,0,,
16018409302,2022-04-12T10:00:00,POTASSIUM,2.48,mg/L,0.1448,0,,
16018409302,2022-04-12T10:00:00,SILICON; REACTIVE SILICATE,0.99,mg/L,0.197,0,,
16018409302,2022-04-12T10:00:00,SILVER,9.0,µg/L,0.1319,0,,
16018409302,2022-04-12T10:00:00,SODIUM,41.9,mg/L,0.2314,0,,
16018409302,2022-04-12T10:00:00,SOLIDS; DISSOLVED,493.0,mg/L,0.5431,0,,
16018409302,2022-04-12T10:00:00,SOLIDS; SUSPENDED,16.9,mg/L,0.229,0,,
16018409302,2022-04-12T10:00:00,SOLIDS; TOTAL,510.0,mg/L,0.5623,0,,
16018409302,2022-04-12T10:00:00,STRONTIUM,337.0,µg/L,0.4806,0,,
16018409302,2022-04-12T10:00:00,TIN,9.0,µg/L,0.1419,0,,
16018409302,2022-04-12T10:00:00,TITANIUM,5.84,µg/L,0.1739,0,,
16018409302,2022-04-12T10:00:00,URANIUM,3.77,µg/L,0.1312,0,,
16018409302,2022-04-12T10:00:00,VANADIUM,0.5,µg/L,0.1663,0,,
16018409302,2022-04-12T10:00:00,ZINC,5.99,µg/L,0.1852,0,,
16018409302,2022-04-12T10:00:00,ZIRCONIUM,1.0,µg/L,0.1264,0,,
16018409302,2022-05-10T10:00:00,ALKALINITY,273.0,mg/L as CaCO3,0.2872,0,,
16018409302,2022-05-10T10:00:00,ALUMINUM,410.0,µg/L,0.5904,1,"rolling_std_30, rolling_std_7, rolling_std_14","2.16, 2.13, 2.12"
16018409302,2022-05-10T10:00:00,BARIUM,53.0,µg/L,0.115,0,,
16018409302,2022-05-10T10:00:00,BERYLLIUM,0.11,µg/L,0.0918,0,,
16018409302,2022-05-10T10:00:00,BISMUTH,5.0,µg/L,0.0035,0,,
16018409302,2022-05-10T10:00:00,CADMIUM,1.26,µg/L,0.072,0,,
16018409302,2022-05-10T10:00:00,CALCIUM,80.9,mg/L,0.1117,0,,
16018409302,2022-05-10T10:00:00,CARBON; DISSOLVED INORGANIC,66.0,mg/L,0.099,0,,
16018409302,2022-05-10T10:00:00,CARBON; DISSOLVED ORGANIC,6.74,mg/L,0.0202,0,,
16018409302,2022-05-10T10:00:00,CHLORIDE,68.4,mg/L,0.1163,0,,
16018409302,2022-05-10T10:00:00,CHROMIUM,1.0,µg/L,0.013,0,,
16018409302,2022-05-10T10:00:00,COBALT,1.0,µg/L,0.0098,0,,
16018409302,2022-05-10T10:00:00,CONDUCTIVITY,739.0,µS/cm,0.4716,0,,
16018409302,2022-05-10T10:00:00,COPPER,0.88,µg/L,0.0377,0,,
16018409302,2022-05-10T10:00:00,HARDNESS,321.0,mg/L,0.3107,0,,
16018409302,2022-05-10T10:00:00,IRON,461.0,µg/L,0.6243,1,"rolling_std_30, rolling_mean_7, rolling_std_14","2.79, 2.76, 2.73"
16018409302,2022-05-10T10:00:00,LEAD,7.0,µg/L,0.0061,0,,
16018409302,2022-05-10T10:00:00,LITHIUM,5.0,µg/L,0.0151,0,,
16018409302,2022-05-10T10:00:00,MAGNESIUM,28.8,mg/L,0.0613,0,,
16018409302,2022-05-10T10:00:00,MANGANESE,110.0,µg/L,0.2741,0,,
16018409302,2022-05-10T10:00:00,MOLYBDENUM,2.0,µg/L,0.0013,0,,
16018409302,2022-05-10T10:00:00,NICKEL,2.0,µg/L,0.0046,0,,
16018409302,2022-05-10T10:00:00,NITRATE,1.0,mg/L,0.0098,0,,
16018409302,2022-05-10T10:00:00,NITROGEN; AMMONIA+AMMONIUM,0.06,mg/L,0.0029,0,,
16018409302,2022-05-10T10:00:00,NITROGEN; NITRATE+NITRITE,1.02,mg/L,0.0098,0,,
16018409302,2022-05-10T10:00:00,NITROGEN; NITRITE,0.017,mg/L,0.0056,0,,
16018409302,2022-05-10T10:00:00,NITROGEN; TOTAL,1.6,mg/L,0.0148,0,,
16018409302,2022-05-10T10:00:00,PH,7.93,,0.0244,0,,
16018409302,2022-05-10T10:00:00,PHOSPHORUS; PHOSPHATE,0.023,mg/L,0.0124,0,,
16018409302,2022-05-10T10:00:00,PHOSPHORUS; TOTAL,64.2,µg/L,0.3322,0,,
16018409302,2022-05-10T10:00:00,POTASSIUM,2.72,mg/L,0.0096,0,,
16018409302,2022-05-10T10:00:00,SILICON; REACTIVE SILICATE,1.32,mg/L,0.0344,0,,
16018409302,2022-05-10T10:00:00,SILVER,9.0,µg/L,0.0087,0,,
16018409302,2022-05-10T10:00:00,SODIUM,41.9,mg/L,0.069,0,,
16018409302,2022-05-10T10:00:00,SOLIDS; DISSOLVED,480.0,mg/L,0.4026,0,,
16018409302,2022-05-10T10:00:00,SOLIDS; SUSPENDED,34.3,mg/L,0.2163,0,,
16018409302,2022-05-10T10:00:00,SOLIDS; TOTAL,515.0,mg/L,0.4244,0,,
16018409302,2022-05-10T10:00:00,STRONTIUM,355.0,µg/L,0.3218,0,,
16018409302,2022-05-10T10:00:00,TIN,9.0,µg/L,0.0127,0,,
16018409302,2022-05-10T10:00:00,TITANIUM,11.4,µg/L,0.0685,0,,
16018409302,2022-05-10T10:00:00,URANIUM,4.07,µg/L,0.0115,0,,
16018409302,2022-05-10T10:00:00,VANADIUM,1.16,µg/L,0.0165,0,,
16018409302,2022-05-10T10:00:00,ZINC,10.2,µg/L,0.0572,0,,
16018409302,2022-05-10T10:00:00,ZIRCONIUM,1.0,µg/L,0.0009,0,,
16018409302,2022-06-14T10:30:00,ALKALINITY,263.0,mg/L as CaCO3,0.349,0,,
16018409302,2022-06-14T10:30:00,ALUMINUM,604.0,µg/L,0.635,1,"rolling_std_30, rolling_std_7, rolling_std_14","2.13, 2.12, 2.08"
16018409302,2022-06-14T10:30:00,BARIUM,78.1,µg/L,0.2422,0,,
16018409302,2022-06-14T10:30:00,BERYLLIUM,0.1,µg/L,0.0625,0,,
16018409302,2022-06-14T10:30:00,BISMUTH,5.0,µg/L,0.0637,0,,
16018409302,2022-06-14T10:30:00,CADMIUM,1.47,µg/L,0.1322,0,,
16018409302,2022-06-14T10:30:00,CALCIUM,86.7,mg/L,0.2031,0,,
16018409302,2022-06-14T10:30:00,CARBON; DISSOLVED INORGANIC,64.4,mg/L,0.1667,0,,
16018409302,2022-06-14T10:30:00,CARBON; DISSOLVED ORGANIC,5.58,mg/L,0.0792,0,,
16018409302,2022-06-14T10:30:00,CHLORIDE,75.8,mg/L,0.19,0,,
16018409302,2022-06-14T10:30:00,CHROMIUM,1.0,µg/L,0.0669,0,,
16018409302,2022-06-14T10:30:00,COBALT,1.0,µg/L,0.0676,0,,
16018409302,2022-06-14T10:30:00,CONDUCTIVITY,777.0,µS/cm,0.547,0,,
16018409302,2022-06-14T10:30:00,COPPER,1.03,µg/L,0.095,0,,
16018409302,2022-06-14T10:30:00,HARDNESS,337.0,mg/L,0.4004,0,,
16018409302,2022-06-14T10:30:00,IRON,665.0,µg/L,0.6567,1,"rolling_std_30, rolling_mean_30, rolling_mean_14","2.64, 2.60, 2.60"
16018409302,2022-06-14T10:30:00,LEAD,7.0,µg/L,0.0637,0,,
16018409302,2022-06-14T10:30:00,LITHIUM,5.0,µg/L,0.0683,0,,
16018409302,2022-06-14T10:30:00,MAGNESIUM,29.2,mg/L,0.1125,0,,
16018409302,2022-06-14T10:30:00,MANGANESE,159.0,µg/L,0.3739,0,,
16018409302,2022-06-14T10:30:00,MOLYBDENUM,2.0,µg/L,0.0614,0,,
16018409302,2022-06-14T10:30:00,NICKEL,2.0,µg/L,0.0617,0,,
16018409302,2022-06-14T10:30:00,NITRATE,1.19,mg/L,0.0629,0,,
16018409302,2022-06-14T10:30:00,NITROGEN; AMMONIA+AMMONIUM,0.1,mg/L,0.0706,0,,
16018409302,2022-06-14T10:30:00,NITROGEN; NITRATE+NITRITE,1.24,mg/L,0.0639,0,,
16018409302,2022-06-14T10:30:00,NITROGEN; NITRITE,0.048,mg/L,0.0845,0,,
16018409302,2022-06-14T10:30:00,NITROGEN; TOTAL,1.96,mg/L,0.0626,0,,
16018409302,2022-06-14T10:30:00,PH,7.92,,0.0818,0,,
16018409302,2022-06-14T10:30:00,PHOSPHORUS; PHOSPHATE,0.049,mg/L,0.0684,0,,
16018409302,2022-06-14T10:30:00,PHOSPHORUS; TOTAL,125.0,µg/L,0.4123,0,,
16018409302,2022-06-14T10:30:00,POTASSIUM,2.59,mg/L,0.0698,0,,
16018409302,2022-06-14T10:30:00,SILICON; REACTIVE SILICATE,4.44,mg/L,0.0969,0,,
16018409302,2022-06-14T10:30:00,SILVER,9.0,µg/L,0.0673,0,,
16018409302,2022-06-14T10:30:00,SODIUM,44.7,mg/L,0.1599,0,,
16018409302,2022-06-14T10:30:00,SOLIDS; DISSOLVED,505.0,mg/L,0.4877,0,,
16018409302,2022-06-14T10:30:00,SOLIDS; SUSPENDED,76.2,mg/L,0.32,0,,
16018409302,2022-06-14T10:30:00,SOLIDS; TOTAL,581.0,mg/L,0.5122,0,,
16018409302,2022-06-14T10:30:00,STRONTIUM,377.0,µg/L,0.4341,0,,
16018409302,2022-06-14T10:30:00,TIN,9.0,µg/L,0.0696,0,,
16018409302,2022-06-14T10:30:00,TITANIUM,19.3,µg/L,0.1701,0,,
16018409302,2022-06-14T10:30:00,URANIUM,3.62,µg/L,0.0691,0,,
16018409302,2022-06-14T10:30:00,VANADIUM,2.31,µg/L,0.0881,0,,
16018409302,2022-06-14T10:30:00,ZINC,11.1,µg/L,0.097,0,,
16018409302,2022-06-14T10:30:00,ZIRCONIUM,1.0,µg/L,0.0622,0,,
16018409302,2022-07-12T10:10:00,ALKALINITY,246.0,mg/L as CaCO3,0.275,0,,
16018409302,2022-07-12T10:10:00,ALUMINUM,372.0,µg/L,0.5724,0,,
16018409302,2022-07-12T10:10:00,BARIUM,87.5,µg/L,0.1557,0,,
16018409302,2022-07-12T10:10:00,BERYLLIUM,0.1,µg/L,0.0028,0,,
16018409302,2022-07-12T10:10:00,BISMUTH,5.0,µg/L,0.0035,0,,
16018409302,2022-07-12T10:10:00,CADMIUM,0.9,µg/L,0.0176,0,,
16018409302,2022-07-12T10:10:00,CALCIUM,74.7,mg/L,0.1231,0,,
16018409302,2022-07-12T10:10:00,CARBON; DISSOLVED INORGANIC,58.6,mg/L,0.0917,0,,
16018409302,2022-07-12T10:10:00,CARBON; DISSOLVED ORGANIC,3.51,mg/L,0.0754,0,,
16018409302,2022-07-12T10:10:00,CHLORIDE,71.1,mg/L,0.1107,0,,
16018409302,2022-07-12T10:10:00,CHROMIUM,1.0,µg/L,0.0083,0,,
16018409302,2022-07-12T10:10:00,COBALT,1.0,µg/L,0.0106,0,,
16018409302,2022-07-12T10:10:00,CONDUCTIVITY,746.0,µS/cm,0.4914,0,,
16018409302,2022-07-12T10:10:00,COPPER,1.13,µg/L,0.0225,0,,
16018409302,2022-07-12T10:10:00,HARDNESS,316.0,mg/L,0.3262,0,,
16018409302,2022-07-12T10:10:00,IRON,627.0,µg/L,0.5415,0,,
16018409302,2022-07-12T10:10:00,LEAD,7.0,µg/L,0.0061,0,,
16018409302,2022-07-12T10:10:00,LITHIUM,8.74,µg/L,0.0678,0,,
16018409302,2022-07-12T10:10:00,MAGNESIUM,31.4,mg/L,0.0729,0,,
16018409302,2022-07-12T10:10:00,MANGANESE,147.0,µg/L,0.2686,0,,
16018409302,2022-07-12T10:10:00,MOLYBDENUM,2.0,µg/L,0.0013,0,,
16018409302,2022-07-12T10:10:00,NICKEL,2.0,µg/L,0.0026,0,,
16018409302,2022-07-12T10:10:00,NITRATE,0.99,mg/L,0.008,0,,
16018409302,2022-07-12T10:10:00,NITROGEN; AMMONIA+AMMONIUM,0.08,mg/L,0.0053,0,,
16018409302,2022-07-12T10:10:00,NITROGEN; NITRATE+NITRITE,1.01,mg/L,0.0083,0,,
16018409302,2022-07-12T10:10:00,NITROGEN; NITRITE,0.019,mg/L,0.0069,0,,
16018409302,2022-07-12T10:10:00,NITROGEN; TOTAL,1.62,mg/L,0.0133,0,,
16018409302,2022-07-12T10:10:00,PH,7.98,,0.0192,0,,
16018409302,2022-07-12T10:10:00,PHOSPHORUS; PHOSPHATE,0.046,mg/L,0.0079,0,,
16018409302,2022-07-12T10:10:00,PHOSPHORUS; TOTAL,143.0,µg/L,0.2931,0,,
16018409302,2022-07-12T10:10:00,POTASSIUM,2.46,mg/L,0.0153,0,,
16018409302,2022-07-12T10:10:00,SILICON; REACTIVE SILICATE,4.28,mg/L,0.0156,0,,
16018409302,2022-07-12T10:10:00,SILVER,9.0,µg/L,0.0087,0,,
16018409302,2022-07-12T10:10:00,SODIUM,39.1,mg/L,0.0863,0,,
16018409302,2022-07-12T10:10:00,SOLIDS; SUSPENDED,77.6,mg/L,0.1601,0,,
16018409302,2022-07-12T10:10:00,STRONTIUM,316.0,µg/L,0.385,0,,
16018409302,2022-07-12T10:10:00,TIN,9.0,µg/L,0.0115,0,,
16018409302,2022-07-12T10:10:00,TITANIUM,4.55,µg/L,0.1041,0,,
16018409302,2022-07-12T10:10:00,URANIUM,4.0,µg/L,0.0111,0,,
16018409302,2022-07-12T10:10:00,VANADIUM,1.92,µg/L,0.0135,0,,
16018409302,2022-07-12T10:10:00,ZINC,12.3,µg/L,0.0536,0,,
16018409302,2022-07-12T10:10:00,ZIRCONIUM,1.0,µg/L,0.0009,0,,
16018409302,2022-08-24T14:48:00,ALKALINITY,225.0,mg/L as CaCO3,0.3683,0,,
16018409302,2022-08-24T14:48:00,ALUMINUM,348.0,µg/L,0.5438,0,,
16018409302,2022-08-24T14:48:00,BARIUM,81.4,µg/L,0.208,0,,
16018409302,2022-08-24T14:48:00,BERYLLIUM,0.1,µg/L,0.0615,0,,
16018409302,2022-08-24T14:48:00,BISMUTH,5.0,µg/L,0.0629,0,,
16018409302,2022-08-24T14:48:00,CADMIUM,0.9,µg/L,0.0677,0,,
16018409302,2022-08-24T14:48:00,CALCIUM,65.0,mg/L,0.2154,0,,
16018409302,2022-08-24T14:48:00,CARBON; DISSOLVED INORGANIC,50.4,mg/L,0.1975,0,,
16018409302,2022-08-24T14:48:00,CARBON; DISSOLVED ORGANIC,3.3,mg/L,0.108,0,,
16018409302,2022-08-24T14:48:00,CHLORIDE,62.9,mg/L,0.1875,0,,
16018409302,2022-08-24T14:48:00,CHROMIUM,1.0,µg/L,0.0631,0,,
16018409302,2022-08-24T14:48:00,COBALT,1.0,µg/L,0.0648,0,,
16018409302,2022-08-24T14:48:00,CONDUCTIVITY,665.0,µS/cm,0.5725,0,,
16018409302,2022-08-24T14:48:00,COPPER,1.43,µg/L,0.0744,0,,
16018409302,2022-08-24T14:48:00,HARDNESS,286.0,mg/L,0.4085,0,,
16018409302,2022-08-24T14:48:00,IRON,636.0,µg/L,0.5574,0,,
16018409302,2022-08-24T14:48:00,LEAD,7.0,µg/L,0.0629,0,,
16018409302,2022-08-24T14:48:00,LITHIUM,6.4,µg/L,0.0799,0,,
16018409302,2022-08-24T14:48:00,MAGNESIUM,30.1,mg/L,0.1163,0,,
16018409302,2022-08-24T14:48:00,MANGANESE,140.0,µg/L,0.3424,0,,
16018409302,2022-08-24T14:48:00,MOLYBDENUM,2.0,µg/L,0.0604,0,,
16018409302,2022-08-24T14:48:00,NICKEL,2.0,µg/L,0.0604,0,,
16018409302,2022-08-24T14:48:00,NITRATE,0.88,mg/L,0.0672,0,,
16018409302,2022-08-24T14:48:00,NITROGEN; AMMONIA+AMMONIUM,0.06,mg/L,0.0611,0,,
16018409302,2022-08-24T14:48:00,NITROGEN; NITRATE+NITRITE,0.91,mg/L,0.0672,0,,
16018409302,2022-08-24T14:48:00,NITROGEN; NITRITE,0.023,mg/L,0.0604,0,,
16018409302,2022-08-24T14:48:00,NITROGEN; TOTAL,1.66,mg/L,0.0643,0,,
16018409302,2022-08-24T14:48:00,PH,7.89,,0.0861,0,,
16018409302,2022-08-24T14:48:00,PHOSPHORUS; PHOSPHATE,0.057,mg/L,0.0676,0,,
16018409302,2022-08-24T14:48:00,PHOSPHORUS; TOTAL,118.0,µg/L,0.3535,0,,
16018409302,2022-08-24T14:48:00,POTASSIUM,2.46,mg/L,0.0679,0,,
16018409302,2022-08-24T14:48:00,SILICON; REACTIVE SILICATE,3.48,mg/L,0.0673,0,,
16018409302,2022-08-24T14:48:00,SILVER,9.0,µg/L,0.0666,0,,
16018409302,2022-08-24T14:48:00,SODIUM,35.9,mg/L,0.1467,0,,
16018409302,2022-08-24T14:48:00,SOLIDS; SUSPENDED,64.4,mg/L,0.2534,0,,
16018409302,2022-08-24T14:48:00,STRONTIUM,314.0,µg/L,0.4333,0,,
16018409302,2022-08-24T14:48:00,TIN,9.0,µg/L,0.0684,0,,
16018409302,2022-08-24T14:48:00,TITANIUM,4.79,µg/L,0.1057,0,,
16018409302,2022-08-24T14:48:00,URANIUM,4.41,µg/L,0.0696,0,,
16018409302,2022-08-24T14:48:00,VANADIUM,1.71,µg/L,0.0639,0,,
16018409302,2022-08-24T14:48:00,ZINC,12.0,µg/L,0.092,0,,
16018409302,2022-08-24T14:48:00,ZIRCONIUM,1.0,µg/L,0.0605,0,,
16018409302,2022-09-26T09:35:00,ALKALINITY,181.0,mg/L as CaCO3,0.3378,0,,
16018409302,2022-09-26T09:35:00,ALUMINUM,329.0,µg/L,0.4689,0,,
16018409302,2022-09-26T09:35:00,BARIUM,72.4,µg/L,0.1361,0,,
16018409302,2022-09-26T09:35:00,BERYLLIUM,0.1,µg/L,0.0049,0,,
16018409302,2022-09-26T09:35:00,BISMUTH,5.0,µg/L,0.0065,0,,
16018409302,2022-09-26T09:35:00,CADMIUM,0.9,µg/L,0.0111,0,,
16018409302,2022-09-26T09:35:00,CALCIUM,59.8,mg/L,0.1362,0,,
16018409302,2022-09-26T09:35:00,CARBON; DISSOLVED INORGANIC,44.7,mg/L,0.127,0,,
16018409302,2022-09-26T09:35:00,CARBON; DISSOLVED ORGANIC,3.99,mg/L,0.0309,0,,
16018409302,2022-09-26T09:35:00,CHLORIDE,122.0,mg/L,0.3107,0,,
16018409302,2022-09-26T09:35:00,CHROMIUM,1.0,µg/L,0.0056,0,,
16018409302,2022-09-26T09:35:00,COBALT,1.0,µg/L,0.0082,0,,
16018409302,2022-09-26T09:35:00,CONDUCTIVITY,806.0,µS/cm,0.5369,0,,
16018409302,2022-09-26T09:35:00,COPPER,2.24,µg/L,0.012,0,,
16018409302,2022-09-26T09:35:00,HARDNESS,242.0,mg/L,0.3506,0,,
16018409302,2022-09-26T09:35:00,IRON,634.0,µg/L,0.5102,0,,
16018409302,2022-09-26T09:35:00,LEAD,7.0,µg/L,0.0092,0,,
16018409302,2022-09-26T09:35:00,LITHIUM,6.08,µg/L,0.0084,0,,
16018409302,2022-09-26T09:35:00,MAGNESIUM,22.5,mg/L,0.1037,0,,
16018409302,2022-09-26T09:35:00,MANGANESE,104.0,µg/L,0.2755,0,,
16018409302,2022-09-26T09:35:00,MOLYBDENUM,2.0,µg/L,0.0044,0,,
16018409302,2022-09-26T09:35:00,NICKEL,2.06,µg/L,0.0037,0,,
16018409302,2022-09-26T09:35:00,NITRATE,1.01,mg/L,0.004,0,,
16018409302,2022-09-26T09:35:00,NITROGEN; AMMONIA+AMMONIUM,0.08,mg/L,0.0093,0,,
16018409302,2022-09-26T09:35:00,NITROGEN; NITRATE+NITRITE,1.04,mg/L,0.004,0,,
16018409302,2022-09-26T09:35:00,NITROGEN; NITRITE,0.023,mg/L,0.0049,0,,
16018409302,2022-09-26T09:35:00,NITROGEN; TOTAL,1.57,mg/L,0.0162,0,,
16018409302,2022-09-26T09:35:00,PH,7.92,,0.0207,0,,
16018409302,2022-09-26T09:35:00,PHOSPHORUS; PHOSPHATE,0.038,mg/L,0.0063,0,,
16018409302,2022-09-26T09:35:00,PHOSPHORUS; TOTAL,97.3,µg/L,0.2626,0,,
16018409302,2022-09-26T09:35:00,POTASSIUM,2.75,mg/L,0.0061,0,,
16018409302,2022-09-26T09:35:00,SILICON; REACTIVE SILICATE,2.94,mg/L,0.0102,0,,
16018409302,2022-09-26T09:35:00,SILVER,9.0,µg/L,0.0111,0,,
16018409302,2022-09-26T09:35:00,SODIUM,70.4,mg/L,0.2668,0,,
16018409302,2022-09-26T09:35:00,SOLIDS; SUSPENDED,46.6,mg/L,0.1817,0,,
16018409302,2022-09-26T09:35:00,STRONTIUM,375.0,µg/L,0.3914,0,,
16018409302,2022-09-26T09:35:00,TIN,9.0,µg/L,0.0124,0,,
16018409302,2022-09-26T09:35:00,TITANIUM,3.86,µg/L,0.047,0,,
16018409302,2022-09-26T09:35:00,URANIUM,9.67,µg/L,0.1299,0,,
16018409302,2022-09-26T09:35:00,VANADIUM,1.34,µg/L,0.0122,0,,
16018409302,2022-09-26T09:35:00,ZINC,13.1,µg/L,0.0482,0,,
16018409302,2022-09-26T09:35:00,ZIRCONIUM,1.0,µg/L,0.004,0,,
16018409302,2022-10-12T09:45:00,ALKALINITY,227.0,mg/L as CaCO3,0.3354,0,,
16018409302,2022-10-12T09:45:00,ALUMINUM,214.0,µg/L,0.5653,0,,
16018409302,2022-10-12T09:45:00,BARIUM,81.5,µg/L,0.1567,0,,
16018409302,2022-10-12T09:45:00,BERYLLIUM,0.1,µg/L,0.0092,0,,
16018409302,2022-10-12T09:45:00,BISMUTH,5.0,µg/L,0.0088,0,,
16018409302,2022-10-12T09:45:00,CADMIUM,0.9,µg/L,0.0145,0,,
16018409302,2022-10-12T09:45:00,CALCIUM,71.7,mg/L,0.1464,0,,
16018409302,2022-10-12T09:45:00,CARBON; DISSOLVED INORGANIC,54.7,mg/L,0.1221,0,,
16018409302,2022-10-12T09:45:00,CARBON; DISSOLVED ORGANIC,2.73,mg/L,0.0713,0,,
16018409302,2022-10-12T09:45:00,CHLORIDE,64.0,mg/L,0.2724,0,,
16018409302,2022-10-12T09:45:00,CHROMIUM,1.33,µg/L,0.0653,0,,
16018409302,2022-10-12T09:45:00,COBALT,1.0,µg/L,0.0134,0,,
16018409302,2022-10-12T09:45:00,CONDUCTIVITY,694.0,µS/cm,0.5547,0,,
16018409302,2022-10-12T09:45:00,COPPER,1.19,µg/L,0.0354,0,,
16018409302,2022-10-12T09:45:00,HARDNESS,313.0,mg/L,0.4052,0,,
16018409302,2022-10-12T09:45:00,IRON,403.0,µg/L,0.6322,1,"rate_of_change, rolling_mean_14, rolling_mean_30","-2.82, 2.60, 2.57"
16018409302,2022-10-12T09:45:00,LEAD,7.0,µg/L,0.0115,0,,
16018409302,2022-10-12T09:45:00,LITHIUM,10.9,µg/L,0.1159,0,,
16018409302,2022-10-12T09:45:00,MAGNESIUM,32.5,mg/L,0.1274,0,,
16018409302,2022-10-12T09:45:00,MANGANESE,80.6,µg/L,0.2807,0,,
16018409302,2022-10-12T09:45:00,MOLYBDENUM,2.0,µg/L,0.0072,0,,
16018409302,2022-10-12T09:45:00,NICKEL,2.01,µg/L,0.0087,0,,
16018409302,2022-10-12T09:45:00,NITRATE,0.82,mg/L,0.0246,0,,
16018409302,2022-10-12T09:45:00,NITROGEN; AMMONIA+AMMONIUM,0.02,mg/L,0.0342,0,,
16018409302,2022-10-12T09:45:00,NITROGEN; NITRATE+NITRITE,0.83,mg/L,0.0235,0,,
16018409302,2022-10-12T09:45:00,NITROGEN; NITRITE,0.007,mg/L,0.0324,0,,
16018409302,2022-10-12T09:45:00,NITROGEN; TOTAL,1.5,mg/L,0.0242,0,,
16018409302,2022-10-12T09:45:00,PH,7.5,,0.1016,0,,
16018409302,2022-10-12T09:45:00,PHOSPHORUS; PHOSPHATE,0.016,mg/L,0.027,0,,
16018409302,2022-10-12T09:45:00,PHOSPHORUS; TOTAL,48.5,µg/L,0.3441,0,,
16018409302,2022-10-12T09:45:00,POTASSIUM,2.8,mg/L,0.01,0,,
16018409302,2022-10-12T09:45:00,SILICON; REACTIVE SILICATE,2.55,mg/L,0.026,0,,
16018409302,2022-10-12T09:45:00,SILVER,9.0,µg/L,0.0131,0,,
16018409302,2022-10-12T09:45:00,SODIUM,34.9,mg/L,0.2113,0,,
16018409302,2022-10-12T09:45:00,SOLIDS; SUSPENDED,18.5,mg/L,0.2513,0,,
16018409302,2022-10-12T09:45:00,STRONTIUM,303.0,µg/L,0.4543,0,,
16018409302,2022-10-12T09:45:00,TIN,9.0,µg/L,0.0161,0,,
16018409302,2022-10-12T09:45:00,TITANIUM,5.37,µg/L,0.055,0,,
16018409302,2022-10-12T09:45:00,URANIUM,13.1,µg/L,0.1388,0,,
16018409302,2022-10-12T09:45:00,VANADIUM,0.5,µg/L,0.0508,0,,
16018409302,2022-10-12T09:45:00,ZINC,9.06,µg/L,0.0749,0,,
16018409302,2022-10-12T09:45:00,ZIRCONIUM,1.0,µg/L,0.0076,0,,
16018409302,2022-11-15T09:50:00,ALKALINITY,246.0,mg/L as CaCO3,0.2681,0,,
16018409302,2022-11-15T09:50:00,ALUMINUM,169.0,µg/L,0.5112,0,,
16018409302,2022-11-15T09:50:00,BARIUM,75.2,µg/L,0.1252,0,,
16018409302,2022-11-15T09:50:00,BERYLLIUM,0.1,µg/L,0.0057,0,,
16018409302,2022-11-15T09:50:00,BISMUTH,5.0,µg/L,0.0073,0,,
16018409302,2022-11-15T09:50:00,CADMIUM,0.9,µg/L,0.0093,0,,
16018409302,2022-11-15T09:50:00,CALCIUM,73.2,mg/L,0.0975,0,,
16018409302,2022-11-15T09:50:00,CARBON; DISSOLVED INORGANIC,60.8,mg/L,0.1052,0,,
16018409302,2022-11-15T09:50:00,CARBON; DISSOLVED ORGANIC,2.79,mg/L,0.0479,0,,
16018409302,2022-11-15T09:50:00,CHLORIDE,54.6,mg/L,0.1445,0,,
16018409302,2022-11-15T09:50:00,CHROMIUM,1.01,µg/L,0.0107,0,,
16018409302,2022-11-15T09:50:00,COBALT,1.0,µg/L,0.0071,0,,
16018409302,2022-11-15T09:50:00,CONDUCTIVITY,701.0,µS/cm,0.4688,0,,
16018409302,2022-11-15T09:50:00,COPPER,0.76,µg/L,0.0322,0,,
16018409302,2022-11-15T09:50:00,HARDNESS,310.0,mg/L,0.2946,0,,
16018409302,2022-11-15T09:50:00,IRON,256.0,µg/L,0.5991,1,"rolling_mean_14, rolling_std_14, rolling_std_30","2.55, 2.52, 2.47"
16018409302,2022-11-15T09:50:00,LEAD,7.0,µg/L,0.01,0,,
16018409302,2022-11-15T09:50:00,LITHIUM,5.0,µg/L,0.0521,0,,
16018409302,2022-11-15T09:50:00,MAGNESIUM,30.9,mg/L,0.0713,0,,
16018409302,2022-11-15T09:50:00,MANGANESE,48.6,µg/L,0.2906,0,,
16018409302,2022-11-15T09:50:00,MOLYBDENUM,2.0,µg/L,0.0052,0,,
16018409302,2022-11-15T09:50:00,NICKEL,2.0,µg/L,0.005,0,,
16018409302,2022-11-15T09:50:00,NITRATE,0.9,mg/L,0.008,0,,
16018409302,2022-11-15T09:50:00,NITROGEN; AMMONIA+AMMONIUM,0.02,mg/L,0.0218,0,,
16018409302,2022-11-15T09:50:00,NITROGEN; NITRATE+NITRITE,0.91,mg/L,0.0105,0,,
16018409302,2022-11-15T09:50:00,NITROGEN; NITRITE,0.008,mg/L,0.0191,0,,
16018409302,2022-11-15T09:50:00,NITROGEN; TOTAL,1.5,mg/L,0.0168,0,,
16018409302,2022-11-15T09:50:00,PH,8.05,,0.0186,0,,
16018409302,2022-11-15T09:50:00,PHOSPHORUS; PHOSPHATE,0.013,mg/L,0.0294,0,,
16018409302,2022-11-15T09:50:00,PHOSPHORUS; TOTAL,26.4,µg/L,0.2948,0,,
16018409302,2022-11-15T09:50:00,POTASSIUM,2.78,mg/L,0.0064,0,,
16018409302,2022-11-15T09:50:00,SILICON; REACTIVE SILICATE,2.43,mg/L,0.0188,0,,
16018409302,2022-11-15T09:50:00,SILVER,9.0,µg/L,0.0119,0,,
16018409302,2022-11-15T09:50:00,SODIUM,31.1,mg/L,0.0976,0,,
16018409302,2022-11-15T09:50:00,SOLIDS; SUSPENDED,7.14,mg/L,0.1992,0,,
16018409302,2022-11-15T09:50:00,STRONTIUM,308.0,µg/L,0.3266,0,,
16018409302,2022-11-15T09:50:00,TIN,9.0,µg/L,0.0137,0,,
16018409302,2022-11-15T09:50:00,TITANIUM,4.75,µg/L,0.045,0,,
16018409302,2022-11-15T09:50:00,URANIUM,8.45,µg/L,0.069,0,,
16018409302,2022-11-15T09:50:00,VANADIUM,0.5,µg/L,0.0376,0,,
16018409302,2022-11-15T09:50:00,ZINC,11.2,µg/L,0.0496,0,,
16018409302,2022-11-15T09:50:00,ZIRCONIUM,1.0,µg/L,0.0048,0,,
16018409302,2023-04-03T10:08:00,ALKALINITY,125.8,mg/L as CaCO3,0.5335,0,,
16018409302,2023-04-03T10:08:00,ALUMINUM,1010.0,µg/L,0.8072,1,"delta, rolling_std_7, rolling_std_14","5.64, 3.10, 3.00"
16018409302,2023-04-03T10:08:00,BARIUM,38.4,µg/L,0.3402,0,,
16018409302,2023-04-03T10:08:00,BERYLLIUM,0.19,µg/L,0.2422,0,,
16018409302,2023-04-03T10:08:00,BISMUTH,5.0,µg/L,0.1237,0,,
16018409302,2023-04-03T10:08:00,CADMIUM,0.9,µg/L,0.131,0,,
16018409302,2023-04-03T10:08:00,CALCIUM,47.0,mg/L,0.3442,0,,
16018409302,2023-04-03T10:08:00,CARBON; DISSOLVED INORGANIC,32.1,mg/L,0.3491,0,,
16018409302,2023-04-03T10:08:00,CARBON; DISSOLVED ORGANIC,7.41,mg/L,0.1584,0,,
16018409302,2023-04-03T10:08:00,CHLORIDE,36.8,mg/L,0.3187,0,,
16018409302,2023-04-03T10:08:00,CHROMIUM,1.16,µg/L,0.1342,0,,
16018409302,2023-04-03T10:08:00,COBALT,1.0,µg/L,0.1272,0,,
16018409302,2023-04-03T10:08:00,CONDUCTIVITY,444.0,µS/cm,0.6785,1,"rolling_mean_30, rolling_mean_14, rolling_mean_7","3.15, 3.06, 3.00"
16018409302,2023-04-03T10:08:00,COPPER,3.85,µg/L,0.1532,0,,
16018409302,2023-04-03T10:08:00,HARDNESS,173.0,mg/L,0.5593,0,,
16018409302,2023-04-03T10:08:00,IRON,767.0,µg/L,0.7168,1,"delta, rolling_mean_14, rolling_std_14","3.43, 2.61, 2.59"
16018409302,2023-04-03T10:08:00,LEAD,7.0,µg/L,0.1234,0,,
16018409302,2023-04-03T10:08:00,LITHIUM,5.0,µg/L,0.1416,0,,
16018409302,2023-04-03T10:08:00,MAGNESIUM,13.6,mg/L,0.3021,0,,
16018409302,2023-04-03T10:08:00,MANGANESE,60.1,µg/L,0.3955,0,,
16018409302,2023-04-03T10:08:00,MOLYBDENUM,2.0,µg/L,0.125,0,,
16018409302,2023-04-03T10:08:00,NICKEL,2.0,µg/L,0.1242,0,,
16018409302,2023-04-03T10:08:00,NITRATE,2.48,mg/L,0.1734,0,,
16018409302,2023-04-03T10:08:00,NITROGEN; AMMONIA+AMMONIUM,0.18,mg/L,0.1648,0,,
16018409302,2023-04-03T10:08:00,NITROGEN; NITRATE+NITRITE,2.54,mg/L,0.1785,0,,
16018409302,2023-04-03T10:08:00,NITROGEN; NITRITE,0.067,mg/L,0.1693,0,,
16018409302,2023-04-03T10:08:00,NITROGEN; TOTAL,3.52,mg/L,0.1672,0,,
16018409302,2023-04-03T10:08:00,PH,8.08,,0.1319,0,,
16018409302,2023-04-03T10:08:00,PHOSPHORUS; PHOSPHATE,0.139,mg/L,0.2146,0,,
16018409302,2023-04-03T10:08:00,PHOSPHORUS; TOTAL,193.0,µg/L,0.5094,0,,
16018409302,2023-04-03T10:08:00,POTASSIUM,3.56,mg/L,0.1349,0,,
16018409302,2023-04-03T10:08:00,SILICON; REACTIVE SILICATE,2.81,mg/L,0.1255,0,,
16018409302,2023-04-03T10:08:00,SILVER,9.0,µg/L,0.1306,0,,
16018409302,2023-04-03T10:08:00,SODIUM,23.0,mg/L,0.275,0,,
16018409302,2023-04-03T10:08:00,SOLIDS; SUSPENDED,56.2,mg/L,0.3554,0,,
16018409302,2023-04-03T10:08:00,STRONTIUM,167.0,µg/L,0.5865,1,"zscore, time_gap_days, is_gap","-3.64, 2.45, 1.53"
16018409302,2023-04-03T10:08:00,TIN,9.0,µg/L,0.1264,0,,
16018409302,2023-04-03T10:08:00,TITANIUM,7.52,µg/L,0.1715,0,,
16018409302,2023-04-03T10:08:00,URANIUM,3.0,µg/L,0.1671,0,,
16018409302,2023-04-03T10:08:00,VANADIUM,1.83,µg/L,0.1414,0,,
16018409302,2023-04-03T10:08:00,ZINC,14.9,µg/L,0.1776,0,,
16018409302,2023-05-10T10:51:00,ALKALINITY,227.0,mg/L as CaCO3,0.4245,0,,
16018409302,2023-05-10T10:51:00,ALUMINUM,276.0,µg/L,0.735,1,"delta, rate_of_change, rolling_std_7","-4.92, -3.87, 3.04"
16018409302,2023-05-10T10:51:00,BARIUM,43.4,µg/L,0.2218,0,,
16018409302,2023-05-10T10:51:00,BERYLLIUM,0.1,µg/L,0.0665,0,,
16018409302,2023-05-10T10:51:00,BISMUTH,5.0,µg/L,0.0638,0,,
16018409302,2023-05-10T10:51:00,CADMIUM,0.9,µg/L,0.0624,0,,
16018409302,2023-05-10T10:51:00,CALCIUM,69.6,mg/L,0.2192,0,,
16018409302,2023-05-10T10:51:00,CARBON; DISSOLVED INORGANIC,57.9,mg/L,0.2175,0,,
16018409302,2023-05-10T10:51:00,CARBON; DISSOLVED ORGANIC,7.75,mg/L,0.0838,0,,
16018409302,2023-05-10T10:51:00,CHLORIDE,57.6,mg/L,0.24,0,,
16018409302,2023-05-10T10:51:00,CHROMIUM,1.0,µg/L,0.0699,0,,
16018409302,2023-05-10T10:51:00,COBALT,1.0,µg/L,0.0613,0,,
16018409302,2023-05-10T10:51:00,CONDUCTIVITY,681.0,µS/cm,0.6131,1,"rolling_mean_30, rolling_mean_14, rolling_mean_7","3.15, 3.05, 2.93"
16018409302,2023-05-10T10:51:00,COPPER,2.05,µg/L,0.0757,0,,
16018409302,2023-05-10T10:51:00,HARDNESS,280.0,mg/L,0.4636,0,,
16018409302,2023-05-10T10:51:00,LEAD,7.0,µg/L,0.0638,0,,
16018409302,2023-05-10T10:51:00,LITHIUM,5.0,µg/L,0.0712,0,,
16018409302,2023-05-10T10:51:00,MAGNESIUM,25.8,mg/L,0.1488,0,,
16018409302,2023-05-10T10:51:00,MANGANESE,59.2,µg/L,0.2916,0,,
16018409302,2023-05-10T10:51:00,MOLYBDENUM,2.0,µg/L,0.0615,0,,
16018409302,2023-05-10T10:51:00,NICKEL,2.0,µg/L,0.0596,0,,
16018409302,2023-05-10T10:51:00,NITRATE,1.46,mg/L,0.0701,0,,
16018409302,2023-05-10T10:51:00,NITROGEN; AMMONIA+AMMONIUM,0.07,mg/L,0.0683,0,,
16018409302,2023-05-10T10:51:00,NITROGEN; NITRATE+NITRITE,1.48,mg/L,0.0701,0,,
16018409302,2023-05-10T10:51:00,NITROGEN; NITRITE,0.016,mg/L,0.069,0,,
16018409302,2023-05-10T10:51:00,NITROGEN; TOTAL,1.95,mg/L,0.0725,0,,
16018409302,2023-05-10T10:51:00,PH,8.2,,0.0825,0,,
16018409302,2023-05-10T10:51:00,PHOSPHORUS; PHOSPHATE,0.012,mg/L,0.079,0,,
16018409302,2023-05-10T10:51:00,PHOSPHORUS; TOTAL,37.8,µg/L,0.4821,0,,
16018409302,2023-05-10T10:51:00,POTASSIUM,2.41,mg/L,0.0765,0,,
16018409302,2023-05-10T10:51:00,SILICON; REACTIVE SILICATE,1.25,mg/L,0.1105,0,,
16018409302,2023-05-10T10:51:00,SILVER,9.0,µg/L,0.0674,0,,
16018409302,2023-05-10T10:51:00,SODIUM,38.5,mg/L,0.1707,0,,
16018409302,2023-05-10T10:51:00,SOLIDS; SUSPENDED,14.8,mg/L,0.3175,0,,
16018409302,2023-05-10T10:51:00,STRONTIUM,297.0,µg/L,0.4975,0,,
16018409302,2023-05-10T10:51:00,TIN,9.0,µg/L,0.0662,0,,
16018409302,2023-05-10T10:51:00,TITANIUM,7.35,µg/L,0.0923,0,,
16018409302,2023-05-10T10:51:00,URANIUM,3.0,µg/L,0.0788,0,,
16018409302,2023-05-10T10:51:00,VANADIUM,0.62,µg/L,0.0992,0,,
16018409302,2023-05-10T10:51:00,ZINC,9.15,µg/L,0.1132,0,,
16018409302,2023-05-10T10:51:00,ZIRCONIUM,1.0,µg/L,0.1541,0,,
16018409302,2023-06-13T10:20:00,ALKALINITY,181.1,mg/L as CaCO3,0.3175,0,,
16018409302,2023-06-13T10:20:00,ALUMINUM,460.0,µg/L,0.6358,1,"rolling_std_7, rolling_std_14, rolling_std_30","3.05, 3.00, 2.65"
16018409302,2023-06-13T10:20:00,BARIUM,61.9,µg/L,0.1387,0,,
16018409302,2023-06-13T10:20:00,BERYLLIUM,0.1,µg/L,0.006,0,,
16018409302,2023-06-13T10:20:00,BISMUTH,5.0,µg/L,0.0073,0,,
16018409302,2023-06-13T10:20:00,CADMIUM,0.9,µg/L,0.0066,0,,
16018409302,2023-06-13T10:20:00,CALCIUM,63.2,mg/L,0.1183,0,,
16018409302,2023-06-13T10:20:00,CARBON; DISSOLVED INORGANIC,46.8,mg/L,0.1208,0,,
16018409302,2023-06-13T10:20:00,CARBON; DISSOLVED ORGANIC,4.98,mg/L,0.0367,0,,
16018409302,2023-06-13T10:20:00,CHLORIDE,65.6,mg/L,0.1316,0,,
16018409302,2023-06-13T10:20:00,CHROMIUM,1.0,µg/L,0.0119,0,,
16018409302,2023-06-13T10:20:00,COBALT,1.0,µg/L,0.0076,0,,
16018409302,2023-06-13T10:20:00,CONDUCTIVITY,662.0,µS/cm,0.4747,0,,
16018409302,2023-06-13T10:20:00,COPPER,3.73,µg/L,0.0343,0,,
16018409302,2023-06-13T10:20:00,HARDNESS,252.0,mg/L,0.3325,0,,
16018409302,2023-06-13T10:20:00,IRON,631.0,µg/L,0.6061,1,"rolling_mean_30, rolling_mean_14, rolling_std_30","2.53, 2.47, 2.38"
16018409302,2023-06-13T10:20:00,LEAD,7.0,µg/L,0.01,0,,
16018409302,2023-06-13T10:20:00,LITHIUM,5.0,µg/L,0.0215,0,,
16018409302,2023-06-13T10:20:00,MAGNESIUM,22.9,mg/L,0.0756,0,,
16018409302,2023-06-13T10:20:00,MANGANESE,138.0,µg/L,0.2972,0,,
16018409302,2023-06-13T10:20:00,MOLYBDENUM,2.0,µg/L,0.0052,0,,
16018409302,2023-06-13T10:20:00,NICKEL,2.0,µg/L,0.0054,0,,
16018409302,2023-06-13T10:20:00,NITRATE,2.7,mg/L,0.0713,0,,
16018409302,2023-06-13T10:20:00,NITROGEN; AMMONIA+AMMONIUM,0.15,mg/L,0.0423,0,,
16018409302,2023-06-13T10:20:00,NITROGEN; NITRATE+NITRITE,2.77,mg/L,0.0709,0,,
16018409302,2023-06-13T10:20:00,NITROGEN; NITRITE,0.074,mg/L,0.0653,0,,
16018409302,2023-06-13T10:20:00,NITROGEN; TOTAL,3.34,mg/L,0.0503,0,,
16018409302,2023-06-13T10:20:00,PH,8.03,,0.0171,0,,
16018409302,2023-06-13T10:20:00,PHOSPHORUS; PHOSPHATE,0.035,mg/L,0.0067,0,,
16018409302,2023-06-13T10:20:00,PHOSPHORUS; TOTAL,153.0,µg/L,0.3749,0,,
16018409302,2023-06-13T10:20:00,POTASSIUM,2.91,mg/L,0.0073,0,,
16018409302,2023-06-13T10:20:00,SILICON; REACTIVE SILICATE,3.59,mg/L,0.027,0,,
16018409302,2023-06-13T10:20:00,SILVER,9.0,µg/L,0.0119,0,,
16018409302,2023-06-13T10:20:00,SODIUM,38.7,mg/L,0.0741,0,,
16018409302,2023-06-13T10:20:00,SOLIDS; SUSPENDED,80.0,mg/L,0.2581,0,,
16018409302,2023-06-13T10:20:00,STRONTIUM,324.0,µg/L,0.3543,0,,
16018409302,2023-06-13T10:20:00,TIN,9.0,µg/L,0.0126,0,,
16018409302,2023-06-13T10:20:00,TITANIUM,8.47,µg/L,0.0459,0,,
16018409302,2023-06-13T10:20:00,URANIUM,3.0,µg/L,0.0285,0,,
16018409302,2023-06-13T10:20:00,VANADIUM,1.45,µg/L,0.0119,0,,
16018409302,2023-06-13T10:20:00,ZINC,13.6,µg/L,0.0646,0,,
16018409302,2023-06-13T10:20:00,ZIRCONIUM,1.0,µg/L,0.0048,0,,
16018409302,2023-07-06T09:50:00,ALKALINITY,211.0,mg/L as CaCO3,0.2908,0,,
16018409302,2023-07-06T09:50:00,ALUMINUM,637.0,µg/L,0.6528,1,"rolling_std_7, rolling_std_14, rolling_std_30","3.19, 3.00, 2.64"
16018409302,2023-07-06T09:50:00,BARIUM,75.9,µg/L,0.1431,0,,
16018409302,2023-07-06T09:50:00,BERYLLIUM,0.1,µg/L,0.0051,0,,
16018409302,2023-07-06T09:50:00,BISMUTH,5.0,µg/L,0.0046,0,,
16018409302,2023-07-06T09:50:00,CADMIUM,0.9,µg/L,0.0046,0,,
16018409302,2023-07-06T09:50:00,CALCIUM,71.8,mg/L,0.1058,0,,
16018409302,2023-07-06T09:50:00,CARBON; DISSOLVED INORGANIC,50.2,mg/L,0.1055,0,,
16018409302,2023-07-06T09:50:00,CARBON; DISSOLVED ORGANIC,7.28,mg/L,0.0341,0,,
16018409302,2023-07-06T09:50:00,CHLORIDE,53.4,mg/L,0.1531,0,,
16018409302,2023-07-06T09:50:00,CHROMIUM,1.0,µg/L,0.0117,0,,
16018409302,2023-07-06T09:50:00,COBALT,1.0,µg/L,0.0071,0,,
16018409302,2023-07-06T09:50:00,CONDUCTIVITY,647.0,µS/cm,0.4877,0,,
16018409302,2023-07-06T09:50:00,COPPER,4.01,µg/L,0.0253,0,,
16018409302,2023-07-06T09:50:00,HARDNESS,270.0,mg/L,0.3132,0,,
16018409302,2023-07-06T09:50:00,IRON,952.0,µg/L,0.6969,1,"rate_of_change, rolling_mean_30, rolling_mean_7","2.74, 2.62, 2.61"
16018409302,2023-07-06T09:50:00,LEAD,7.0,µg/L,0.0073,0,,
16018409302,2023-07-06T09:50:00,LITHIUM,6.86,µg/L,0.0271,0,,
16018409302,2023-07-06T09:50:00,MAGNESIUM,22.1,mg/L,0.0639,0,,
16018409302,2023-07-06T09:50:00,MANGANESE,131.0,µg/L,0.2156,0,,
16018409302,2023-07-06T09:50:00,MOLYBDENUM,2.0,µg/L,0.003,0,,
16018409302,2023-07-06T09:50:00,NICKEL,2.0,µg/L,0.0048,0,,
16018409302,2023-07-06T09:50:00,NITRATE,3.58,mg/L,0.0963,0,,
16018409302,2023-07-06T09:50:00,NITROGEN; AMMONIA+AMMONIUM,0.15,mg/L,0.0308,0,,
16018409302,2023-07-06T09:50:00,NITROGEN; NITRATE+NITRITE,3.69,mg/L,0.1029,0,,
16018409302,2023-07-06T09:50:00,NITROGEN; NITRITE,0.111,mg/L,0.1006,0,,
16018409302,2023-07-06T09:50:00,NITROGEN; TOTAL,4.48,mg/L,0.0812,0,,
16018409302,2023-07-06T09:50:00,PH,8.22,,0.0254,0,,
16018409302,2023-07-06T09:50:00,PHOSPHORUS; PHOSPHATE,0.062,mg/L,0.0145,0,,
16018409302,2023-07-06T09:50:00,PHOSPHORUS; TOTAL,177.0,µg/L,0.3019,0,,
16018409302,2023-07-06T09:50:00,POTASSIUM,3.69,mg/L,0.0221,0,,
16018409302,2023-07-06T09:50:00,SILICON; REACTIVE SILICATE,4.68,mg/L,0.0294,0,,
16018409302,2023-07-06T09:50:00,SILVER,9.0,µg/L,0.0088,0,,
16018409302,2023-07-06T09:50:00,SODIUM,31.7,mg/L,0.1018,0,,
16018409302,2023-07-06T09:50:00,SOLIDS; SUSPENDED,105.0,mg/L,0.2379,0,,
16018409302,2023-07-06T09:50:00,STRONTIUM,333.0,µg/L,0.3519,0,,
16018409302,2023-07-06T09:50:00,TIN,9.0,µg/L,0.0106,0,,
16018409302,2023-07-06T09:50:00,TITANIUM,5.18,µg/L,0.0555,0,,
16018409302,2023-07-06T09:50:00,URANIUM,3.0,µg/L,0.0263,0,,
16018409302,2023-07-06T09:50:00,VANADIUM,2.73,µg/L,0.0573,0,,
16018409302,2023-07-06T09:50:00,ZINC,30.3,µg/L,0.2296,0,,
16018409302,2023-07-06T09:50:00,ZIRCONIUM,1.0,µg/L,0.0026,0,,
16018409302,2023-08-15T10:10:00,ALKALINITY,275.3,mg/L as CaCO3,0.4075,0,,
16018409302,2023-08-15T10:10:00,ALUMINUM,449.0,µg/L,0.6549,1,"rolling_std_7, rolling_std_14, rolling_std_30","3.14, 2.73, 2.56"
16018409302,2023-08-15T10:10:00,BARIUM,67.6,µg/L,0.1899,0,,
16018409302,2023-08-15T10:10:00,BERYLLIUM,0.1,µg/L,0.0623,0,,
16018409302,2023-08-15T10:10:00,BISMUTH,5.0,µg/L,0.0642,0,,
16018409302,2023-08-15T10:10:00,CADMIUM,0.9,µg/L,0.0619,0,,
16018409302,2023-08-15T10:10:00,CALCIUM,82.7,mg/L,0.2118,0,,
16018409302,2023-08-15T10:10:00,CARBON; DISSOLVED INORGANIC,67.4,mg/L,0.2149,0,,
16018409302,2023-08-15T10:10:00,CARBON; DISSOLVED ORGANIC,8.86,mg/L,0.1029,0,,
16018409302,2023-08-15T10:10:00,CHLORIDE,50.7,mg/L,0.1949,0,,
16018409302,2023-08-15T10:10:00,CHROMIUM,1.0,µg/L,0.0657,0,,
16018409302,2023-08-15T10:10:00,COBALT,1.0,µg/L,0.063,0,,
16018409302,2023-08-15T10:10:00,CONDUCTIVITY,735.0,µS/cm,0.5505,0,,
16018409302,2023-08-15T10:10:00,COPPER,3.72,µg/L,0.0743,0,,
16018409302,2023-08-15T10:10:00,HARDNESS,338.0,mg/L,0.451,0,,
16018409302,2023-08-15T10:10:00,IRON,746.0,µg/L,0.6443,1,"rolling_mean_7, rolling_mean_30, rolling_mean_14","2.68, 2.66, 2.52"
16018409302,2023-08-15T10:10:00,LEAD,7.0,µg/L,0.0642,0,,
16018409302,2023-08-15T10:10:00,LITHIUM,5.0,µg/L,0.0842,0,,
16018409302,2023-08-15T10:10:00,MAGNESIUM,32.0,mg/L,0.1628,0,,
16018409302,2023-08-15T10:10:00,MANGANESE,121.0,µg/L,0.2945,0,,
16018409302,2023-08-15T10:10:00,MOLYBDENUM,2.0,µg/L,0.0617,0,,
16018409302,2023-08-15T10:10:00,NICKEL,2.0,µg/L,0.0594,0,,
16018409302,2023-08-15T10:10:00,NITRATE,0.8,mg/L,0.0983,0,,
16018409302,2023-08-15T10:10:00,NITROGEN; AMMONIA+AMMONIUM,0.06,mg/L,0.0655,0,,
16018409302,2023-08-15T10:10:00,NITROGEN; NITRATE+NITRITE,0.82,mg/L,0.1018,0,,
16018409302,2023-08-15T10:10:00,NITROGEN; NITRITE,0.023,mg/L,0.0639,0,,
16018409302,2023-08-15T10:10:00,NITROGEN; TOTAL,1.54,mg/L,0.0957,0,,
16018409302,2023-08-15T10:10:00,PH,8.37,,0.1093,0,,
16018409302,2023-08-15T10:10:00,PHOSPHORUS; PHOSPHATE,0.056,mg/L,0.0662,0,,
16018409302,2023-08-15T10:10:00,PHOSPHORUS; TOTAL,148.0,µg/L,0.3881,0,,
16018409302,2023-08-15T10:10:00,POTASSIUM,3.1,mg/L,0.0631,0,,
16018409302,2023-08-15T10:10:00,SILICON; REACTIVE SILICATE,4.3,mg/L,0.0717,0,,
16018409302,2023-08-15T10:10:00,SILVER,9.0,µg/L,0.0679,0,,
16018409302,2023-08-15T10:10:00,SODIUM,29.2,mg/L,0.1638,0,,
16018409302,2023-08-15T10:10:00,SOLIDS; SUSPENDED,72.5,mg/L,0.3029,0,,
16018409302,2023-08-15T10:10:00,STRONTIUM,418.0,µg/L,0.5204,0,,
16018409302,2023-08-15T10:10:00,TIN,9.0,µg/L,0.0666,0,,
16018409302,2023-08-15T10:10:00,TITANIUM,6.7,µg/L,0.087,0,,
16018409302,2023-08-15T10:10:00,URANIUM,3.0,µg/L,0.0748,0,,
16018409302,2023-08-15T10:10:00,VANADIUM,1.78,µg/L,0.0716,0,,
16018409302,2023-08-15T10:10:00,ZINC,12.4,µg/L,0.1518,0,,
16018409302,2023-08-15T10:10:00,ZIRCONIUM,1.0,µg/L,0.0618,0,,
16018409302,2023-09-12T10:06:00,ALKALINITY,282.4,mg/L as CaCO3,0.3179,0,,
16018409302,2023-09-12T10:06:00,ALUMINUM,314.0,µg/L,0.5999,1,"rolling_std_7, rolling_std_14, rolling_std_30","3.00, 2.68, 2.52"
16018409302,2023-09-12T10:06:00,BARIUM,68.9,µg/L,0.1055,0,,
16018409302,2023-09-12T10:06:00,BERYLLIUM,0.1,µg/L,0.0031,0,,
16018409302,2023-09-12T10:06:00,BISMUTH,5.0,µg/L,0.0035,0,,
16018409302,2023-09-12T10:06:00,CADMIUM,0.9,µg/L,0.002,0,,
16018409302,2023-09-12T10:06:00,CALCIUM,79.9,mg/L,0.1128,0,,
16018409302,2023-09-12T10:06:00,CARBON; DISSOLVED INORGANIC,68.7,mg/L,0.1125,0,,
16018409302,2023-09-12T10:06:00,CARBON; DISSOLVED ORGANIC,6.7,mg/L,0.0308,0,,
16018409302,2023-09-12T10:06:00,CHLORIDE,76.1,mg/L,0.1676,0,,
16018409302,2023-09-12T10:06:00,CHROMIUM,1.0,µg/L,0.0042,0,,
16018409302,2023-09-12T10:06:00,COBALT,1.0,µg/L,0.0036,0,,
16018409302,2023-09-12T10:06:00,CONDUCTIVITY,824.0,µS/cm,0.5078,0,,
16018409302,2023-09-12T10:06:00,COPPER,3.08,µg/L,0.0137,0,,
16018409302,2023-09-12T10:06:00,HARDNESS,332.0,mg/L,0.3392,0,,
16018409302,2023-09-12T10:06:00,IRON,618.0,µg/L,0.5881,1,"rolling_mean_7, rolling_mean_30, rolling_mean_14","2.67, 2.66, 2.49"
16018409302,2023-09-12T10:06:00,LEAD,7.0,µg/L,0.0061,0,,
16018409302,2023-09-12T10:06:00,LITHIUM,5.0,µg/L,0.016,0,,
16018409302,2023-09-12T10:06:00,MAGNESIUM,32.2,mg/L,0.0689,0,,
16018409302,2023-09-12T10:06:00,MANGANESE,106.0,µg/L,0.2129,0,,
16018409302,2023-09-12T10:06:00,MOLYBDENUM,2.0,µg/L,0.0013,0,,
16018409302,2023-09-12T10:06:00,NICKEL,2.0,µg/L,0.0014,0,,
16018409302,2023-09-12T10:06:00,NITRATE,1.06,mg/L,0.0089,0,,
16018409302,2023-09-12T10:06:00,NITROGEN; AMMONIA+AMMONIUM,0.06,mg/L,0.0045,0,,
16018409302,2023-09-12T10:06:00,NITROGEN; NITRATE+NITRITE,1.08,mg/L,0.0099,0,,
16018409302,2023-09-12T10:06:00,NITROGEN; NITRITE,0.017,mg/L,0.0094,0,,
16018409302,2023-09-12T10:06:00,NITROGEN; TOTAL,1.7,mg/L,0.0102,0,,
16018409302,2023-09-12T10:06:00,PH,8.17,,0.0177,0,,
16018409302,2023-09-12T10:06:00,PHOSPHORUS; PHOSPHATE,0.046,mg/L,0.0053,0,,
16018409302,2023-09-12T10:06:00,PHOSPHORUS; TOTAL,78.8,µg/L,0.3396,0,,
16018409302,2023-09-12T10:06:00,POTASSIUM,2.81,mg/L,0.0046,0,,
16018409302,2023-09-12T10:06:00,SILICON; REACTIVE SILICATE,4.75,mg/L,0.0227,0,,
16018409302,2023-09-12T10:06:00,SILVER,9.0,µg/L,0.0087,0,,
16018409302,2023-09-12T10:06:00,SODIUM,45.9,mg/L,0.1235,0,,
16018409302,2023-09-12T10:06:00,SOLIDS; SUSPENDED,44.3,mg/L,0.1982,0,,
16018409302,2023-09-12T10:06:00,STRONTIUM,389.0,µg/L,0.3991,0,,
16018409302,2023-09-12T10:06:00,TIN,9.0,µg/L,0.0098,0,,
16018409302,2023-09-12T10:06:00,TITANIUM,5.51,µg/L,0.0352,0,,
16018409302,2023-09-12T10:06:00,URANIUM,3.0,µg/L,0.0241,0,,
16018409302,2023-09-12T10:06:00,VANADIUM,1.55,µg/L,0.0088,0,,
16018409302,2023-09-12T10:06:00,ZINC,9.52,µg/L,0.067,0,,
16018409302,2023-09-12T10:06:00,ZIRCONIUM,1.0,µg/L,0.0009,0,,
16018409302,2023-10-12T10:57:00,ALKALINITY,286.5,mg/L as CaCO3,0.3264,0,,
16018409302,2023-10-12T10:57:00,ALUMINUM,268.0,µg/L,0.5595,0,,
16018409302,2023-10-12T10:57:00,BARIUM,73.3,µg/L,0.1092,0,,
16018409302,2023-10-12T10:57:00,BERYLLIUM,0.1,µg/L,0.0054,0,,
16018409302,2023-10-12T10:57:00,BISMUTH,5.0,µg/L,0.0055,0,,
16018409302,2023-10-12T10:57:00,CADMIUM,0.9,µg/L,0.0044,0,,
16018409302,2023-10-12T10:57:00,CALCIUM,75.2,mg/L,0.1148,0,,
16018409302,2023-10-12T10:57:00,CARBON; DISSOLVED INORGANIC,60.9,mg/L,0.113,0,,
16018409302,2023-10-12T10:57:00,CARBON; DISSOLVED ORGANIC,4.78,mg/L,0.0329,0,,
16018409302,2023-10-12T10:57:00,CHLORIDE,79.6,mg/L,0.1215,0,,
16018409302,2023-10-12T10:57:00,CHROMIUM,1.0,µg/L,0.0066,0,,
16018409302,2023-10-12T10:57:00,COBALT,1.0,µg/L,0.0062,0,,
16018409302,2023-10-12T10:57:00,CONDUCTIVITY,798.0,µS/cm,0.4823,0,,
16018409302,2023-10-12T10:57:00,COPPER,1.84,µg/L,0.0258,0,,
16018409302,2023-10-12T10:57:00,HARDNESS,317.0,mg/L,0.3279,0,,
16018409302,2023-10-12T10:57:00,IRON,434.0,µg/L,0.6045,1,"rolling_mean_7, rolling_mean_30, rolling_mean_14","2.69, 2.62, 2.49"
16018409302,2023-10-12T10:57:00,LEAD,7.0,µg/L,0.0082,0,,
16018409302,2023-10-12T10:57:00,LITHIUM,5.69,µg/L,0.0083,0,,
16018409302,2023-10-12T10:57:00,MAGNESIUM,31.5,mg/L,0.0664,0,,
16018409302,2023-10-12T10:57:00,MANGANESE,75.3,µg/L,0.236,0,,
16018409302,2023-10-12T10:57:00,MOLYBDENUM,2.0,µg/L,0.0034,0,,
16018409302,2023-10-12T10:57:00,NICKEL,2.0,µg/L,0.0038,0,,
16018409302,2023-10-12T10:57:00,NITRATE,0.7,mg/L,0.0206,0,,
16018409302,2023-10-12T10:57:00,NITROGEN; AMMONIA+AMMONIUM,0.03,mg/L,0.0187,0,,
16018409302,2023-10-12T10:57:00,NITROGEN; NITRATE+NITRITE,0.71,mg/L,0.0206,0,,
16018409302,2023-10-12T10:57:00,NITROGEN; NITRITE,0.01,mg/L,0.0153,0,,
16018409302,2023-10-12T10:57:00,NITROGEN; TOTAL,1.01,mg/L,0.0334,0,,
16018409302,2023-10-12T10:57:00,PH,8.23,,0.0226,0,,
16018409302,2023-10-12T10:57:00,PHOSPHORUS; PHOSPHATE,0.033,mg/L,0.0063,0,,
16018409302,2023-10-12T10:57:00,PHOSPHORUS; TOTAL,61.8,µg/L,0.2773,0,,
16018409302,2023-10-12T10:57:00,POTASSIUM,4.38,mg/L,0.054,0,,
16018409302,2023-10-12T10:57:00,SILICON; REACTIVE SILICATE,3.59,mg/L,0.0171,0,,
16018409302,2023-10-12T10:57:00,SILVER,9.0,µg/L,0.0105,0,,
16018409302,2023-10-12T10:57:00,SODIUM,43.0,mg/L,0.0892,0,,
16018409302,2023-10-12T10:57:00,SOLIDS; SUSPENDED,19.8,mg/L,0.1923,0,,
16018409302,2023-10-12T10:57:00,STRONTIUM,362.0,µg/L,0.3807,0,,
16018409302,2023-10-12T10:57:00,TIN,9.0,µg/L,0.0119,0,,
16018409302,2023-10-12T10:57:00,TITANIUM,3.73,µg/L,0.0482,0,,
16018409302,2023-10-12T10:57:00,URANIUM,3.0,µg/L,0.0257,0,,
16018409302,2023-10-12T10:57:00,VANADIUM,0.74,µg/L,0.0312,0,,
16018409302,2023-10-12T10:57:00,ZINC,10.4,µg/L,0.0535,0,,
16018409302,2023-10-12T10:57:00,ZIRCONIUM,1.0,µg/L,0.003,0,,
16018409302,2023-11-14T10:32:00,ALKALINITY,344.9,mg/L as CaCO3,0.4247,0,,
16018409302,2023-11-14T10:32:00,ALUMINUM,251.0,µg/L,0.5192,0,,
16018409302,2023-11-14T10:32:00,BARIUM,57.2,µg/L,0.1367,0,,
16018409302,2023-11-14T10:32:00,BERYLLIUM,0.1,µg/L,0.0049,0,,
16018409302,2023-11-14T10:32:00,BISMUTH,5.0,µg/L,0.0065,0,,
16018409302,2023-11-14T10:32:00,CADMIUM,0.9,µg/L,0.0048,0,,
16018409302,2023-11-14T10:32:00,CALCIUM,83.9,mg/L,0.1405,0,,
16018409302,2023-11-14T10:32:00,CARBON; DISSOLVED INORGANIC,67.0,mg/L,0.1176,0,,
16018409302,2023-11-14T10:32:00,CARBON; DISSOLVED ORGANIC,7.6,mg/L,0.0423,0,,
16018409302,2023-11-14T10:32:00,CHLORIDE,69.8,mg/L,0.1343,0,,
16018409302,2023-11-14T10:32:00,CHROMIUM,1.0,µg/L,0.0049,0,,
16018409302,2023-11-14T10:32:00,COBALT,1.0,µg/L,0.0059,0,,
16018409302,2023-11-14T10:32:00,CONDUCTIVITY,824.0,µS/cm,0.4836,0,,
16018409302,2023-11-14T10:32:00,COPPER,2.05,µg/L,0.0101,0,,
16018409302,2023-11-14T10:32:00,HARDNESS,345.0,mg/L,0.3327,0,,
16018409302,2023-11-14T10:32:00,IRON,419.0,µg/L,0.5447,0,,
16018409302,2023-11-14T10:32:00,LEAD,7.0,µg/L,0.0092,0,,
16018409302,2023-11-14T10:32:00,LITHIUM,5.0,µg/L,0.0172,0,,
16018409302,2023-11-14T10:32:00,MAGNESIUM,32.8,mg/L,0.0755,0,,
16018409302,2023-11-14T10:32:00,MANGANESE,51.9,µg/L,0.2332,0,,
16018409302,2023-11-14T10:32:00,MOLYBDENUM,2.0,µg/L,0.0044,0,,
16018409302,2023-11-14T10:32:00,NICKEL,2.0,µg/L,0.0035,0,,
16018409302,2023-11-14T10:32:00,NITRATE,1.57,mg/L,0.019,0,,
16018409302,2023-11-14T10:32:00,NITROGEN; AMMONIA+AMMONIUM,0.03,mg/L,0.0168,0,,
16018409302,2023-11-14T10:32:00,NITROGEN; NITRATE+NITRITE,1.58,mg/L,0.019,0,,
16018409302,2023-11-14T10:32:00,NITROGEN; NITRITE,0.012,mg/L,0.0169,0,,
16018409302,2023-11-14T10:32:00,PH,8.21,,0.0199,0,,
16018409302,2023-11-14T10:32:00,PHOSPHORUS; PHOSPHATE,0.032,mg/L,0.0066,0,,
16018409302,2023-11-14T10:32:00,PHOSPHORUS; TOTAL,38.7,µg/L,0.2831,0,,
16018409302,2023-11-14T10:32:00,POTASSIUM,4.16,mg/L,0.0402,0,,
16018409302,2023-11-14T10:32:00,SILICON; REACTIVE SILICATE,4.29,mg/L,0.0167,0,,
16018409302,2023-11-14T10:32:00,SILVER,9.0,µg/L,0.0111,0,,
16018409302,2023-11-14T10:32:00,SODIUM,39.0,mg/L,0.0881,0,,
16018409302,2023-11-14T10:32:00,SOLIDS; SUSPENDED,17.5,mg/L,0.1651,0,,
16018409302,2023-11-14T10:32:00,STRONTIUM,426.0,µg/L,0.4419,0,,
16018409302,2023-11-14T10:32:00,TIN,9.0,µg/L,0.0112,0,,
16018409302,2023-11-14T10:32:00,TITANIUM,3.18,µg/L,0.0382,0,,
16018409302,2023-11-14T10:32:00,URANIUM,3.0,µg/L,0.0258,0,,
16018409302,2023-11-14T10:32:00,VANADIUM,0.58,µg/L,0.0375,0,,
16018409302,2023-11-14T10:32:00,ZINC,9.25,µg/L,0.06,0,,
16018409302,2023-11-14T10:32:00,ZIRCONIUM,1.0,µg/L,0.004,0,,
16018409302,2024-04-10T10:34:00,ALKALINITY,262.7,mg/L as CaCO3,0.4917,0,,
16018409302,2024-04-10T10:34:00,CARBON; DISSOLVED INORGANIC,62.3,mg/L,0.2404,0,,
16018409302,2024-04-10T10:34:00,CARBON; DISSOLVED ORGANIC,5.54,mg/L,0.1343,0,,
16018409302,2024-04-10T10:34:00,CHLORIDE,65.9,mg/L,0.2538,0,,
16018409302,2024-04-10T10:34:00,CONDUCTIVITY,761.0,µS/cm,0.6219,1,"rolling_mean_7, rolling_mean_30, rolling_mean_14","3.30, 3.20, 3.15"
16018409302,2024-04-10T10:34:00,NITRATE,1.35,mg/L,0.1367,0,,
16018409302,2024-04-10T10:34:00,NITROGEN; AMMONIA+AMMONIUM,0.03,mg/L,0.1419,0,,
16018409302,2024-04-10T10:34:00,NITROGEN; NITRATE+NITRITE,1.37,mg/L,0.1367,0,,
16018409302,2024-04-10T10:34:00,NITROGEN; NITRITE,0.014,mg/L,0.1344,0,,
16018409302,2024-04-10T10:34:00,NITROGEN; TOTAL,1.82,mg/L,0.1612,0,,
16018409302,2024-04-10T10:34:00,PH,8.37,,0.1593,0,,
16018409302,2024-04-10T10:34:00,PHOSPHORUS; PHOSPHATE,0.008,mg/L,0.1537,0,,
16018409302,2024-04-10T10:34:00,PHOSPHORUS; TOTAL,22.3,µg/L,0.4298,0,,
16018409302,2024-04-10T10:34:00,SILICON; REACTIVE SILICATE,1.01,mg/L,0.2067,0,,
16018409302,2024-04-10T10:34:00,SOLIDS; SUSPENDED,15.9,mg/L,0.3213,0,,
16018409302,2024-05-14T09:30:00,ALKALINITY,270.2,mg/L as CaCO3,0.2884,0,,
16018409302,2024-05-14T09:30:00,ALUMINUM,598.0,µg/L,0.6907,1,"time_gap_days, rolling_std_14, rolling_std_30","3.50, 2.70, 2.47"
16018409302,2024-05-14T09:30:00,BARIUM,55.9,µg/L,0.295,0,,
16018409302,2024-05-14T09:30:00,BERYLLIUM,0.1,µg/L,0.1564,0,,
16018409302,2024-05-14T09:30:00,BISMUTH,5.0,µg/L,0.156,0,,
16018409302,2024-05-14T09:30:00,CADMIUM,0.9,µg/L,0.1568,0,,
16018409302,2024-05-14T09:30:00,CALCIUM,73.1,mg/L,0.2886,0,,
16018409302,2024-05-14T09:30:00,CHLORIDE,58.0,mg/L,0.1266,0,,
16018409302,2024-05-14T09:30:00,CHROMIUM,1.0,µg/L,0.1589,0,,
16018409302,2024-05-14T09:30:00,COBALT,1.0,µg/L,0.1587,0,,
16018409302,2024-05-14T09:30:00,CONDUCTIVITY,697.0,µS/cm,0.4893,0,,
16018409302,2024-05-14T09:30:00,COPPER,2.4,µg/L,0.1629,0,,
16018409302,2024-05-14T09:30:00,HARDNESS,303.0,mg/L,0.5034,0,,
16018409302,2024-05-14T09:30:00,IRON,600.0,µg/L,0.668,1,"time_gap_days, rolling_mean_7, rolling_mean_30","3.50, 2.69, 2.58"
16018409302,2024-05-14T09:30:00,LEAD,7.0,µg/L,0.1547,0,,
16018409302,2024-05-14T09:30:00,LITHIUM,5.0,µg/L,0.1693,0,,
16018409302,2024-05-14T09:30:00,MAGNESIUM,29.2,mg/L,0.2324,0,,
16018409302,2024-05-14T09:30:00,MANGANESE,102.0,µg/L,0.4107,0,,
16018409302,2024-05-14T09:30:00,MOLYBDENUM,2.0,µg/L,0.1607,0,,
16018409302,2024-05-14T09:30:00,NICKEL,2.0,µg/L,0.1561,0,,
16018409302,2024-05-14T09:30:00,NITRATE,0.95,mg/L,0.0192,0,,
16018409302,2024-05-14T09:30:00,NITROGEN; AMMONIA+AMMONIUM,0.08,mg/L,0.0116,0,,
16018409302,2024-05-14T09:30:00,NITROGEN; NITRATE+NITRITE,0.98,mg/L,0.0192,0,,
16018409302,2024-05-14T09:30:00,NITROGEN; NITRITE,0.028,mg/L,0.0065,0,,
16018409302,2024-05-14T09:30:00,NITROGEN; TOTAL,1.46,mg/L,0.019,0,,
16018409302,2024-05-14T09:30:00,PH,8.23,,0.0216,0,,
16018409302,2024-05-14T09:30:00,PHOSPHORUS; PHOSPHATE,0.024,mg/L,0.015,0,,
16018409302,2024-05-14T09:30:00,PHOSPHORUS; TOTAL,82.5,µg/L,0.3056,0,,
16018409302,2024-05-14T09:30:00,POTASSIUM,2.48,mg/L,0.1723,0,,
16018409302,2024-05-14T09:30:00,SILVER,9.0,µg/L,0.1615,0,,
16018409302,2024-05-14T09:30:00,SODIUM,34.6,mg/L,0.2623,0,,
16018409302,2024-05-14T09:30:00,SOLIDS; SUSPENDED,45.6,mg/L,0.2016,0,,
16018409302,2024-05-14T09:30:00,STRONTIUM,340.0,µg/L,0.5455,0,,
16018409302,2024-05-14T09:30:00,TIN,9.0,µg/L,0.1589,0,,
16018409302,2024-05-14T09:30:00,TITANIUM,19.8,µg/L,0.2876,0,,
16018409302,2024-05-14T09:30:00,URANIUM,3.0,µg/L,0.1795,0,,
16018409302,2024-05-14T09:30:00,VANADIUM,1.45,µg/L,0.1679,0,,
16018409302,2024-05-14T09:30:00,ZINC,8.9,µg/L,0.21,0,,
16018409302,2024-05-14T09:30:00,ZIRCONIUM,1.0,µg/L,0.1603,0,,
16018409302,2024-06-10T10:05:00,ALKALINITY,268.1,mg/L as CaCO3,0.285,0,,
16018409302,2024-06-10T10:05:00,ALUMINUM,421.0,µg/L,0.5664,0,,
16018409302,2024-06-10T10:05:00,BARIUM,60.7,µg/L,0.0942,0,,
16018409302,2024-06-10T10:05:00,BERYLLIUM,0.1,µg/L,0.0035,0,,
16018409302,2024-06-10T10:05:00,BISMUTH,5.0,µg/L,0.0041,0,,
16018409302,2024-06-10T10:05:00,CADMIUM,0.9,µg/L,0.0029,0,,
16018409302,2024-06-10T10:05:00,CALCIUM,85.5,mg/L,0.1508,0,,
16018409302,2024-06-10T10:05:00,CARBON; DISSOLVED INORGANIC,62.7,mg/L,0.1769,0,,
16018409302,2024-06-10T10:05:00,CARBON; DISSOLVED ORGANIC,6.37,mg/L,0.0688,0,,
16018409302,2024-06-10T10:05:00,CHLORIDE,57.6,mg/L,0.1104,0,,
16018409302,2024-06-10T10:05:00,CHROMIUM,1.0,µg/L,0.0033,0,,
16018409302,2024-06-10T10:05:00,COBALT,1.0,µg/L,0.0044,0,,
16018409302,2024-06-10T10:05:00,CONDUCTIVITY,644.0,µS/cm,0.5033,0,,
16018409302,2024-06-10T10:05:00,COPPER,4.19,µg/L,0.0379,0,,
16018409302,2024-06-10T10:05:00,HARDNESS,322.0,mg/L,0.2991,0,,
16018409302,2024-06-10T10:05:00,IRON,702.0,µg/L,0.5663,0,,
16018409302,2024-06-10T10:05:00,LEAD,7.0,µg/L,0.0068,0,,
16018409302,2024-06-10T10:05:00,LITHIUM,5.0,µg/L,0.0115,0,,
16018409302,2024-06-10T10:05:00,MAGNESIUM,26.4,mg/L,0.0598,0,,
16018409302,2024-06-10T10:05:00,MANGANESE,124.0,µg/L,0.2146,0,,
16018409302,2024-06-10T10:05:00,MOLYBDENUM,2.0,µg/L,0.002,0,,
16018409302,2024-06-10T10:05:00,NICKEL,2.14,µg/L,0.0049,0,,
16018409302,2024-06-10T10:05:00,NITRATE,1.57,mg/L,0.0103,0,,
16018409302,2024-06-10T10:05:00,NITROGEN; AMMONIA+AMMONIUM,0.06,mg/L,0.0035,0,,
16018409302,2024-06-10T10:05:00,NITROGEN; NITRATE+NITRITE,1.61,mg/L,0.0103,0,,
16018409302,2024-06-10T10:05:00,NITROGEN; NITRITE,0.042,mg/L,0.0111,0,,
16018409302,2024-06-10T10:05:00,NITROGEN; TOTAL,2.3,mg/L,0.0129,0,,
16018409302,2024-06-10T10:05:00,PH,8.14,,0.0139,0,,
16018409302,2024-06-10T10:05:00,PHOSPHORUS; PHOSPHATE,0.034,mg/L,0.0035,0,,
16018409302,2024-06-10T10:05:00,PHOSPHORUS; TOTAL,135.0,µg/L,0.2972,0,,
16018409302,2024-06-10T10:05:00,POTASSIUM,2.71,mg/L,0.0082,0,,
16018409302,2024-06-10T10:05:00,SILICON; REACTIVE SILICATE,4.12,mg/L,0.0869,0,,
16018409302,2024-06-10T10:05:00,SILVER,9.0,µg/L,0.0094,0,,
16018409302,2024-06-10T10:05:00,SODIUM,34.7,mg/L,0.0688,0,,
16018409302,2024-06-10T10:05:00,SOLIDS; SUSPENDED,61.7,mg/L,0.1691,0,,
16018409302,2024-06-10T10:05:00,STRONTIUM,338.0,µg/L,0.3428,0,,
16018409302,2024-06-10T10:05:00,TIN,9.0,µg/L,0.0106,0,,
16018409302,2024-06-10T10:05:00,TITANIUM,6.21,µg/L,0.082,0,,
16018409302,2024-06-10T10:05:00,URANIUM,3.0,µg/L,0.0239,0,,
16018409302,2024-06-10T10:05:00,VANADIUM,1.24,µg/L,0.0091,0,,
16018409302,2024-06-10T10:05:00,ZINC,9.52,µg/L,0.0555,0,,
16018409302,2024-06-10T10:05:00,ZIRCONIUM,1.0,µg/L,0.0016,0,,
16018409302,2024-07-02T10:05:00,ALKALINITY,260.8,mg/L as CaCO3,0.2949,0,,
16018409302,2024-07-02T10:05:00,ALUMINUM,625.0,µg/L,0.6328,1,"rolling_std_14, rolling_std_30, rate_of_change","2.79, 2.41, 1.82"
16018409302,2024-07-02T10:05:00,BARIUM,74.1,µg/L,0.1345,0,,
16018409302,2024-07-02T10:05:00,BERYLLIUM,0.1,µg/L,0.0058,0,,
16018409302,2024-07-02T10:05:00,BISMUTH,5.0,µg/L,0.0055,0,,
16018409302,2024-07-02T10:05:00,CADMIUM,0.99,µg/L,0.0108,0,,
16018409302,2024-07-02T10:05:00,CALCIUM,77.1,mg/L,0.1266,0,,
16018409302,2024-07-02T10:05:00,CARBON; DISSOLVED INORGANIC,64.6,mg/L,0.0979,0,,
16018409302,2024-07-02T10:05:00,CARBON; DISSOLVED ORGANIC,6.24,mg/L,0.0142,0,,
16018409302,2024-07-02T10:05:00,CHLORIDE,60.1,mg/L,0.0992,0,,
16018409302,2024-07-02T10:05:00,CHROMIUM,1.0,µg/L,0.0065,0,,
16018409302,2024-07-02T10:05:00,COBALT,1.0,µg/L,0.0071,0,,
16018409302,2024-07-02T10:05:00,CONDUCTIVITY,721.0,µS/cm,0.5109,0,,
16018409302,2024-07-02T10:05:00,COPPER,3.1,µg/L,0.0241,0,,
16018409302,2024-07-02T10:05:00,HARDNESS,306.0,mg/L,0.3121,0,,
16018409302,2024-07-02T10:05:00,IRON,1020.0,µg/L,0.7012,1,"rate_of_change, rolling_mean_7, rolling_mean_14","2.84, 2.79, 2.73"
16018409302,2024-07-02T10:05:00,LEAD,7.0,µg/L,0.0082,0,,
16018409302,2024-07-02T10:05:00,LITHIUM,5.42,µg/L,0.0084,0,,
16018409302,2024-07-02T10:05:00,MAGNESIUM,27.6,mg/L,0.0572,0,,
16018409302,2024-07-02T10:05:00,MANGANESE,109.0,µg/L,0.2007,0,,
16018409302,2024-07-02T10:05:00,MOLYBDENUM,2.0,µg/L,0.0039,0,,
16018409302,2024-07-02T10:05:00,NICKEL,2.0,µg/L,0.0079,0,,
16018409302,2024-07-02T10:05:00,NITRATE,1.57,mg/L,0.0109,0,,
16018409302,2024-07-02T10:05:00,NITROGEN; AMMONIA+AMMONIUM,0.06,mg/L,0.0058,0,,
16018409302,2024-07-02T10:05:00,NITROGEN; NITRATE+NITRITE,1.59,mg/L,0.0104,0,,
16018409302,2024-07-02T10:05:00,NITROGEN; NITRITE,0.028,mg/L,0.0054,0,,
16018409302,2024-07-02T10:05:00,NITROGEN; TOTAL,2.31,mg/L,0.0098,0,,
16018409302,2024-07-02T10:05:00,PH,8.25,,0.023,0,,
16018409302,2024-07-02T10:05:00,PHOSPHORUS; PHOSPHATE,0.063,mg/L,0.0222,0,,
16018409302,2024-07-02T10:05:00,PHOSPHORUS; TOTAL,115.0,µg/L,0.2499,0,,
16018409302,2024-07-02T10:05:00,POTASSIUM,3.71,mg/L,0.0268,0,,
16018409302,2024-07-02T10:05:00,SILICON; REACTIVE SILICATE,4.84,mg/L,0.027,0,,
16018409302,2024-07-02T10:05:00,SILVER,9.0,µg/L,0.0098,0,,
16018409302,2024-07-02T10:05:00,SODIUM,34.9,mg/L,0.0701,0,,
16018409302,2024-07-02T10:05:00,SOLIDS; SUSPENDED,58.9,mg/L,0.1515,0,,
16018409302,2024-07-02T10:05:00,STRONTIUM,331.0,µg/L,0.3513,0,,
16018409302,2024-07-02T10:05:00,TIN,9.0,µg/L,0.0117,0,,
16018409302,2024-07-02T10:05:00,TITANIUM,3.81,µg/L,0.0512,0,,
16018409302,2024-07-02T10:05:00,URANIUM,3.0,µg/L,0.0263,0,,
16018409302,2024-07-02T10:05:00,VANADIUM,1.96,µg/L,0.0214,0,,
16018409302,2024-07-02T10:05:00,ZINC,9.47,µg/L,0.0437,0,,
16018409302,2024-07-02T10:05:00,ZIRCONIUM,1.0,µg/L,0.0035,0,,
16018409302,2024-08-07T09:50:00,ALKALINITY,210.9,mg/L as CaCO3,0.4119,0,,
16018409302,2024-08-07T09:50:00,ALUMINUM,500.0,µg/L,0.5989,1,"rolling_std_14, rolling_std_30, rolling_mean_14","2.77, 2.36, 1.78"
16018409302,2024-08-07T09:50:00,BARIUM,55.4,µg/L,0.2127,0,,
16018409302,2024-08-07T09:50:00,BERYLLIUM,0.1,µg/L,0.0619,0,,
16018409302,2024-08-07T09:50:00,BISMUTH,5.0,µg/L,0.0637,0,,
16018409302,2024-08-07T09:50:00,CADMIUM,0.9,µg/L,0.0634,0,,
16018409302,2024-08-07T09:50:00,CALCIUM,63.9,mg/L,0.214,0,,
16018409302,2024-08-07T09:50:00,CARBON; DISSOLVED INORGANIC,53.7,mg/L,0.1902,0,,
16018409302,2024-08-07T09:50:00,CARBON; DISSOLVED ORGANIC,5.97,mg/L,0.0637,0,,
16018409302,2024-08-07T09:50:00,CHLORIDE,83.1,mg/L,0.2407,0,,
16018409302,2024-08-07T09:50:00,CHROMIUM,1.0,µg/L,0.0615,0,,
16018409302,2024-08-07T09:50:00,COBALT,1.0,µg/L,0.0617,0,,
16018409302,2024-08-07T09:50:00,CONDUCTIVITY,678.0,µS/cm,0.5415,0,,
16018409302,2024-08-07T09:50:00,COPPER,4.04,µg/L,0.0833,0,,
16018409302,2024-08-07T09:50:00,HARDNESS,252.0,mg/L,0.4262,0,,
16018409302,2024-08-07T09:50:00,IRON,811.0,µg/L,0.6636,1,"rolling_mean_7, rolling_mean_14, rolling_mean_30","2.84, 2.79, 2.72"
16018409302,2024-08-07T09:50:00,LEAD,7.0,µg/L,0.0637,0,,
16018409302,2024-08-07T09:50:00,LITHIUM,5.83,µg/L,0.0637,0,,
16018409302,2024-08-07T09:50:00,MAGNESIUM,22.5,mg/L,0.1443,0,,
16018409302,2024-08-07T09:50:00,MANGANESE,98.3,µg/L,0.2676,0,,
16018409302,2024-08-07T09:50:00,MOLYBDENUM,2.0,µg/L,0.0614,0,,
16018409302,2024-08-07T09:50:00,NICKEL,2.0,µg/L,0.0592,0,,
16018409302,2024-08-07T09:50:00,NITRATE,0.92,mg/L,0.0727,0,,
16018409302,2024-08-07T09:50:00,NITROGEN; AMMONIA+AMMONIUM,0.09,mg/L,0.069,0,,
16018409302,2024-08-07T09:50:00,NITROGEN; NITRATE+NITRITE,0.94,mg/L,0.0731,0,,
16018409302,2024-08-07T09:50:00,NITROGEN; NITRITE,0.022,mg/L,0.0603,0,,
16018409302,2024-08-07T09:50:00,NITROGEN; TOTAL,1.43,mg/L,0.0748,0,,
16018409302,2024-08-07T09:50:00,PH,8.13,,0.0697,0,,
16018409302,2024-08-07T09:50:00,PHOSPHORUS; PHOSPHATE,0.035,mg/L,0.0621,0,,
16018409302,2024-08-07T09:50:00,PHOSPHORUS; TOTAL,104.0,µg/L,0.3041,0,,
16018409302,2024-08-07T09:50:00,POTASSIUM,2.71,mg/L,0.0672,0,,
16018409302,2024-08-07T09:50:00,SILICON; REACTIVE SILICATE,3.78,mg/L,0.0712,0,,
16018409302,2024-08-07T09:50:00,SILVER,9.0,µg/L,0.0673,0,,
16018409302,2024-08-07T09:50:00,SODIUM,51.7,mg/L,0.2166,0,,
16018409302,2024-08-07T09:50:00,SOLIDS; SUSPENDED,47.3,mg/L,0.2225,0,,
16018409302,2024-08-07T09:50:00,STRONTIUM,320.0,µg/L,0.4192,0,,
16018409302,2024-08-07T09:50:00,TIN,9.0,µg/L,0.0661,0,,
16018409302,2024-08-07T09:50:00,TITANIUM,7.94,µg/L,0.1124,0,,
16018409302,2024-08-07T09:50:00,URANIUM,3.0,µg/L,0.0761,0,,
16018409302,2024-08-07T09:50:00,VANADIUM,1.53,µg/L,0.0685,0,,
16018409302,2024-08-07T09:50:00,ZINC,11.6,µg/L,0.1019,0,,
16018409302,2024-08-07T09:50:00,ZIRCONIUM,1.0,µg/L,0.0622,0,,
16018409302,2024-09-03T09:20:00,ALKALINITY,228.3,mg/L as CaCO3,0.2947,0,,
16018409302,2024-09-03T09:20:00,ALUMINUM,451.0,µg/L,0.5158,0,,
16018409302,2024-09-03T09:20:00,BARIUM,76.9,µg/L,0.162,0,,
16018409302,2024-09-03T09:20:00,BERYLLIUM,0.1,µg/L,0.0035,0,,
16018409302,2024-09-03T09:20:00,BISMUTH,5.0,µg/L,0.0041,0,,
16018409302,2024-09-03T09:20:00,CADMIUM,0.9,µg/L,0.0029,0,,
16018409302,2024-09-03T09:20:00,CALCIUM,68.1,mg/L,0.1068,0,,
16018409302,2024-09-03T09:20:00,CARBON; DISSOLVED INORGANIC,57.4,mg/L,0.0937,0,,
16018409302,2024-09-03T09:20:00,CARBON; DISSOLVED ORGANIC,5.16,mg/L,0.01,0,,
16018409302,2024-09-03T09:20:00,CHLORIDE,71.3,mg/L,0.1287,0,,
16018409302,2024-09-03T09:20:00,CHROMIUM,1.0,µg/L,0.0031,0,,
16018409302,2024-09-03T09:20:00,COBALT,1.3,µg/L,0.0216,0,,
16018409302,2024-09-03T09:20:00,CONDUCTIVITY,704.0,µS/cm,0.4594,0,,
16018409302,2024-09-03T09:20:00,COPPER,3.42,µg/L,0.0124,0,,
16018409302,2024-09-03T09:20:00,HARDNESS,286.0,mg/L,0.3228,0,,
16018409302,2024-09-03T09:20:00,IRON,825.0,µg/L,0.5671,0,,
16018409302,2024-09-03T09:20:00,LEAD,7.0,µg/L,0.0068,0,,
16018409302,2024-09-03T09:20:00,LITHIUM,7.02,µg/L,0.0255,0,,
16018409302,2024-09-03T09:20:00,MAGNESIUM,28.1,mg/L,0.068,0,,
16018409302,2024-09-03T09:20:00,MANGANESE,116.0,µg/L,0.2053,0,,
16018409302,2024-09-03T09:20:00,MOLYBDENUM,2.0,µg/L,0.002,0,,
16018409302,2024-09-03T09:20:00,NICKEL,2.3,µg/L,0.0085,0,,
16018409302,2024-09-03T09:20:00,NITRATE,0.96,mg/L,0.0067,0,,
16018409302,2024-09-03T09:20:00,NITROGEN; AMMONIA+AMMONIUM,0.07,mg/L,0.0039,0,,
16018409302,2024-09-03T09:20:00,NITROGEN; NITRATE+NITRITE,0.98,mg/L,0.007,0,,
16018409302,2024-09-03T09:20:00,NITROGEN; NITRITE,0.021,mg/L,0.004,0,,
16018409302,2024-09-03T09:20:00,NITROGEN; TOTAL,1.49,mg/L,0.0136,0,,
16018409302,2024-09-03T09:20:00,PH,8.2,,0.0173,0,,
16018409302,2024-09-03T09:20:00,PHOSPHORUS; PHOSPHATE,0.037,mg/L,0.0039,0,,
16018409302,2024-09-03T09:20:00,PHOSPHORUS; TOTAL,109.0,µg/L,0.2166,0,,
16018409302,2024-09-03T09:20:00,POTASSIUM,2.99,mg/L,0.0056,0,,
16018409302,2024-09-03T09:20:00,SILICON; REACTIVE SILICATE,3.73,mg/L,0.011,0,,
16018409302,2024-09-03T09:20:00,SILVER,9.0,µg/L,0.0094,0,,
16018409302,2024-09-03T09:20:00,SODIUM,39.9,mg/L,0.102,0,,
16018409302,2024-09-03T09:20:00,SOLIDS; SUSPENDED,45.4,mg/L,0.1246,0,,
16018409302,2024-09-03T09:20:00,STRONTIUM,305.0,µg/L,0.3435,0,,
16018409302,2024-09-03T09:20:00,TIN,9.0,µg/L,0.0106,0,,
16018409302,2024-09-03T09:20:00,TITANIUM,4.2,µg/L,0.0565,0,,
16018409302,2024-09-03T09:20:00,URANIUM,3.0,µg/L,0.0157,0,,
16018409302,2024-09-03T09:20:00,VANADIUM,1.2,µg/L,0.0058,0,,
16018409302,2024-09-03T09:20:00,ZINC,21.6,µg/L,0.1187,0,,
16018409302,2024-09-03T09:20:00,ZIRCONIUM,1.0,µg/L,0.0016,0,,
16018409302,2024-10-17T10:16:00,ALKALINITY,231.2,mg/L as CaCO3,0.3514,0,,
16018409302,2024-10-17T10:16:00,ALUMINUM,315.0,µg/L,0.5878,1,"rolling_std_14, rolling_std_30, rolling_mean_14","2.47, 2.29, 1.92"
16018409302,2024-10-17T10:16:00,BARIUM,75.3,µg/L,0.1695,0,,
16018409302,2024-10-17T10:16:00,BERYLLIUM,0.1,µg/L,0.0612,0,,
16018409302,2024-10-17T10:16:00,BISMUTH,5.0,µg/L,0.0626,0,,
16018409302,2024-10-17T10:16:00,CADMIUM,0.9,µg/L,0.059,0,,
16018409302,2024-10-17T10:16:00,CALCIUM,67.9,mg/L,0.1823,0,,
16018409302,2024-10-17T10:16:00,CARBON; DISSOLVED INORGANIC,58.4,mg/L,0.1593,0,,
16018409302,2024-10-17T10:16:00,CARBON; DISSOLVED ORGANIC,2.9,mg/L,0.1324,0,,
16018409302,2024-10-17T10:16:00,CHLORIDE,65.3,mg/L,0.1755,0,,
16018409302,2024-10-17T10:16:00,CHROMIUM,1.0,µg/L,0.0592,0,,
16018409302,2024-10-17T10:16:00,COBALT,1.0,µg/L,0.0643,0,,
16018409302,2024-10-17T10:16:00,CONDUCTIVITY,672.0,µS/cm,0.5512,0,,
16018409302,2024-10-17T10:16:00,COPPER,2.53,µg/L,0.0637,0,,
16018409302,2024-10-17T10:16:00,HARDNESS,292.0,mg/L,0.381,0,,
16018409302,2024-10-17T10:16:00,IRON,384.0,µg/L,0.6979,1,"delta, rolling_mean_7, rolling_mean_14","-2.96, 2.95, 2.86"
16018409302,2024-10-17T10:16:00,LEAD,7.0,µg/L,0.0626,0,,
16018409302,2024-10-17T10:16:00,LITHIUM,6.55,µg/L,0.0674,0,,
16018409302,2024-10-17T10:16:00,MAGNESIUM,29.7,mg/L,0.1123,0,,
16018409302,2024-10-17T10:16:00,MANGANESE,58.2,µg/L,0.3534,0,,
16018409302,2024-10-17T10:16:00,MOLYBDENUM,2.0,µg/L,0.0601,0,,
16018409302,2024-10-17T10:16:00,NICKEL,2.0,µg/L,0.0596,0,,
16018409302,2024-10-17T10:16:00,NITRATE,1.47,mg/L,0.0664,0,,
16018409302,2024-10-17T10:16:00,NITROGEN; AMMONIA+AMMONIUM,0.04,mg/L,0.0714,0,,
16018409302,2024-10-17T10:16:00,NITROGEN; NITRATE+NITRITE,1.48,mg/L,0.0662,0,,
16018409302,2024-10-17T10:16:00,NITROGEN; NITRITE,0.012,mg/L,0.0686,0,,
16018409302,2024-10-17T10:16:00,NITROGEN; TOTAL,1.9,mg/L,0.0604,0,,
16018409302,2024-10-17T10:16:00,PH,8.11,,0.0677,0,,
16018409302,2024-10-17T10:16:00,PHOSPHORUS; PHOSPHATE,0.018,mg/L,0.0724,0,,
16018409302,2024-10-17T10:16:00,PHOSPHORUS; TOTAL,35.6,µg/L,0.4032,0,,
16018409302,2024-10-17T10:16:00,POTASSIUM,3.09,mg/L,0.0601,0,,
16018409302,2024-10-17T10:16:00,SILICON; REACTIVE SILICATE,3.47,mg/L,0.0638,0,,
16018409302,2024-10-17T10:16:00,SILVER,9.0,µg/L,0.0662,0,,
16018409302,2024-10-17T10:16:00,SODIUM,34.6,mg/L,0.1543,0,,
16018409302,2024-10-17T10:16:00,SOLIDS; SUSPENDED,23.8,mg/L,0.2483,0,,
16018409302,2024-10-17T10:16:00,STRONTIUM,288.0,µg/L,0.4369,0,,
16018409302,2024-10-17T10:16:00,SULPHATE,35.0,mg/L,0.0762,0,,
16018409302,2024-10-17T10:16:00,TIN,9.0,µg/L,0.0659,0,,
16018409302,2024-10-17T10:16:00,TITANIUM,8.6,µg/L,0.1107,0,,
16018409302,2024-10-17T10:16:00,URANIUM,3.0,µg/L,0.0655,0,,
16018409302,2024-10-17T10:16:00,VANADIUM,0.87,µg/L,0.0726,0,,
16018409302,2024-10-17T10:16:00,ZINC,5.46,µg/L,0.1651,0,,
16018409302,2024-10-17T10:16:00,ZIRCONIUM,1.0,µg/L,0.0602,0,,
16018409302,2024-11-12T10:26:00,ALKALINITY,236.0,mg/L as CaCO3,0.2595,0,,
16018409302,2024-11-12T10:26:00,CARBON; DISSOLVED INORGANIC,57.2,mg/L,0.0884,0,,
16018409302,2024-11-12T10:26:00,CARBON; DISSOLVED ORGANIC,3.43,mg/L,0.0373,0,,
16018409302,2024-11-12T10:26:00,CHLORIDE,96.1,mg/L,0.2282,0,,
16018409302,2024-11-12T10:26:00,CONDUCTIVITY,801.0,µS/cm,0.5512,0,,
16018409302,2024-11-12T10:26:00,NITRATE,0.86,mg/L,0.0142,0,,
16018409302,2024-11-12T10:26:00,NITROGEN; AMMONIA+AMMONIUM,0.04,mg/L,0.0139,0,,
16018409302,2024-11-12T10:26:00,NITROGEN; NITRATE+NITRITE,0.87,mg/L,0.014,0,,
16018409302,2024-11-12T10:26:00,NITROGEN; NITRITE,0.012,mg/L,0.0155,0,,
16018409302,2024-11-12T10:26:00,NITROGEN; TOTAL,1.21,mg/L,0.0146,0,,
16018409302,2024-11-12T10:26:00,PH,8.36,,0.0421,0,,
16018409302,2024-11-12T10:26:00,PHOSPHORUS; PHOSPHATE,0.023,mg/L,0.0155,0,,
16018409302,2024-11-12T10:26:00,PHOSPHORUS; TOTAL,25.8,µg/L,0.2547,0,,
16018409302,2024-11-12T10:26:00,SILICON; REACTIVE SILICATE,2.89,mg/L,0.0086,0,,
16018409302,2024-11-12T10:26:00,SOLIDS; SUSPENDED,23.1,mg/L,0.1324,0,,
16018412802,2019-04-08T00:00:00,"AMMONIUM, TOTAL   UNFIL.REAC",0.021,mg/L,0.0388,0,,
16018412802,2019-04-08T00:00:00,"CHLORIDE,         UNFIL.REAC",98.0,mg/L,0.1599,0,,
16018412802,2019-04-08T00:00:00,"CONDUCTIVITY, AMBIENT",756.0,MICROMHOS/CM (CONDUCTIVITY),0.5198,0,,
16018412802,2019-04-08T00:00:00,DISSOLVED OXYGEN,11.3,mg/L,0.0488,0,,
16018412802,2019-04-08T00:00:00,"NITRATES TOTAL,   UNFIL.REAC",1.98,mg/L,0.0361,0,,
16018412802,2019-04-08T00:00:00,"NITRITE,  UNFILTERED REACTIVE",0.009,mg/L,0.0408,0,,
16018412802,2019-04-08T00:00:00,NITROGEN; TOTAL,2.09,mg/L,0.0361,0,,
16018412802,2019-04-08T00:00:00,PH FIELD,8.17,NO DIMENSION/SCALE,0.0417,0,,
16018412802,2019-04-08T00:00:00,"PHOSPHATE,FILTERED REACTIVE",0.0116,mg/L,0.0408,0,,
16018412802,2019-04-08T00:00:00,"PHOSPHORUS,UNFILTERED TOTAL",68.3,µg/L,0.1192,0,,
16018412802,2019-04-08T00:00:00,"RESIDUE,FILTERED",481.0,mg/L,0.4112,0,,
16018412802,2019-04-08T00:00:00,"RESIDUE,PARTICULATE",24.6,mg/L,0.067,0,,
16018412802,2019-04-08T00:00:00,"RESIDUE,TOTAL",506.0,mg/L,0.4192,0,,
16018412802,2019-04-08T00:00:00,STREAM CONDITION,8.0,NO DIMENSION/SCALE,0.0417,0,,
16018412802,2019-04-08T00:00:00,"TEMPERATURE, WATER",9.0,DEGREES CELSIUS,0.0426,0,,
16018412802,2019-05-16T10:10:00,"AMMONIUM, TOTAL   UNFIL.REAC",0.029,mg/L,0.0689,0,,
16018412802,2019-05-16T10:10:00,"CHLORIDE,         UNFIL.REAC",59.5,mg/L,0.3015,0,,
16018412802,2019-05-16T10:10:00,"CONDUCTIVITY, AMBIENT",633.0,MICROMHOS/CM (CONDUCTIVITY),0.5684,0,,
16018412802,2019-05-16T10:10:00,DISSOLVED OXYGEN,10.22,mg/L,0.0869,0,,
16018412802,2019-05-16T10:10:00,"NITRATES TOTAL,   UNFIL.REAC",0.93,mg/L,0.078,0,,
16018412802,2019-05-16T10:10:00,"NITRITE,  UNFILTERED REACTIVE",0.01,mg/L,0.071,0,,
16018412802,2019-05-16T10:10:00,NITROGEN; TOTAL,1.35,mg/L,0.0761,0,,
16018412802,2019-05-16T10:10:00,PH FIELD,8.13,NO DIMENSION/SCALE,0.0762,0,,
16018412802,2019-05-16T10:10:00,"PHOSPHATE,FILTERED REACTIVE",0.0164,mg/L,0.0689,0,,
16018412802,2019-05-16T10:10:00,"PHOSPHORUS,UNFILTERED TOTAL",67.4,µg/L,0.1641,0,,
16018412802,2019-05-16T10:10:00,"RESIDUE,FILTERED",407.0,mg/L,0.5013,0,,
16018412802,2019-05-16T10:10:00,"RESIDUE,PARTICULATE",27.6,mg/L,0.1143,0,,
16018412802,2019-05-16T10:10:00,"RESIDUE,TOTAL",435.0,mg/L,0.5094,0,,
16018412802,2019-05-16T10:10:00,STREAM CONDITION,8.0,NO DIMENSION/SCALE,0.067,0,,
16018412802,2019-05-16T10:10:00,"TEMPERATURE, WATER",12.9,DEGREES CELSIUS,0.103,0,,
16018412802,2019-06-10T10:25:00,"AMMONIUM, TOTAL   UNFIL.REAC",0.122,mg/L,0.0294,0,,
16018412802,2019-06-10T10:25:00,"CHLORIDE,         UNFIL.REAC",58.4,mg/L,0.1287,0,,
16018412802,2019-06-10T10:25:00,"CONDUCTIVITY, AMBIENT",648.0,MICROMHOS/CM (CONDUCTIVITY),0.4549,0,,
16018412802,2019-06-10T10:25:00,DISSOLVED OXYGEN,6.4,mg/L,0.0556,0,,
16018412802,2019-06-10T10:25:00,"NITRATES TOTAL,   UNFIL.REAC",0.676,mg/L,0.0171,0,,
16018412802,2019-06-10T10:25:00,"NITRITE,  UNFILTERED REACTIVE",0.051,mg/L,0.0281,0,,
16018412802,2019-06-10T10:25:00,NITROGEN; TOTAL,1.44,mg/L,0.003,0,,
16018412802,2019-06-10T10:25:00,PH FIELD,8.1,NO DIMENSION/SCALE,0.0189,0,,
16018412802,2019-06-10T10:25:00,"PHOSPHATE,FILTERED REACTIVE",0.0559,mg/L,0.0269,0,,
16018412802,2019-06-10T10:25:00,"PHOSPHORUS,UNFILTERED TOTAL",128.0,µg/L,0.2748,0,,
16018412802,2019-06-10T10:25:00,"RESIDUE,FILTERED",411.0,mg/L,0.3655,0,,
16018412802,2019-06-10T10:25:00,"RESIDUE,PARTICULATE",18.7,mg/L,0.1026,0,,
16018412802,2019-06-10T10:25:00,"RESIDUE,TOTAL",430.0,mg/L,0.3892,0,,
16018412802,2019-06-10T10:25:00,STREAM CONDITION,8.0,NO DIMENSION/SCALE,0.0074,0,,
16018412802,2019-06-10T10:25:00,"TEMPERATURE, WATER",20.8,DEGREES CELSIUS,0.0925,0,,
16018412802,2019-07-15T10:30:00,"AMMONIUM, TOTAL   UNFIL.REAC",0.085,mg/L,0.0714,0,,
16018412802,2019-07-15T10:30:00,"CHLORIDE,         UNFIL.REAC",105.0,mg/L,0.303,0,,
16018412802,2019-07-15T10:30:00,"CONDUCTIVITY, AMBIENT",842.0,MICROMHOS/CM (CONDUCTIVITY),0.6128,1,"rolling_mean_30, rolling_mean_14, rolling_mean_7","3.19, 3.18, 3.15"
16018412802,2019-07-15T10:30:00,DISSOLVED OXYGEN,8.42,mg/L,0.0789,0,,
16018412802,2019-07-15T10:30:00,"NITRATES TOTAL,   UNFIL.REAC",2.75,mg/L,0.1026,0,,
16018412802,2019-07-15T10:30:00,"NITRITE,  UNFILTERED REACTIVE",0.023,mg/L,0.0652,0,,
16018412802,2019-07-15T10:30:00,NITROGEN; TOTAL,3.1,mg/L,0.0995,0,,
16018412802,2019-07-15T10:30:00,"PHOSPHATE,FILTERED REACTIVE",0.0223,mg/L,0.0647,0,,
16018412802,2019-07-15T10:30:00,"PHOSPHORUS,UNFILTERED TOTAL",85.3,µg/L,0.3077,0,,
16018412802,2019-07-15T10:30:00,"RESIDUE,FILTERED",578.0,mg/L,0.5818,0,,
16018412802,2019-07-15T10:30:00,"RESIDUE,PARTICULATE",18.4,mg/L,0.1211,0,,
16018412802,2019-07-15T10:30:00,"RESIDUE,TOTAL",597.0,mg/L,0.5814,0,,
16018412802,2019-07-15T10:30:00,STREAM CONDITION,8.0,NO DIMENSION/SCALE,0.0664,0,,
16018412802,2019-07-15T10:30:00,"TEMPERATURE, WATER",24.5,DEGREES CELSIUS,0.153,0,,
16018412802,2019-08-14T10:30:00,"AMMONIUM, TOTAL   UNFIL.REAC",0.046,mg/L,0.0094,0,,
16018412802,2019-08-14T10:30:00,"CHLORIDE,         UNFIL.REAC",118.0,mg/L,0.176,0,,
16018412802,2019-08-14T10:30:00,"CONDUCTIVITY, AMBIENT",878.0,MICROMHOS/CM (CONDUCTIVITY),0.4979,0,,
16018412802,2019-08-14T10:30:00,DISSOLVED OXYGEN,8.37,mg/L,0.0183,0,,
16018412802,2019-08-14T10:30:00,"NITRATES TOTAL,   UNFIL.REAC",3.35,mg/L,0.0313,0,,
16018412802,2019-08-14T10:30:00,"NITRITE,  UNFILTERED REACTIVE",0.018,mg/L,0.0051,0,,
16018412802,2019-08-14T10:30:00,NITROGEN; TOTAL,3.85,mg/L,0.0342,0,,
16018412802,2019-08-14T10:30:00,PH FIELD,8.33,NO DIMENSION/SCALE,0.1082,0,,
16018412802,2019-08-14T10:30:00,"PHOSPHATE,FILTERED REACTIVE",0.0108,mg/L,0.018,0,,
16018412802,2019-08-14T10:30:00,"RESIDUE,FILTERED",602.0,mg/L,0.438,0,,
16018412802,2019-08-14T10:30:00,"RESIDUE,PARTICULATE",11.2,mg/L,0.1152,0,,
16018412802,2019-08-14T10:30:00,"RESIDUE,TOTAL",613.0,mg/L,0.4311,0,,
16018412802,2019-08-14T10:30:00,STREAM CONDITION,8.0,NO DIMENSION/SCALE,0.0092,0,,
16018412802,2019-08-14T10:30:00,"TEMPERATURE, WATER",22.6,DEGREES CELSIUS,0.0745,0,,
16018412802,2019-09-11T10:20:00,"AMMONIUM, TOTAL   UNFIL.REAC",0.056,mg/L,0.0032,0,,
16018412802,2019-09-11T10:20:00,"CHLORIDE,         UNFIL.REAC",110.0,mg/L,0.1583,0,,
16018412802,2019-09-11T10:20:00,"CONDUCTIVITY, AMBIENT",853.0,MICROMHOS/CM (CONDUCTIVITY),0.5029,0,,
16018412802,2019-09-11T10:20:00,DISSOLVED OXYGEN,8.17,mg/L,0.0152,0,,
16018412802,2019-09-11T10:20:00,"NITRATES TOTAL,   UNFIL.REAC",3.57,mg/L,0.0265,0,,
16018412802,2019-09-11T10:20:00,"NITRITE,  UNFILTERED REACTIVE",0.022,mg/L,0.0031,0,,
16018412802,2019-09-11T10:20:00,NITROGEN; TOTAL,4.15,mg/L,0.0287,0,,
16018412802,2019-09-11T10:20:00,PH FIELD,8.67,NO DIMENSION/SCALE,0.0518,0,,
16018412802,2019-09-11T10:20:00,"PHOSPHATE,FILTERED REACTIVE",0.0142,mg/L,0.0056,0,,
16018412802,2019-09-11T10:20:00,"PHOSPHORUS,UNFILTERED TOTAL",51.7,µg/L,0.2964,0,,
16018412802,2019-09-11T10:20:00,"RESIDUE,FILTERED",711.0,mg/L,0.5304,0,,
16018412802,2019-09-11T10:20:00,"RESIDUE,PARTICULATE",14.2,mg/L,0.0714,0,,
16018412802,2019-09-11T10:20:00,"RESIDUE,TOTAL",725.0,mg/L,0.5303,0,,
16018412802,2019-09-11T10:20:00,STREAM CONDITION,8.0,NO DIMENSION/SCALE,0.0074,0,,
16018412802,2019-09-11T10:20:00,"TEMPERATURE, WATER",20.6,DEGREES CELSIUS,0.0659,0,,
16018412802,2019-10-09T10:40:00,"AMMONIUM, TOTAL   UNFIL.REAC",0.056,mg/L,0.0032,0,,
16018412802,2019-10-09T10:40:00,"CHLORIDE,         UNFIL.REAC",97.4,mg/L,0.156,0,,
16018412802,2019-10-09T10:40:00,"CONDUCTIVITY, AMBIENT",831.0,MICROMHOS/CM (CONDUCTIVITY),0.4961,0,,
16018412802,2019-10-09T10:40:00,DISSOLVED OXYGEN,9.39,mg/L,0.026,0,,
16018412802,2019-10-09T10:40:00,"NITRATES TOTAL,   UNFIL.REAC",3.13,mg/L,0.0134,0,,
16018412802,2019-10-09T10:40:00,"NITRITE,  UNFILTERED REACTIVE",0.012,mg/L,0.0133,0,,
16018412802,2019-10-09T10:40:00,NITROGEN; TOTAL,3.92,mg/L,0.0205,0,,
16018412802,2019-10-09T10:40:00,PH FIELD,8.44,NO DIMENSION/SCALE,0.0208,0,,
16018412802,2019-10-09T10:40:00,"PHOSPHATE,FILTERED REACTIVE",0.0194,mg/L,0.0031,0,,
16018412802,2019-10-09T10:40:00,"PHOSPHORUS,UNFILTERED TOTAL",54.1,µg/L,0.1402,0,,
16018412802,2019-10-09T10:40:00,"RESIDUE,FILTERED",491.0,mg/L,0.5344,0,,
16018412802,2019-10-09T10:40:00,"RESIDUE,PARTICULATE",15.7,mg/L,0.061,0,,
16018412802,2019-10-09T10:40:00,"RESIDUE,TOTAL",507.0,mg/L,0.5318,0,,
16018412802,2019-10-09T10:40:00,STREAM CONDITION,8.0,NO DIMENSION/SCALE,0.0074,0,,
16018412802,2019-10-09T10:40:00,"TEMPERATURE, WATER",13.7,DEGREES CELSIUS,0.0849,0,,
16018412802,2019-11-06T10:45:00,"AMMONIUM, TOTAL   UNFIL.REAC",0.045,mg/L,0.0045,0,,
16018412802,2019-11-06T10:45:00,"CHLORIDE,         UNFIL.REAC",59.1,mg/L,0.2188,0,,
16018412802,2019-11-06T10:45:00,"CONDUCTIVITY, AMBIENT",636.0,MICROMHOS/CM (CONDUCTIVITY),0.58,0,,
16018412802,2019-11-06T10:45:00,DISSOLVED OXYGEN,10.53,mg/L,0.0349,0,,
16018412802,2019-11-06T10:45:00,"NITRATES TOTAL,   UNFIL.REAC",1.18,mg/L,0.0294,0,,
16018412802,2019-11-06T10:45:00,"NITRITE,  UNFILTERED REACTIVE",0.018,mg/L,0.0028,0,,
16018412802,2019-11-06T10:45:00,NITROGEN; TOTAL,1.82,mg/L,0.0271,0,,
16018412802,2019-11-06T10:45:00,PH FIELD,8.31,NO DIMENSION/SCALE,0.0126,0,,
16018412802,2019-11-06T10:45:00,"PHOSPHATE,FILTERED REACTIVE",0.0751,mg/L,0.0558,0,,
16018412802,2019-11-06T10:45:00,"PHOSPHORUS,UNFILTERED TOTAL",126.0,µg/L,0.2847,0,,
16018412802,2019-11-06T10:45:00,"RESIDUE,FILTERED",395.0,mg/L,0.5069,0,,
16018412802,2019-11-06T10:45:00,"RESIDUE,PARTICULATE",12.9,mg/L,0.0738,0,,
16018412802,2019-11-06T10:45:00,"RESIDUE,TOTAL",408.0,mg/L,0.51,0,,
16018412802,2019-11-06T10:45:00,STREAM CONDITION,8.0,NO DIMENSION/SCALE,0.0074,0,,
16018412802,2019-11-06T10:45:00,"TEMPERATURE, WATER",5.5,DEGREES CELSIUS,0.1147,0,,
16018412802,2020-10-08T10:35:00,"AMMONIUM, TOTAL   UNFIL.REAC",0.039,mg/L,0.2772,0,,
16018412802,2020-10-08T10:35:00,"CHLORIDE,         UNFIL.REAC",96.2,mg/L,0.4393,0,,
16018412802,2020-10-08T10:35:00,"CONDUCTIVITY, AMBIENT",786.0,MICROMHOS/CM (CONDUCTIVITY),0.6989,1,"time_gap_days, rolling_mean_7, rolling_mean_30","7.30, 3.46, 3.41"
16018412802,2020-10-08T10:35:00,DISSOLVED OXYGEN,10.23,mg/L,0.3039,0,,
16018412802,2020-10-08T10:35:00,"NITRATES TOTAL,   UNFIL.REAC",2.94,mg/L,0.2971,0,,
16018412802,2020-10-08T10:35:00,"NITRITE,  UNFILTERED REACTIVE",0.01,mg/L,0.2831,0,,
16018412802,2020-10-08T10:35:00,NTOT,3.41,mg/L,0.0402,0,,
16018412802,2020-10-08T10:35:00,PH FIELD,8.18,NO DIMENSION/SCALE,0.2794,0,,
16018412802,2020-10-08T10:35:00,"PHOSPHATE,FILTERED REACTIVE",0.0184,mg/L,0.2731,0,,
16018412802,2020-10-08T10:35:00,"PHOSPHORUS,UNFILTERED TOTAL",39.0,µg/L,0.4904,0,,
16018412802,2020-10-08T10:35:00,"RESIDUE,FILTERED",502.0,mg/L,0.6476,1,"time_gap_days, rolling_mean_7, rolling_mean_30","7.30, 2.19, 2.12"
16018412802,2020-10-08T10:35:00,"RESIDUE,PARTICULATE",15.2,mg/L,0.3195,0,,
16018412802,2020-10-08T10:35:00,"RESIDUE,TOTAL",518.0,mg/L,0.6416,1,"time_gap_days, rolling_mean_7, rolling_mean_30","7.30, 2.26, 2.21"
16018412802,2020-10-08T10:35:00,STREAM CONDITION,8.0,NO DIMENSION/SCALE,0.2722,0,,
16018412802,2020-10-08T10:35:00,"TEMPERATURE, WATER",12.4,DEGREES CELSIUS,0.3388,0,,
16018412802,2020-10-08T10:35:00,"TURBIDITY, FIELD",11.2,FORMAZIN NEPHELOMETRIC UNIT,0.0488,0,,
16018412802,2020-11-24T10:55:00,"AMMONIUM, TOTAL   UNFIL.REAC",0.052,mg/L,0.0618,0,,
16018412802,2020-11-24T10:55:00,"CHLORIDE,         UNFIL.REAC",124.0,mg/L,0.3008,0,,
16018412802,2020-11-24T10:55:00,"CONDUCTIVITY, AMBIENT",835.0,MICROMHOS/CM (CONDUCTIVITY),0.5849,1,"rolling_mean_7, rolling_mean_30, rolling_mean_14","3.59, 3.44, 3.44"
16018412802,2020-11-24T10:55:00,DISSOLVED OXYGEN,10.81,mg/L,0.0799,0,,
16018412802,2020-11-24T10:55:00,"NITRATES TOTAL,   UNFIL.REAC",0.231,mg/L,0.1189,0,,
16018412802,2020-11-24T10:55:00,"NITRITE,  UNFILTERED REACTIVE",0.004,mg/L,0.0803,0,,
16018412802,2020-11-24T10:55:00,NTOT,0.7,mg/L,0.0982,0,,
16018412802,2020-11-24T10:55:00,PH FIELD,8.17,NO DIMENSION/SCALE,0.0753,0,,
16018412802,2020-11-24T10:55:00,"PHOSPHATE,FILTERED REACTIVE",0.0079,mg/L,0.0711,0,,
16018412802,2020-11-24T10:55:00,"PHOSPHORUS,UNFILTERED TOTAL",34.9,µg/L,0.2556,0,,
16018412802,2020-11-24T10:55:00,STREAM CONDITION,8.0,NO DIMENSION/SCALE,0.0659,0,,
16018412802,2020-11-24T10:55:00,"TEMPERATURE, WATER",2.9,DEGREES CELSIUS,0.1838,0,,
16018412802,2020-11-24T10:55:00,"TURBIDITY, FIELD",5.5,FORMAZIN NEPHELOMETRIC UNIT,0.1108,0,,
16018412802,2020-12-10T10:20:00,"ALKALINITY, TOTAL",148.0,mg/L,0.1988,0,,
16018412802,2020-12-10T10:20:00,"AMMONIUM, TOTAL   UNFIL.REAC",0.052,mg/L,0.0089,0,,
16018412802,2020-12-10T10:20:00,"CHLORIDE,         UNFIL.REAC",134.0,mg/L,0.2182,0,,
16018412802,2020-12-10T10:20:00,"CONDUCTIVITY, 25C",911.0,MICRO SIEMENS PER CENTIMETER,0.5965,1,"rolling_mean_30, rolling_mean_14, rolling_mean_7","4.16, 4.15, 4.10"
16018412802,2020-12-10T10:20:00,"CONDUCTIVITY, AMBIENT",933.0,MICROMHOS/CM (CONDUCTIVITY),0.5939,1,"rolling_mean_7, rolling_mean_30, rolling_mean_14","3.66, 3.52, 3.51"
16018412802,2020-12-10T10:20:00,DISSOLVED OXYGEN,12.59,mg/L,0.074,0,,
16018412802,2020-12-10T10:20:00,"NITRATES TOTAL,   UNFIL.REAC",2.97,mg/L,0.0432,0,,
16018412802,2020-12-10T10:20:00,"NITRITE,  UNFILTERED REACTIVE",0.026,mg/L,0.0184,0,,
16018412802,2020-12-10T10:20:00,NTOT,3.66,mg/L,0.042,0,,
16018412802,2020-12-10T10:20:00,PH (-LOG H+ CONCN),8.12,NO DIMENSION/SCALE,0.0417,0,,
16018412802,2020-12-10T10:20:00,PH FIELD,7.88,NO DIMENSION/SCALE,0.0728,0,,
16018412802,2020-12-10T10:20:00,"PHOSPHATE,FILTERED REACTIVE",0.0637,mg/L,0.0492,0,,
16018412802,2020-12-10T10:20:00,"PHOSPHORUS,UNFILTERED TOTAL",116.0,µg/L,0.3187,0,,
16018412802,2020-12-10T10:20:00,"RESIDUE,PARTICULATE",9.7,mg/L,0.1622,0,,
16018412802,2020-12-10T10:20:00,STREAM CONDITION,8.0,NO DIMENSION/SCALE,0.0129,0,,
16018412802,2020-12-10T10:20:00,"TEMPERATURE, WATER",1.4,DEGREES CELSIUS,0.0939,0,,
16018412802,2020-12-10T10:20:00,"TURBIDITY, FIELD",14.4,FORMAZIN NEPHELOMETRIC UNIT,0.0993,0,,
16018412802,2021-04-14T10:30:00,CHLORIDE,114.0,mg/L,0.1824,0,,
16018412802,2021-04-14T10:30:00,CONDUCTIVITY,758.0,µS/cm,0.5198,0,,
16018412802,2021-04-14T10:30:00,NITRATE,1.9,mg/L,0.0363,0,,
16018412802,2021-04-14T10:30:00,NITROGEN; AMMONIA+AMMONIUM,0.08,mg/L,0.0386,0,,
16018412802,2021-04-14T10:30:00,NITROGEN; NITRATE+NITRITE,2.0,mg/L,0.0361,0,,
16018412802,2021-04-14T10:30:00,NITROGEN; NITRITE,0.036,mg/L,0.0389,0,,
16018412802,2021-04-14T10:30:00,NITROGEN; TOTAL,2.7,mg/L,0.297,0,,
16018412802,2021-04-14T10:30:00,PHOSPHORUS; PHOSPHATE,0.044,mg/L,0.0389,0,,
16018412802,2021-04-14T10:30:00,PHOSPHORUS; TOTAL,107.0,µg/L,0.1704,0,,
16018412802,2021-04-14T10:30:00,SOLIDS; DISSOLVED,493.0,mg/L,0.4154,0,,
16018412802,2021-04-14T10:30:00,SOLIDS; SUSPENDED,25.2,mg/L,0.0676,0,,
16018412802,2021-04-14T10:30:00,SOLIDS; TOTAL,518.0,mg/L,0.4235,0,,
16018412802,2021-05-12T10:30:00,CHLORIDE,127.0,mg/L,0.1727,0,,
16018412802,2021-05-12T10:30:00,CONDUCTIVITY,891.0,µS/cm,0.5732,0,,
16018412802,2021-05-12T10:30:00,NITRATE,0.04,mg/L,0.0331,0,,
16018412802,2021-05-12T10:30:00,NITROGEN; AMMONIA+AMMONIUM,0.03,mg/L,0.016,0,,
16018412802,2021-05-12T10:30:00,NITROGEN; NITRATE+NITRITE,0.04,mg/L,0.0331,0,,
16018412802,2021-05-12T10:30:00,NITROGEN; NITRITE,0.004,mg/L,0.0153,0,,
16018412802,2021-05-12T10:30:00,NITROGEN; TOTAL,0.55,mg/L,0.0547,0,,
16018412802,2021-05-12T10:30:00,PHOSPHORUS; PHOSPHATE,0.018,mg/L,0.0154,0,,
16018412802,2021-05-12T10:30:00,PHOSPHORUS; TOTAL,66.5,µg/L,0.2124,0,,
16018412802,2021-05-12T10:30:00,SOLIDS; DISSOLVED,589.0,mg/L,0.4682,0,,
16018412802,2021-05-12T10:30:00,SOLIDS; SUSPENDED,21.9,mg/L,0.0669,0,,
16018412802,2021-05-12T10:30:00,SOLIDS; TOTAL,611.0,mg/L,0.4714,0,,
16018412802,2021-06-07T16:43:00,CHLORIDE,129.0,mg/L,0.1514,0,,
16018412802,2021-06-07T16:43:00,CONDUCTIVITY,884.0,µS/cm,0.5485,0,,
16018412802,2021-06-07T16:43:00,NITRATE,2.91,mg/L,0.0459,0,,
16018412802,2021-06-07T16:43:00,NITROGEN; AMMONIA+AMMONIUM,0.1,mg/L,0.0224,0,,
16018412802,2021-06-07T16:43:00,NITROGEN; NITRATE+NITRITE,2.94,mg/L,0.045,0,,
16018412802,2021-06-07T16:43:00,NITROGEN; NITRITE,0.029,mg/L,0.0098,0,,
16018412802,2021-06-07T16:43:00,NITROGEN; TOTAL,3.72,mg/L,0.0396,0,,
16018412802,2021-06-07T16:43:00,PHOSPHORUS; PHOSPHATE,0.01,mg/L,0.0158,0,,
16018412802,2021-06-07T16:43:00,PHOSPHORUS; TOTAL,70.3,µg/L,0.1383,0,,
16018412802,2021-06-07T16:43:00,SOLIDS; DISSOLVED,579.0,mg/L,0.4326,0,,
16018412802,2021-06-07T16:43:00,SOLIDS; SUSPENDED,26.9,mg/L,0.0714,0,,
16018412802,2021-06-07T16:43:00,SOLIDS; TOTAL,606.0,mg/L,0.4349,0,,
16018412802,2021-07-13T15:05:00,CHLORIDE,108.0,mg/L,0.281,0,,
16018412802,2021-07-13T15:05:00,CONDUCTIVITY,813.0,µS/cm,0.6259,1,"rolling_mean_30, rolling_mean_14, rolling_mean_7","3.78, 3.77, 3.73"
16018412802,2021-07-13T15:05:00,NITRATE,1.79,mg/L,0.0766,0,,
16018412802,2021-07-13T15:05:00,NITROGEN; AMMONIA+AMMONIUM,0.14,mg/L,0.086,0,,
16018412802,2021-07-13T15:05:00,NITROGEN; NITRATE+NITRITE,1.82,mg/L,0.0763,0,,
16018412802,2021-07-13T15:05:00,NITROGEN; NITRITE,0.031,mg/L,0.0673,0,,
16018412802,2021-07-13T15:05:00,NITROGEN; TOTAL,2.49,mg/L,0.0702,0,,
16018412802,2021-07-13T15:05:00,PHOSPHORUS; PHOSPHATE,0.037,mg/L,0.0709,0,,
16018412802,2021-07-13T15:05:00,PHOSPHORUS; TOTAL,91.1,µg/L,0.2319,0,,
16018412802,2021-07-13T15:05:00,SOLIDS; DISSOLVED,598.0,mg/L,0.4995,0,,
16018412802,2021-07-13T15:05:00,SOLIDS; SUSPENDED,11.9,mg/L,0.1989,0,,
16018412802,2021-07-13T15:05:00,SOLIDS; TOTAL,610.0,mg/L,0.502,0,,
16018412802,2021-08-17T10:30:00,CHLORIDE,110.0,mg/L,0.1635,0,,
16018412802,2021-08-17T10:30:00,CONDUCTIVITY,818.0,µS/cm,0.5488,0,,
16018412802,2021-08-17T10:30:00,NITRATE,2.14,mg/L,0.0207,0,,
16018412802,2021-08-17T10:30:00,NITROGEN; AMMONIA+AMMONIUM,0.05,mg/L,0.0252,0,,
16018412802,2021-08-17T10:30:00,NITROGEN; NITRATE+NITRITE,2.16,mg/L,0.0207,0,,
16018412802,2021-08-17T10:30:00,NITROGEN; NITRITE,0.023,mg/L,0.0118,0,,
16018412802,2021-08-17T10:30:00,NITROGEN; TOTAL,2.8,mg/L,0.0171,0,,
16018412802,2021-08-17T10:30:00,PHOSPHORUS; PHOSPHATE,0.015,mg/L,0.0239,0,,
16018412802,2021-08-17T10:30:00,PHOSPHORUS; TOTAL,81.3,µg/L,0.1408,0,,
16018412802,2021-09-14T16:32:00,CHLORIDE,78.8,mg/L,0.2503,0,,
16018412802,2021-09-14T16:32:00,CONDUCTIVITY,635.0,µS/cm,0.6084,1,"rolling_mean_30, rolling_mean_14, rolling_mean_7","3.59, 3.59, 3.55"
16018412802,2021-09-14T16:32:00,NITRATE,2.09,mg/L,0.0151,0,,
16018412802,2021-09-14T16:32:00,NITROGEN; AMMONIA+AMMONIUM,0.04,mg/L,0.0158,0,,
16018412802,2021-09-14T16:32:00,NITROGEN; NITRATE+NITRITE,2.1,mg/L,0.0147,0,,
16018412802,2021-09-14T16:32:00,NITROGEN; NITRITE,0.015,mg/L,0.0163,0,,
16018412802,2021-09-14T16:32:00,NITROGEN; TOTAL,2.73,mg/L,0.0096,0,,
16018412802,2021-09-14T16:32:00,PHOSPHORUS; PHOSPHATE,0.02,mg/L,0.0047,0,,
16018412802,2021-09-14T16:32:00,PHOSPHORUS; TOTAL,331.0,µg/L,0.5737,0,,
16018412802,2021-09-14T16:32:00,SOLIDS; DISSOLVED,413.0,mg/L,0.5962,1,"rolling_mean_30, rolling_mean_14, rolling_mean_7","2.25, 2.25, 2.22"
16018412802,2021-09-14T16:32:00,SOLIDS; SUSPENDED,28.9,mg/L,0.192,0,,
16018412802,2021-09-14T16:32:00,SOLIDS; TOTAL,442.0,mg/L,0.5966,1,"rolling_mean_30, rolling_mean_14, rolling_mean_7","2.37, 2.36, 2.34"
16018412802,2021-10-18T08:52:00,CHLORIDE,46.6,mg/L,0.254,0,,
16018412802,2021-10-18T08:52:00,CONDUCTIVITY,518.0,µS/cm,0.5786,0,,
16018412802,2021-10-18T08:52:00,NITRATE,0.45,mg/L,0.0421,0,,
16018412802,2021-10-18T08:52:00,NITROGEN; AMMONIA+AMMONIUM,0.05,mg/L,0.0105,0,,
16018412802,2021-10-18T08:52:00,NITROGEN; NITRATE+NITRITE,0.48,mg/L,0.0398,0,,
16018412802,2021-10-18T08:52:00,NITROGEN; NITRITE,0.021,mg/L,0.0057,0,,
16018412802,2021-10-18T08:52:00,NITROGEN; TOTAL,1.66,mg/L,0.0197,0,,
16018412802,2021-10-18T08:52:00,PHOSPHORUS; PHOSPHATE,0.129,mg/L,0.0659,0,,
16018412802,2021-10-18T08:52:00,PHOSPHORUS; TOTAL,268.0,µg/L,0.4047,0,,
16018412802,2021-10-18T08:52:00,SOLIDS; DISSOLVED,337.0,mg/L,0.4866,0,,
16018412802,2021-10-18T08:52:00,SOLIDS; SUSPENDED,45.7,mg/L,0.1604,0,,
16018412802,2021-10-18T08:52:00,SOLIDS; TOTAL,382.0,mg/L,0.4697,0,,
16018412802,2021-11-18T16:20:00,CHLORIDE,68.3,mg/L,0.1979,0,,
16018412802,2021-11-18T16:20:00,CONDUCTIVITY,700.0,µS/cm,0.5756,0,,
16018412802,2021-11-18T16:20:00,NITRATE,0.93,mg/L,0.0213,0,,
16018412802,2021-11-18T16:20:00,NITROGEN; AMMONIA+AMMONIUM,0.03,mg/L,0.0178,0,,
16018412802,2021-11-18T16:20:00,NITROGEN; NITRATE+NITRITE,0.94,mg/L,0.0213,0,,
16018412802,2021-11-18T16:20:00,NITROGEN; NITRITE,0.009,mg/L,0.029,0,,
16018412802,2021-11-18T16:20:00,NITROGEN; TOTAL,1.67,mg/L,0.0162,0,,
16018412802,2021-11-18T16:20:00,PHOSPHORUS; PHOSPHATE,0.051,mg/L,0.0139,0,,
16018412802,2021-11-18T16:20:00,PHOSPHORUS; TOTAL,114.0,µg/L,0.4338,0,,
16018412802,2021-11-18T16:20:00,SOLIDS; DISSOLVED,455.0,mg/L,0.4885,0,,
16018412802,2021-11-18T16:20:00,SOLIDS; SUSPENDED,4.62,mg/L,0.2091,0,,
16018412802,2021-11-18T16:20:00,SOLIDS; TOTAL,460.0,mg/L,0.45,0,,
16018412802,2022-04-12T13:22:00,CHLORIDE,106.0,mg/L,0.3439,0,,
16018412802,2022-04-12T13:22:00,CONDUCTIVITY,791.0,µS/cm,0.6302,1,"rolling_mean_30, rolling_mean_14, rolling_mean_7","3.38, 3.37, 3.23"
16018412802,2022-04-12T13:22:00,NITRATE,0.45,mg/L,0.1506,0,,
16018412802,2022-04-12T13:22:00,NITROGEN; AMMONIA+AMMONIUM,0.05,mg/L,0.1223,0,,
16018412802,2022-04-12T13:22:00,NITROGEN; NITRATE+NITRITE,0.46,mg/L,0.1506,0,,
16018412802,2022-04-12T13:22:00,NITROGEN; NITRITE,0.01,mg/L,0.1378,0,,
16018412802,2022-04-12T13:22:00,NITROGEN; TOTAL,0.89,mg/L,0.1635,0,,
16018412802,2022-04-12T13:22:00,PHOSPHORUS; PHOSPHATE,0.017,mg/L,0.1331,0,,
16018412802,2022-04-12T13:22:00,PHOSPHORUS; TOTAL,39.2,µg/L,0.5068,0,,
16018412802,2022-04-12T13:22:00,SOLIDS; DISSOLVED,514.0,mg/L,0.5583,0,,
16018412802,2022-04-12T13:22:00,SOLIDS; SUSPENDED,15.7,mg/L,0.2506,0,,
16018412802,2022-04-12T13:22:00,SOLIDS; TOTAL,530.0,mg/L,0.5677,0,,
16018412802,2022-05-10T16:32:00,CHLORIDE,77.1,mg/L,0.1908,0,,
16018412802,2022-05-10T16:32:00,CONDUCTIVITY,710.0,µS/cm,0.5155,0,,
16018412802,2022-05-10T16:32:00,NITRATE,0.59,mg/L,0.0161,0,,
16018412802,2022-05-10T16:32:00,NITROGEN; AMMONIA+AMMONIUM,0.06,mg/L,0.0032,0,,
16018412802,2022-05-10T16:32:00,NITROGEN; NITRATE+NITRITE,0.6,mg/L,0.0161,0,,
16018412802,2022-05-10T16:32:00,NITROGEN; NITRITE,0.015,mg/L,0.0044,0,,
16018412802,2022-05-10T16:32:00,NITROGEN; TOTAL,1.2,mg/L,0.0196,0,,
16018412802,2022-05-10T16:32:00,PHOSPHORUS; PHOSPHATE,0.031,mg/L,0.0038,0,,
16018412802,2022-05-10T16:32:00,PHOSPHORUS; TOTAL,73.5,µg/L,0.3519,0,,
16018412802,2022-05-10T16:32:00,SOLIDS; DISSOLVED,462.0,mg/L,0.4335,0,,
16018412802,2022-05-10T16:32:00,SOLIDS; SUSPENDED,31.1,mg/L,0.1293,0,,
16018412802,2022-05-10T16:32:00,SOLIDS; TOTAL,493.0,mg/L,0.4143,0,,
16018412802,2022-06-14T10:40:00,CHLORIDE,143.0,mg/L,0.2831,0,,
16018412802,2022-06-14T10:40:00,CONDUCTIVITY,934.0,µS/cm,0.5889,1,"rolling_mean_30, rolling_mean_14, rolling_mean_7","3.44, 3.43, 3.20"
16018412802,2022-06-14T10:40:00,NITRATE,0.67,mg/L,0.023,0,,
16018412802,2022-06-14T10:40:00,NITROGEN; AMMONIA+AMMONIUM,0.06,mg/L,0.0109,0,,
16018412802,2022-06-14T10:40:00,NITROGEN; NITRATE+NITRITE,0.7,mg/L,0.0239,0,,
16018412802,2022-06-14T10:40:00,NITROGEN; NITRITE,0.023,mg/L,0.0165,0,,
16018412802,2022-06-14T10:40:00,NITROGEN; TOTAL,1.52,mg/L,0.0243,0,,
16018412802,2022-06-14T10:40:00,PHOSPHORUS; PHOSPHATE,0.025,mg/L,0.0116,0,,
16018412802,2022-06-14T10:40:00,PHOSPHORUS; TOTAL,76.4,µg/L,0.3256,0,,
16018412802,2022-06-14T10:40:00,SOLIDS; DISSOLVED,614.0,mg/L,0.508,0,,
16018412802,2022-06-14T10:40:00,SOLIDS; SUSPENDED,12.8,mg/L,0.1426,0,,
16018412802,2022-06-14T10:40:00,SOLIDS; TOTAL,627.0,mg/L,0.4992,0,,
16018412802,2022-07-12T10:30:00,CHLORIDE,132.0,mg/L,0.1916,0,,
16018412802,2022-07-12T10:30:00,CONDUCTIVITY,901.0,µS/cm,0.5194,0,,
16018412802,2022-07-12T10:30:00,NITRATE,2.95,mg/L,0.063,0,,
16018412802,2022-07-12T10:30:00,NITROGEN; AMMONIA+AMMONIUM,0.06,mg/L,0.0032,0,,
16018412802,2022-07-12T10:30:00,NITROGEN; NITRATE+NITRITE,2.97,mg/L,0.061,0,,
16018412802,2022-07-12T10:30:00,NITROGEN; NITRITE,0.02,mg/L,0.0044,0,,
16018412802,2022-07-12T10:30:00,NITROGEN; TOTAL,4.01,mg/L,0.0557,0,,
16018412802,2022-07-12T10:30:00,PHOSPHORUS; PHOSPHATE,0.017,mg/L,0.01,0,,
16018412802,2022-07-12T10:30:00,PHOSPHORUS; TOTAL,35.3,µg/L,0.3481,0,,
16018412802,2022-07-12T10:30:00,SOLIDS; DISSOLVED,645.0,mg/L,0.4593,0,,
16018412802,2022-07-12T10:30:00,SOLIDS; SUSPENDED,9.18,mg/L,0.1106,0,,
16018412802,2022-07-12T10:30:00,SOLIDS; TOTAL,654.0,mg/L,0.4581,0,,
16018412802,2022-08-24T14:48:00,ALKALINITY,162.0,mg/L as CaCO3,0.2036,0,,
16018412802,2022-08-24T14:48:00,CHLORIDE,125.0,mg/L,0.2711,0,,
16018412802,2022-08-24T14:48:00,CONDUCTIVITY,860.0,µS/cm,0.6041,1,"rolling_mean_30, rolling_mean_14, rolling_mean_7","3.52, 3.52, 3.42"
16018412802,2022-08-24T14:48:00,NITRATE,2.61,mg/L,0.0838,0,,
16018412802,2022-08-24T14:48:00,NITROGEN; AMMONIA+AMMONIUM,0.05,mg/L,0.0611,0,,
16018412802,2022-08-24T14:48:00,NITROGEN; NITRATE+NITRITE,2.64,mg/L,0.0838,0,,
16018412802,2022-08-24T14:48:00,NITROGEN; NITRITE,0.027,mg/L,0.0691,0,,
16018412802,2022-08-24T14:48:00,NITROGEN; TOTAL,3.66,mg/L,0.0825,0,,
16018412802,2022-08-24T14:48:00,PH,7.92,,0.0417,0,,
16018412802,2022-08-24T14:48:00,PHOSPHORUS; PHOSPHATE,0.027,mg/L,0.06,0,,
16018412802,2022-08-24T14:48:00,PHOSPHORUS; TOTAL,49.7,µg/L,0.3825,0,,
16018412802,2022-08-24T14:48:00,SOLIDS; SUSPENDED,19.0,mg/L,0.1705,0,,
16018412802,2022-09-26T10:00:00,ALKALINITY,176.0,mg/L as CaCO3,0.2044,0,,
16018412802,2022-09-26T10:00:00,CHLORIDE,124.0,mg/L,0.1698,0,,
16018412802,2022-09-26T10:00:00,CONDUCTIVITY,895.0,µS/cm,0.5219,0,,
16018412802,2022-09-26T10:00:00,NITRATE,2.95,mg/L,0.0382,0,,
16018412802,2022-09-26T10:00:00,NITROGEN; AMMONIA+AMMONIUM,0.07,mg/L,0.012,0,,
16018412802,2022-09-26T10:00:00,NITROGEN; NITRATE+NITRITE,2.97,mg/L,0.0382,0,,
16018412802,2022-09-26T10:00:00,NITROGEN; NITRITE,0.017,mg/L,0.007,0,,
16018412802,2022-09-26T10:00:00,NITROGEN; TOTAL,3.54,mg/L,0.026,0,,
16018412802,2022-09-26T10:00:00,PH,8.1,,0.0214,0,,
16018412802,2022-09-26T10:00:00,PHOSPHORUS; PHOSPHATE,0.02,mg/L,0.0068,0,,
16018412802,2022-09-26T10:00:00,PHOSPHORUS; TOTAL,47.0,µg/L,0.25,0,,
16018412802,2022-09-26T10:00:00,SOLIDS; SUSPENDED,21.3,mg/L,0.0748,0,,
16018412802,2022-10-12T10:10:00,CHLORIDE,127.0,mg/L,0.186,0,,
16018412802,2022-10-12T10:10:00,CONDUCTIVITY,912.0,µS/cm,0.5472,0,,
16018412802,2022-10-12T10:10:00,NITRATE,2.52,mg/L,0.0298,0,,
16018412802,2022-10-12T10:10:00,NITROGEN; AMMONIA+AMMONIUM,0.04,mg/L,0.0231,0,,
16018412802,2022-10-12T10:10:00,NITROGEN; NITRATE+NITRITE,2.55,mg/L,0.0291,0,,
16018412802,2022-10-12T10:10:00,NITROGEN; NITRITE,0.023,mg/L,0.014,0,,
16018412802,2022-10-12T10:10:00,NITROGEN; TOTAL,3.27,mg/L,0.0233,0,,
16018412802,2022-10-12T10:10:00,PHOSPHORUS; PHOSPHATE,0.013,mg/L,0.0232,0,,
16018412802,2022-10-12T10:10:00,PHOSPHORUS; TOTAL,56.4,µg/L,0.2686,0,,
16018412802,2022-10-12T10:10:00,SOLIDS; DISSOLVED,589.0,mg/L,0.5421,0,,
16018412802,2022-10-12T10:10:00,SOLIDS; SUSPENDED,20.6,mg/L,0.0701,0,,
16018412802,2022-10-12T10:10:00,SOLIDS; TOTAL,610.0,mg/L,0.5484,0,,
16018412802,2022-11-15T10:20:00,ALKALINITY,202.0,mg/L as CaCO3,0.3335,0,,
16018412802,2022-11-15T10:20:00,CHLORIDE,143.0,mg/L,0.2142,0,,
16018412802,2022-11-15T10:20:00,CONDUCTIVITY,1052.0,µS/cm,0.6258,1,"rolling_mean_7, rolling_mean_30, rolling_mean_14","4.02, 3.68, 3.67"
16018412802,2022-11-15T10:20:00,NITRATE,3.95,mg/L,0.0603,0,,
16018412802,2022-11-15T10:20:00,NITROGEN; AMMONIA+AMMONIUM,0.03,mg/L,0.0204,0,,
16018412802,2022-11-15T10:20:00,NITROGEN; NITRATE+NITRITE,3.96,mg/L,0.0603,0,,
16018412802,2022-11-15T10:20:00,NITROGEN; NITRITE,0.012,mg/L,0.0191,0,,
16018412802,2022-11-15T10:20:00,NITROGEN; TOTAL,4.82,mg/L,0.0591,0,,
16018412802,2022-11-15T10:20:00,PH,8.1,,0.0774,0,,
16018412802,2022-11-15T10:20:00,PHOSPHORUS; PHOSPHATE,0.011,mg/L,0.0181,0,,
16018412802,2022-11-15T10:20:00,PHOSPHORUS; TOTAL,28.0,µg/L,0.2911,0,,
16018412802,2022-11-15T10:20:00,SOLIDS; SUSPENDED,6.79,mg/L,0.1362,0,,
16018412802,2023-04-03T10:40:00,CHLORIDE,46.5,mg/L,0.4485,0,,
16018412802,2023-04-03T10:40:00,CONDUCTIVITY,431.0,µS/cm,0.773,1,"delta, rolling_mean_7, rolling_mean_30","-4.16, 3.82, 3.57"
16018412802,2023-04-03T10:40:00,NITRATE,2.29,mg/L,0.1412,0,,
16018412802,2023-04-03T10:40:00,NITROGEN; AMMONIA+AMMONIUM,0.23,mg/L,0.2218,0,,
16018412802,2023-04-03T10:40:00,NITROGEN; NITRATE+NITRITE,2.38,mg/L,0.1383,0,,
16018412802,2023-04-03T10:40:00,NITROGEN; NITRITE,0.088,mg/L,0.2251,0,,
16018412802,2023-04-03T10:40:00,NITROGEN; TOTAL,3.34,mg/L,0.139,0,,
16018412802,2023-04-03T10:40:00,PHOSPHORUS; PHOSPHATE,0.165,mg/L,0.2165,0,,
16018412802,2023-04-03T10:40:00,PHOSPHORUS; TOTAL,236.0,µg/L,0.561,0,,
16018412802,2023-04-03T10:40:00,SOLIDS; DISSOLVED,280.0,mg/L,0.6659,1,"time_gap_days, zscore, rolling_mean_30","3.28, -2.22, 2.10"
16018412802,2023-04-03T10:40:00,SOLIDS; SUSPENDED,32.6,mg/L,0.2741,0,,
16018412802,2023-04-03T10:40:00,SOLIDS; TOTAL,313.0,mg/L,0.6598,1,"time_gap_days, zscore, rolling_mean_30","3.28, -2.26, 2.22"
16018412802,2023-05-10T11:18:00,ALKALINITY,178.8,mg/L as CaCO3,0.4004,0,,
16018412802,2023-05-10T11:18:00,CHLORIDE,71.8,mg/L,0.3064,0,,
16018412802,2023-05-10T11:18:00,CONDUCTIVITY,667.0,µS/cm,0.6625,1,"rolling_mean_7, rolling_mean_30, rolling_mean_14","3.63, 3.53, 3.45"
16018412802,2023-05-10T11:18:00,NITRATE,0.47,mg/L,0.1012,0,,
16018412802,2023-05-10T11:18:00,NITROGEN; AMMONIA+AMMONIUM,0.08,mg/L,0.0709,0,,
16018412802,2023-05-10T11:18:00,NITROGEN; NITRATE+NITRITE,0.49,mg/L,0.1026,0,,
16018412802,2023-05-10T11:18:00,NITROGEN; NITRITE,0.011,mg/L,0.0723,0,,
16018412802,2023-05-10T11:18:00,NITROGEN; TOTAL,1.0,mg/L,0.1148,0,,
16018412802,2023-05-10T11:18:00,PH,8.1,,0.1604,0,,
16018412802,2023-05-10T11:18:00,PHOSPHORUS; PHOSPHATE,0.015,mg/L,0.0708,0,,
16018412802,2023-05-10T11:18:00,PHOSPHORUS; TOTAL,31.9,µg/L,0.5002,0,,
16018412802,2023-05-10T11:18:00,SOLIDS; SUSPENDED,21.5,mg/L,0.1615,0,,
16018412802,2023-06-13T10:45:00,CHLORIDE,137.0,mg/L,0.2726,0,,
16018412802,2023-06-13T10:45:00,CONDUCTIVITY,951.0,µS/cm,0.6507,1,"rolling_mean_7, rolling_mean_30, rolling_mean_14","3.67, 3.57, 3.50"
16018412802,2023-06-13T10:45:00,NITRATE,3.85,mg/L,0.0665,0,,
16018412802,2023-06-13T10:45:00,NITROGEN; AMMONIA+AMMONIUM,0.07,mg/L,0.0071,0,,
16018412802,2023-06-13T10:45:00,NITROGEN; NITRATE+NITRITE,3.88,mg/L,0.066,0,,
16018412802,2023-06-13T10:45:00,NITROGEN; NITRITE,0.027,mg/L,0.0116,0,,
16018412802,2023-06-13T10:45:00,NITROGEN; TOTAL,4.43,mg/L,0.0585,0,,
16018412802,2023-06-13T10:45:00,PHOSPHORUS; PHOSPHATE,0.009,mg/L,0.018,0,,
16018412802,2023-06-13T10:45:00,PHOSPHORUS; TOTAL,42.3,µg/L,0.2977,0,,
16018412802,2023-06-13T10:45:00,SOLIDS; DISSOLVED,761.0,mg/L,0.7109,1,"delta, rolling_mean_7, rolling_mean_30","3.23, 2.31, 2.20"
16018412802,2023-06-13T10:45:00,SOLIDS; SUSPENDED,23.1,mg/L,0.079,0,,
16018412802,2023-06-13T10:45:00,SOLIDS; TOTAL,784.0,mg/L,0.7155,1,"delta, rolling_mean_7, rolling_mean_30","3.16, 2.41, 2.31"
16018412802,2023-07-06T10:20:00,CHLORIDE,88.7,mg/L,0.2548,0,,
16018412802,2023-07-06T10:20:00,CONDUCTIVITY,712.0,µS/cm,0.6234,1,"rolling_mean_7, rolling_mean_30, rolling_mean_14","3.56, 3.55, 3.53"
16018412802,2023-07-06T10:20:00,NITRATE,3.95,mg/L,0.0497,0,,
16018412802,2023-07-06T10:20:00,NITROGEN; AMMONIA+AMMONIUM,0.12,mg/L,0.025,0,,
16018412802,2023-07-06T10:20:00,NITROGEN; NITRATE+NITRITE,4.06,mg/L,0.0482,0,,
16018412802,2023-07-06T10:20:00,NITROGEN; NITRITE,0.104,mg/L,0.1058,0,,
16018412802,2023-07-06T10:20:00,NITROGEN; TOTAL,5.16,mg/L,0.0545,0,,
16018412802,2023-07-06T10:20:00,PHOSPHORUS; PHOSPHATE,0.052,mg/L,0.0117,0,,
16018412802,2023-07-06T10:20:00,PHOSPHORUS; TOTAL,103.0,µg/L,0.3434,0,,
16018412802,2023-07-06T10:20:00,SOLIDS; DISSOLVED,463.0,mg/L,0.5914,1,"rate_of_change, rolling_mean_7, rolling_mean_14","-2.53, 2.27, 2.18"
16018412802,2023-07-06T10:20:00,SOLIDS; SUSPENDED,17.9,mg/L,0.0872,0,,
16018412802,2023-07-06T10:20:00,SOLIDS; TOTAL,481.0,mg/L,0.6046,1,"rate_of_change, rolling_mean_7, rolling_mean_14","-2.57, 2.38, 2.29"
16018412802,2023-08-15T10:41:00,ALKALINITY,184.4,mg/L as CaCO3,0.3379,0,,
16018412802,2023-08-15T10:41:00,CHLORIDE,88.3,mg/L,0.2671,0,,
16018412802,2023-08-15T10:41:00,CONDUCTIVITY,752.0,µS/cm,0.6156,1,"rolling_mean_14, rolling_mean_30, rolling_mean_7","3.61, 3.54, 3.46"
16018412802,2023-08-15T10:41:00,NITRATE,2.81,mg/L,0.073,0,,
16018412802,2023-08-15T10:41:00,NITROGEN; AMMONIA+AMMONIUM,0.05,mg/L,0.0668,0,,
16018412802,2023-08-15T10:41:00,NITROGEN; NITRATE+NITRITE,2.84,mg/L,0.0724,0,,
16018412802,2023-08-15T10:41:00,NITROGEN; NITRITE,0.023,mg/L,0.0639,0,,
16018412802,2023-08-15T10:41:00,NITROGEN; TOTAL,3.78,mg/L,0.0792,0,,
16018412802,2023-08-15T10:41:00,PH,8.37,,0.144,0,,
16018412802,2023-08-15T10:41:00,PHOSPHORUS; PHOSPHATE,0.008,mg/L,0.075,0,,
16018412802,2023-08-15T10:41:00,PHOSPHORUS; TOTAL,57.5,µg/L,0.3735,0,,
16018412802,2023-08-15T10:41:00,SOLIDS; SUSPENDED,15.2,mg/L,0.1432,0,,
16018412802,2023-09-12T10:39:00,ALKALINITY,188.0,mg/L as CaCO3,0.19,0,,
16018412802,2023-09-12T10:39:00,CHLORIDE,115.0,mg/L,0.2134,0,,
16018412802,2023-09-12T10:39:00,CONDUCTIVITY,872.0,µS/cm,0.5935,1,"rolling_mean_14, rolling_mean_30, rolling_mean_7","3.68, 3.56, 3.43"
16018412802,2023-09-12T10:39:00,NITRATE,2.9,mg/L,0.0158,0,,
16018412802,2023-09-12T10:39:00,NITROGEN; AMMONIA+AMMONIUM,0.1,mg/L,0.0131,0,,
16018412802,2023-09-12T10:39:00,NITROGEN; NITRATE+NITRITE,2.93,mg/L,0.0152,0,,
16018412802,2023-09-12T10:39:00,NITROGEN; NITRITE,0.023,mg/L,0.0028,0,,
16018412802,2023-09-12T10:39:00,NITROGEN; TOTAL,3.75,mg/L,0.0182,0,,
16018412802,2023-09-12T10:39:00,PH,8.16,,0.0157,0,,
16018412802,2023-09-12T10:39:00,PHOSPHORUS; PHOSPHATE,0.021,mg/L,0.0049,0,,
16018412802,2023-09-12T10:39:00,PHOSPHORUS; TOTAL,35.6,µg/L,0.2768,0,,
16018412802,2023-09-12T10:39:00,SOLIDS; SUSPENDED,22.4,mg/L,0.0825,0,,
16018412802,2023-10-12T11:25:00,ALKALINITY,209.1,mg/L as CaCO3,0.2536,0,,
16018412802,2023-10-12T11:25:00,CHLORIDE,111.0,mg/L,0.1656,0,,
16018412802,2023-10-12T11:25:00,CONDUCTIVITY,846.0,µS/cm,0.5353,0,,
16018412802,2023-10-12T11:25:00,NITRATE,2.37,mg/L,0.0126,0,,
16018412802,2023-10-12T11:25:00,NITROGEN; AMMONIA+AMMONIUM,0.08,mg/L,0.0085,0,,
16018412802,2023-10-12T11:25:00,NITROGEN; NITRATE+NITRITE,2.41,mg/L,0.0135,0,,
16018412802,2023-10-12T11:25:00,NITROGEN; NITRITE,0.048,mg/L,0.0204,0,,
16018412802,2023-10-12T11:25:00,NITROGEN; TOTAL,3.17,mg/L,0.0144,0,,
16018412802,2023-10-12T11:25:00,PH,8.2,,0.0166,0,,
16018412802,2023-10-12T11:25:00,PHOSPHORUS; PHOSPHATE,0.019,mg/L,0.0069,0,,
16018412802,2023-10-12T11:25:00,PHOSPHORUS; TOTAL,38.8,µg/L,0.2591,0,,
16018412802,2023-10-12T11:25:00,SOLIDS; SUSPENDED,17.0,mg/L,0.0811,0,,
16018412802,2023-11-14T11:00:00,ALKALINITY,230.9,mg/L as CaCO3,0.2797,0,,
16018412802,2023-11-14T11:00:00,CHLORIDE,99.1,mg/L,0.17,0,,
16018412802,2023-11-14T11:00:00,CONDUCTIVITY,772.0,µS/cm,0.5509,0,,
16018412802,2023-11-14T11:00:00,NITRATE,0.75,mg/L,0.0305,0,,
16018412802,2023-11-14T11:00:00,NITROGEN; AMMONIA+AMMONIUM,0.05,mg/L,0.0105,0,,
16018412802,2023-11-14T11:00:00,NITROGEN; NITRATE+NITRITE,0.78,mg/L,0.029,0,,
16018412802,2023-11-14T11:00:00,NITROGEN; NITRITE,0.024,mg/L,0.0049,0,,
16018412802,2023-11-14T11:00:00,PH,8.04,,0.0237,0,,
16018412802,2023-11-14T11:00:00,PHOSPHORUS; PHOSPHATE,0.104,mg/L,0.0547,0,,
16018412802,2023-11-14T11:00:00,PHOSPHORUS; TOTAL,151.0,µg/L,0.3519,0,,
16018412802,2023-11-14T11:00:00,SOLIDS; SUSPENDED,13.3,mg/L,0.0852,0,,
16018412802,2024-04-10T11:05:00,ALKALINITY,203.6,mg/L as CaCO3,0.3882,0,,
16018412802,2024-04-10T11:05:00,ALUMINUM,244.0,µg/L,0.2764,0,,
16018412802,2024-04-10T11:05:00,BARIUM,46.0,µg/L,0.0976,0,,
16018412802,2024-04-10T11:05:00,BERYLLIUM,0.1,µg/L,0.0386,0,,
16018412802,2024-04-10T11:05:00,BISMUTH,5.0,µg/L,0.0379,0,,
16018412802,2024-04-10T11:05:00,CADMIUM,0.9,µg/L,0.0368,0,,
16018412802,2024-04-10T11:05:00,CALCIUM,72.9,mg/L,0.1215,0,,
16018412802,2024-04-10T11:05:00,CHLORIDE,98.8,mg/L,0.315,0,,
16018412802,2024-04-10T11:05:00,CHROMIUM,1.0,µg/L,0.0368,0,,
16018412802,2024-04-10T11:05:00,COBALT,1.0,µg/L,0.0368,0,,
16018412802,2024-04-10T11:05:00,CONDUCTIVITY,850.0,µS/cm,0.6732,1,"rolling_mean_14, rolling_mean_7, rolling_mean_30","3.69, 3.66, 3.58"
16018412802,2024-04-10T11:05:00,COPPER,2.37,µg/L,0.0382,0,,
16018412802,2024-04-10T11:05:00,HARDNESS,292.0,mg/L,0.3119,0,,
16018412802,2024-04-10T11:05:00,IRON,287.0,µg/L,0.312,0,,
16018412802,2024-04-10T11:05:00,LEAD,7.0,µg/L,0.0416,0,,
16018412802,2024-04-10T11:05:00,LITHIUM,5.0,µg/L,0.0379,0,,
16018412802,2024-04-10T11:05:00,MAGNESIUM,26.7,mg/L,0.0682,0,,
16018412802,2024-04-10T11:05:00,MANGANESE,59.8,µg/L,0.1138,0,,
16018412802,2024-04-10T11:05:00,MOLYBDENUM,2.0,µg/L,0.0361,0,,
16018412802,2024-04-10T11:05:00,NICKEL,2.0,µg/L,0.0361,0,,
16018412802,2024-04-10T11:05:00,NITRATE,0.43,mg/L,0.1668,0,,
16018412802,2024-04-10T11:05:00,NITROGEN; AMMONIA+AMMONIUM,0.03,mg/L,0.1428,0,,
16018412802,2024-04-10T11:05:00,NITROGEN; NITRATE+NITRITE,0.44,mg/L,0.1668,0,,
16018412802,2024-04-10T11:05:00,NITROGEN; NITRITE,0.016,mg/L,0.1286,0,,
16018412802,2024-04-10T11:05:00,NITROGEN; TOTAL,0.902,mg/L,0.2105,0,,
16018412802,2024-04-10T11:05:00,PH,8.09,,0.1268,0,,
16018412802,2024-04-10T11:05:00,PHOSPHORUS; PHOSPHATE,0.016,mg/L,0.1366,0,,
16018412802,2024-04-10T11:05:00,PHOSPHORUS; TOTAL,33.3,µg/L,0.464,0,,
16018412802,2024-04-10T11:05:00,POTASSIUM,2.58,mg/L,0.0394,0,,
16018412802,2024-04-10T11:05:00,SILVER,9.0,µg/L,0.0426,0,,
16018412802,2024-04-10T11:05:00,SODIUM,38.8,mg/L,0.0786,0,,
16018412802,2024-04-10T11:05:00,SOLIDS; SUSPENDED,20.2,mg/L,0.2137,0,,
16018412802,2024-04-10T11:05:00,STRONTIUM,317.0,µg/L,0.3326,0,,
16018412802,2024-04-10T11:05:00,TIN,9.0,µg/L,0.0426,0,,
16018412802,2024-04-10T11:05:00,TITANIUM,7.03,µg/L,0.04,0,,
16018412802,2024-04-10T11:05:00,URANIUM,3.0,µg/L,0.039,0,,
16018412802,2024-04-10T11:05:00,VANADIUM,0.5,µg/L,0.0375,0,,
16018412802,2024-04-10T11:05:00,ZINC,5.73,µg/L,0.0384,0,,
16018412802,2024-04-10T11:05:00,ZIRCONIUM,1.0,µg/L,0.0368,0,,
16018412802,2024-05-14T10:00:00,ALKALINITY,243.9,mg/L as CaCO3,0.3132,0,,
16018412802,2024-05-14T10:00:00,CHLORIDE,90.3,mg/L,0.1672,0,,
16018412802,2024-05-14T10:00:00,CONDUCTIVITY,768.0,µS/cm,0.5537,0,,
16018412802,2024-05-14T10:00:00,NITRATE,0.15,mg/L,0.0439,0,,
16018412802,2024-05-14T10:00:00,NITROGEN; AMMONIA+AMMONIUM,0.04,mg/L,0.0182,0,,
16018412802,2024-05-14T10:00:00,NITROGEN; NITRATE+NITRITE,0.16,mg/L,0.0439,0,,
16018412802,2024-05-14T10:00:00,NITROGEN; NITRITE,0.007,mg/L,0.0181,0,,
16018412802,2024-05-14T10:00:00,NITROGEN; TOTAL,0.889,mg/L,0.0438,0,,
16018412802,2024-05-14T10:00:00,PH,8.22,,0.0233,0,,
16018412802,2024-05-14T10:00:00,PHOSPHORUS; PHOSPHATE,0.009,mg/L,0.0182,0,,
16018412802,2024-05-14T10:00:00,PHOSPHORUS; TOTAL,65.9,µg/L,0.2597,0,,
16018412802,2024-05-14T10:00:00,SOLIDS; SUSPENDED,15.6,mg/L,0.085,0,,
16018412802,2024-06-10T10:40:00,ALKALINITY,212.6,mg/L as CaCO3,0.26,0,,
16018412802,2024-06-10T10:40:00,CHLORIDE,59.2,mg/L,0.2196,0,,
16018412802,2024-06-10T10:40:00,CONDUCTIVITY,575.0,µS/cm,0.6047,1,"rolling_mean_14, rolling_mean_30, rolling_mean_7","3.54, 3.53, 3.43"
16018412802,2024-06-10T10:40:00,NITRATE,1.22,mg/L,0.0189,0,,
16018412802,2024-06-10T10:40:00,NITROGEN; AMMONIA+AMMONIUM,0.11,mg/L,0.0237,0,,
16018412802,2024-06-10T10:40:00,NITROGEN; NITRATE+NITRITE,1.27,mg/L,0.0182,0,,
16018412802,2024-06-10T10:40:00,NITROGEN; NITRITE,0.046,mg/L,0.0203,0,,
16018412802,2024-06-10T10:40:00,NITROGEN; TOTAL,2.21,mg/L,0.0195,0,,
16018412802,2024-06-10T10:40:00,PH,8.0,,0.0221,0,,
16018412802,2024-06-10T10:40:00,PHOSPHORUS; PHOSPHATE,0.116,mg/L,0.0591,0,,
16018412802,2024-06-10T10:40:00,PHOSPHORUS; TOTAL,224.0,µg/L,0.4438,0,,
16018412802,2024-06-10T10:40:00,SOLIDS; SUSPENDED,30.9,mg/L,0.1345,0,,
16018412802,2024-07-02T10:25:00,ALKALINITY,220.9,mg/L as CaCO3,0.2365,0,,
16018412802,2024-07-02T10:25:00,CHLORIDE,88.9,mg/L,0.2201,0,,
16018412802,2024-07-02T10:25:00,CONDUCTIVITY,754.0,µS/cm,0.5907,1,"rolling_mean_30, rolling_mean_14, rolling_mean_7","3.53, 3.49, 3.43"
16018412802,2024-07-02T10:25:00,NITRATE,1.49,mg/L,0.0119,0,,
16018412802,2024-07-02T10:25:00,NITROGEN; AMMONIA+AMMONIUM,0.04,mg/L,0.0205,0,,
16018412802,2024-07-02T10:25:00,NITROGEN; NITRATE+NITRITE,1.5,mg/L,0.0119,0,,
16018412802,2024-07-02T10:25:00,NITROGEN; NITRITE,0.012,mg/L,0.0214,0,,
16018412802,2024-07-02T10:25:00,NITROGEN; TOTAL,2.13,mg/L,0.0123,0,,
16018412802,2024-07-02T10:25:00,PH,8.21,,0.021,0,,
16018412802,2024-07-02T10:25:00,PHOSPHORUS; PHOSPHATE,0.053,mg/L,0.0142,0,,
16018412802,2024-07-02T10:25:00,PHOSPHORUS; TOTAL,99.0,µg/L,0.3849,0,,
16018412802,2024-07-02T10:25:00,SOLIDS; SUSPENDED,16.5,mg/L,0.1154,0,,
16018412802,2024-08-07T10:25:00,ALKALINITY,188.8,mg/L as CaCO3,0.3575,0,,
16018412802,2024-08-07T10:25:00,CHLORIDE,76.1,mg/L,0.2581,0,,
16018412802,2024-08-07T10:25:00,CONDUCTIVITY,666.0,µS/cm,0.6017,1,"rolling_mean_30, rolling_mean_14, rolling_mean_7","3.51, 3.40, 3.28"
16018412802,2024-08-07T10:25:00,NITRATE,2.59,mg/L,0.0794,0,,
16018412802,2024-08-07T10:25:00,NITROGEN; AMMONIA+AMMONIUM,0.07,mg/L,0.0647,0,,
16018412802,2024-08-07T10:25:00,NITROGEN; NITRATE+NITRITE,2.61,mg/L,0.0794,0,,
16018412802,2024-08-07T10:25:00,NITROGEN; NITRITE,0.019,mg/L,0.0603,0,,
16018412802,2024-08-07T10:25:00,NITROGEN; TOTAL,3.01,mg/L,0.0686,0,,
16018412802,2024-08-07T10:25:00,PH,8.31,,0.0964,0,,
16018412802,2024-08-07T10:25:00,PHOSPHORUS; PHOSPHATE,0.016,mg/L,0.0682,0,,
16018412802,2024-08-07T10:25:00,PHOSPHORUS; TOTAL,37.7,µg/L,0.3903,0,,
16018412802,2024-08-07T10:25:00,SOLIDS; SUSPENDED,13.6,mg/L,0.1393,0,,
16018412802,2024-09-03T09:50:00,ALKALINITY,187.5,mg/L as CaCO3,0.213,0,,
16018412802,2024-09-03T09:50:00,CHLORIDE,119.0,mg/L,0.2252,0,,
16018412802,2024-09-03T09:50:00,CONDUCTIVITY,863.0,µS/cm,0.5794,0,,
16018412802,2024-09-03T09:50:00,NITRATE,3.12,mg/L,0.0261,0,,
16018412802,2024-09-03T09:50:00,NITROGEN; AMMONIA+AMMONIUM,0.06,mg/L,0.0035,0,,
16018412802,2024-09-03T09:50:00,NITROGEN; NITRATE+NITRITE,3.15,mg/L,0.0279,0,,
16018412802,2024-09-03T09:50:00,NITROGEN; NITRITE,0.024,mg/L,0.0038,0,,
16018412802,2024-09-03T09:50:00,NITROGEN; TOTAL,3.81,mg/L,0.0242,0,,
16018412802,2024-09-03T09:50:00,PH,8.36,,0.0532,0,,
16018412802,2024-09-03T09:50:00,PHOSPHORUS; PHOSPHATE,0.015,mg/L,0.0106,0,,
16018412802,2024-09-03T09:50:00,PHOSPHORUS; TOTAL,43.4,µg/L,0.2697,0,,
16018412802,2024-09-03T09:50:00,SOLIDS; SUSPENDED,18.8,mg/L,0.0701,0,,
16018412802,2024-10-17T10:41:00,ALKALINITY,196.7,mg/L as CaCO3,0.3039,0,,
16018412802,2024-10-17T10:41:00,CHLORIDE,94.0,mg/L,0.2713,0,,
16018412802,2024-10-17T10:41:00,CONDUCTIVITY,708.0,µS/cm,0.6084,1,"rolling_mean_30, rolling_mean_14, rolling_mean_7","3.51, 3.43, 3.25"
16018412802,2024-10-17T10:41:00,NITRATE,0.45,mg/L,0.1084,0,,
16018412802,2024-10-17T10:41:00,NITROGEN; AMMONIA+AMMONIUM,0.04,mg/L,0.0697,0,,
16018412802,2024-10-17T10:41:00,NITROGEN; NITRATE+NITRITE,0.46,mg/L,0.1105,0,,
16018412802,2024-10-17T10:41:00,NITROGEN; NITRITE,0.01,mg/L,0.0696,0,,
16018412802,2024-10-17T10:41:00,NITROGEN; TOTAL,1.27,mg/L,0.1062,0,,
16018412802,2024-10-17T10:41:00,PH,8.19,,0.069,0,,
16018412802,2024-10-17T10:41:00,PHOSPHORUS; PHOSPHATE,0.022,mg/L,0.0594,0,,
16018412802,2024-10-17T10:41:00,PHOSPHORUS; TOTAL,51.9,µg/L,0.3205,0,,
16018412802,2024-10-17T10:41:00,SOLIDS; SUSPENDED,23.1,mg/L,0.1414,0,,
16018412802,2024-11-12T10:41:00,ALKALINITY,206.8,mg/L as CaCO3,0.2202,0,,
16018412802,2024-11-12T10:41:00,CHLORIDE,139.0,mg/L,0.2698,0,,
16018412802,2024-11-12T10:41:00,CONDUCTIVITY,887.0,µS/cm,0.5779,0,,
16018412802,2024-11-12T10:41:00,NITRATE,0.04,mg/L,0.0414,0,,
16018412802,2024-11-12T10:41:00,NITROGEN; AMMONIA+AMMONIUM,0.03,mg/L,0.0157,0,,
16018412802,2024-11-12T10:41:00,NITROGEN; NITRATE+NITRITE,0.04,mg/L,0.0405,0,,
16018412802,2024-11-12T10:41:00,NITROGEN; NITRITE,0.005,mg/L,0.0167,0,,
16018412802,2024-11-12T10:41:00,NITROGEN; TOTAL,0.652,mg/L,0.0375,0,,
16018412802,2024-11-12T10:41:00,PH,8.26,,0.0223,0,,
16018412802,2024-11-12T10:41:00,PHOSPHORUS; PHOSPHATE,0.038,mg/L,0.0064,0,,
16018412802,2024-11-12T10:41:00,PHOSPHORUS; TOTAL,73.1,µg/L,0.2654,0,,
16018412802,2024-11-12T10:41:00,SOLIDS; SUSPENDED,14.9,mg/L,0.092,0,,
